{
    "0": [
        202387.5,
        202387.5,
        291219.15625
    ],
    "1": [
        202387.5,
        202387.5,
        291219.15625
    ],
    "2": [
        193604.609375,
        289612.65625,
        145609.578125
    ],
    "3": [
        212367.125,
        269111.75,
        101926.703125
    ],
    "4": [
        239278.375,
        281828.71875,
        61156.0234375
    ],
    "5": [
        266242.0625,
        294177.59375,
        30578.01171875
    ],
    "6": [
        253096.828125,
        289863.15625,
        15289.005859375
    ]
}