{
    "0": [
        202387.5,
        202387.5,
        291219.15625
    ],
    "1": [
        202387.5,
        202387.5,
        291219.15625
    ],
    "2": [
        287804.53125,
        158171.359375,
        145609.578125
    ],
    "3": [
        278569.0625,
        131524.96875,
        101926.703125
    ],
    "4": [
        294599.4375,
        96004.4921875,
        61156.0234375
    ],
    "5": [
        290648.09375,
        75796.796875,
        30578.01171875
    ],
    "6": [
        290505.375,
        69269.75,
        15289.005859375
    ]
}