{
    "0": [
        202387.5,
        202387.5,
        291219.15625
    ],
    "1": [
        202387.5,
        202387.5,
        291219.15625
    ],
    "2": [
        208907.125,
        95621.109375,
        145609.578125
    ],
    "3": [
        247089.3125,
        94229.578125,
        101926.703125
    ],
    "4": [
        271293.1875,
        72877.5234375,
        61156.0234375
    ],
    "5": [
        258686,
        66289.515625,
        30578.01171875
    ],
    "6": [
        271721.1875,
        62962.96875,
        15289.005859375
    ],
    "7": [
        269020.8125,
        61612.11328125,
        7644.5029296875
    ],
    "8": [
        269473.71875,
        60396.26171875,
        3822.25146484375
    ]
}