{
    "0": [
        202387.5,
        202387.5,
        291219.15625
    ],
    "1": [
        202387.5,
        202387.5,
        291219.15625
    ],
    "2": [
        219165.609375,
        194728.296875,
        145609.578125
    ],
    "3": [
        254077.359375,
        207014.625,
        101926.703125
    ],
    "4": [
        230354.109375,
        213615.421875,
        61156.0234375
    ],
    "5": [
        228704.703125,
        187159.46875,
        30578.01171875
    ],
    "6": [
        233806.109375,
        184489.125,
        15289.005859375
    ],
    "7": [
        231295.015625,
        179859.34375,
        7644.5029296875
    ],
    "8": [
        232612.71875,
        176593.609375,
        3822.25146484375
    ]
}