{
    "0": [
        202387.5,
        202387.5,
        291219.15625
    ],
    "1": [
        202387.5,
        202387.5,
        291219.15625
    ],
    "2": [
        247996.3125,
        215401.875,
        145609.578125
    ],
    "3": [
        235833.703125,
        240648.1875,
        101926.703125
    ],
    "4": [
        243413.875,
        227227.46875,
        61156.0234375
    ],
    "5": [
        226904.625,
        227485.484375,
        30578.01171875
    ],
    "6": [
        226182.1875,
        219112.484375,
        15289.005859375
    ]
}