{
    "0": [
        202387.5,
        202387.5,
        291219.15625
    ],
    "1": [
        202387.5,
        202387.5,
        291219.15625
    ],
    "2": [
        222431.953125,
        100395.1484375,
        145609.578125
    ],
    "3": [
        196519.734375,
        119580.4140625,
        101926.703125
    ],
    "4": [
        211969.078125,
        122121.484375,
        61156.0234375
    ],
    "5": [
        197940.421875,
        108208.9140625,
        30578.01171875
    ],
    "6": [
        198495.9375,
        109432.484375,
        15289.005859375
    ]
}