{
    "0": [
        202387.5,
        202387.5,
        291219.15625
    ],
    "1": [
        202387.5,
        202387.5,
        291219.15625
    ],
    "2": [
        218858.765625,
        117836.0625,
        145609.578125
    ],
    "3": [
        191619.78125,
        106277.8125,
        101926.703125
    ],
    "4": [
        197376.546875,
        80244.109375,
        61156.0234375
    ],
    "5": [
        186619.875,
        99804.484375,
        30578.01171875
    ],
    "6": [
        190844.3125,
        99083.5390625,
        15289.005859375
    ]
}