{
    "0": [
        202387.5,
        202387.5,
        291219.15625
    ],
    "1": [
        202387.5,
        202387.5,
        291219.15625
    ],
    "2": [
        251962.9375,
        225700.75,
        145609.578125
    ],
    "3": [
        252551.34375,
        214963.6875,
        101926.703125
    ],
    "4": [
        253478.46875,
        228120.0625,
        61156.0234375
    ],
    "5": [
        255364.25,
        214618.734375,
        30578.01171875
    ],
    "6": [
        249810.859375,
        227591.59375,
        15289.005859375
    ]
}