{
    "0": [
        202387.5,
        202387.5,
        291219.15625
    ],
    "1": [
        202387.5,
        202387.5,
        291219.15625
    ],
    "2": [
        170145.90625,
        98580.78125,
        145609.578125
    ],
    "3": [
        145964.828125,
        132673.140625,
        101926.703125
    ],
    "4": [
        159880.625,
        95012.4453125,
        61156.0234375
    ],
    "5": [
        175207.125,
        90135.390625,
        30578.01171875
    ],
    "6": [
        180235.09375,
        84723.953125,
        15289.005859375
    ],
    "7": [
        184842.515625,
        81786.8125,
        7644.5029296875
    ]
}