{
    "0": [
        202387.5,
        202387.5,
        291219.15625
    ],
    "1": [
        202387.5,
        202387.5,
        291219.15625
    ],
    "2": [
        207217.046875,
        256528.28125,
        145609.578125
    ],
    "3": [
        184067.703125,
        234579.59375,
        101926.703125
    ],
    "4": [
        177144.609375,
        233911.671875,
        61156.0234375
    ],
    "5": [
        178596.46875,
        222070.5,
        30578.01171875
    ],
    "6": [
        165821.765625,
        225999.453125,
        15289.005859375
    ],
    "7": [
        170003.09375,
        220525,
        7644.5029296875
    ]
}