{
    "0": [
        202387.5,
        202387.5,
        291219.15625
    ],
    "1": [
        202387.5,
        202387.5,
        291219.15625
    ],
    "2": [
        199624.28125,
        222813.25,
        145609.578125
    ],
    "3": [
        188215.4375,
        183460.9375,
        101926.703125
    ],
    "4": [
        203516.328125,
        214501.609375,
        61156.0234375
    ],
    "5": [
        218833.984375,
        216456.3125,
        30578.01171875
    ],
    "6": [
        223953.953125,
        219001.90625,
        15289.005859375
    ],
    "7": [
        223262.765625,
        223363.703125,
        7644.5029296875
    ]
}