{
    "0": [
        202387.5,
        202387.5,
        291219.15625
    ],
    "1": [
        202387.5,
        202387.5,
        291219.15625
    ],
    "2": [
        127041.515625,
        201910.46875,
        145609.578125
    ],
    "3": [
        133571.109375,
        190629.953125,
        101926.703125
    ],
    "4": [
        123519.1796875,
        158718.875,
        61156.0234375
    ],
    "5": [
        125083.3125,
        135346.71875,
        30578.01171875
    ],
    "6": [
        139491.796875,
        139712.03125,
        15289.005859375
    ],
    "7": [
        144803.078125,
        140421.84375,
        7644.5029296875
    ]
}