{
    "0": [
        202387.5,
        202387.5,
        291219.15625
    ],
    "1": [
        202387.5,
        202387.5,
        291219.15625
    ],
    "2": [
        141900.984375,
        250492.03125,
        145609.578125
    ],
    "3": [
        118467.8125,
        276776.375,
        101926.703125
    ],
    "4": [
        81559.25,
        280872.625,
        61156.0234375
    ],
    "5": [
        106364.0390625,
        297211.1875,
        30578.01171875
    ],
    "6": [
        103635.4765625,
        288296.375,
        15289.005859375
    ],
    "7": [
        101155.734375,
        293657.1875,
        7644.5029296875
    ],
    "8": [
        100444.15625,
        294275.15625,
        3822.25146484375
    ]
}