{
    "0": [
        202387.5,
        202387.5,
        291219.15625
    ],
    "1": [
        202387.5,
        202387.5,
        291219.15625
    ],
    "2": [
        279191,
        200666.59375,
        145609.578125
    ],
    "3": [
        318363.0625,
        195237.15625,
        101926.703125
    ],
    "4": [
        352042.25,
        185199.140625,
        61156.0234375
    ],
    "5": [
        350029,
        155848.3125,
        30578.01171875
    ],
    "6": [
        335801.03125,
        150489.46875,
        15289.005859375
    ],
    "7": [
        332248.71875,
        152455.21875,
        7644.5029296875
    ],
    "8": [
        330834.25,
        155524.234375,
        3822.25146484375
    ],
    "9": [
        330868.625,
        154448.734375,
        1911.125732421875
    ]
}