{
    "0": [
        202387.5,
        202387.5,
        291219.15625
    ],
    "1": [
        202387.5,
        202387.5,
        291219.15625
    ],
    "2": [
        160158.09375,
        302367.03125,
        145609.578125
    ],
    "3": [
        123739.3203125,
        283237.8125,
        101926.703125
    ],
    "4": [
        118756.9921875,
        244867.25,
        61156.0234375
    ],
    "5": [
        110217.6640625,
        246722.59375,
        30578.01171875
    ],
    "6": [
        118336.3125,
        259544,
        15289.005859375
    ],
    "7": [
        116693.6171875,
        255293.265625,
        7644.5029296875
    ],
    "8": [
        116241.6484375,
        256867.1875,
        3822.25146484375
    ]
}