{
    "0": [
        202387.5,
        202387.5,
        291219.15625
    ],
    "1": [
        202387.5,
        202387.5,
        291219.15625
    ],
    "2": [
        273435,
        110405.1953125,
        145609.578125
    ],
    "3": [
        296193.5,
        146917.265625,
        101926.703125
    ],
    "4": [
        262484.5625,
        136233.5625,
        61156.0234375
    ],
    "5": [
        253557.609375,
        152122.390625,
        30578.01171875
    ],
    "6": [
        263588.5625,
        150963.609375,
        15289.005859375
    ],
    "7": [
        267619,
        156616.984375,
        7644.5029296875
    ]
}