{
    "0": [
        202387.5,
        202387.5,
        291219.15625
    ],
    "1": [
        202387.5,
        202387.5,
        291219.15625
    ],
    "2": [
        139250.390625,
        234611.78125,
        145609.578125
    ],
    "3": [
        140988.90625,
        263454.5,
        101926.703125
    ],
    "4": [
        156238.546875,
        295265.375,
        61156.0234375
    ],
    "5": [
        132355.15625,
        277877.625,
        30578.01171875
    ],
    "6": [
        142500.59375,
        277866.1875,
        15289.005859375
    ]
}