{
    "0": [
        202387.5,
        202387.5,
        291219.15625
    ],
    "1": [
        202387.5,
        202387.5,
        291219.15625
    ],
    "2": [
        243051.78125,
        144489.546875,
        145609.578125
    ],
    "3": [
        227741.796875,
        139128.875,
        101926.703125
    ],
    "4": [
        249688.125,
        105577.96875,
        61156.0234375
    ],
    "5": [
        246084.40625,
        114949.328125,
        30578.01171875
    ],
    "6": [
        259872.84375,
        112569.890625,
        15289.005859375
    ],
    "7": [
        261201.859375,
        107236.0078125,
        7644.5029296875
    ],
    "8": [
        262844.34375,
        107833.109375,
        3822.25146484375
    ]
}