{
    "0": [
        202387.5,
        202387.5,
        291219.15625
    ],
    "1": [
        202387.5,
        202387.5,
        291219.15625
    ],
    "2": [
        165715.875,
        290946.875,
        145609.578125
    ],
    "3": [
        189720.515625,
        289452.3125,
        101926.703125
    ],
    "4": [
        191756.140625,
        257684.609375,
        61156.0234375
    ],
    "5": [
        215313.875,
        274883.78125,
        30578.01171875
    ],
    "6": [
        218595.328125,
        278319.90625,
        15289.005859375
    ]
}