{
    "0": [
        202387.5,
        202387.5,
        291219.15625
    ],
    "1": [
        202387.5,
        202387.5,
        291219.15625
    ],
    "2": [
        283509,
        210876.15625,
        145609.578125
    ],
    "3": [
        259877.625,
        223708.65625,
        101926.703125
    ],
    "4": [
        221905.15625,
        219192.609375,
        61156.0234375
    ],
    "5": [
        234143.71875,
        244569.875,
        30578.01171875
    ],
    "6": [
        228531.046875,
        247507.53125,
        15289.005859375
    ],
    "7": [
        222949.984375,
        243422.234375,
        7644.5029296875
    ],
    "8": [
        223444.8125,
        240636.40625,
        3822.25146484375
    ]
}