{
    "0": [
        202387.5,
        202387.5,
        291219.15625
    ],
    "1": [
        202387.5,
        202387.5,
        291219.15625
    ],
    "2": [
        202608.890625,
        202075.4375,
        145609.578125
    ],
    "3": [
        170148.796875,
        225391.078125,
        101926.703125
    ],
    "4": [
        139137.796875,
        227080.4375,
        61156.0234375
    ],
    "5": [
        140365.96875,
        225886.6875,
        30578.01171875
    ],
    "6": [
        132261.265625,
        229329.1875,
        15289.005859375
    ],
    "7": [
        127244.328125,
        228287.578125,
        7644.5029296875
    ],
    "8": [
        123825.421875,
        229495.1875,
        3822.25146484375
    ]
}