{
    "0": [
        202387.5,
        202387.5,
        291219.15625
    ],
    "1": [
        202387.5,
        202387.5,
        291219.15625
    ],
    "2": [
        224304.3125,
        269389,
        145609.578125
    ],
    "3": [
        193950.765625,
        241222.78125,
        101926.703125
    ],
    "4": [
        216004.46875,
        253835.546875,
        61156.0234375
    ]
}