{
    "0": [
        202387.5,
        202387.5,
        291219.15625
    ],
    "1": [
        202387.5,
        202387.5,
        291219.15625
    ],
    "2": [
        203106.109375,
        194361.265625,
        145609.578125
    ],
    "3": [
        214436.578125,
        153195.1875,
        101926.703125
    ],
    "4": [
        208589.578125,
        176695.09375,
        61156.0234375
    ],
    "5": [
        200843.0625,
        172523.953125,
        30578.01171875
    ],
    "6": [
        213231.46875,
        178858.75,
        15289.005859375
    ]
}