{
    "0": [
        202387.5,
        202387.5,
        291219.15625
    ],
    "1": [
        202387.5,
        202387.5,
        291219.15625
    ],
    "2": [
        268403.25,
        118846.5625,
        145609.578125
    ],
    "3": [
        252939.625,
        141470.828125,
        101926.703125
    ],
    "4": [
        288544.28125,
        155812.859375,
        61156.0234375
    ],
    "5": [
        273918.6875,
        171863.953125,
        30578.01171875
    ],
    "6": [
        277874.5625,
        180495.859375,
        15289.005859375
    ],
    "7": [
        284828.78125,
        178393.5,
        7644.5029296875
    ]
}