{
    "0": [
        202387.5,
        202387.5,
        291219.15625
    ],
    "1": [
        202387.5,
        202387.5,
        291219.15625
    ],
    "2": [
        193030.484375,
        277969.15625,
        145609.578125
    ],
    "3": [
        159698.90625,
        262299.875,
        101926.703125
    ],
    "4": [
        191224.34375,
        282240.375,
        61156.0234375
    ],
    "5": [
        169353.484375,
        273010.84375,
        30578.01171875
    ],
    "6": [
        167602.75,
        272923.59375,
        15289.005859375
    ],
    "7": [
        164867.5625,
        273650,
        7644.5029296875
    ],
    "8": [
        164348.6875,
        273750.0625,
        3822.25146484375
    ]
}