{
    "0": [
        202387.5,
        202387.5,
        291219.15625
    ],
    "1": [
        202387.5,
        202387.5,
        291219.15625
    ],
    "2": [
        143573.953125,
        131818.78125,
        145609.578125
    ],
    "3": [
        157768.234375,
        108892.5390625,
        101926.703125
    ],
    "4": [
        139630.328125,
        124454.34375,
        61156.0234375
    ],
    "5": [
        139347.90625,
        133256.5625,
        30578.01171875
    ],
    "6": [
        137543.828125,
        130336.8203125,
        15289.005859375
    ]
}