{
    "0": [
        202387.5,
        202387.5,
        291219.15625
    ],
    "1": [
        202387.5,
        202387.5,
        291219.15625
    ],
    "2": [
        280148.125,
        141834.390625,
        145609.578125
    ],
    "3": [
        305346.90625,
        138198.453125,
        101926.703125
    ],
    "4": [
        321081.59375,
        108028.296875,
        61156.0234375
    ],
    "5": [
        315592.71875,
        101010.796875,
        30578.01171875
    ],
    "6": [
        329401.84375,
        98982.2109375,
        15289.005859375
    ]
}