{
    "0": [
        202387.5,
        202387.5,
        291219.15625
    ],
    "1": [
        202387.5,
        202387.5,
        291219.15625
    ],
    "2": [
        213500.171875,
        141971.1875,
        145609.578125
    ],
    "3": [
        173931.6875,
        127679.6953125,
        101926.703125
    ],
    "4": [
        182876.640625,
        128438.59375,
        61156.0234375
    ],
    "5": [
        177072.46875,
        104661.21875,
        30578.01171875
    ],
    "6": [
        164258.953125,
        112140.1875,
        15289.005859375
    ],
    "7": [
        166132.375,
        116887.0390625,
        7644.5029296875
    ]
}