{
    "0": [
        202387.5,
        202387.5,
        291219.15625
    ],
    "1": [
        202387.5,
        202387.5,
        291219.15625
    ],
    "2": [
        229536.78125,
        265557.5,
        145609.578125
    ],
    "3": [
        218192.015625,
        260387.125,
        101926.703125
    ],
    "4": [
        200291.15625,
        238093.109375,
        61156.0234375
    ],
    "5": [
        172569.6875,
        234888.96875,
        30578.01171875
    ],
    "6": [
        176887.0625,
        231146.625,
        15289.005859375
    ]
}