{
    "0": [
        202387.5,
        202387.5,
        291219.15625
    ],
    "1": [
        202387.5,
        202387.5,
        291219.15625
    ],
    "2": [
        187487.953125,
        309185.4375,
        145609.578125
    ],
    "3": [
        161469.796875,
        285411.46875,
        101926.703125
    ],
    "4": [
        198205.015625,
        301823.59375,
        61156.0234375
    ],
    "5": [
        197080.59375,
        321167.375,
        30578.01171875
    ],
    "6": [
        206489.15625,
        320475.8125,
        15289.005859375
    ],
    "7": [
        204434.1875,
        319758.0625,
        7644.5029296875
    ],
    "8": [
        205538.03125,
        320210.59375,
        3822.25146484375
    ]
}