{
    "0": [
        202387.5,
        202387.5,
        291219.15625
    ],
    "1": [
        202387.5,
        202387.5,
        291219.15625
    ],
    "2": [
        243721.796875,
        200759.953125,
        145609.578125
    ],
    "3": [
        236711.265625,
        159378.171875,
        101926.703125
    ],
    "4": [
        218247.953125,
        150493,
        61156.0234375
    ],
    "5": [
        229132.171875,
        154535.34375,
        30578.01171875
    ],
    "6": [
        226118.875,
        153367.40625,
        15289.005859375
    ],
    "7": [
        225583.78125,
        151735.59375,
        7644.5029296875
    ],
    "8": [
        223208.40625,
        152120.375,
        3822.25146484375
    ]
}