{
    "0": [
        202387.5,
        202387.5,
        291219.15625
    ],
    "1": [
        202387.5,
        202387.5,
        291219.15625
    ],
    "2": [
        138393.703125,
        232297.96875,
        145609.578125
    ],
    "3": [
        160122.140625,
        230061,
        101926.703125
    ],
    "4": [
        161806.15625,
        254292.5,
        61156.0234375
    ],
    "5": [
        173302.90625,
        238993.71875,
        30578.01171875
    ],
    "6": [
        175365.234375,
        243395.453125,
        15289.005859375
    ],
    "7": [
        172882.1875,
        244329.609375,
        7644.5029296875
    ]
}