{
    "0": [
        202387.5,
        202387.5,
        291219.15625
    ],
    "1": [
        202387.5,
        202387.5,
        291219.15625
    ],
    "2": [
        133017.9375,
        259262.9375,
        145609.578125
    ],
    "3": [
        170013.25,
        280382.0625,
        101926.703125
    ],
    "4": [
        181686.90625,
        318824.875,
        61156.0234375
    ],
    "5": [
        186763.890625,
        329611.78125,
        30578.01171875
    ],
    "6": [
        187914.71875,
        318194.0625,
        15289.005859375
    ],
    "7": [
        189575.828125,
        316009.09375,
        7644.5029296875
    ],
    "8": [
        191762.734375,
        314261.21875,
        3822.25146484375
    ]
}