{
    "0": [
        202387.5,
        202387.5,
        291219.15625
    ],
    "1": [
        202387.5,
        202387.5,
        291219.15625
    ],
    "2": [
        117212.015625,
        169313.953125,
        145609.578125
    ],
    "3": [
        154230.84375,
        191027.515625,
        101926.703125
    ],
    "4": [
        186560.921875,
        209264.203125,
        61156.0234375
    ],
    "5": [
        198038.578125,
        202880.9375,
        30578.01171875
    ],
    "6": [
        190839.625,
        216038.453125,
        15289.005859375
    ],
    "7": [
        189129.3125,
        211547,
        7644.5029296875
    ]
}