{
    "0": [
        202387.5,
        202387.5,
        291219.15625
    ],
    "1": [
        202387.5,
        202387.5,
        291219.15625
    ],
    "2": [
        311824.9375,
        217287.609375,
        145609.578125
    ],
    "3": [
        316479.15625,
        177030.578125,
        101926.703125
    ],
    "4": [
        343331.0625,
        157013.90625,
        61156.0234375
    ],
    "5": [
        341917.25,
        185346.484375,
        30578.01171875
    ],
    "6": [
        331687.15625,
        177430.546875,
        15289.005859375
    ],
    "7": [
        331467,
        184740.359375,
        7644.5029296875
    ]
}