{
    "0": [
        202387.5,
        202387.5,
        291219.15625
    ],
    "1": [
        202387.5,
        202387.5,
        291219.15625
    ],
    "2": [
        146975.53125,
        284290.4375,
        145609.578125
    ],
    "3": [
        155250.296875,
        305257.25,
        101926.703125
    ],
    "4": [
        141361.859375,
        272486.28125,
        61156.0234375
    ],
    "5": [
        151844.03125,
        271956.25,
        30578.01171875
    ],
    "6": [
        158265.21875,
        285571.53125,
        15289.005859375
    ],
    "7": [
        152907.890625,
        281754.5,
        7644.5029296875
    ]
}