{
    "0": [
        202387.5,
        202387.5,
        291219.15625
    ],
    "1": [
        202387.5,
        202387.5,
        291219.15625
    ],
    "2": [
        277235.40625,
        188737.015625,
        145609.578125
    ],
    "3": [
        253732.625,
        197032.53125,
        101926.703125
    ],
    "4": [
        256701.265625,
        225615.03125,
        61156.0234375
    ],
    "5": [
        245562.8125,
        229940.90625,
        30578.01171875
    ],
    "6": [
        234341.328125,
        227376.328125,
        15289.005859375
    ]
}