{
    "0": [
        202387.5,
        202387.5,
        291219.15625
    ],
    "1": [
        202387.5,
        202387.5,
        291219.15625
    ],
    "2": [
        141766.3125,
        236935.71875,
        145609.578125
    ],
    "3": [
        144249.171875,
        275142.5,
        101926.703125
    ],
    "4": [
        156577.625,
        255192.5,
        61156.0234375
    ],
    "5": [
        137234.625,
        268981.78125,
        30578.01171875
    ],
    "6": [
        140221.75,
        268174.15625,
        15289.005859375
    ],
    "7": [
        144781.1875,
        270754.09375,
        7644.5029296875
    ]
}