{
    "0": [
        202387.5,
        202387.5,
        291219.15625
    ],
    "1": [
        202387.5,
        202387.5,
        291219.15625
    ],
    "2": [
        272236.71875,
        136145.59375,
        145609.578125
    ],
    "3": [
        246734.203125,
        101992.53125,
        101926.703125
    ],
    "4": [
        283692.75,
        118764.1328125,
        61156.0234375
    ],
    "5": [
        266136.4375,
        110910.3515625,
        30578.01171875
    ],
    "6": [
        262663.25,
        114046.9453125,
        15289.005859375
    ],
    "7": [
        263841.53125,
        109632.234375,
        7644.5029296875
    ]
}