{
    "0": [
        202387.5,
        202387.5,
        291219.15625
    ],
    "1": [
        202387.5,
        202387.5,
        291219.15625
    ],
    "2": [
        260668.5,
        132750.59375,
        145609.578125
    ],
    "3": [
        258051.1875,
        169777.65625,
        101926.703125
    ],
    "4": [
        246746.75,
        162738.375,
        61156.0234375
    ],
    "5": [
        250588.0625,
        140702.0625,
        30578.01171875
    ],
    "6": [
        247891.09375,
        131248.296875,
        15289.005859375
    ],
    "7": [
        253922.984375,
        134558.609375,
        7644.5029296875
    ],
    "8": [
        254338.84375,
        134505.6875,
        3822.25146484375
    ],
    "9": [
        254848.359375,
        134896.53125,
        1911.125732421875
    ]
}