{
    "0": [
        202387.5,
        202387.5,
        291219.15625
    ],
    "1": [
        202387.5,
        202387.5,
        291219.15625
    ],
    "2": [
        293945.28125,
        169026.65625,
        145609.578125
    ],
    "3": [
        333420.625,
        162115.328125,
        101926.703125
    ],
    "4": [
        358342.3125,
        143277.59375,
        61156.0234375
    ],
    "5": [
        346052.625,
        128739.421875,
        30578.01171875
    ],
    "6": [
        349290.3125,
        118946.4140625,
        15289.005859375
    ],
    "7": [
        346814.15625,
        124376.90625,
        7644.5029296875
    ],
    "8": [
        347733.9375,
        122629.625,
        3822.25146484375
    ]
}