{
    "0": [
        202387.5,
        202387.5,
        291219.15625
    ],
    "1": [
        202387.5,
        202387.5,
        291219.15625
    ],
    "2": [
        112170.3671875,
        163028.53125,
        145609.578125
    ],
    "3": [
        105907.859375,
        178562.5,
        101926.703125
    ],
    "4": [
        123247.6171875,
        176150.046875,
        61156.0234375
    ],
    "5": [
        109956.984375,
        194024.015625,
        30578.01171875
    ],
    "6": [
        110413.765625,
        186232.890625,
        15289.005859375
    ],
    "7": [
        107135.1796875,
        187424.671875,
        7644.5029296875
    ],
    "8": [
        103971.703125,
        187929.515625,
        3822.25146484375
    ]
}