{
    "0": [
        202387.5,
        202387.5,
        291219.15625
    ],
    "1": [
        202387.5,
        202387.5,
        291219.15625
    ],
    "2": [
        105553.6015625,
        177189.046875,
        145609.578125
    ],
    "3": [
        99194.3671875,
        135515.9375,
        101926.703125
    ],
    "4": [
        84774.7265625,
        103507.25,
        61156.0234375
    ],
    "5": [
        83112.5546875,
        114766.046875,
        30578.01171875
    ],
    "6": [
        83151.4609375,
        114726.2578125,
        15289.005859375
    ],
    "7": [
        85552.578125,
        119452.453125,
        7644.5029296875
    ]
}