{
    "0": [
        202387.5,
        202387.5,
        291219.15625
    ],
    "1": [
        202387.5,
        202387.5,
        291219.15625
    ],
    "2": [
        230643.3125,
        284541.1875,
        145609.578125
    ],
    "3": [
        223218.40625,
        258980.4375,
        101926.703125
    ],
    "4": [
        214746.140625,
        234637.25,
        61156.0234375
    ],
    "5": [
        237015.921875,
        245980.375,
        30578.01171875
    ],
    "6": [
        235494.5,
        238586.65625,
        15289.005859375
    ],
    "7": [
        237251.0625,
        232623.828125,
        7644.5029296875
    ]
}