{
    "0": [
        202387.5,
        202387.5,
        291219.15625
    ],
    "1": [
        202387.5,
        202387.5,
        291219.15625
    ],
    "2": [
        266612.9375,
        276844.75,
        145609.578125
    ],
    "3": [
        273549.375,
        287969.875,
        101926.703125
    ],
    "4": [
        282217.40625,
        278607.84375,
        61156.0234375
    ],
    "5": [
        293995.6875,
        283389.125,
        30578.01171875
    ],
    "6": [
        288459.6875,
        270970.90625,
        15289.005859375
    ],
    "7": [
        287638.34375,
        275493.6875,
        7644.5029296875
    ],
    "8": [
        287240.90625,
        278625.21875,
        3822.25146484375
    ]
}