{
    "0": [
        202387.5,
        202387.5,
        291219.15625
    ],
    "1": [
        202387.5,
        202387.5,
        291219.15625
    ],
    "2": [
        259991.8125,
        239232.90625,
        145609.578125
    ],
    "3": [
        282902.28125,
        251181.71875,
        101926.703125
    ],
    "4": [
        319549.53125,
        246232.328125,
        61156.0234375
    ],
    "5": [
        329104.1875,
        237112.1875,
        30578.01171875
    ],
    "6": [
        323846.34375,
        250489.03125,
        15289.005859375
    ]
}