{
    "0": [
        202387.5,
        202387.5,
        291219.15625
    ],
    "1": [
        202387.5,
        202387.5,
        291219.15625
    ],
    "2": [
        240908.109375,
        243875.421875,
        145609.578125
    ],
    "3": [
        270919.78125,
        238098.09375,
        101926.703125
    ],
    "4": [
        293734.40625,
        270499.125,
        61156.0234375
    ],
    "5": [
        290029.625,
        260488.65625,
        30578.01171875
    ],
    "6": [
        302947.53125,
        262153.25,
        15289.005859375
    ],
    "7": [
        300348.65625,
        267677.6875,
        7644.5029296875
    ]
}