{
    "0": [
        202387.5,
        202387.5,
        291219.15625
    ],
    "1": [
        202387.5,
        202387.5,
        291219.15625
    ],
    "2": [
        151688.453125,
        145677.140625,
        145609.578125
    ],
    "3": [
        121059.5390625,
        117132.046875,
        101926.703125
    ],
    "4": [
        118049.6796875,
        108538.5546875,
        61156.0234375
    ],
    "5": [
        126083.6953125,
        93366.046875,
        30578.01171875
    ],
    "6": [
        126866.9609375,
        94398.3671875,
        15289.005859375
    ],
    "7": [
        121223.328125,
        96404.953125,
        7644.5029296875
    ]
}