{
    "0": [
        202387.5,
        202387.5,
        291219.15625
    ],
    "1": [
        202387.5,
        202387.5,
        291219.15625
    ],
    "2": [
        256758.03125,
        229395.265625,
        145609.578125
    ],
    "3": [
        238178.5625,
        214549.515625,
        101926.703125
    ],
    "4": [
        269203.125,
        240240.96875,
        61156.0234375
    ],
    "5": [
        286320.96875,
        228195.859375,
        30578.01171875
    ],
    "6": [
        280732.34375,
        238967.765625,
        15289.005859375
    ],
    "7": [
        273258.90625,
        237707.34375,
        7644.5029296875
    ]
}