{
    "0": [
        202387.5,
        202387.5,
        291219.15625
    ],
    "1": [
        202387.5,
        202387.5,
        291219.15625
    ],
    "2": [
        302449.8125,
        217007.3125,
        145609.578125
    ],
    "3": [
        274091.125,
        224270.5,
        101926.703125
    ],
    "4": [
        265592.46875,
        208106.390625,
        61156.0234375
    ],
    "5": [
        261257.03125,
        178967.8125,
        30578.01171875
    ],
    "6": [
        267209.4375,
        187540.046875,
        15289.005859375
    ],
    "7": [
        271356.90625,
        185498.125,
        7644.5029296875
    ]
}