{
    "0": [
        202387.5,
        202387.5,
        291219.15625
    ],
    "1": [
        202387.5,
        202387.5,
        291219.15625
    ],
    "2": [
        186905.890625,
        215607.75,
        145609.578125
    ],
    "3": [
        158653.234375,
        231145.234375,
        101926.703125
    ],
    "4": [
        171665.859375,
        208881.359375,
        61156.0234375
    ],
    "5": [
        151952.40625,
        202769.40625,
        30578.01171875
    ],
    "6": [
        152986.921875,
        193797.46875,
        15289.005859375
    ],
    "7": [
        151252.5,
        193918.4375,
        7644.5029296875
    ],
    "8": [
        150838.3125,
        196317.1875,
        3822.25146484375
    ]
}