{
    "0": [
        202387.5,
        202387.5,
        291219.15625
    ],
    "1": [
        202387.5,
        202387.5,
        291219.15625
    ],
    "2": [
        250703.75,
        227340.421875,
        145609.578125
    ],
    "3": [
        267728.6875,
        188972.4375,
        101926.703125
    ],
    "4": [
        294953.21875,
        203876,
        61156.0234375
    ],
    "5": [
        297366.625,
        183630.75,
        30578.01171875
    ],
    "6": [
        291941.40625,
        182498.515625,
        15289.005859375
    ],
    "7": [
        295260.9375,
        178861.46875,
        7644.5029296875
    ]
}