{
    "0": [
        202387.5,
        202387.5,
        291219.15625
    ],
    "1": [
        202387.5,
        202387.5,
        291219.15625
    ],
    "2": [
        151393.578125,
        274888.375,
        145609.578125
    ],
    "3": [
        115364.6015625,
        297038.8125,
        101926.703125
    ],
    "4": [
        109579.3203125,
        283541.90625,
        61156.0234375
    ],
    "5": [
        125126.0625,
        282170.625,
        30578.01171875
    ],
    "6": [
        133992.703125,
        276601.46875,
        15289.005859375
    ]
}