{
    "0": [
        202387.5,
        202387.5,
        291219.15625
    ],
    "1": [
        202387.5,
        202387.5,
        291219.15625
    ],
    "2": [
        206634.703125,
        194145.40625,
        145609.578125
    ],
    "3": [
        222815.15625,
        185963.015625,
        101926.703125
    ],
    "4": [
        205036.1875,
        149680.734375,
        61156.0234375
    ],
    "5": [
        186521.1875,
        156715.703125,
        30578.01171875
    ],
    "6": [
        187602.515625,
        153887.296875,
        15289.005859375
    ],
    "7": [
        193393.0625,
        153718.75,
        7644.5029296875
    ]
}