{
    "0": [
        202387.5,
        202387.5,
        291219.15625
    ],
    "1": [
        202387.5,
        202387.5,
        291219.15625
    ],
    "2": [
        238258.625,
        157066.171875,
        145609.578125
    ],
    "3": [
        246027.296875,
        176014.078125,
        101926.703125
    ],
    "4": [
        223474.265625,
        174455.171875,
        61156.0234375
    ],
    "5": [
        195395.6875,
        167524.859375,
        30578.01171875
    ],
    "6": [
        192838.71875,
        181174.5625,
        15289.005859375
    ],
    "7": [
        199792.84375,
        183906.71875,
        7644.5029296875
    ],
    "8": [
        201341.9375,
        183541.359375,
        3822.25146484375
    ]
}