{
    "0": [
        202387.5,
        202387.5,
        291219.15625
    ],
    "1": [
        202387.5,
        202387.5,
        291219.15625
    ],
    "2": [
        252619.0625,
        184562.90625,
        145609.578125
    ],
    "3": [
        274973.71875,
        206558.375,
        101926.703125
    ],
    "4": [
        242351.9375,
        184625.21875,
        61156.0234375
    ],
    "5": [
        233390.546875,
        176334.5,
        30578.01171875
    ],
    "6": [
        242182.703125,
        179956.359375,
        15289.005859375
    ],
    "7": [
        244630.921875,
        173864.328125,
        7644.5029296875
    ],
    "8": [
        243729.390625,
        174443.1875,
        3822.25146484375
    ]
}