{
    "0": [
        202387.5,
        202387.5,
        291219.15625
    ],
    "1": [
        202387.5,
        202387.5,
        291219.15625
    ],
    "2": [
        156716.96875,
        237082.375,
        145609.578125
    ],
    "3": [
        193892.5625,
        234721.484375,
        101926.703125
    ],
    "4": [
        169744.65625,
        209666,
        61156.0234375
    ],
    "5": [
        170265.0625,
        198383.546875,
        30578.01171875
    ],
    "6": [
        172311.4375,
        196845.796875,
        15289.005859375
    ],
    "7": [
        176455.59375,
        198089.390625,
        7644.5029296875
    ]
}