{
    "0": [
        202387.5,
        202387.5,
        291219.15625
    ],
    "1": [
        202387.5,
        202387.5,
        291219.15625
    ],
    "2": [
        143095.453125,
        237129.375,
        145609.578125
    ],
    "3": [
        159774.375,
        261910.453125,
        101926.703125
    ],
    "4": [
        180416.890625,
        284751.03125,
        61156.0234375
    ],
    "5": [
        187830.421875,
        274979.25,
        30578.01171875
    ],
    "6": [
        186463.78125,
        285145.71875,
        15289.005859375
    ],
    "7": [
        190798.625,
        283496.53125,
        7644.5029296875
    ]
}