{
    "0": [
        202387.5,
        202387.5,
        291219.15625
    ],
    "1": [
        202387.5,
        202387.5,
        291219.15625
    ],
    "2": [
        139389.5,
        269048.125,
        145609.578125
    ],
    "3": [
        123286.65625,
        303216.9375,
        101926.703125
    ],
    "4": [
        124594.9921875,
        274301.40625,
        61156.0234375
    ],
    "5": [
        121755.3359375,
        249556.71875,
        30578.01171875
    ],
    "6": [
        115786.2578125,
        241334.21875,
        15289.005859375
    ],
    "7": [
        114076.2734375,
        242591.703125,
        7644.5029296875
    ],
    "8": [
        114988.3671875,
        243296.359375,
        3822.25146484375
    ]
}