{
    "0": [
        202387.5,
        202387.5,
        291219.15625
    ],
    "1": [
        202387.5,
        202387.5,
        291219.15625
    ],
    "2": [
        156583.6875,
        242259.578125,
        145609.578125
    ],
    "3": [
        157622.90625,
        282426.84375,
        101926.703125
    ],
    "4": [
        175629.171875,
        301829.125,
        61156.0234375
    ],
    "5": [
        196685.9375,
        304658.09375,
        30578.01171875
    ],
    "6": [
        196130.96875,
        317426.96875,
        15289.005859375
    ],
    "7": [
        198137.828125,
        313307.65625,
        7644.5029296875
    ]
}