{
    "0": [
        202387.5,
        202387.5,
        291219.15625
    ],
    "1": [
        202387.5,
        202387.5,
        291219.15625
    ],
    "2": [
        185872.015625,
        301487.75,
        145609.578125
    ],
    "3": [
        155301.78125,
        298694.1875,
        101926.703125
    ],
    "4": [
        146029.9375,
        333539.96875,
        61156.0234375
    ],
    "5": [
        140726,
        325842.28125,
        30578.01171875
    ],
    "6": [
        142051.96875,
        338553.8125,
        15289.005859375
    ],
    "7": [
        144607.578125,
        339862.25,
        7644.5029296875
    ]
}