{
    "0": [
        202387.5,
        202387.5,
        291219.15625
    ],
    "1": [
        202387.5,
        202387.5,
        291219.15625
    ],
    "2": [
        218444.5,
        271190.03125,
        145609.578125
    ],
    "3": [
        242970.828125,
        292385.875,
        101926.703125
    ],
    "4": [
        234551.875,
        287370.03125,
        61156.0234375
    ],
    "5": [
        210906.484375,
        297144.40625,
        30578.01171875
    ],
    "6": [
        198357.984375,
        305023.90625,
        15289.005859375
    ]
}