{
    "0": [
        202387.5,
        202387.5,
        291219.15625
    ],
    "1": [
        202387.5,
        202387.5,
        291219.15625
    ],
    "2": [
        297474.90625,
        209156.203125,
        145609.578125
    ],
    "3": [
        279051.3125,
        192870.796875,
        101926.703125
    ],
    "4": [
        309349,
        209872.140625,
        61156.0234375
    ],
    "5": [
        312293.5,
        239244.734375,
        30578.01171875
    ],
    "6": [
        306255.9375,
        249947.5625,
        15289.005859375
    ],
    "7": [
        303097.28125,
        250321.28125,
        7644.5029296875
    ]
}