{
    "0": [
        202387.5,
        202387.5,
        291219.15625
    ],
    "1": [
        202387.5,
        202387.5,
        291219.15625
    ],
    "2": [
        203085.71875,
        191146,
        145609.578125
    ],
    "3": [
        170304.21875,
        183119.703125,
        101926.703125
    ],
    "4": [
        156106.78125,
        154676.65625,
        61156.0234375
    ],
    "5": [
        162652.40625,
        148779.640625,
        30578.01171875
    ],
    "6": [
        160436.71875,
        147215.109375,
        15289.005859375
    ],
    "7": [
        156016.484375,
        145656.359375,
        7644.5029296875
    ],
    "8": [
        156958.515625,
        143843.25,
        3822.25146484375
    ]
}