{
    "0": [
        202387.5,
        202387.5,
        291219.15625
    ],
    "1": [
        202387.5,
        202387.5,
        291219.15625
    ],
    "2": [
        144885.625,
        171864.125,
        145609.578125
    ],
    "3": [
        147664.265625,
        141266.046875,
        101926.703125
    ],
    "4": [
        157340.15625,
        102816.8984375,
        61156.0234375
    ],
    "5": [
        128616.0234375,
        112648.6171875,
        30578.01171875
    ],
    "6": [
        137959.609375,
        113682.59375,
        15289.005859375
    ]
}