{
    "0": [
        202387.5,
        202387.5,
        291219.15625
    ],
    "1": [
        202387.5,
        202387.5,
        291219.15625
    ],
    "2": [
        274225.53125,
        215098.671875,
        145609.578125
    ],
    "3": [
        288073.78125,
        241518.6875,
        101926.703125
    ],
    "4": [
        313849.8125,
        231170.734375,
        61156.0234375
    ],
    "5": [
        315279.03125,
        210132.4375,
        30578.01171875
    ],
    "6": [
        307494.65625,
        217583.453125,
        15289.005859375
    ],
    "7": [
        306861.8125,
        221948.984375,
        7644.5029296875
    ],
    "8": [
        308772.8125,
        220792.921875,
        3822.25146484375
    ],
    "9": [
        308065.5,
        221240.734375,
        1911.125732421875
    ]
}