{
    "0": [
        202387.5,
        202387.5,
        291219.15625
    ],
    "1": [
        202387.5,
        202387.5,
        291219.15625
    ],
    "2": [
        279040.375,
        235004.078125,
        145609.578125
    ],
    "3": [
        309519.6875,
        265930.28125,
        101926.703125
    ],
    "4": [
        327998,
        279403.46875,
        61156.0234375
    ],
    "5": [
        329418.84375,
        277838.3125,
        30578.01171875
    ],
    "6": [
        339754.625,
        274966.96875,
        15289.005859375
    ],
    "7": [
        334718.53125,
        273262.90625,
        7644.5029296875
    ]
}