{
    "0": [
        202387.5,
        202387.5,
        291219.15625
    ],
    "1": [
        202387.5,
        202387.5,
        291219.15625
    ],
    "2": [
        250806.140625,
        98684.9140625,
        145609.578125
    ],
    "3": [
        261320.9375,
        112098.8828125,
        101926.703125
    ],
    "4": [
        291231.21875,
        111717.5859375,
        61156.0234375
    ],
    "5": [
        293863.40625,
        117557.2421875,
        30578.01171875
    ],
    "6": [
        284172.46875,
        126851.09375,
        15289.005859375
    ],
    "7": [
        287808.96875,
        120190.2578125,
        7644.5029296875
    ]
}