{
    "0": [
        202387.5,
        202387.5,
        291219.15625
    ],
    "1": [
        202387.5,
        202387.5,
        291219.15625
    ],
    "2": [
        220435.28125,
        286528.4375,
        145609.578125
    ],
    "3": [
        204083.03125,
        246822.21875,
        101926.703125
    ],
    "4": [
        199612.96875,
        277663.96875,
        61156.0234375
    ],
    "5": [
        222704.46875,
        260564.640625,
        30578.01171875
    ],
    "6": [
        221867.46875,
        274717.75,
        15289.005859375
    ],
    "7": [
        223155.015625,
        267916.5,
        7644.5029296875
    ],
    "8": [
        221800.46875,
        265099.59375,
        3822.25146484375
    ]
}