{
    "0": [
        202387.5,
        202387.5,
        291219.15625
    ],
    "1": [
        202387.5,
        202387.5,
        291219.15625
    ],
    "2": [
        279115.59375,
        197878.375,
        145609.578125
    ],
    "3": [
        307814.71875,
        189092.578125,
        101926.703125
    ],
    "4": [
        309131.34375,
        161601.203125,
        61156.0234375
    ],
    "5": [
        329161.84375,
        149559.875,
        30578.01171875
    ],
    "6": [
        321944.03125,
        137047.21875,
        15289.005859375
    ],
    "7": [
        325273.4375,
        141138.9375,
        7644.5029296875
    ],
    "8": [
        327751.9375,
        139137.34375,
        3822.25146484375
    ]
}