{
    "0": [
        202387.5,
        202387.5,
        291219.15625
    ],
    "1": [
        202387.5,
        202387.5,
        291219.15625
    ],
    "2": [
        270660.5625,
        244351.53125,
        145609.578125
    ],
    "3": [
        261358.515625,
        209458.5625,
        101926.703125
    ],
    "4": [
        295188.34375,
        198351.359375,
        61156.0234375
    ],
    "5": [
        270485.21875,
        195854.03125,
        30578.01171875
    ],
    "6": [
        270681.65625,
        201813.40625,
        15289.005859375
    ],
    "7": [
        269193.25,
        196774.625,
        7644.5029296875
    ]
}