{
    "0": [
        202387.5,
        202387.5,
        291219.15625
    ],
    "1": [
        202387.5,
        202387.5,
        291219.15625
    ],
    "2": [
        199810.53125,
        123545.3203125,
        145609.578125
    ],
    "3": [
        219155.953125,
        153119.703125,
        101926.703125
    ],
    "4": [
        194627.953125,
        174135.203125,
        61156.0234375
    ],
    "5": [
        178455.328125,
        153245.609375,
        30578.01171875
    ],
    "6": [
        184393.890625,
        154831.734375,
        15289.005859375
    ]
}