{
    "0": [
        202387.5,
        202387.5,
        291219.15625
    ],
    "1": [
        202387.5,
        202387.5,
        291219.15625
    ],
    "2": [
        196778.953125,
        208288.34375,
        145609.578125
    ],
    "3": [
        210811.21875,
        178296.921875,
        101926.703125
    ],
    "4": [
        195246.71875,
        207176.8125,
        61156.0234375
    ],
    "5": [
        195134.140625,
        210088.25,
        30578.01171875
    ],
    "6": [
        183822.265625,
        208261.515625,
        15289.005859375
    ]
}