{
    "0": [
        202387.5,
        202387.5,
        291219.15625
    ],
    "1": [
        202387.5,
        202387.5,
        291219.15625
    ],
    "2": [
        208000.390625,
        255615.046875,
        145609.578125
    ],
    "3": [
        193344.25,
        260074.84375,
        101926.703125
    ],
    "4": [
        230556.625,
        253930.046875,
        61156.0234375
    ],
    "5": [
        227043.40625,
        236536.703125,
        30578.01171875
    ],
    "6": [
        216544.125,
        228253.375,
        15289.005859375
    ],
    "7": [
        213687.59375,
        225964.984375,
        7644.5029296875
    ],
    "8": [
        212184.703125,
        226700.59375,
        3822.25146484375
    ]
}