{
    "0": [
        202387.5,
        202387.5,
        291219.15625
    ],
    "1": [
        202387.5,
        202387.5,
        291219.15625
    ],
    "2": [
        270751,
        222766.3125,
        145609.578125
    ],
    "3": [
        275023.96875,
        255121.71875,
        101926.703125
    ],
    "4": [
        256759.03125,
        277446.03125,
        61156.0234375
    ],
    "5": [
        239021.734375,
        271713.34375,
        30578.01171875
    ],
    "6": [
        227373.421875,
        261874.921875,
        15289.005859375
    ]
}