{
    "0": [
        202387.5,
        202387.5,
        291219.15625
    ],
    "1": [
        202387.5,
        202387.5,
        291219.15625
    ],
    "2": [
        183729.921875,
        210874.640625,
        145609.578125
    ],
    "3": [
        221897.03125,
        204128.8125,
        101926.703125
    ],
    "4": [
        230664.5625,
        237478.15625,
        61156.0234375
    ],
    "5": [
        240192.359375,
        209363.90625,
        30578.01171875
    ],
    "6": [
        251841.125,
        199640.4375,
        15289.005859375
    ]
}