{
    "0": [
        202387.5,
        202387.5,
        291219.15625
    ],
    "1": [
        202387.5,
        202387.5,
        291219.15625
    ],
    "2": [
        215541.28125,
        131453.9375,
        145609.578125
    ],
    "3": [
        203907.734375,
        93189.390625,
        101926.703125
    ],
    "4": [
        214890.515625,
        89276.71875,
        61156.0234375
    ],
    "5": [
        208347.4375,
        101076.765625,
        30578.01171875
    ],
    "6": [
        210219.875,
        111461.078125,
        15289.005859375
    ],
    "7": [
        213972.125,
        109335.3359375,
        7644.5029296875
    ]
}