{
    "0": [
        202387.5,
        202387.5,
        291219.15625
    ],
    "1": [
        202387.5,
        202387.5,
        291219.15625
    ],
    "2": [
        243898.78125,
        116257.59375,
        145609.578125
    ],
    "3": [
        224895,
        152573.75,
        101926.703125
    ],
    "4": [
        236027.140625,
        132013.90625,
        61156.0234375
    ],
    "5": [
        258135.9375,
        134220.015625,
        30578.01171875
    ],
    "6": [
        258401.171875,
        123277.7734375,
        15289.005859375
    ],
    "7": [
        265470.09375,
        120456.2265625,
        7644.5029296875
    ],
    "8": [
        266679.59375,
        118329.109375,
        3822.25146484375
    ]
}