{
    "0": [
        202387.5,
        202387.5,
        291219.15625
    ],
    "1": [
        202387.5,
        202387.5,
        291219.15625
    ],
    "2": [
        150962.984375,
        152228.21875,
        145609.578125
    ],
    "3": [
        148736.171875,
        174841.046875,
        101926.703125
    ],
    "4": [
        127164.3828125,
        149804.578125,
        61156.0234375
    ],
    "5": [
        138906.921875,
        139222.9375,
        30578.01171875
    ],
    "6": [
        132123.671875,
        144078.5,
        15289.005859375
    ],
    "7": [
        134851.96875,
        137145.828125,
        7644.5029296875
    ]
}