{
    "0": [
        202387.5,
        202387.5,
        291219.15625
    ],
    "1": [
        202387.5,
        202387.5,
        291219.15625
    ],
    "2": [
        103064.90625,
        215041.53125,
        145609.578125
    ],
    "3": [
        127208.625,
        179142.765625,
        101926.703125
    ],
    "4": [
        137937.625,
        192408.4375,
        61156.0234375
    ],
    "5": [
        112341.6875,
        208572.890625,
        30578.01171875
    ],
    "6": [
        112119.296875,
        217794.375,
        15289.005859375
    ],
    "7": [
        110332.6015625,
        214640.953125,
        7644.5029296875
    ]
}