{
    "0": [
        202387.5,
        202387.5,
        291219.15625
    ],
    "1": [
        202387.5,
        202387.5,
        291219.15625
    ],
    "2": [
        144640.90625,
        201075.796875,
        145609.578125
    ],
    "3": [
        175516.53125,
        203878.734375,
        101926.703125
    ],
    "4": [
        152611.71875,
        229189.046875,
        61156.0234375
    ],
    "5": [
        148411.109375,
        258079.953125,
        30578.01171875
    ],
    "6": [
        147146.328125,
        264264.3125,
        15289.005859375
    ]
}