{
    "0": [
        202387.5,
        202387.5,
        291219.15625
    ],
    "1": [
        202387.5,
        202387.5,
        291219.15625
    ],
    "2": [
        121888.2265625,
        262852.6875,
        145609.578125
    ],
    "3": [
        107554.8828125,
        281644.84375,
        101926.703125
    ],
    "4": [
        110037.109375,
        280947.4375,
        61156.0234375
    ],
    "5": [
        115084.9921875,
        252579.828125,
        30578.01171875
    ],
    "6": [
        127356.578125,
        253325.59375,
        15289.005859375
    ],
    "7": [
        132232.953125,
        253748.34375,
        7644.5029296875
    ],
    "8": [
        130327.65625,
        253229.9375,
        3822.25146484375
    ]
}