{
    "0": [
        202387.5,
        202387.5,
        291219.15625
    ],
    "1": [
        202387.5,
        202387.5,
        291219.15625
    ],
    "2": [
        155308.296875,
        199753.703125,
        145609.578125
    ],
    "3": [
        170653.90625,
        197846.3125,
        101926.703125
    ],
    "4": [
        190083.609375,
        203052.96875,
        61156.0234375
    ],
    "5": [
        218866.84375,
        196441.265625,
        30578.01171875
    ],
    "6": [
        211580.578125,
        183663.375,
        15289.005859375
    ],
    "7": [
        213557.484375,
        182524.734375,
        7644.5029296875
    ]
}