{
    "0": [
        202387.5,
        202387.5,
        291219.15625
    ],
    "1": [
        202387.5,
        202387.5,
        291219.15625
    ],
    "2": [
        211695.796875,
        141942.78125,
        145609.578125
    ],
    "3": [
        216068.484375,
        117851.546875,
        101926.703125
    ],
    "4": [
        227820.59375,
        85161.0234375,
        61156.0234375
    ],
    "5": [
        232054.609375,
        79782.4921875,
        30578.01171875
    ],
    "6": [
        233804.265625,
        77696.96875,
        15289.005859375
    ],
    "7": [
        227121.1875,
        76763.3984375,
        7644.5029296875
    ]
}