{
    "0": [
        202387.5,
        202387.5,
        291219.15625
    ],
    "1": [
        202387.5,
        202387.5,
        291219.15625
    ],
    "2": [
        129691.7109375,
        231298.578125,
        145609.578125
    ],
    "3": [
        91303.6875,
        248016.109375,
        101926.703125
    ],
    "4": [
        122836.484375,
        271018.6875,
        61156.0234375
    ],
    "5": [
        124386.390625,
        241143.28125,
        30578.01171875
    ],
    "6": [
        111051.578125,
        244799.171875,
        15289.005859375
    ],
    "7": [
        105525.6953125,
        249154.796875,
        7644.5029296875
    ],
    "8": [
        106059.4375,
        250686.53125,
        3822.25146484375
    ]
}