{
    "0": [
        202387.5,
        202387.5,
        291219.15625
    ],
    "1": [
        202387.5,
        202387.5,
        291219.15625
    ],
    "2": [
        149660.921875,
        247357.53125,
        145609.578125
    ],
    "3": [
        173499.5625,
        239703.421875,
        101926.703125
    ],
    "4": [
        187172.65625,
        238060.203125,
        61156.0234375
    ],
    "5": [
        182443,
        237704.609375,
        30578.01171875
    ],
    "6": [
        177121.40625,
        231279.390625,
        15289.005859375
    ],
    "7": [
        176095.828125,
        233687.515625,
        7644.5029296875
    ]
}