{
    "0": [
        202387.5,
        202387.5,
        291219.15625
    ],
    "1": [
        202387.5,
        202387.5,
        291219.15625
    ],
    "2": [
        183618.875,
        140032.234375,
        145609.578125
    ],
    "3": [
        193550.5,
        100042.875,
        101926.703125
    ],
    "4": [
        224279.515625,
        95915.2421875,
        61156.0234375
    ],
    "5": [
        231909.140625,
        91164.5,
        30578.01171875
    ],
    "6": [
        222066.296875,
        96345.59375,
        15289.005859375
    ],
    "7": [
        222121.140625,
        92109.328125,
        7644.5029296875
    ]
}