{
    "0": [
        202387.5,
        202387.5,
        291219.15625
    ],
    "1": [
        202387.5,
        202387.5,
        291219.15625
    ],
    "2": [
        224530.84375,
        207542.953125,
        145609.578125
    ],
    "3": [
        221736.5,
        172421.125,
        101926.703125
    ],
    "4": [
        222400.421875,
        152864.71875,
        61156.0234375
    ],
    "5": [
        225304,
        131529.5625,
        30578.01171875
    ],
    "6": [
        224724.59375,
        126621.3515625,
        15289.005859375
    ],
    "7": [
        225626.9375,
        126660.7578125,
        7644.5029296875
    ],
    "8": [
        225432.0625,
        127815.984375,
        3822.25146484375
    ]
}