{
    "0": [
        202387.5,
        202387.5,
        291219.15625
    ],
    "1": [
        202387.5,
        202387.5,
        291219.15625
    ],
    "2": [
        304687.1875,
        243564.96875,
        145609.578125
    ],
    "3": [
        308122.75,
        270607.1875,
        101926.703125
    ],
    "4": [
        324491.5625,
        276382.6875,
        61156.0234375
    ],
    "5": [
        306814.96875,
        296157.6875,
        30578.01171875
    ],
    "6": [
        310489.9375,
        303949.5,
        15289.005859375
    ]
}