{
    "0": [
        202387.5,
        202387.5,
        291219.15625
    ],
    "1": [
        202387.5,
        202387.5,
        291219.15625
    ],
    "2": [
        190682.109375,
        262309,
        145609.578125
    ],
    "3": [
        162227.40625,
        243293.90625,
        101926.703125
    ],
    "4": [
        144188.453125,
        207369.546875,
        61156.0234375
    ],
    "5": [
        146499.296875,
        224152.46875,
        30578.01171875
    ],
    "6": [
        150686.9375,
        233262.890625,
        15289.005859375
    ]
}