{
    "0": [
        202387.5,
        202387.5,
        291219.15625
    ],
    "1": [
        202387.5,
        202387.5,
        291219.15625
    ],
    "2": [
        275607,
        269247.59375,
        145609.578125
    ],
    "3": [
        295555.1875,
        264516.25,
        101926.703125
    ],
    "4": [
        325364.1875,
        260135.59375,
        61156.0234375
    ],
    "5": [
        339860.5,
        276937.125,
        30578.01171875
    ],
    "6": [
        340710.03125,
        276731.28125,
        15289.005859375
    ],
    "7": [
        342725.09375,
        278314.40625,
        7644.5029296875
    ]
}