{
    "0": [
        202387.5,
        202387.5,
        291219.15625
    ],
    "1": [
        202387.5,
        202387.5,
        291219.15625
    ],
    "2": [
        239811.375,
        242999.203125,
        145609.578125
    ],
    "3": [
        269289.0625,
        227764.453125,
        101926.703125
    ],
    "4": [
        298058.75,
        228688.625,
        61156.0234375
    ],
    "5": [
        303596.15625,
        249779.515625,
        30578.01171875
    ],
    "6": [
        318006.71875,
        254195.0625,
        15289.005859375
    ],
    "7": [
        316537.09375,
        255375.359375,
        7644.5029296875
    ],
    "8": [
        319757.90625,
        256812.9375,
        3822.25146484375
    ]
}