{
    "0": [
        202387.5,
        202387.5,
        291219.15625
    ],
    "1": [
        202387.5,
        202387.5,
        291219.15625
    ],
    "2": [
        278417.46875,
        196350.109375,
        145609.578125
    ],
    "3": [
        283551.96875,
        191773.5,
        101926.703125
    ],
    "4": [
        248509.125,
        204641.5625,
        61156.0234375
    ],
    "5": [
        219131.859375,
        208887.09375,
        30578.01171875
    ],
    "6": [
        229000.59375,
        198325.28125,
        15289.005859375
    ],
    "7": [
        234738.140625,
        198793.34375,
        7644.5029296875
    ],
    "8": [
        232235.28125,
        199127.796875,
        3822.25146484375
    ]
}