{
    "0": [
        202387.5,
        202387.5,
        291219.15625
    ],
    "1": [
        202387.5,
        202387.5,
        291219.15625
    ],
    "2": [
        194028.25,
        188994.53125,
        145609.578125
    ],
    "3": [
        202902.25,
        161781.53125,
        101926.703125
    ],
    "4": [
        213098.890625,
        150577.765625,
        61156.0234375
    ],
    "5": [
        240595.1875,
        141389.515625,
        30578.01171875
    ]
}