{
    "0": [
        202387.5,
        202387.5,
        291219.15625
    ],
    "1": [
        202387.5,
        202387.5,
        291219.15625
    ],
    "2": [
        186492.8125,
        162300.171875,
        145609.578125
    ],
    "3": [
        187920.59375,
        205166.875,
        101926.703125
    ],
    "4": [
        186162.3125,
        218214.515625,
        61156.0234375
    ],
    "5": [
        198475.546875,
        229497.625,
        30578.01171875
    ],
    "6": [
        205778.078125,
        218613.625,
        15289.005859375
    ],
    "7": [
        211577.984375,
        219271.78125,
        7644.5029296875
    ],
    "8": [
        209877.578125,
        220638.421875,
        3822.25146484375
    ]
}