{
    "0": [
        202387.5,
        202387.5,
        291219.15625
    ],
    "1": [
        202387.5,
        202387.5,
        291219.15625
    ],
    "2": [
        254626.09375,
        118687.0625,
        145609.578125
    ],
    "3": [
        276602.25,
        152887.34375,
        101926.703125
    ],
    "4": [
        306786.625,
        129809.4921875,
        61156.0234375
    ],
    "5": [
        291922.71875,
        145982.1875,
        30578.01171875
    ],
    "6": [
        287762.625,
        144636.421875,
        15289.005859375
    ]
}