{
    "0": [
        202387.5,
        202387.5,
        291219.15625
    ],
    "1": [
        202387.5,
        202387.5,
        291219.15625
    ],
    "2": [
        209868.34375,
        223629.9375,
        145609.578125
    ],
    "3": [
        180352.28125,
        246721.5625,
        101926.703125
    ],
    "4": [
        151015.3125,
        235173.875,
        61156.0234375
    ],
    "5": [
        143736.359375,
        229276.875,
        30578.01171875
    ],
    "6": [
        142963.359375,
        217157.4375,
        15289.005859375
    ],
    "7": [
        147808.5625,
        216188.125,
        7644.5029296875
    ],
    "8": [
        148363.296875,
        216891.09375,
        3822.25146484375
    ]
}