{
    "0": [
        202387.5,
        202387.5,
        291219.15625
    ],
    "1": [
        202387.5,
        202387.5,
        291219.15625
    ],
    "2": [
        144826.75,
        273724.9375,
        145609.578125
    ],
    "3": [
        123095.0859375,
        284677.96875,
        101926.703125
    ],
    "4": [
        89080.8203125,
        271272.9375,
        61156.0234375
    ],
    "5": [
        102650.671875,
        292970.21875,
        30578.01171875
    ],
    "6": [
        89252.359375,
        291655.5,
        15289.005859375
    ],
    "7": [
        84158.9296875,
        287974.75,
        7644.5029296875
    ]
}