{
    "0": [
        202387.5,
        202387.5,
        291219.15625
    ],
    "1": [
        202387.5,
        202387.5,
        291219.15625
    ],
    "2": [
        219336.0625,
        233638.359375,
        145609.578125
    ],
    "3": [
        193736.515625,
        244348.0625,
        101926.703125
    ],
    "4": [
        214797.3125,
        263225.90625,
        61156.0234375
    ],
    "5": [
        214468.71875,
        266094.9375,
        30578.01171875
    ],
    "6": [
        218402.875,
        280580.375,
        15289.005859375
    ],
    "7": [
        218068.046875,
        279395.375,
        7644.5029296875
    ]
}