{
    "0": [
        202387.5,
        202387.5,
        291219.15625
    ],
    "1": [
        202387.5,
        202387.5,
        291219.15625
    ],
    "2": [
        307180.40625,
        172092.8125,
        145609.578125
    ],
    "3": [
        322443.1875,
        189408.515625,
        101926.703125
    ],
    "4": [
        287587.1875,
        205630.078125,
        61156.0234375
    ],
    "5": [
        264799.8125,
        213249.15625,
        30578.01171875
    ],
    "6": [
        264348.65625,
        222035.9375,
        15289.005859375
    ],
    "7": [
        267401.46875,
        228989.703125,
        7644.5029296875
    ]
}