{
    "0": [
        202387.5,
        202387.5,
        291219.15625
    ],
    "1": [
        202387.5,
        202387.5,
        291219.15625
    ],
    "2": [
        193336.03125,
        145520.546875,
        145609.578125
    ],
    "3": [
        195936,
        180414.25,
        101926.703125
    ],
    "4": [
        184677.40625,
        187655.921875,
        61156.0234375
    ],
    "5": [
        171812.59375,
        195996.3125,
        30578.01171875
    ],
    "6": [
        171150.375,
        207827.40625,
        15289.005859375
    ],
    "7": [
        171999.734375,
        212429.421875,
        7644.5029296875
    ]
}