{
    "0": [
        202387.5,
        202387.5,
        291219.15625
    ],
    "1": [
        202387.5,
        202387.5,
        291219.15625
    ],
    "2": [
        294037.9375,
        234666.125,
        145609.578125
    ],
    "3": [
        295059.65625,
        277969.4375,
        101926.703125
    ],
    "4": [
        280335.5,
        310019.84375,
        61156.0234375
    ],
    "5": [
        264923,
        325803.28125,
        30578.01171875
    ],
    "6": [
        251760.71875,
        323388.09375,
        15289.005859375
    ]
}