{
    "0": [
        202387.5,
        202387.5,
        291219.15625
    ],
    "1": [
        202387.5,
        202387.5,
        291219.15625
    ],
    "2": [
        241849.28125,
        97792.796875,
        145609.578125
    ],
    "3": [
        265849.40625,
        75232.078125,
        101926.703125
    ],
    "4": [
        259432.109375,
        53121.0703125,
        61156.0234375
    ],
    "5": [
        274237.8125,
        46222.26171875,
        30578.01171875
    ],
    "6": [
        282426.125,
        51905.265625,
        15289.005859375
    ],
    "7": [
        280415.21875,
        46506.65625,
        7644.5029296875
    ]
}