{
    "0": [
        202387.5,
        202387.5,
        291219.15625
    ],
    "1": [
        202387.5,
        202387.5,
        291219.15625
    ],
    "2": [
        216637.96875,
        186518.25,
        145609.578125
    ],
    "3": [
        184837.421875,
        189957.609375,
        101926.703125
    ],
    "4": [
        173980.125,
        200188.3125,
        61156.0234375
    ],
    "5": [
        150439.484375,
        214697.609375,
        30578.01171875
    ],
    "6": [
        144802.15625,
        222674.28125,
        15289.005859375
    ],
    "7": [
        142064.09375,
        216830.734375,
        7644.5029296875
    ],
    "8": [
        142026.6875,
        216784.5625,
        3822.25146484375
    ]
}