{
    "0": [
        202387.5,
        202387.5,
        291219.15625
    ],
    "1": [
        202387.5,
        202387.5,
        291219.15625
    ],
    "2": [
        283532.8125,
        275888.4375,
        145609.578125
    ],
    "3": [
        317526.34375,
        267514.40625,
        101926.703125
    ],
    "4": [
        344737.96875,
        245640.53125,
        61156.0234375
    ],
    "5": [
        331888.8125,
        239154.265625,
        30578.01171875
    ],
    "6": [
        332886.375,
        253507.34375,
        15289.005859375
    ],
    "7": [
        335157.125,
        249208.015625,
        7644.5029296875
    ]
}