{
    "0": [
        202387.5,
        202387.5,
        291219.15625
    ],
    "1": [
        202387.5,
        202387.5,
        291219.15625
    ],
    "2": [
        146230.203125,
        131889.25,
        145609.578125
    ],
    "3": [
        140261.953125,
        131848.5,
        101926.703125
    ],
    "4": [
        132522.140625,
        125252.609375,
        61156.0234375
    ],
    "5": [
        148745.328125,
        114451.203125,
        30578.01171875
    ],
    "6": [
        147206.140625,
        113975.0625,
        15289.005859375
    ],
    "7": [
        146029.1875,
        115239.34375,
        7644.5029296875
    ],
    "8": [
        145929.609375,
        115928.4609375,
        3822.25146484375
    ]
}