{
    "0": [
        202387.5,
        202387.5,
        291219.15625
    ],
    "1": [
        202387.5,
        202387.5,
        291219.15625
    ],
    "2": [
        185391.78125,
        274114.03125,
        145609.578125
    ],
    "3": [
        207714.515625,
        298460.21875,
        101926.703125
    ],
    "4": [
        191450.1875,
        292440.21875,
        61156.0234375
    ],
    "5": [
        210330.28125,
        284271.4375,
        30578.01171875
    ],
    "6": [
        200985.15625,
        293934.21875,
        15289.005859375
    ]
}