{
    "0": [
        202387.5,
        202387.5,
        291219.15625
    ],
    "1": [
        202387.5,
        202387.5,
        291219.15625
    ],
    "2": [
        220645.71875,
        184113.15625,
        145609.578125
    ],
    "3": [
        246059.171875,
        196947.125,
        101926.703125
    ],
    "4": [
        258615.109375,
        173498.96875,
        61156.0234375
    ],
    "5": [
        270154.90625,
        154895.28125,
        30578.01171875
    ],
    "6": [
        276208.15625,
        151203.46875,
        15289.005859375
    ],
    "7": [
        280278.71875,
        146337.796875,
        7644.5029296875
    ],
    "8": [
        281594.25,
        147824.75,
        3822.25146484375
    ]
}