{
    "0": [
        202387.5,
        202387.5,
        291219.15625
    ],
    "1": [
        202387.5,
        202387.5,
        291219.15625
    ],
    "2": [
        152554.03125,
        225979.453125,
        145609.578125
    ],
    "3": [
        132509.4375,
        242084.125,
        101926.703125
    ],
    "4": [
        130399.2265625,
        249538,
        61156.0234375
    ],
    "5": [
        156088.171875,
        253249.71875,
        30578.01171875
    ],
    "6": [
        158422.5,
        258636.25,
        15289.005859375
    ],
    "7": [
        155689.078125,
        255928.515625,
        7644.5029296875
    ]
}