{
    "0": [
        202387.5,
        202387.5,
        291219.15625
    ],
    "1": [
        202387.5,
        202387.5,
        291219.15625
    ],
    "2": [
        214484.703125,
        313706.25,
        145609.578125
    ],
    "3": [
        239808.171875,
        337125.5,
        101926.703125
    ],
    "4": [
        215726.5,
        322569.6875,
        61156.0234375
    ],
    "5": [
        220605.8125,
        346783.71875,
        30578.01171875
    ],
    "6": [
        234943.25,
        347941.34375,
        15289.005859375
    ],
    "7": [
        232818.1875,
        347313.0625,
        7644.5029296875
    ],
    "8": [
        232358.171875,
        346852.09375,
        3822.25146484375
    ]
}