{
    "0": [
        202387.5,
        202387.5,
        291219.15625
    ],
    "1": [
        202387.5,
        202387.5,
        291219.15625
    ],
    "2": [
        314743.40625,
        233098.359375,
        145609.578125
    ],
    "3": [
        347180.71875,
        260188.921875,
        101926.703125
    ],
    "4": [
        319650.625,
        281280.1875,
        61156.0234375
    ],
    "5": [
        322375.0625,
        280319.6875,
        30578.01171875
    ],
    "6": [
        335189.875,
        287088.375,
        15289.005859375
    ]
}