{
    "0": [
        202387.5,
        202387.5,
        291219.15625
    ],
    "1": [
        202387.5,
        202387.5,
        291219.15625
    ],
    "2": [
        290391.3125,
        166162.96875,
        145609.578125
    ],
    "3": [
        285225.84375,
        138433.859375,
        101926.703125
    ],
    "4": [
        308003.90625,
        149473.0625,
        61156.0234375
    ],
    "5": [
        290536.3125,
        148166.09375,
        30578.01171875
    ]
}