{
    "0": [
        202387.5,
        202387.5,
        291219.15625
    ],
    "1": [
        202387.5,
        202387.5,
        291219.15625
    ],
    "2": [
        241024.40625,
        177832.140625,
        145609.578125
    ],
    "3": [
        245997.484375,
        157314.375,
        101926.703125
    ],
    "4": [
        244213.78125,
        194772.140625,
        61156.0234375
    ],
    "5": [
        227659.328125,
        205588.125,
        30578.01171875
    ],
    "6": [
        226513.609375,
        197233.84375,
        15289.005859375
    ],
    "7": [
        221413.5625,
        202570.890625,
        7644.5029296875
    ]
}