{
    "0": [
        202387.5,
        202387.5,
        291219.15625
    ],
    "1": [
        202387.5,
        202387.5,
        291219.15625
    ],
    "2": [
        289192.40625,
        270542,
        145609.578125
    ],
    "3": [
        255275.65625,
        263698.59375,
        101926.703125
    ],
    "4": [
        276054.71875,
        254374.015625,
        61156.0234375
    ],
    "5": [
        290195.90625,
        267141.46875,
        30578.01171875
    ],
    "6": [
        296112.03125,
        261042.265625,
        15289.005859375
    ],
    "7": [
        302699.96875,
        257936.859375,
        7644.5029296875
    ],
    "8": [
        300609.09375,
        254842.390625,
        3822.25146484375
    ]
}