{
    "0": [
        202387.5,
        202387.5,
        291219.15625
    ],
    "1": [
        202387.5,
        202387.5,
        291219.15625
    ],
    "2": [
        274548.1875,
        132407.015625,
        145609.578125
    ],
    "3": [
        279213.46875,
        102792.4375,
        101926.703125
    ],
    "4": [
        287705.75,
        69461.6640625,
        61156.0234375
    ],
    "5": [
        303577.875,
        70499.3046875,
        30578.01171875
    ],
    "6": [
        300410.28125,
        60444.78125,
        15289.005859375
    ]
}