{
    "0": [
        202387.5,
        202387.5,
        291219.15625
    ],
    "1": [
        202387.5,
        202387.5,
        291219.15625
    ],
    "2": [
        174496.0625,
        216739.5,
        145609.578125
    ],
    "3": [
        189226.734375,
        223781.125,
        101926.703125
    ],
    "4": [
        208272.71875,
        222617.015625,
        61156.0234375
    ],
    "5": [
        200257.75,
        215322.890625,
        30578.01171875
    ],
    "6": [
        202871.640625,
        209630.953125,
        15289.005859375
    ],
    "7": [
        208433.34375,
        207154.171875,
        7644.5029296875
    ]
}