{
    "0": [
        202387.5,
        202387.5,
        291219.15625
    ],
    "1": [
        202387.5,
        202387.5,
        291219.15625
    ],
    "2": [
        118431.5859375,
        184258.796875,
        145609.578125
    ],
    "3": [
        128390.921875,
        175744.453125,
        101926.703125
    ],
    "4": [
        130386.4609375,
        185410.6875,
        61156.0234375
    ],
    "5": [
        117218.7109375,
        201026.40625,
        30578.01171875
    ],
    "6": [
        120383.7265625,
        197416.84375,
        15289.005859375
    ],
    "7": [
        118655.3828125,
        199618.96875,
        7644.5029296875
    ]
}