{
    "0": [
        202387.5,
        202387.5,
        291219.15625
    ],
    "1": [
        202387.5,
        202387.5,
        291219.15625
    ],
    "2": [
        187139.15625,
        250555.21875,
        145609.578125
    ],
    "3": [
        214951.203125,
        278579.15625,
        101926.703125
    ],
    "4": [
        236231.640625,
        256924.328125,
        61156.0234375
    ],
    "5": [
        225806.4375,
        239155.03125,
        30578.01171875
    ],
    "6": [
        227963.484375,
        253479.828125,
        15289.005859375
    ],
    "7": [
        226086.546875,
        257612.28125,
        7644.5029296875
    ]
}