{
    "0": [
        202387.5,
        202387.5,
        291219.15625
    ],
    "1": [
        202387.5,
        202387.5,
        291219.15625
    ],
    "2": [
        238886.90625,
        108285.0390625,
        145609.578125
    ],
    "3": [
        217481.5625,
        118693.1484375,
        101926.703125
    ],
    "4": [
        249848.75,
        118455.96875,
        61156.0234375
    ],
    "5": [
        229424.03125,
        108946.2421875,
        30578.01171875
    ],
    "6": [
        223009.03125,
        111758.3359375,
        15289.005859375
    ],
    "7": [
        221366.859375,
        111989.4609375,
        7644.5029296875
    ]
}