{
    "0": [
        202387.5,
        202387.5,
        291219.15625
    ],
    "1": [
        202387.5,
        202387.5,
        291219.15625
    ],
    "2": [
        161165.609375,
        179232.3125,
        145609.578125
    ],
    "3": [
        154305.890625,
        161328.125,
        101926.703125
    ],
    "4": [
        151444.6875,
        167287,
        61156.0234375
    ],
    "5": [
        164350.234375,
        179808.9375,
        30578.01171875
    ],
    "6": [
        156552.734375,
        178428.328125,
        15289.005859375
    ],
    "7": [
        152710.65625,
        171942.859375,
        7644.5029296875
    ]
}