{
    "0": [
        202387.5,
        202387.5,
        291219.15625
    ],
    "1": [
        202387.5,
        202387.5,
        291219.15625
    ],
    "2": [
        252335.1875,
        250719.84375,
        145609.578125
    ],
    "3": [
        230302.921875,
        244038.34375,
        101926.703125
    ],
    "4": [
        264838.03125,
        247002.34375,
        61156.0234375
    ],
    "5": [
        244875.953125,
        269211.875,
        30578.01171875
    ],
    "6": [
        240321.234375,
        263416.125,
        15289.005859375
    ],
    "7": [
        238315.640625,
        257714.234375,
        7644.5029296875
    ]
}