{
    "0": [
        202387.5,
        202387.5,
        291219.15625
    ],
    "1": [
        202387.5,
        202387.5,
        291219.15625
    ],
    "2": [
        204814.046875,
        160064.171875,
        145609.578125
    ],
    "3": [
        198994.234375,
        164428.25,
        101926.703125
    ],
    "4": [
        201609.453125,
        185773.5625,
        61156.0234375
    ],
    "5": [
        182190.53125,
        207676.046875,
        30578.01171875
    ],
    "6": [
        181611.171875,
        196080.90625,
        15289.005859375
    ],
    "7": [
        183891.078125,
        199038.78125,
        7644.5029296875
    ]
}