{
    "0": [
        202387.5,
        202387.5,
        291219.15625
    ],
    "1": [
        202387.5,
        202387.5,
        291219.15625
    ],
    "2": [
        262134.59375,
        126195.390625,
        145609.578125
    ],
    "3": [
        243660.75,
        122973.8359375,
        101926.703125
    ],
    "4": [
        219256.0625,
        114764.40625,
        61156.0234375
    ],
    "5": [
        212649.203125,
        112530.4296875,
        30578.01171875
    ],
    "6": [
        210807.546875,
        126885.125,
        15289.005859375
    ],
    "7": [
        214412.5625,
        129091.8046875,
        7644.5029296875
    ]
}