{
    "0": [
        202387.5,
        202387.5,
        291219.15625
    ],
    "1": [
        202387.5,
        202387.5,
        291219.15625
    ],
    "2": [
        129571.9140625,
        176789.5,
        145609.578125
    ],
    "3": [
        150432.625,
        189030.46875,
        101926.703125
    ],
    "4": [
        119537.0390625,
        214973.4375,
        61156.0234375
    ],
    "5": [
        113203.0390625,
        213196.28125,
        30578.01171875
    ],
    "6": [
        127177.421875,
        211609.078125,
        15289.005859375
    ]
}