{
    "0": [
        202387.5,
        202387.5,
        291219.15625
    ],
    "1": [
        202387.5,
        202387.5,
        291219.15625
    ],
    "2": [
        189664.15625,
        96672.671875,
        145609.578125
    ],
    "3": [
        200352.59375,
        99694.78125,
        101926.703125
    ],
    "4": [
        169009.03125,
        80922.8125,
        61156.0234375
    ],
    "5": [
        190646.1875,
        98009,
        30578.01171875
    ],
    "6": [
        187584.921875,
        107083.703125,
        15289.005859375
    ],
    "7": [
        185217.3125,
        104886.90625,
        7644.5029296875
    ],
    "8": [
        188070.46875,
        106919.5234375,
        3822.25146484375
    ]
}