{
    "0": [
        202387.5,
        202387.5,
        291219.15625
    ],
    "1": [
        202387.5,
        202387.5,
        291219.15625
    ],
    "2": [
        198315.75,
        259596.4375,
        145609.578125
    ],
    "3": [
        190104.28125,
        301615.4375,
        101926.703125
    ],
    "4": [
        223882.6875,
        285889.3125,
        61156.0234375
    ],
    "5": [
        229133.515625,
        268880.1875,
        30578.01171875
    ],
    "6": [
        235249.125,
        263082.75,
        15289.005859375
    ],
    "7": [
        233238.46875,
        266171.71875,
        7644.5029296875
    ]
}