{
    "0": [
        202387.5,
        202387.5,
        291219.15625
    ],
    "1": [
        202387.5,
        202387.5,
        291219.15625
    ],
    "2": [
        146282.890625,
        257734.625,
        145609.578125
    ],
    "3": [
        132783.171875,
        293557.25,
        101926.703125
    ],
    "4": [
        161807.046875,
        315781.5625,
        61156.0234375
    ],
    "5": [
        183086.015625,
        330052.90625,
        30578.01171875
    ],
    "6": [
        178970.578125,
        321638.46875,
        15289.005859375
    ],
    "7": [
        181282.515625,
        316563.40625,
        7644.5029296875
    ]
}