{
    "0": [
        202387.5,
        202387.5,
        291219.15625
    ],
    "1": [
        202387.5,
        202387.5,
        291219.15625
    ],
    "2": [
        242384.9375,
        251600.6875,
        145609.578125
    ],
    "3": [
        259195.234375,
        265315.59375,
        101926.703125
    ],
    "4": [
        294984.84375,
        282674.6875,
        61156.0234375
    ],
    "5": [
        289735.03125,
        274478.84375,
        30578.01171875
    ],
    "6": [
        286956.40625,
        263029.25,
        15289.005859375
    ],
    "7": [
        288393.96875,
        264532.9375,
        7644.5029296875
    ]
}