{
    "0": [
        202387.5,
        202387.5,
        291219.15625
    ],
    "1": [
        202387.5,
        202387.5,
        291219.15625
    ],
    "2": [
        227515.65625,
        202914.3125,
        145609.578125
    ],
    "3": [
        247475.4375,
        224831.15625,
        101926.703125
    ],
    "4": [
        221709.375,
        197385.78125,
        61156.0234375
    ],
    "5": [
        214469.6875,
        197601.46875,
        30578.01171875
    ],
    "6": [
        220810.734375,
        185404.96875,
        15289.005859375
    ]
}