{
    "0": [
        202387.5,
        202387.5,
        291219.15625
    ],
    "1": [
        202387.5,
        202387.5,
        291219.15625
    ],
    "2": [
        212904.421875,
        113443.578125,
        145609.578125
    ],
    "3": [
        209539.125,
        142033.515625,
        101926.703125
    ],
    "4": [
        185754.984375,
        134838.515625,
        61156.0234375
    ],
    "5": [
        187507.078125,
        111409.984375,
        30578.01171875
    ],
    "6": [
        190796.71875,
        103864.5625,
        15289.005859375
    ],
    "7": [
        186783.609375,
        99030.953125,
        7644.5029296875
    ],
    "8": [
        188527.515625,
        101414.8046875,
        3822.25146484375
    ]
}