{
    "0": [
        202387.5,
        202387.5,
        291219.15625
    ],
    "1": [
        202387.5,
        202387.5,
        291219.15625
    ],
    "2": [
        112588.0390625,
        142180.375,
        145609.578125
    ],
    "3": [
        89289.984375,
        172410.390625,
        101926.703125
    ],
    "4": [
        56756.8125,
        191072.140625,
        61156.0234375
    ],
    "5": [
        44558.734375,
        182801.875,
        30578.01171875
    ],
    "6": [
        56160.609375,
        187350.46875,
        15289.005859375
    ],
    "7": [
        59660.33984375,
        192449.96875,
        7644.5029296875
    ],
    "8": [
        58685.21484375,
        193017.828125,
        3822.25146484375
    ]
}