{
    "0": [
        202387.5,
        202387.5,
        291219.15625
    ],
    "1": [
        202387.5,
        202387.5,
        291219.15625
    ],
    "2": [
        210799.96875,
        120743.6328125,
        145609.578125
    ],
    "3": [
        205805.46875,
        157402.296875,
        101926.703125
    ],
    "4": [
        229616.234375,
        160270.5,
        61156.0234375
    ],
    "5": [
        217236.34375,
        166237.671875,
        30578.01171875
    ],
    "6": [
        221716.765625,
        158843.828125,
        15289.005859375
    ]
}