{
    "0": [
        202387.5,
        202387.5,
        291219.15625
    ],
    "1": [
        202387.5,
        202387.5,
        291219.15625
    ],
    "2": [
        278817.03125,
        233167.875,
        145609.578125
    ],
    "3": [
        272871.625,
        204018.109375,
        101926.703125
    ],
    "4": [
        256016.40625,
        201192.578125,
        61156.0234375
    ],
    "5": [
        231804.515625,
        216381.140625,
        30578.01171875
    ],
    "6": [
        225067.890625,
        215227.09375,
        15289.005859375
    ],
    "7": [
        228089.765625,
        217669.796875,
        7644.5029296875
    ],
    "8": [
        228114.203125,
        219745.734375,
        3822.25146484375
    ]
}