{
    "0": [
        202387.5,
        202387.5,
        291219.15625
    ],
    "1": [
        202387.5,
        202387.5,
        291219.15625
    ],
    "2": [
        211791.640625,
        195207.921875,
        145609.578125
    ],
    "3": [
        238236.84375,
        164531.75,
        101926.703125
    ],
    "4": [
        265312.9375,
        161328.4375,
        61156.0234375
    ],
    "5": [
        248284.0625,
        173163.984375,
        30578.01171875
    ],
    "6": [
        239842.0625,
        170470.546875,
        15289.005859375
    ],
    "7": [
        236349.78125,
        174111.375,
        7644.5029296875
    ],
    "8": [
        236931.71875,
        171139.15625,
        3822.25146484375
    ]
}