{
    "0": [
        202387.5,
        202387.5,
        291219.15625
    ],
    "1": [
        202387.5,
        202387.5,
        291219.15625
    ],
    "2": [
        282705.6875,
        119069.4453125,
        145609.578125
    ],
    "3": [
        288768.28125,
        96898.34375,
        101926.703125
    ],
    "4": [
        271774.59375,
        97241.5859375,
        61156.0234375
    ],
    "5": [
        293022.0625,
        116077.1015625,
        30578.01171875
    ],
    "6": [
        290863.4375,
        123095.046875,
        15289.005859375
    ],
    "7": [
        286420.71875,
        127609.578125,
        7644.5029296875
    ],
    "8": [
        287574.5,
        129439.5390625,
        3822.25146484375
    ]
}