{
    "0": [
        202387.5,
        202387.5,
        291219.15625
    ],
    "1": [
        202387.5,
        202387.5,
        291219.15625
    ],
    "2": [
        262652.5,
        189493.8125,
        145609.578125
    ],
    "3": [
        239985.453125,
        186454.453125,
        101926.703125
    ],
    "4": [
        269919.71875,
        160563.890625,
        61156.0234375
    ],
    "5": [
        276081.40625,
        168123.75,
        30578.01171875
    ],
    "6": [
        287790.6875,
        171905.828125,
        15289.005859375
    ],
    "7": [
        287292.125,
        171320.1875,
        7644.5029296875
    ]
}