{
    "0": [
        202387.5,
        202387.5,
        291219.15625
    ],
    "1": [
        202387.5,
        202387.5,
        291219.15625
    ],
    "2": [
        245433.875,
        102405.296875,
        145609.578125
    ],
    "3": [
        252047.0625,
        84772.6171875,
        101926.703125
    ],
    "4": [
        265401.4375,
        118630.140625,
        61156.0234375
    ],
    "5": [
        276759.96875,
        104731.109375,
        30578.01171875
    ],
    "6": [
        273001.71875,
        98960.3828125,
        15289.005859375
    ],
    "7": [
        272641.28125,
        100904.96875,
        7644.5029296875
    ],
    "8": [
        272167.8125,
        100672.4140625,
        3822.25146484375
    ]
}