{
    "0": [
        202387.5,
        202387.5,
        291219.15625
    ],
    "1": [
        202387.5,
        202387.5,
        291219.15625
    ],
    "2": [
        147150.46875,
        242785.859375,
        145609.578125
    ],
    "3": [
        168975.875,
        218659.234375,
        101926.703125
    ],
    "4": [
        179094.71875,
        205579.234375,
        61156.0234375
    ],
    "5": [
        168180.375,
        179986.4375,
        30578.01171875
    ],
    "6": [
        179810.265625,
        186351.6875,
        15289.005859375
    ],
    "7": [
        181279,
        192057.578125,
        7644.5029296875
    ]
}