{
    "0": [
        202387.5,
        202387.5,
        291219.15625
    ],
    "1": [
        202387.5,
        202387.5,
        291219.15625
    ],
    "2": [
        197011.21875,
        305436.1875,
        145609.578125
    ],
    "3": [
        176220.046875,
        276548.75,
        101926.703125
    ],
    "4": [
        195147.203125,
        265616.78125,
        61156.0234375
    ],
    "5": [
        201709.625,
        253752.953125,
        30578.01171875
    ],
    "6": [
        205750.8125,
        254422.140625,
        15289.005859375
    ]
}