{
    "0": [
        202387.5,
        202387.5,
        291219.15625
    ],
    "1": [
        202387.5,
        202387.5,
        291219.15625
    ],
    "2": [
        218052.171875,
        216262.640625,
        145609.578125
    ],
    "3": [
        236799.90625,
        228117.21875,
        101926.703125
    ],
    "4": [
        225979.890625,
        244985.203125,
        61156.0234375
    ],
    "5": [
        227125.28125,
        237668.015625,
        30578.01171875
    ],
    "6": [
        215361.375,
        232914.546875,
        15289.005859375
    ],
    "7": [
        219194.109375,
        236670.34375,
        7644.5029296875
    ],
    "8": [
        217669.375,
        238751.84375,
        3822.25146484375
    ]
}