{
    "0": [
        202387.5,
        202387.5,
        291219.15625
    ],
    "1": [
        202387.5,
        202387.5,
        291219.15625
    ],
    "2": [
        195781.6875,
        167737.4375,
        145609.578125
    ],
    "3": [
        204998.203125,
        198082.25,
        101926.703125
    ],
    "4": [
        196717.453125,
        235350.0625,
        61156.0234375
    ],
    "5": [
        181884.984375,
        229466.03125,
        30578.01171875
    ],
    "6": [
        172666.078125,
        226650.359375,
        15289.005859375
    ]
}