{
    "0": [
        202387.5,
        202387.5,
        291219.15625
    ],
    "1": [
        202387.5,
        202387.5,
        291219.15625
    ],
    "2": [
        258197.796875,
        190268.609375,
        145609.578125
    ],
    "3": [
        278308.75,
        186120.03125,
        101926.703125
    ],
    "4": [
        284402.25,
        188834.03125,
        61156.0234375
    ],
    "5": [
        268366.21875,
        171424.515625,
        30578.01171875
    ],
    "6": [
        262229.65625,
        157900.734375,
        15289.005859375
    ]
}