{
    "0": [
        202387.5,
        202387.5,
        291219.15625
    ],
    "1": [
        202387.5,
        202387.5,
        291219.15625
    ],
    "2": [
        204694.78125,
        292384.90625,
        145609.578125
    ],
    "3": [
        221048.3125,
        331364.03125,
        101926.703125
    ],
    "4": [
        236284,
        333496.53125,
        61156.0234375
    ],
    "5": [
        240330.3125,
        330792.34375,
        30578.01171875
    ],
    "6": [
        231891.296875,
        327815.1875,
        15289.005859375
    ],
    "7": [
        232314.484375,
        332644.34375,
        7644.5029296875
    ]
}