{
    "0": [
        202387.5,
        202387.5,
        291219.15625
    ],
    "1": [
        202387.5,
        202387.5,
        291219.15625
    ],
    "2": [
        206096.40625,
        128026.90625,
        145609.578125
    ],
    "3": [
        184246.5,
        101462.96875,
        101926.703125
    ],
    "4": [
        215622.375,
        96472.046875,
        61156.0234375
    ],
    "5": [
        196288.21875,
        106393.8359375,
        30578.01171875
    ],
    "6": [
        203255.296875,
        104597.9765625,
        15289.005859375
    ]
}