{
    "0": [
        202387.5,
        202387.5,
        291219.15625
    ],
    "1": [
        202387.5,
        202387.5,
        291219.15625
    ],
    "2": [
        318429.875,
        194413.078125,
        145609.578125
    ],
    "3": [
        297120,
        165331.296875,
        101926.703125
    ],
    "4": [
        277181.53125,
        151781.421875,
        61156.0234375
    ],
    "5": [
        254452.4375,
        143335.953125,
        30578.01171875
    ],
    "6": [
        241227.65625,
        146254.71875,
        15289.005859375
    ],
    "7": [
        235703.609375,
        146501.109375,
        7644.5029296875
    ],
    "8": [
        234667.625,
        149276.1875,
        3822.25146484375
    ]
}