{
    "0": [
        202387.5,
        202387.5,
        291219.15625
    ],
    "1": [
        202387.5,
        202387.5,
        291219.15625
    ],
    "2": [
        290874.03125,
        150326.09375,
        145609.578125
    ],
    "3": [
        278395.96875,
        143551.140625,
        101926.703125
    ],
    "4": [
        274770.9375,
        182251.390625,
        61156.0234375
    ],
    "5": [
        290515.03125,
        187091.828125,
        30578.01171875
    ],
    "6": [
        277476.46875,
        190942.203125,
        15289.005859375
    ]
}