{
    "0": [
        202387.5,
        202387.5,
        291219.15625
    ],
    "1": [
        202387.5,
        202387.5,
        291219.15625
    ],
    "2": [
        251280.859375,
        108009.578125,
        145609.578125
    ],
    "3": [
        287693.84375,
        101810.21875,
        101926.703125
    ],
    "4": [
        253280.171875,
        87956.21875,
        61156.0234375
    ],
    "5": [
        256824.703125,
        114866.90625,
        30578.01171875
    ],
    "6": [
        248133.15625,
        114741.2734375,
        15289.005859375
    ],
    "7": [
        249017.109375,
        116090.1171875,
        7644.5029296875
    ],
    "8": [
        248159.890625,
        119095.9609375,
        3822.25146484375
    ]
}