{
    "0": [
        202387.5,
        202387.5,
        291219.15625
    ],
    "1": [
        202387.5,
        202387.5,
        291219.15625
    ],
    "2": [
        216264.375,
        88559.140625,
        145609.578125
    ],
    "3": [
        230958.96875,
        84237.203125,
        101926.703125
    ],
    "4": [
        247905.375,
        84992.421875,
        61156.0234375
    ],
    "5": [
        252196.671875,
        69087.890625,
        30578.01171875
    ],
    "6": [
        260687.703125,
        74541.4453125,
        15289.005859375
    ],
    "7": [
        255300.796875,
        75491.6484375,
        7644.5029296875
    ]
}