{
    "0": [
        202387.5,
        202387.5,
        291219.15625
    ],
    "1": [
        202387.5,
        202387.5,
        291219.15625
    ],
    "2": [
        178018.71875,
        112178.484375,
        145609.578125
    ],
    "3": [
        205290.828125,
        86955.96875,
        101926.703125
    ],
    "4": [
        229394.328125,
        110045.7421875,
        61156.0234375
    ],
    "5": [
        254681.375,
        109679.5703125,
        30578.01171875
    ],
    "6": [
        249374.5625,
        106454.265625,
        15289.005859375
    ],
    "7": [
        246661.71875,
        101861.5859375,
        7644.5029296875
    ]
}