{
    "0": [
        202387.5,
        202387.5,
        291219.15625
    ],
    "1": [
        202387.5,
        202387.5,
        291219.15625
    ],
    "2": [
        305610.8125,
        253181.265625,
        145609.578125
    ],
    "3": [
        275329.375,
        230535.328125,
        101926.703125
    ],
    "4": [
        302217.0625,
        225346.53125,
        61156.0234375
    ],
    "5": [
        327984.28125,
        213343.21875,
        30578.01171875
    ],
    "6": [
        332185.65625,
        204016.75,
        15289.005859375
    ],
    "7": [
        330536.125,
        210134.671875,
        7644.5029296875
    ]
}