{
    "0": [
        202387.5,
        202387.5,
        291219.15625
    ],
    "1": [
        202387.5,
        202387.5,
        291219.15625
    ],
    "2": [
        213753.25,
        142547.84375,
        145609.578125
    ],
    "3": [
        239689.65625,
        135661.21875,
        101926.703125
    ],
    "4": [
        276028.875,
        125260.2890625,
        61156.0234375
    ],
    "5": [
        305407,
        129524.203125,
        30578.01171875
    ],
    "6": [
        294334.21875,
        138728.921875,
        15289.005859375
    ],
    "7": [
        297919.8125,
        144351.1875,
        7644.5029296875
    ]
}