{
    "0": [
        202387.5,
        202387.5,
        291219.15625
    ],
    "1": [
        202387.5,
        202387.5,
        291219.15625
    ],
    "2": [
        113964.1640625,
        130678.4375,
        145609.578125
    ],
    "3": [
        103367.8984375,
        133409.265625,
        101926.703125
    ],
    "4": [
        83928.546875,
        166635.71875,
        61156.0234375
    ],
    "5": [
        67970.171875,
        163618.828125,
        30578.01171875
    ],
    "6": [
        73906.2265625,
        173078.9375,
        15289.005859375
    ],
    "7": [
        79611.9375,
        173853.625,
        7644.5029296875
    ]
}