{
    "0": [
        202387.5,
        202387.5,
        291219.15625
    ],
    "1": [
        202387.5,
        202387.5,
        291219.15625
    ],
    "2": [
        190103.515625,
        213207.375,
        145609.578125
    ],
    "3": [
        156086.03125,
        188024.140625,
        101926.703125
    ],
    "4": [
        184866.078125,
        187615.75,
        61156.0234375
    ],
    "5": [
        190634.59375,
        203174.109375,
        30578.01171875
    ],
    "6": [
        185417.546875,
        196968.609375,
        15289.005859375
    ],
    "7": [
        186409.546875,
        197627.234375,
        7644.5029296875
    ],
    "8": [
        186742.4375,
        201049.828125,
        3822.25146484375
    ]
}