{
    "0": [
        202387.5,
        202387.5,
        291219.15625
    ],
    "1": [
        202387.5,
        202387.5,
        291219.15625
    ],
    "2": [
        201060.671875,
        208149.25,
        145609.578125
    ],
    "3": [
        211907.921875,
        228680.296875,
        101926.703125
    ],
    "4": [
        195444.875,
        238048.765625,
        61156.0234375
    ],
    "5": [
        200742.125,
        226710.171875,
        30578.01171875
    ],
    "6": [
        211736.671875,
        234843.21875,
        15289.005859375
    ],
    "7": [
        216082.15625,
        237323.28125,
        7644.5029296875
    ],
    "8": [
        214206.1875,
        238135.953125,
        3822.25146484375
    ]
}