{
    "0": [
        202387.5,
        202387.5,
        291219.15625
    ],
    "1": [
        202387.5,
        202387.5,
        291219.15625
    ],
    "2": [
        237384.6875,
        268890.0625,
        145609.578125
    ],
    "3": [
        263962.46875,
        263303.96875,
        101926.703125
    ],
    "4": [
        298836.78125,
        274435.375,
        61156.0234375
    ],
    "5": [
        298858.9375,
        286945.78125,
        30578.01171875
    ],
    "6": [
        294807.1875,
        274703.4375,
        15289.005859375
    ]
}