{
    "0": [
        202387.5,
        202387.5,
        291219.15625
    ],
    "1": [
        202387.5,
        202387.5,
        291219.15625
    ],
    "2": [
        190389.359375,
        89255.1484375,
        145609.578125
    ],
    "3": [
        165154.578125,
        109278.859375,
        101926.703125
    ],
    "4": [
        180260.328125,
        115323.2578125,
        61156.0234375
    ],
    "5": [
        161404.765625,
        94080.328125,
        30578.01171875
    ],
    "6": [
        164993.171875,
        99956.9609375,
        15289.005859375
    ],
    "7": [
        160025.875,
        105072.8359375,
        7644.5029296875
    ]
}