{
    "0": [
        202387.5,
        202387.5,
        291219.15625
    ],
    "1": [
        202387.5,
        202387.5,
        291219.15625
    ],
    "2": [
        172923.78125,
        130562.9453125,
        145609.578125
    ],
    "3": [
        165175.34375,
        111153.2734375,
        101926.703125
    ],
    "4": [
        186810.125,
        80637.2265625,
        61156.0234375
    ],
    "5": [
        200510.84375,
        93100.1484375,
        30578.01171875
    ],
    "6": [
        212704.671875,
        94044.65625,
        15289.005859375
    ]
}