{
    "0": [
        202387.5,
        202387.5,
        291219.15625
    ],
    "1": [
        202387.5,
        202387.5,
        291219.15625
    ],
    "2": [
        285080.90625,
        253996.65625,
        145609.578125
    ],
    "3": [
        253876.75,
        243583.703125,
        101926.703125
    ],
    "4": [
        251395.09375,
        276782.75,
        61156.0234375
    ],
    "5": [
        244725.421875,
        255803.21875,
        30578.01171875
    ],
    "6": [
        237518.953125,
        259407.078125,
        15289.005859375
    ],
    "7": [
        233199.96875,
        260305.734375,
        7644.5029296875
    ],
    "8": [
        230785.34375,
        259272.890625,
        3822.25146484375
    ]
}