{
    "0": [
        202387.5,
        202387.5,
        291219.15625
    ],
    "1": [
        202387.5,
        202387.5,
        291219.15625
    ],
    "2": [
        174864.84375,
        296598.375,
        145609.578125
    ],
    "3": [
        145446.046875,
        292177.46875,
        101926.703125
    ],
    "4": [
        168258.8125,
        301439.8125,
        61156.0234375
    ],
    "5": [
        183465.265625,
        302224.84375,
        30578.01171875
    ],
    "6": [
        193487.515625,
        300974.375,
        15289.005859375
    ],
    "7": [
        189961.96875,
        304766.5,
        7644.5029296875
    ],
    "8": [
        191200.9375,
        307974.28125,
        3822.25146484375
    ]
}