{
    "0": [
        202387.5,
        202387.5,
        291219.15625
    ],
    "1": [
        202387.5,
        202387.5,
        291219.15625
    ],
    "2": [
        260494.65625,
        195763.921875,
        145609.578125
    ],
    "3": [
        253777.515625,
        158871,
        101926.703125
    ],
    "4": [
        283174.875,
        139320.640625,
        61156.0234375
    ],
    "5": [
        289335.96875,
        138106.171875,
        30578.01171875
    ],
    "6": [
        301116,
        143946.046875,
        15289.005859375
    ],
    "7": [
        303136.34375,
        143922.015625,
        7644.5029296875
    ]
}