{
    "0": [
        202387.5,
        202387.5,
        291219.15625
    ],
    "1": [
        202387.5,
        202387.5,
        291219.15625
    ],
    "2": [
        236988.28125,
        231956.09375,
        145609.578125
    ],
    "3": [
        223288.90625,
        253065.421875,
        101926.703125
    ],
    "4": [
        236392.9375,
        256535.5625,
        61156.0234375
    ],
    "5": [
        244139.421875,
        266472.71875,
        30578.01171875
    ],
    "6": [
        245955.828125,
        261515.046875,
        15289.005859375
    ],
    "7": [
        246152.21875,
        263412.84375,
        7644.5029296875
    ]
}