{
    "0": [
        202387.5,
        202387.5,
        291219.15625
    ],
    "1": [
        202387.5,
        202387.5,
        291219.15625
    ],
    "2": [
        198522.25,
        315502.875,
        145609.578125
    ],
    "3": [
        207220.765625,
        313233.3125,
        101926.703125
    ],
    "4": [
        217177.875,
        324499.84375,
        61156.0234375
    ],
    "5": [
        202210.8125,
        305375.9375,
        30578.01171875
    ],
    "6": [
        216847.890625,
        302389.9375,
        15289.005859375
    ],
    "7": [
        214990.375,
        306021.9375,
        7644.5029296875
    ]
}