{
    "0": [
        202387.5,
        202387.5,
        291219.15625
    ],
    "1": [
        202387.5,
        202387.5,
        291219.15625
    ],
    "2": [
        303954.5625,
        164771.9375,
        145609.578125
    ],
    "3": [
        271288.625,
        158176.390625,
        101926.703125
    ],
    "4": [
        293565.25,
        133111.078125,
        61156.0234375
    ],
    "5": [
        322159.25,
        139202.40625,
        30578.01171875
    ],
    "6": [
        308532.25,
        139485.140625,
        15289.005859375
    ],
    "7": [
        310546.34375,
        136847.578125,
        7644.5029296875
    ]
}