{
    "0": [
        202387.5,
        202387.5,
        291219.15625
    ],
    "1": [
        202387.5,
        202387.5,
        291219.15625
    ],
    "2": [
        279017.5625,
        147068.03125,
        145609.578125
    ],
    "3": [
        263309.0625,
        121163.296875,
        101926.703125
    ],
    "4": [
        239736.59375,
        114537.640625,
        61156.0234375
    ],
    "5": [
        214029.125,
        103967.25,
        30578.01171875
    ],
    "6": [
        224925.703125,
        98653.828125,
        15289.005859375
    ]
}