{
    "0": [
        202387.5,
        202387.5,
        291219.15625
    ],
    "1": [
        202387.5,
        202387.5,
        291219.15625
    ],
    "2": [
        255259.796875,
        269460.25,
        145609.578125
    ],
    "3": [
        232551.171875,
        291854.40625,
        101926.703125
    ],
    "4": [
        247312.03125,
        277055.46875,
        61156.0234375
    ],
    "5": [
        224129.109375,
        290645.875,
        30578.01171875
    ],
    "6": [
        230064.4375,
        292965.5,
        15289.005859375
    ]
}