{
    "0": [
        202387.5,
        202387.5,
        291219.15625
    ],
    "1": [
        202387.5,
        202387.5,
        291219.15625
    ],
    "2": [
        184794.59375,
        89754.7109375,
        145609.578125
    ],
    "3": [
        195667.765625,
        108353.796875,
        101926.703125
    ],
    "4": [
        176526.15625,
        125937.65625,
        61156.0234375
    ],
    "5": [
        200405,
        121339.3359375,
        30578.01171875
    ],
    "6": [
        198526.546875,
        130336.359375,
        15289.005859375
    ],
    "7": [
        197315.53125,
        132481.5625,
        7644.5029296875
    ]
}