{
    "0": [
        202387.5,
        202387.5,
        291219.15625
    ],
    "1": [
        202387.5,
        202387.5,
        291219.15625
    ],
    "2": [
        187134.703125,
        298611.9375,
        145609.578125
    ],
    "3": [
        171800.390625,
        276490.125,
        101926.703125
    ],
    "4": [
        144746.828125,
        254725.078125,
        61156.0234375
    ],
    "5": [
        134331.265625,
        264226.9375,
        30578.01171875
    ],
    "6": [
        134029.046875,
        275589.65625,
        15289.005859375
    ],
    "7": [
        137030.234375,
        277012.75,
        7644.5029296875
    ],
    "8": [
        136293.578125,
        277015.03125,
        3822.25146484375
    ]
}