{
    "0": [
        202387.5,
        202387.5,
        291219.15625
    ],
    "1": [
        202387.5,
        202387.5,
        291219.15625
    ],
    "2": [
        114691.8125,
        175015.53125,
        145609.578125
    ],
    "3": [
        79499.0234375,
        176248.46875,
        101926.703125
    ],
    "4": [
        89003.8046875,
        194570.5,
        61156.0234375
    ],
    "5": [
        83856.765625,
        191580.59375,
        30578.01171875
    ],
    "6": [
        85546.2109375,
        178214.890625,
        15289.005859375
    ],
    "7": [
        91109.0703125,
        180664.546875,
        7644.5029296875
    ],
    "8": [
        94554.0703125,
        179899.640625,
        3822.25146484375
    ]
}