{
    "0": [
        202387.5,
        202387.5,
        291219.15625
    ],
    "1": [
        202387.5,
        202387.5,
        291219.15625
    ],
    "2": [
        145243.578125,
        132759.75,
        145609.578125
    ],
    "3": [
        131537.6875,
        149603.9375,
        101926.703125
    ],
    "4": [
        128572.84375,
        167274.40625,
        61156.0234375
    ],
    "5": [
        109137.8125,
        180576.6875,
        30578.01171875
    ],
    "6": [
        124337.7421875,
        179237.75,
        15289.005859375
    ],
    "7": [
        119545.5078125,
        183051.625,
        7644.5029296875
    ]
}