{
    "0": [
        202387.5,
        202387.5,
        291219.15625
    ],
    "1": [
        202387.5,
        202387.5,
        291219.15625
    ],
    "2": [
        154575.0625,
        270391.46875,
        145609.578125
    ],
    "3": [
        167811.265625,
        267414.9375,
        101926.703125
    ],
    "4": [
        189333.203125,
        289150.53125,
        61156.0234375
    ],
    "5": [
        179824.234375,
        312463.46875,
        30578.01171875
    ],
    "6": [
        184426.34375,
        303364.53125,
        15289.005859375
    ],
    "7": [
        179086.984375,
        299317.9375,
        7644.5029296875
    ],
    "8": [
        181860.46875,
        297149.09375,
        3822.25146484375
    ]
}