{
    "0": [
        202387.5,
        202387.5,
        291219.15625
    ],
    "1": [
        202387.5,
        202387.5,
        291219.15625
    ],
    "2": [
        205709.859375,
        132774.234375,
        145609.578125
    ],
    "3": [
        237986.546875,
        142874.25,
        101926.703125
    ],
    "4": [
        225553.46875,
        124033.078125,
        61156.0234375
    ],
    "5": [
        204617.515625,
        116759.5078125,
        30578.01171875
    ],
    "6": [
        214109.703125,
        115243.078125,
        15289.005859375
    ],
    "7": [
        213537.5625,
        117895.828125,
        7644.5029296875
    ]
}