{
    "0": [
        202387.5,
        202387.5,
        291219.15625
    ],
    "1": [
        202387.5,
        202387.5,
        291219.15625
    ],
    "2": [
        266037.15625,
        177312.546875,
        145609.578125
    ],
    "3": [
        224937.734375,
        169743.234375,
        101926.703125
    ],
    "4": [
        251698.921875,
        176835.828125,
        61156.0234375
    ],
    "5": [
        250089.21875,
        162103.734375,
        30578.01171875
    ],
    "6": [
        242905.671875,
        153147.109375,
        15289.005859375
    ],
    "7": [
        239046.40625,
        149675.640625,
        7644.5029296875
    ]
}