{
    "0": [
        202387.5,
        202387.5,
        291219.15625
    ],
    "1": [
        202387.5,
        202387.5,
        291219.15625
    ],
    "2": [
        132668.703125,
        208184.90625,
        145609.578125
    ],
    "3": [
        171475,
        222483.609375,
        101926.703125
    ],
    "4": [
        179134.625,
        239853.203125,
        61156.0234375
    ],
    "5": [
        174605.609375,
        263856.4375,
        30578.01171875
    ],
    "6": [
        171353.859375,
        250496.765625,
        15289.005859375
    ],
    "7": [
        169876.375,
        251767.09375,
        7644.5029296875
    ]
}