{
    "0": [
        202387.5,
        202387.5,
        291219.15625
    ],
    "1": [
        202387.5,
        202387.5,
        291219.15625
    ],
    "2": [
        170104.21875,
        304388.375,
        145609.578125
    ],
    "3": [
        195829.90625,
        278784.21875,
        101926.703125
    ],
    "4": [
        178099.265625,
        266832.28125,
        61156.0234375
    ],
    "5": [
        177432.34375,
        295120.34375,
        30578.01171875
    ],
    "6": [
        174768.71875,
        286130.65625,
        15289.005859375
    ],
    "7": [
        179221.375,
        288949.03125,
        7644.5029296875
    ],
    "8": [
        179393.640625,
        289079.03125,
        3822.25146484375
    ]
}