{
    "0": [
        202387.5,
        202387.5,
        291219.15625
    ],
    "1": [
        202387.5,
        202387.5,
        291219.15625
    ],
    "2": [
        217220.28125,
        176066.078125,
        145609.578125
    ],
    "3": [
        208516.859375,
        207817.515625,
        101926.703125
    ],
    "4": [
        196835.546875,
        179737.46875,
        61156.0234375
    ],
    "5": [
        184833.203125,
        201774.890625,
        30578.01171875
    ],
    "6": [
        172891.765625,
        210384.875,
        15289.005859375
    ]
}