{
    "0": [
        202387.5,
        202387.5,
        291219.15625
    ],
    "1": [
        202387.5,
        202387.5,
        291219.15625
    ],
    "2": [
        225951.3125,
        215853.875,
        145609.578125
    ],
    "3": [
        262443.6875,
        229823.6875,
        101926.703125
    ],
    "4": [
        299084.4375,
        236298.828125,
        61156.0234375
    ],
    "5": [
        314895.53125,
        216171.8125,
        30578.01171875
    ],
    "6": [
        314085.5625,
        228002.859375,
        15289.005859375
    ],
    "7": [
        318831.65625,
        230469.765625,
        7644.5029296875
    ]
}