{
    "0": [
        202387.5,
        202387.5,
        291219.15625
    ],
    "1": [
        202387.5,
        202387.5,
        291219.15625
    ],
    "2": [
        274365.03125,
        246491.640625,
        145609.578125
    ],
    "3": [
        301404.5625,
        254880.625,
        101926.703125
    ],
    "4": [
        324307.8125,
        267860.5625,
        61156.0234375
    ],
    "5": [
        315787.375,
        273542.5625,
        30578.01171875
    ],
    "6": [
        319471.4375,
        276317.6875,
        15289.005859375
    ],
    "7": [
        317285.4375,
        282148.9375,
        7644.5029296875
    ],
    "8": [
        316461.90625,
        282754.5,
        3822.25146484375
    ]
}