{
    "0": [
        202387.5,
        202387.5,
        291219.15625
    ],
    "1": [
        202387.5,
        202387.5,
        291219.15625
    ],
    "2": [
        150069.90625,
        130389.40625,
        145609.578125
    ],
    "3": [
        162301.328125,
        158086.921875,
        101926.703125
    ],
    "4": [
        176734.6875,
        134696.75,
        61156.0234375
    ],
    "5": [
        178625.421875,
        109202.859375,
        30578.01171875
    ],
    "6": [
        165035.125,
        105278.0859375,
        15289.005859375
    ],
    "7": [
        163673.109375,
        101293.4375,
        7644.5029296875
    ],
    "8": [
        162534.484375,
        102626.90625,
        3822.25146484375
    ]
}