{
    "0": [
        202387.5,
        202387.5,
        291219.15625
    ],
    "1": [
        202387.5,
        202387.5,
        291219.15625
    ],
    "2": [
        147293.125,
        265912.125,
        145609.578125
    ],
    "3": [
        160605.1875,
        289438.75,
        101926.703125
    ],
    "4": [
        191105.296875,
        276838.46875,
        61156.0234375
    ],
    "5": [
        202372.375,
        275151.6875,
        30578.01171875
    ],
    "6": [
        196314.609375,
        269258,
        15289.005859375
    ],
    "7": [
        198586.109375,
        271778.03125,
        7644.5029296875
    ],
    "8": [
        196340.796875,
        268913.5625,
        3822.25146484375
    ]
}