{
    "0": [
        202387.5,
        202387.5,
        291219.15625
    ],
    "1": [
        202387.5,
        202387.5,
        291219.15625
    ],
    "2": [
        315376.15625,
        192535.875,
        145609.578125
    ],
    "3": [
        339602.09375,
        215078.859375,
        101926.703125
    ],
    "4": [
        315296.625,
        193577.828125,
        61156.0234375
    ],
    "5": [
        338037.3125,
        196244.34375,
        30578.01171875
    ],
    "6": [
        348599.03125,
        204677.953125,
        15289.005859375
    ],
    "7": [
        348074,
        203257.78125,
        7644.5029296875
    ],
    "8": [
        346935.21875,
        204541.625,
        3822.25146484375
    ],
    "9": [
        347304.1875,
        203922.296875,
        1911.125732421875
    ]
}