{
    "0": [
        202387.5,
        202387.5,
        291219.15625
    ],
    "1": [
        202387.5,
        202387.5,
        291219.15625
    ],
    "2": [
        211251.109375,
        117930.9375,
        145609.578125
    ],
    "3": [
        221253.796875,
        96784.765625,
        101926.703125
    ],
    "4": [
        202955.828125,
        106476.984375,
        61156.0234375
    ],
    "5": [
        191003.921875,
        97935.1171875,
        30578.01171875
    ],
    "6": [
        187021.625,
        87796.4453125,
        15289.005859375
    ],
    "7": [
        180744.765625,
        87293.640625,
        7644.5029296875
    ]
}