{
    "0": [
        202387.5,
        202387.5,
        291219.15625
    ],
    "1": [
        202387.5,
        202387.5,
        291219.15625
    ],
    "2": [
        181945.46875,
        122311.4296875,
        145609.578125
    ],
    "3": [
        153583.390625,
        94336.96875,
        101926.703125
    ],
    "4": [
        159291.046875,
        86863.6328125,
        61156.0234375
    ],
    "5": [
        185464.78125,
        81930.828125,
        30578.01171875
    ],
    "6": [
        197754.25,
        75355.6328125,
        15289.005859375
    ],
    "7": [
        197817.015625,
        81828.4609375,
        7644.5029296875
    ],
    "8": [
        199659.21875,
        78572.4765625,
        3822.25146484375
    ]
}