{
    "0": [
        202387.5,
        202387.5,
        291219.15625
    ],
    "1": [
        202387.5,
        202387.5,
        291219.15625
    ],
    "2": [
        265851.875,
        213697.46875,
        145609.578125
    ],
    "3": [
        262696.21875,
        256959.265625,
        101926.703125
    ],
    "4": [
        286707.125,
        225422.65625,
        61156.0234375
    ],
    "5": [
        279012.78125,
        197034.40625,
        30578.01171875
    ],
    "6": [
        274928.53125,
        190179.71875,
        15289.005859375
    ],
    "7": [
        270176.28125,
        188576.890625,
        7644.5029296875
    ]
}