{
    "0": [
        202387.5,
        202387.5,
        291219.15625
    ],
    "1": [
        202387.5,
        202387.5,
        291219.15625
    ],
    "2": [
        178042.46875,
        230330.15625,
        145609.578125
    ],
    "3": [
        157115.90625,
        233963.453125,
        101926.703125
    ],
    "4": [
        176110.921875,
        229016.421875,
        61156.0234375
    ],
    "5": [
        150360.359375,
        229519.671875,
        30578.01171875
    ],
    "6": [
        150245.75,
        242141.703125,
        15289.005859375
    ],
    "7": [
        153293.96875,
        235625.328125,
        7644.5029296875
    ]
}