{
    "0": [
        202387.5,
        202387.5,
        291219.15625
    ],
    "1": [
        202387.5,
        202387.5,
        291219.15625
    ],
    "2": [
        212732.25,
        207685.890625,
        145609.578125
    ],
    "3": [
        208375.140625,
        200328.203125,
        101926.703125
    ],
    "4": [
        242055.109375,
        220630.5,
        61156.0234375
    ],
    "5": [
        263447.90625,
        214513.875,
        30578.01171875
    ],
    "6": [
        263499.09375,
        213551.34375,
        15289.005859375
    ],
    "7": [
        269364.84375,
        215461.796875,
        7644.5029296875
    ]
}