{
    "0": [
        202387.5,
        202387.5,
        291219.15625
    ],
    "1": [
        202387.5,
        202387.5,
        291219.15625
    ],
    "2": [
        235813.265625,
        255435.921875,
        145609.578125
    ],
    "3": [
        199491.953125,
        233454.375,
        101926.703125
    ],
    "4": [
        160043.015625,
        232509.734375,
        61156.0234375
    ],
    "5": [
        166810.078125,
        257405.375,
        30578.01171875
    ],
    "6": [
        153648.6875,
        257284.5625,
        15289.005859375
    ],
    "7": [
        148077.28125,
        254958,
        7644.5029296875
    ],
    "8": [
        144853.765625,
        256604.46875,
        3822.25146484375
    ]
}