{
    "0": [
        202387.5,
        202387.5,
        291219.15625
    ],
    "1": [
        202387.5,
        202387.5,
        291219.15625
    ],
    "2": [
        128979.5703125,
        151387.84375,
        145609.578125
    ],
    "3": [
        111287.484375,
        135983.234375,
        101926.703125
    ],
    "4": [
        81571.828125,
        114278.921875,
        61156.0234375
    ],
    "5": [
        77614.8515625,
        132943.5625,
        30578.01171875
    ],
    "6": [
        68694.25,
        128680.5078125,
        15289.005859375
    ],
    "7": [
        75553.125,
        127925.46875,
        7644.5029296875
    ],
    "8": [
        72655.640625,
        127614.8203125,
        3822.25146484375
    ]
}