{
    "0": [
        202387.5,
        202387.5,
        291219.15625
    ],
    "1": [
        202387.5,
        202387.5,
        291219.15625
    ],
    "2": [
        238565.875,
        128477.328125,
        145609.578125
    ],
    "3": [
        254407.8125,
        144777.421875,
        101926.703125
    ],
    "4": [
        242548.640625,
        106796.09375,
        61156.0234375
    ],
    "5": [
        253910.109375,
        110098.875,
        30578.01171875
    ],
    "6": [
        253876.953125,
        124559.90625,
        15289.005859375
    ]
}