{
    "0": [
        202387.5,
        202387.5,
        291219.15625
    ],
    "1": [
        202387.5,
        202387.5,
        291219.15625
    ],
    "2": [
        236950.453125,
        93984.7890625,
        145609.578125
    ],
    "3": [
        273059,
        98597.296875,
        101926.703125
    ],
    "4": [
        249644.390625,
        111764.96875,
        61156.0234375
    ],
    "5": [
        251262.5625,
        103819.9765625,
        30578.01171875
    ],
    "6": [
        239985.4375,
        102486.234375,
        15289.005859375
    ],
    "7": [
        232592.34375,
        102964.6328125,
        7644.5029296875
    ]
}