{
    "0": [
        202387.5,
        202387.5,
        291219.15625
    ],
    "1": [
        202387.5,
        202387.5,
        291219.15625
    ],
    "2": [
        199199,
        172817.0625,
        145609.578125
    ],
    "3": [
        197754.046875,
        210468.203125,
        101926.703125
    ],
    "4": [
        228266.84375,
        208619.1875,
        61156.0234375
    ],
    "5": [
        213605.9375,
        182472.5,
        30578.01171875
    ],
    "6": [
        225617.71875,
        175112.0625,
        15289.005859375
    ]
}