{
    "0": [
        202387.5,
        202387.5,
        291219.15625
    ],
    "1": [
        202387.5,
        202387.5,
        291219.15625
    ],
    "2": [
        199781.21875,
        179101.15625,
        145609.578125
    ],
    "3": [
        169830.796875,
        207956.765625,
        101926.703125
    ],
    "4": [
        142453.9375,
        190926.28125,
        61156.0234375
    ],
    "5": [
        124470.859375,
        210753.125,
        30578.01171875
    ],
    "6": [
        122603.953125,
        195975.890625,
        15289.005859375
    ],
    "7": [
        126555.046875,
        202455.390625,
        7644.5029296875
    ]
}