{
    "0": [
        202387.5,
        202387.5,
        291219.15625
    ],
    "1": [
        202387.5,
        202387.5,
        291219.15625
    ],
    "2": [
        228078.703125,
        275523.1875,
        145609.578125
    ],
    "3": [
        236222.9375,
        307664.75,
        101926.703125
    ],
    "4": [
        220434.90625,
        276423.25,
        61156.0234375
    ],
    "5": [
        234486.875,
        255185.359375,
        30578.01171875
    ],
    "6": [
        247933.984375,
        262063.640625,
        15289.005859375
    ],
    "7": [
        245494.453125,
        263159.71875,
        7644.5029296875
    ]
}