{
    "0": [
        202387.5,
        202387.5,
        291219.15625
    ],
    "1": [
        202387.5,
        202387.5,
        291219.15625
    ],
    "2": [
        130022.515625,
        287640.625,
        145609.578125
    ],
    "3": [
        169247.40625,
        271383.53125,
        101926.703125
    ],
    "4": [
        202344.03125,
        261034.328125,
        61156.0234375
    ],
    "5": [
        203781.546875,
        245696.703125,
        30578.01171875
    ],
    "6": [
        218138.1875,
        250115.328125,
        15289.005859375
    ]
}