{
    "0": [
        202387.5,
        202387.5,
        291219.15625
    ],
    "1": [
        202387.5,
        202387.5,
        291219.15625
    ],
    "2": [
        265121.625,
        251306.28125,
        145609.578125
    ],
    "3": [
        237819.015625,
        282911.84375,
        101926.703125
    ],
    "4": [
        232938.84375,
        245480.234375,
        61156.0234375
    ],
    "5": [
        219911.984375,
        226020.296875,
        30578.01171875
    ],
    "6": [
        212610.671875,
        231472.9375,
        15289.005859375
    ],
    "7": [
        217073.78125,
        225283.1875,
        7644.5029296875
    ],
    "8": [
        215776.515625,
        222387.421875,
        3822.25146484375
    ],
    "9": [
        216586.71875,
        222211.15625,
        1911.125732421875
    ]
}