{
    "0": [
        202387.5,
        202387.5,
        291219.15625
    ],
    "1": [
        202387.5,
        202387.5,
        291219.15625
    ],
    "2": [
        220017.84375,
        211559.640625,
        145609.578125
    ],
    "3": [
        245973.84375,
        204372.859375,
        101926.703125
    ],
    "4": [
        273688.15625,
        180372.609375,
        61156.0234375
    ],
    "5": [
        273638.6875,
        174652.25,
        30578.01171875
    ],
    "6": [
        274646.90625,
        179192.9375,
        15289.005859375
    ]
}