{
    "0": [
        202387.5,
        202387.5,
        291219.15625
    ],
    "1": [
        202387.5,
        202387.5,
        291219.15625
    ],
    "2": [
        163955.125,
        311667.78125,
        145609.578125
    ],
    "3": [
        136710.078125,
        325493.4375,
        101926.703125
    ],
    "4": [
        174281.875,
        325322.09375,
        61156.0234375
    ],
    "5": [
        177457.5,
        326511.75,
        30578.01171875
    ],
    "6": [
        163428.375,
        330824.90625,
        15289.005859375
    ],
    "7": [
        167278.125,
        334419.21875,
        7644.5029296875
    ]
}