{
    "0": [
        202387.5,
        202387.5,
        291219.15625
    ],
    "1": [
        202387.5,
        202387.5,
        291219.15625
    ],
    "2": [
        214175.109375,
        163245.875,
        145609.578125
    ],
    "3": [
        241736.765625,
        143425.703125,
        101926.703125
    ],
    "4": [
        255986.5,
        168560.5,
        61156.0234375
    ],
    "5": [
        257293.234375,
        144695.421875,
        30578.01171875
    ],
    "6": [
        258014.25,
        153240.046875,
        15289.005859375
    ]
}