{
    "0": [
        202387.5,
        202387.5,
        291219.15625
    ],
    "1": [
        202387.5,
        202387.5,
        291219.15625
    ],
    "2": [
        181640.1875,
        208843.65625,
        145609.578125
    ],
    "3": [
        199149.296875,
        170159.9375,
        101926.703125
    ],
    "4": [
        193992.9375,
        190188.875,
        61156.0234375
    ],
    "5": [
        185653.28125,
        173533.09375,
        30578.01171875
    ],
    "6": [
        185552.46875,
        179372.75,
        15289.005859375
    ],
    "7": [
        186021.4375,
        174376.328125,
        7644.5029296875
    ],
    "8": [
        187847.3125,
        177033.453125,
        3822.25146484375
    ]
}