{
    "0": [
        202387.5,
        202387.5,
        291219.15625
    ],
    "1": [
        202387.5,
        202387.5,
        291219.15625
    ],
    "2": [
        154675.421875,
        202332.5625,
        145609.578125
    ],
    "3": [
        133091.328125,
        185936.78125,
        101926.703125
    ],
    "4": [
        103980.9140625,
        170718.1875,
        61156.0234375
    ],
    "5": [
        96817.6875,
        162318.828125,
        30578.01171875
    ],
    "6": [
        82336.9453125,
        166425.421875,
        15289.005859375
    ],
    "7": [
        80474.921875,
        173804.546875,
        7644.5029296875
    ],
    "8": [
        83605.7265625,
        174241.125,
        3822.25146484375
    ]
}