{
    "0": [
        202387.5,
        202387.5,
        291219.15625
    ],
    "1": [
        202387.5,
        202387.5,
        291219.15625
    ],
    "2": [
        199787.234375,
        276855.6875,
        145609.578125
    ],
    "3": [
        221924.421875,
        264023.46875,
        101926.703125
    ],
    "4": [
        261048.875,
        268367.75,
        61156.0234375
    ],
    "5": [
        253889.578125,
        289364.03125,
        30578.01171875
    ],
    "6": [
        254308,
        302861.875,
        15289.005859375
    ],
    "7": [
        254878.390625,
        299278.03125,
        7644.5029296875
    ]
}