{
    "0": [
        202387.5,
        202387.5,
        291219.15625
    ],
    "1": [
        202387.5,
        202387.5,
        291219.15625
    ],
    "2": [
        242775.46875,
        181297.09375,
        145609.578125
    ],
    "3": [
        226984.828125,
        175894.421875,
        101926.703125
    ],
    "4": [
        254130.90625,
        202964.34375,
        61156.0234375
    ],
    "5": [
        248146.0625,
        210994.359375,
        30578.01171875
    ],
    "6": [
        260121.03125,
        201732.03125,
        15289.005859375
    ],
    "7": [
        259066.9375,
        197891.15625,
        7644.5029296875
    ],
    "8": [
        260520.234375,
        194615.25,
        3822.25146484375
    ]
}