{
    "0": [
        202387.5,
        202387.5,
        291219.15625
    ],
    "1": [
        202387.5,
        202387.5,
        291219.15625
    ],
    "2": [
        181228.796875,
        230079.46875,
        145609.578125
    ],
    "3": [
        144566.5,
        238235.5,
        101926.703125
    ],
    "4": [
        126178.875,
        214988.40625,
        61156.0234375
    ],
    "5": [
        129048.78125,
        241290.21875,
        30578.01171875
    ],
    "6": [
        124827.7265625,
        242200.25,
        15289.005859375
    ],
    "7": [
        120574.3046875,
        244610.390625,
        7644.5029296875
    ]
}