{
    "0": [
        202387.5,
        202387.5,
        291219.15625
    ],
    "1": [
        202387.5,
        202387.5,
        291219.15625
    ],
    "2": [
        126311.359375,
        145185.625,
        145609.578125
    ],
    "3": [
        104511.0078125,
        131193.078125,
        101926.703125
    ],
    "4": [
        72055.6328125,
        127075.9296875,
        61156.0234375
    ],
    "5": [
        71232.59375,
        155999,
        30578.01171875
    ],
    "6": [
        77974.1875,
        147003.265625,
        15289.005859375
    ],
    "7": [
        73453.6640625,
        150339.8125,
        7644.5029296875
    ]
}