{
    "0": [
        202387.5,
        202387.5,
        291219.15625
    ],
    "1": [
        202387.5,
        202387.5,
        291219.15625
    ],
    "2": [
        203494.640625,
        290500.25,
        145609.578125
    ],
    "3": [
        206443.03125,
        332837.21875,
        101926.703125
    ],
    "4": [
        216150.296875,
        332614.5625,
        61156.0234375
    ],
    "5": [
        209287.59375,
        303519.90625,
        30578.01171875
    ],
    "6": [
        207448.375,
        297308.4375,
        15289.005859375
    ]
}