{
    "0": [
        202387.5,
        202387.5,
        291219.15625
    ],
    "1": [
        202387.5,
        202387.5,
        291219.15625
    ],
    "2": [
        192246.21875,
        152506.765625,
        145609.578125
    ],
    "3": [
        159816.3125,
        153105.609375,
        101926.703125
    ],
    "4": [
        153452.546875,
        155463.828125,
        61156.0234375
    ],
    "5": [
        141192.359375,
        179473.71875,
        30578.01171875
    ],
    "6": [
        150519.453125,
        179501.71875,
        15289.005859375
    ],
    "7": [
        153043.421875,
        179885.34375,
        7644.5029296875
    ]
}