{
    "0": [
        202387.5,
        202387.5,
        291219.15625
    ],
    "1": [
        202387.5,
        202387.5,
        291219.15625
    ],
    "2": [
        187754.375,
        211547.1875,
        145609.578125
    ],
    "3": [
        206033.90625,
        200726.625,
        101926.703125
    ],
    "4": [
        198021.296875,
        190748.0625,
        61156.0234375
    ],
    "5": [
        203175.5625,
        193565.3125,
        30578.01171875
    ],
    "6": [
        200292.71875,
        192099.8125,
        15289.005859375
    ],
    "7": [
        202057.25,
        195044.875,
        7644.5029296875
    ],
    "8": [
        200654.078125,
        191624.921875,
        3822.25146484375
    ]
}