{
    "0": [
        202387.5,
        202387.5,
        291219.15625
    ],
    "1": [
        202387.5,
        202387.5,
        291219.15625
    ],
    "2": [
        227285.859375,
        144552.59375,
        145609.578125
    ],
    "3": [
        229264.796875,
        170546.390625,
        101926.703125
    ],
    "4": [
        202936.015625,
        196367.296875,
        61156.0234375
    ],
    "5": [
        213207.703125,
        180899.21875,
        30578.01171875
    ],
    "6": [
        206668.921875,
        188083.015625,
        15289.005859375
    ],
    "7": [
        200864.59375,
        190920.265625,
        7644.5029296875
    ],
    "8": [
        203486.078125,
        190108.84375,
        3822.25146484375
    ]
}