{
    "0": [
        202387.5,
        202387.5,
        291219.15625
    ],
    "1": [
        202387.5,
        202387.5,
        291219.15625
    ],
    "2": [
        153845.40625,
        291601.875,
        145609.578125
    ],
    "3": [
        148573.953125,
        310153.875,
        101926.703125
    ],
    "4": [
        156544.703125,
        278778.96875,
        61156.0234375
    ],
    "5": [
        137639.203125,
        273973.125,
        30578.01171875
    ],
    "6": [
        137825.28125,
        263064.9375,
        15289.005859375
    ],
    "7": [
        143494.15625,
        267160.84375,
        7644.5029296875
    ]
}