{
    "0": [
        202387.5,
        202387.5,
        291219.15625
    ],
    "1": [
        202387.5,
        202387.5,
        291219.15625
    ],
    "2": [
        199278.671875,
        229176.984375,
        145609.578125
    ],
    "3": [
        207725.71875,
        232070.453125,
        101926.703125
    ],
    "4": [
        222268.65625,
        265410.90625,
        61156.0234375
    ],
    "5": [
        247896.015625,
        256581.9375,
        30578.01171875
    ],
    "6": [
        234402.75,
        258744.375,
        15289.005859375
    ],
    "7": [
        234699.25,
        263967.6875,
        7644.5029296875
    ]
}