{
    "0": [
        202387.5,
        202387.5,
        291219.15625
    ],
    "1": [
        202387.5,
        202387.5,
        291219.15625
    ],
    "2": [
        244154.0625,
        226611.125,
        145609.578125
    ],
    "3": [
        222168.796875,
        247367,
        101926.703125
    ],
    "4": [
        246330.109375,
        228383.890625,
        61156.0234375
    ],
    "5": [
        224120.96875,
        212476.03125,
        30578.01171875
    ],
    "6": [
        229412.78125,
        202044.421875,
        15289.005859375
    ]
}