{
    "0": [
        202387.5,
        202387.5,
        291219.15625
    ],
    "1": [
        202387.5,
        202387.5,
        291219.15625
    ],
    "2": [
        226540.671875,
        122863.1328125,
        145609.578125
    ],
    "3": [
        240324.5625,
        118834.03125,
        101926.703125
    ],
    "4": [
        261666.421875,
        84511.0625,
        61156.0234375
    ],
    "5": [
        285505.3125,
        92511.4765625,
        30578.01171875
    ],
    "6": [
        297993.125,
        99864.5078125,
        15289.005859375
    ],
    "7": [
        294936,
        102958.28125,
        7644.5029296875
    ]
}