{
    "0": [
        202387.5,
        202387.5,
        291219.15625
    ],
    "1": [
        202387.5,
        202387.5,
        291219.15625
    ],
    "2": [
        113546.890625,
        162246.78125,
        145609.578125
    ],
    "3": [
        142009.75,
        189868.03125,
        101926.703125
    ],
    "4": [
        110253.890625,
        187604.265625,
        61156.0234375
    ],
    "5": [
        115796.40625,
        158375.59375,
        30578.01171875
    ],
    "6": [
        105959.7421875,
        156823.578125,
        15289.005859375
    ],
    "7": [
        111092.7734375,
        154844.109375,
        7644.5029296875
    ]
}