{
    "0": [
        202387.5,
        202387.5,
        291219.15625
    ],
    "1": [
        202387.5,
        202387.5,
        291219.15625
    ],
    "2": [
        123674.1171875,
        246753.390625,
        145609.578125
    ],
    "3": [
        102648.265625,
        274697.3125,
        101926.703125
    ],
    "4": [
        96077.203125,
        280264.5625,
        61156.0234375
    ],
    "5": [
        86829.7578125,
        259901.765625,
        30578.01171875
    ],
    "6": [
        90137.8828125,
        249636.453125,
        15289.005859375
    ]
}