{
    "0": [
        202387.5,
        202387.5,
        291219.15625
    ],
    "1": [
        202387.5,
        202387.5,
        291219.15625
    ],
    "2": [
        168496.09375,
        91087.5390625,
        145609.578125
    ],
    "3": [
        194625.703125,
        124512.46875,
        101926.703125
    ],
    "4": [
        196241.296875,
        94718.5625,
        61156.0234375
    ],
    "5": [
        206762.78125,
        111139.46875,
        30578.01171875
    ],
    "6": [
        215497.171875,
        99149.140625,
        15289.005859375
    ],
    "7": [
        209339.3125,
        103101.5,
        7644.5029296875
    ]
}