{
    "0": [
        202387.5,
        202387.5,
        291219.15625
    ],
    "1": [
        202387.5,
        202387.5,
        291219.15625
    ],
    "2": [
        227473.890625,
        172161.5,
        145609.578125
    ],
    "3": [
        238073.0625,
        136631.71875,
        101926.703125
    ],
    "4": [
        267994.1875,
        139636.484375,
        61156.0234375
    ],
    "5": [
        283527.6875,
        133207.078125,
        30578.01171875
    ],
    "6": [
        285229.53125,
        126382.9453125,
        15289.005859375
    ],
    "7": [
        291239.53125,
        123943.640625,
        7644.5029296875
    ],
    "8": [
        291934,
        124074.7578125,
        3822.25146484375
    ],
    "9": [
        291552.40625,
        124704.2421875,
        1911.125732421875
    ]
}