{
    "0": [
        202387.5,
        202387.5,
        291219.15625
    ],
    "1": [
        202387.5,
        202387.5,
        291219.15625
    ],
    "2": [
        229505.84375,
        295588.0625,
        145609.578125
    ],
    "3": [
        209658.828125,
        312621.59375,
        101926.703125
    ],
    "4": [
        208622.5625,
        328210.0625,
        61156.0234375
    ],
    "5": [
        193401.296875,
        349548.875,
        30578.01171875
    ],
    "6": [
        196221.28125,
        348371.96875,
        15289.005859375
    ],
    "7": [
        188884.015625,
        346531.40625,
        7644.5029296875
    ],
    "8": [
        187917.015625,
        343358.1875,
        3822.25146484375
    ]
}