{
    "0": [
        202387.5,
        202387.5,
        291219.15625
    ],
    "1": [
        202387.5,
        202387.5,
        291219.15625
    ],
    "2": [
        294857.0625,
        198654.15625,
        145609.578125
    ],
    "3": [
        286776.5,
        200367.921875,
        101926.703125
    ],
    "4": [
        255268.6875,
        212626.75,
        61156.0234375
    ],
    "5": [
        251410.921875,
        227758.984375,
        30578.01171875
    ],
    "6": [
        250136.71875,
        217038.875,
        15289.005859375
    ]
}