{
    "0": [
        202387.5,
        202387.5,
        291219.15625
    ],
    "1": [
        202387.5,
        202387.5,
        291219.15625
    ],
    "2": [
        123135.2109375,
        249762.359375,
        145609.578125
    ],
    "3": [
        149203.59375,
        234775,
        101926.703125
    ],
    "4": [
        133329.96875,
        234079.234375,
        61156.0234375
    ],
    "5": [
        129136.9375,
        207492.765625,
        30578.01171875
    ],
    "6": [
        128468.796875,
        200658.921875,
        15289.005859375
    ],
    "7": [
        129523.328125,
        207186.671875,
        7644.5029296875
    ]
}