{
    "0": [
        202387.5,
        202387.5,
        291219.15625
    ],
    "1": [
        202387.5,
        202387.5,
        291219.15625
    ],
    "2": [
        111679.265625,
        176732.890625,
        145609.578125
    ],
    "3": [
        94154.421875,
        213595.4375,
        101926.703125
    ],
    "4": [
        102175.2578125,
        242984.953125,
        61156.0234375
    ],
    "5": [
        100623.46875,
        217323.78125,
        30578.01171875
    ],
    "6": [
        92076.3984375,
        212682.828125,
        15289.005859375
    ],
    "7": [
        88459.5546875,
        214185.8125,
        7644.5029296875
    ]
}