{
    "0": [
        202387.5,
        202387.5,
        291219.15625
    ],
    "1": [
        202387.5,
        202387.5,
        291219.15625
    ],
    "2": [
        308542.5625,
        230746.234375,
        145609.578125
    ],
    "3": [
        269296.40625,
        215538.15625,
        101926.703125
    ],
    "4": [
        250804.921875,
        189907.40625,
        61156.0234375
    ],
    "5": [
        248925.765625,
        183343.625,
        30578.01171875
    ],
    "6": [
        239181.109375,
        172587.796875,
        15289.005859375
    ],
    "7": [
        233105.359375,
        169250.375,
        7644.5029296875
    ],
    "8": [
        229629.90625,
        170808.890625,
        3822.25146484375
    ]
}