{
    "0": [
        202387.5,
        202387.5,
        291219.15625
    ],
    "1": [
        202387.5,
        202387.5,
        291219.15625
    ],
    "2": [
        312682.65625,
        197571.78125,
        145609.578125
    ],
    "3": [
        301543.59375,
        227779.921875,
        101926.703125
    ],
    "4": [
        295053.78125,
        232361.78125,
        61156.0234375
    ],
    "5": [
        284005.3125,
        221786.984375,
        30578.01171875
    ],
    "6": [
        280608.6875,
        220032.609375,
        15289.005859375
    ]
}