{
    "0": [
        202387.5,
        202387.5,
        291219.15625
    ],
    "1": [
        202387.5,
        202387.5,
        291219.15625
    ],
    "2": [
        199464.90625,
        256620.4375,
        145609.578125
    ],
    "3": [
        188630.96875,
        292380.15625,
        101926.703125
    ],
    "4": [
        168964.171875,
        290067.78125,
        61156.0234375
    ],
    "5": [
        171044.90625,
        266786.03125,
        30578.01171875
    ],
    "6": [
        168486.171875,
        252732.125,
        15289.005859375
    ],
    "7": [
        162563.640625,
        253611.515625,
        7644.5029296875
    ]
}