{
    "0": [
        202387.5,
        202387.5,
        291219.15625
    ],
    "1": [
        202387.5,
        202387.5,
        291219.15625
    ],
    "2": [
        288144.8125,
        238599.296875,
        145609.578125
    ],
    "3": [
        303158.71875,
        261008.3125,
        101926.703125
    ],
    "4": [
        326741.9375,
        234871.5625,
        61156.0234375
    ],
    "5": [
        332774.96875,
        248060.640625,
        30578.01171875
    ],
    "6": [
        335563.3125,
        249783.28125,
        15289.005859375
    ],
    "7": [
        329991.4375,
        247784.609375,
        7644.5029296875
    ],
    "8": [
        330543.75,
        250999.609375,
        3822.25146484375
    ]
}