{
    "0": [
        202387.5,
        202387.5,
        291219.15625
    ],
    "1": [
        202387.5,
        202387.5,
        291219.15625
    ],
    "2": [
        148366.75,
        172072.453125,
        145609.578125
    ],
    "3": [
        179027.1875,
        184221.78125,
        101926.703125
    ],
    "4": [
        169944.109375,
        195231.953125,
        61156.0234375
    ],
    "5": [
        177723.296875,
        185934.484375,
        30578.01171875
    ],
    "6": [
        189318.046875,
        193353.171875,
        15289.005859375
    ]
}