{
    "0": [
        202387.5,
        202387.5,
        291219.15625
    ],
    "1": [
        202387.5,
        202387.5,
        291219.15625
    ],
    "2": [
        194064.234375,
        105035.8359375,
        145609.578125
    ],
    "3": [
        227256.03125,
        98021.859375,
        101926.703125
    ],
    "4": [
        229161.9375,
        62021.828125,
        61156.0234375
    ],
    "5": [
        219877.484375,
        91120.390625,
        30578.01171875
    ],
    "6": [
        220044.59375,
        96006.6015625,
        15289.005859375
    ],
    "7": [
        219356.640625,
        95708.8984375,
        7644.5029296875
    ],
    "8": [
        220300.734375,
        96446.578125,
        3822.25146484375
    ]
}