{
    "0": [
        202387.5,
        202387.5,
        291219.15625
    ],
    "1": [
        202387.5,
        202387.5,
        291219.15625
    ],
    "2": [
        208572.171875,
        113834.34375,
        145609.578125
    ],
    "3": [
        233570.625,
        147908.734375,
        101926.703125
    ],
    "4": [
        205747.90625,
        130349.140625,
        61156.0234375
    ],
    "5": [
        188248.75,
        115502.6875,
        30578.01171875
    ],
    "6": [
        190837.78125,
        116359.453125,
        15289.005859375
    ],
    "7": [
        190911.375,
        116394.9296875,
        7644.5029296875
    ]
}