{
    "0": [
        202387.5,
        202387.5,
        291219.15625
    ],
    "1": [
        202387.5,
        202387.5,
        291219.15625
    ],
    "2": [
        247176.28125,
        133397.0625,
        145609.578125
    ],
    "3": [
        282972.4375,
        155787.171875,
        101926.703125
    ],
    "4": [
        253976.328125,
        167127.546875,
        61156.0234375
    ],
    "5": [
        257390.265625,
        153919.515625,
        30578.01171875
    ],
    "6": [
        255558.84375,
        162986.5625,
        15289.005859375
    ],
    "7": [
        249461.625,
        166736.84375,
        7644.5029296875
    ]
}