{
    "0": [
        202387.5,
        202387.5,
        291219.15625
    ],
    "1": [
        202387.5,
        202387.5,
        291219.15625
    ],
    "2": [
        163285.375,
        155018.9375,
        145609.578125
    ],
    "3": [
        124449.28125,
        168817.828125,
        101926.703125
    ],
    "4": [
        156511.75,
        185574.78125,
        61156.0234375
    ],
    "5": [
        149458.078125,
        202389.0625,
        30578.01171875
    ],
    "6": [
        157144.890625,
        197223.546875,
        15289.005859375
    ],
    "7": [
        152070.625,
        197376.03125,
        7644.5029296875
    ]
}