{
    "0": [
        202387.5,
        202387.5,
        291219.15625
    ],
    "1": [
        202387.5,
        202387.5,
        291219.15625
    ],
    "2": [
        132383.75,
        143024.5625,
        145609.578125
    ],
    "3": [
        120346.640625,
        117409.328125,
        101926.703125
    ],
    "4": [
        85240.578125,
        128448.390625,
        61156.0234375
    ],
    "5": [
        103951.6171875,
        117727.8671875,
        30578.01171875
    ],
    "6": [
        98869.796875,
        125395.625,
        15289.005859375
    ],
    "7": [
        98342.0234375,
        120702,
        7644.5029296875
    ]
}