{
    "0": [
        202387.5,
        202387.5,
        291219.15625
    ],
    "1": [
        202387.5,
        202387.5,
        291219.15625
    ],
    "2": [
        242745,
        252140.25,
        145609.578125
    ],
    "3": [
        262268.3125,
        268729.4375,
        101926.703125
    ],
    "4": [
        248076,
        253358.359375,
        61156.0234375
    ],
    "5": [
        244111.984375,
        248142.359375,
        30578.01171875
    ],
    "6": [
        247906.15625,
        259744.640625,
        15289.005859375
    ],
    "7": [
        249732.515625,
        257608,
        7644.5029296875
    ],
    "8": [
        249680.53125,
        253903.1875,
        3822.25146484375
    ]
}