{
    "0": [
        202387.5,
        202387.5,
        291219.15625
    ],
    "1": [
        202387.5,
        202387.5,
        291219.15625
    ],
    "2": [
        238739.140625,
        124615.1640625,
        145609.578125
    ],
    "3": [
        217330.984375,
        106144.890625,
        101926.703125
    ],
    "4": [
        187527.4375,
        112235.0546875,
        61156.0234375
    ],
    "5": [
        215534.9375,
        121305.75,
        30578.01171875
    ],
    "6": [
        219595.046875,
        132995.390625,
        15289.005859375
    ],
    "7": [
        212442.4375,
        130512.078125,
        7644.5029296875
    ],
    "8": [
        213249.140625,
        132299.328125,
        3822.25146484375
    ]
}