{
    "0": [
        202387.5,
        202387.5,
        291219.15625
    ],
    "1": [
        202387.5,
        202387.5,
        291219.15625
    ],
    "2": [
        184749.234375,
        141018.484375,
        145609.578125
    ],
    "3": [
        174728.71875,
        103153.234375,
        101926.703125
    ],
    "4": [
        155548.46875,
        85046.25,
        61156.0234375
    ],
    "5": [
        132034.46875,
        102674.453125,
        30578.01171875
    ],
    "6": [
        126700.1484375,
        114844.6875,
        15289.005859375
    ],
    "7": [
        126029.0078125,
        114597.359375,
        7644.5029296875
    ],
    "8": [
        125294.890625,
        110901.3515625,
        3822.25146484375
    ]
}