{
    "0": [
        202387.5,
        202387.5,
        291219.15625
    ],
    "1": [
        202387.5,
        202387.5,
        291219.15625
    ],
    "2": [
        138515.3125,
        297004.90625,
        145609.578125
    ],
    "3": [
        135602.203125,
        302615.15625,
        101926.703125
    ],
    "4": [
        173452.359375,
        300126.9375,
        61156.0234375
    ],
    "5": [
        169280.609375,
        327458.3125,
        30578.01171875
    ],
    "6": [
        165024.796875,
        326418.28125,
        15289.005859375
    ],
    "7": [
        171379.671875,
        328234.75,
        7644.5029296875
    ],
    "8": [
        168939.5625,
        330704.03125,
        3822.25146484375
    ]
}