{
    "0": [
        202387.5,
        202387.5,
        291219.15625
    ],
    "1": [
        202387.5,
        202387.5,
        291219.15625
    ],
    "2": [
        175557.90625,
        95920.875,
        145609.578125
    ],
    "3": [
        179321.3125,
        86045.453125,
        101926.703125
    ],
    "4": [
        203287.15625,
        109441.3203125,
        61156.0234375
    ],
    "5": [
        192150.71875,
        86943.625,
        30578.01171875
    ],
    "6": [
        188011.0625,
        95482.203125,
        15289.005859375
    ],
    "7": [
        184098.15625,
        98493.921875,
        7644.5029296875
    ]
}