{
    "0": [
        202387.5,
        202387.5,
        291219.15625
    ],
    "1": [
        202387.5,
        202387.5,
        291219.15625
    ],
    "2": [
        269250.8125,
        146129.703125,
        145609.578125
    ],
    "3": [
        263384.46875,
        172520.46875,
        101926.703125
    ],
    "4": [
        283659.625,
        194546.78125,
        61156.0234375
    ],
    "5": [
        313327.84375,
        200326.25,
        30578.01171875
    ],
    "6": [
        312765.03125,
        199749.078125,
        15289.005859375
    ],
    "7": [
        312346.03125,
        196881.9375,
        7644.5029296875
    ],
    "8": [
        308756.21875,
        196269.796875,
        3822.25146484375
    ]
}