{
    "0": [
        202387.5,
        202387.5,
        291219.15625
    ],
    "1": [
        202387.5,
        202387.5,
        291219.15625
    ],
    "2": [
        182107.59375,
        251132.390625,
        145609.578125
    ],
    "3": [
        192366.4375,
        237904.78125,
        101926.703125
    ],
    "4": [
        160661.03125,
        241521.203125,
        61156.0234375
    ],
    "5": [
        143831.6875,
        227064.8125,
        30578.01171875
    ],
    "6": [
        151600,
        233401.578125,
        15289.005859375
    ]
}