{
    "0": [
        202387.5,
        202387.5,
        291219.15625
    ],
    "1": [
        202387.5,
        202387.5,
        291219.15625
    ],
    "2": [
        226529.859375,
        145883.4375,
        145609.578125
    ],
    "3": [
        242981.15625,
        149177.171875,
        101926.703125
    ],
    "4": [
        250177.921875,
        170633.53125,
        61156.0234375
    ],
    "5": [
        257616.6875,
        187306.046875,
        30578.01171875
    ],
    "6": [
        268038.46875,
        183782.28125,
        15289.005859375
    ],
    "7": [
        271711.46875,
        183712.125,
        7644.5029296875
    ],
    "8": [
        273195.5,
        181220.40625,
        3822.25146484375
    ]
}