{
    "0": [
        202387.5,
        202387.5,
        291219.15625
    ],
    "1": [
        202387.5,
        202387.5,
        291219.15625
    ],
    "2": [
        185161.703125,
        144360.59375,
        145609.578125
    ],
    "3": [
        147322.71875,
        152234.109375,
        101926.703125
    ],
    "4": [
        111078.3046875,
        137441.5625,
        61156.0234375
    ],
    "5": [
        100754.9140625,
        135125.984375,
        30578.01171875
    ],
    "6": [
        111726.0625,
        140934.78125,
        15289.005859375
    ]
}