{
    "0": [
        202387.5,
        202387.5,
        291219.15625
    ],
    "1": [
        202387.5,
        202387.5,
        291219.15625
    ],
    "2": [
        195948.9375,
        126061.7265625,
        145609.578125
    ],
    "3": [
        217601.171875,
        158951.796875,
        101926.703125
    ],
    "4": [
        232201.40625,
        183132.09375,
        61156.0234375
    ],
    "5": [
        220281.390625,
        185698.5625,
        30578.01171875
    ],
    "6": [
        229660.609375,
        183719.53125,
        15289.005859375
    ],
    "7": [
        226886.796875,
        177369.59375,
        7644.5029296875
    ]
}