{
    "0": [
        202387.5,
        202387.5,
        291219.15625
    ],
    "1": [
        202387.5,
        202387.5,
        291219.15625
    ],
    "2": [
        154418.109375,
        251239.046875,
        145609.578125
    ],
    "3": [
        145593.21875,
        251428.515625,
        101926.703125
    ],
    "4": [
        161644.59375,
        242948.4375,
        61156.0234375
    ],
    "5": [
        165333.8125,
        251257.78125,
        30578.01171875
    ],
    "6": [
        177867.609375,
        245359.015625,
        15289.005859375
    ],
    "7": [
        182245.6875,
        247191.71875,
        7644.5029296875
    ]
}