{
    "0": [
        202387.5,
        202387.5,
        291219.15625
    ],
    "1": [
        202387.5,
        202387.5,
        291219.15625
    ],
    "2": [
        285591.34375,
        206572.140625,
        145609.578125
    ],
    "3": [
        290237.8125,
        163604.109375,
        101926.703125
    ],
    "4": [
        313519.625,
        152777.203125,
        61156.0234375
    ],
    "5": [
        303312.875,
        167027.578125,
        30578.01171875
    ],
    "6": [
        303093.40625,
        162915.21875,
        15289.005859375
    ],
    "7": [
        297775.28125,
        157822.953125,
        7644.5029296875
    ],
    "8": [
        297327.59375,
        154750.921875,
        3822.25146484375
    ]
}