{
    "0": [
        202387.5,
        202387.5,
        291219.15625
    ],
    "1": [
        202387.5,
        202387.5,
        291219.15625
    ],
    "2": [
        136847.578125,
        111450.2109375,
        145609.578125
    ],
    "3": [
        101354.078125,
        131955.578125,
        101926.703125
    ],
    "4": [
        121433.2578125,
        100591.1015625,
        61156.0234375
    ],
    "5": [
        121809.7578125,
        121839.4921875,
        30578.01171875
    ],
    "6": [
        111229.96875,
        130635.0390625,
        15289.005859375
    ],
    "7": [
        112865.5078125,
        134408.625,
        7644.5029296875
    ]
}