{
    "0": [
        202387.5,
        202387.5,
        291219.15625
    ],
    "1": [
        202387.5,
        202387.5,
        291219.15625
    ],
    "2": [
        237698.921875,
        181027.171875,
        145609.578125
    ],
    "3": [
        272042.34375,
        180113.703125,
        101926.703125
    ],
    "4": [
        291888.34375,
        189080.890625,
        61156.0234375
    ],
    "5": [
        292844.4375,
        162009.140625,
        30578.01171875
    ],
    "6": [
        278214.75,
        165558.890625,
        15289.005859375
    ],
    "7": [
        281986.4375,
        162674.65625,
        7644.5029296875
    ]
}