{
    "0": [
        202387.5,
        202387.5,
        291219.15625
    ],
    "1": [
        202387.5,
        202387.5,
        291219.15625
    ],
    "2": [
        144640,
        282936.15625,
        145609.578125
    ],
    "3": [
        104507.921875,
        275308.875,
        101926.703125
    ],
    "4": [
        104768.8984375,
        242065.609375,
        61156.0234375
    ],
    "5": [
        103716.9375,
        219995.109375,
        30578.01171875
    ],
    "6": [
        92944.875,
        214119.5625,
        15289.005859375
    ],
    "7": [
        92245.4140625,
        217370.828125,
        7644.5029296875
    ]
}