{
    "0": [
        202387.5,
        202387.5,
        291219.15625
    ],
    "1": [
        202387.5,
        202387.5,
        291219.15625
    ],
    "2": [
        224710.25,
        276324.03125,
        145609.578125
    ],
    "3": [
        241285.3125,
        292929,
        101926.703125
    ],
    "4": [
        259963.078125,
        329086.5,
        61156.0234375
    ],
    "5": [
        270045.96875,
        325019.8125,
        30578.01171875
    ],
    "6": [
        258375.125,
        329626.15625,
        15289.005859375
    ],
    "7": [
        254212.453125,
        333274.125,
        7644.5029296875
    ],
    "8": [
        256304.46875,
        335793.8125,
        3822.25146484375
    ]
}