{
    "0": [
        202387.5,
        202387.5,
        291219.15625
    ],
    "1": [
        202387.5,
        202387.5,
        291219.15625
    ],
    "2": [
        191378.75,
        256474.484375,
        145609.578125
    ],
    "3": [
        153076.3125,
        257968,
        101926.703125
    ],
    "4": [
        137381.078125,
        248411.390625,
        61156.0234375
    ],
    "5": [
        147240.171875,
        223186.578125,
        30578.01171875
    ],
    "6": [
        141210.953125,
        227682.8125,
        15289.005859375
    ]
}