{
    "0": [
        202387.5,
        202387.5,
        291219.15625
    ],
    "1": [
        202387.5,
        202387.5,
        291219.15625
    ],
    "2": [
        182877.3125,
        301681.09375,
        145609.578125
    ],
    "3": [
        151168.796875,
        278294.9375,
        101926.703125
    ],
    "4": [
        152854.265625,
        245923.1875,
        61156.0234375
    ],
    "5": [
        141902.15625,
        239590.171875,
        30578.01171875
    ],
    "6": [
        148189.328125,
        234477.453125,
        15289.005859375
    ],
    "7": [
        142566.03125,
        234993.9375,
        7644.5029296875
    ]
}