{
    "0": [
        202387.5,
        202387.5,
        291219.15625
    ],
    "1": [
        202387.5,
        202387.5,
        291219.15625
    ],
    "2": [
        110310.7734375,
        152612.15625,
        145609.578125
    ],
    "3": [
        71267.5390625,
        163256.21875,
        101926.703125
    ],
    "4": [
        68178.546875,
        196251.609375,
        61156.0234375
    ],
    "5": [
        88833.6171875,
        206115.109375,
        30578.01171875
    ],
    "6": [
        101251.421875,
        197245.84375,
        15289.005859375
    ],
    "7": [
        100591.6875,
        198353.96875,
        7644.5029296875
    ]
}