{
    "0": [
        202387.5,
        202387.5,
        291219.15625
    ],
    "1": [
        202387.5,
        202387.5,
        291219.15625
    ],
    "2": [
        259737.6875,
        216182.4375,
        145609.578125
    ],
    "3": [
        257674.125,
        184000.59375,
        101926.703125
    ],
    "4": [
        246918.390625,
        174848.6875,
        61156.0234375
    ],
    "5": [
        230869.078125,
        184930.828125,
        30578.01171875
    ],
    "6": [
        245829.5625,
        186549.0625,
        15289.005859375
    ]
}