{
    "0": [
        202387.5,
        202387.5,
        291219.15625
    ],
    "1": [
        202387.5,
        202387.5,
        291219.15625
    ],
    "2": [
        133131.3125,
        113935.8515625,
        145609.578125
    ],
    "3": [
        166168.484375,
        93869.125,
        101926.703125
    ],
    "4": [
        142496.25,
        99956.5859375,
        61156.0234375
    ],
    "5": [
        155777.984375,
        86958.40625,
        30578.01171875
    ],
    "6": [
        168322.9375,
        95460.5,
        15289.005859375
    ],
    "7": [
        172148.59375,
        93880.6328125,
        7644.5029296875
    ]
}