{
    "0": [
        202387.5,
        202387.5,
        291219.15625
    ],
    "1": [
        202387.5,
        202387.5,
        291219.15625
    ],
    "2": [
        161178.578125,
        251086.5625,
        145609.578125
    ],
    "3": [
        147944.125,
        250984.375,
        101926.703125
    ],
    "4": [
        148974.21875,
        240387.359375,
        61156.0234375
    ],
    "5": [
        139858.546875,
        225900.453125,
        30578.01171875
    ],
    "6": [
        154567.1875,
        222370.734375,
        15289.005859375
    ],
    "7": [
        156621.828125,
        229650.375,
        7644.5029296875
    ],
    "8": [
        158964.453125,
        228840.984375,
        3822.25146484375
    ]
}