{
    "0": [
        202387.5,
        202387.5,
        291219.15625
    ],
    "1": [
        202387.5,
        202387.5,
        291219.15625
    ],
    "2": [
        147976.5625,
        258039.8125,
        145609.578125
    ],
    "3": [
        154352.75,
        249867,
        101926.703125
    ],
    "4": [
        154874.015625,
        275649.96875,
        61156.0234375
    ],
    "5": [
        178076.890625,
        293770.59375,
        30578.01171875
    ],
    "6": [
        179029.0625,
        286670.03125,
        15289.005859375
    ],
    "7": [
        178177.359375,
        286892.25,
        7644.5029296875
    ]
}