{
    "0": [
        202387.5,
        202387.5,
        291219.15625
    ],
    "1": [
        202387.5,
        202387.5,
        291219.15625
    ],
    "2": [
        183893.4375,
        257502.390625,
        145609.578125
    ],
    "3": [
        174039.578125,
        230848.546875,
        101926.703125
    ],
    "4": [
        168599.6875,
        197685.8125,
        61156.0234375
    ],
    "5": [
        149846.46875,
        173681.34375,
        30578.01171875
    ],
    "6": [
        135711.859375,
        176905.734375,
        15289.005859375
    ],
    "7": [
        131599.9375,
        172018.953125,
        7644.5029296875
    ],
    "8": [
        131667.375,
        169599.6875,
        3822.25146484375
    ],
    "9": [
        132303.890625,
        168958.609375,
        1911.125732421875
    ]
}