{
    "0": [
        202387.5,
        202387.5,
        291219.15625
    ],
    "1": [
        202387.5,
        202387.5,
        291219.15625
    ],
    "2": [
        114580.5625,
        152903.09375,
        145609.578125
    ],
    "3": [
        144867.046875,
        126327.8984375,
        101926.703125
    ],
    "4": [
        154598.96875,
        95997.03125,
        61156.0234375
    ],
    "5": [
        184464.234375,
        98501.6875,
        30578.01171875
    ],
    "6": [
        185175.71875,
        98788.8046875,
        15289.005859375
    ],
    "7": [
        186851.796875,
        100321.21875,
        7644.5029296875
    ]
}