{
    "0": [
        202387.5,
        202387.5,
        291219.15625
    ],
    "1": [
        202387.5,
        202387.5,
        291219.15625
    ],
    "2": [
        185085.921875,
        218711.125,
        145609.578125
    ],
    "3": [
        194282.84375,
        260876.40625,
        101926.703125
    ],
    "4": [
        160947.828125,
        277786.875,
        61156.0234375
    ],
    "5": [
        151855.765625,
        303640.84375,
        30578.01171875
    ],
    "6": [
        151540.4375,
        313023.46875,
        15289.005859375
    ]
}