{
    "0": [
        202387.5,
        202387.5,
        291219.15625
    ],
    "1": [
        202387.5,
        202387.5,
        291219.15625
    ],
    "2": [
        132890.40625,
        250689.109375,
        145609.578125
    ],
    "3": [
        146861.1875,
        260925.125,
        101926.703125
    ],
    "4": [
        154663.828125,
        239082.265625,
        61156.0234375
    ],
    "5": [
        165911.96875,
        256980.3125,
        30578.01171875
    ],
    "6": [
        159436.78125,
        246034.90625,
        15289.005859375
    ]
}