{
    "0": [
        202387.5,
        202387.5,
        291219.15625
    ],
    "1": [
        202387.5,
        202387.5,
        291219.15625
    ],
    "2": [
        237159.265625,
        300977.40625,
        145609.578125
    ],
    "3": [
        254165.234375,
        295112.8125,
        101926.703125
    ],
    "4": [
        276969.53125,
        308231.46875,
        61156.0234375
    ],
    "5": [
        276013.34375,
        282175.90625,
        30578.01171875
    ],
    "6": [
        290150.84375,
        276800.96875,
        15289.005859375
    ],
    "7": [
        295051.375,
        275600.5625,
        7644.5029296875
    ]
}