{
    "0": [
        202387.5,
        202387.5,
        291219.15625
    ],
    "1": [
        202387.5,
        202387.5,
        291219.15625
    ],
    "2": [
        261886.4375,
        137367.71875,
        145609.578125
    ],
    "3": [
        296268.75,
        159095.453125,
        101926.703125
    ],
    "4": [
        295233.40625,
        118931.28125,
        61156.0234375
    ],
    "5": [
        309923.90625,
        117486.578125,
        30578.01171875
    ],
    "6": [
        314224.0625,
        115844.3125,
        15289.005859375
    ],
    "7": [
        307155.46875,
        114521.8203125,
        7644.5029296875
    ]
}