{
    "0": [
        202387.5,
        202387.5,
        291219.15625
    ],
    "1": [
        202387.5,
        202387.5,
        291219.15625
    ],
    "2": [
        294278.59375,
        193372.421875,
        145609.578125
    ],
    "3": [
        258274.71875,
        189574.234375,
        101926.703125
    ],
    "4": [
        251815.125,
        222113.09375,
        61156.0234375
    ],
    "5": [
        235828.75,
        206896.0625,
        30578.01171875
    ],
    "6": [
        248010.3125,
        199923.8125,
        15289.005859375
    ]
}