{
    "0": [
        202387.5,
        202387.5,
        291219.15625
    ],
    "1": [
        202387.5,
        202387.5,
        291219.15625
    ],
    "2": [
        254906.078125,
        109988.40625,
        145609.578125
    ],
    "3": [
        275096.21875,
        141126.8125,
        101926.703125
    ],
    "4": [
        274567.84375,
        153617.765625,
        61156.0234375
    ],
    "5": [
        265959.28125,
        174826,
        30578.01171875
    ],
    "6": [
        262102.046875,
        174990.046875,
        15289.005859375
    ],
    "7": [
        260989.25,
        178438.40625,
        7644.5029296875
    ]
}