{
    "0": [
        202387.5,
        202387.5,
        291219.15625
    ],
    "1": [
        202387.5,
        202387.5,
        291219.15625
    ],
    "2": [
        292287.5,
        271072.15625,
        145609.578125
    ],
    "3": [
        332922.96875,
        262681.03125,
        101926.703125
    ],
    "4": [
        321448.46875,
        297914.34375,
        61156.0234375
    ],
    "5": [
        335713.53125,
        302901.9375,
        30578.01171875
    ],
    "6": [
        343589.125,
        293784.25,
        15289.005859375
    ],
    "7": [
        348615.34375,
        292912.53125,
        7644.5029296875
    ]
}