{
    "0": [
        202387.5,
        202387.5,
        291219.15625
    ],
    "1": [
        202387.5,
        202387.5,
        291219.15625
    ],
    "2": [
        300497.5,
        156005.21875,
        145609.578125
    ],
    "3": [
        307519.71875,
        162269.890625,
        101926.703125
    ],
    "4": [
        272084.3125,
        149369.515625,
        61156.0234375
    ],
    "5": [
        294913.6875,
        134626.09375,
        30578.01171875
    ],
    "6": [
        283276.21875,
        138779.25,
        15289.005859375
    ],
    "7": [
        280100.53125,
        144000.9375,
        7644.5029296875
    ]
}