{
    "0": [
        202387.5,
        202387.5,
        291219.15625
    ],
    "1": [
        202387.5,
        202387.5,
        291219.15625
    ],
    "2": [
        120977.0390625,
        193206.703125,
        145609.578125
    ],
    "3": [
        92606.640625,
        218715.109375,
        101926.703125
    ],
    "4": [
        126092.40625,
        197540.609375,
        61156.0234375
    ],
    "5": [
        113529.96875,
        203967.296875,
        30578.01171875
    ],
    "6": [
        127337.5859375,
        200838.1875,
        15289.005859375
    ],
    "7": [
        126042.1328125,
        203898.0625,
        7644.5029296875
    ],
    "8": [
        126962.84375,
        202126.375,
        3822.25146484375
    ]
}