{
    "0": [
        202387.5,
        202387.5,
        291219.15625
    ],
    "1": [
        202387.5,
        202387.5,
        291219.15625
    ],
    "2": [
        141789.046875,
        269270,
        145609.578125
    ],
    "3": [
        155720.4375,
        283416.875,
        101926.703125
    ],
    "4": [
        185425.9375,
        280840.75,
        61156.0234375
    ],
    "5": [
        185190.53125,
        276872.46875,
        30578.01171875
    ],
    "6": [
        186706.9375,
        274431.25,
        15289.005859375
    ],
    "7": [
        189361.796875,
        275122.59375,
        7644.5029296875
    ],
    "8": [
        192204.6875,
        277583.28125,
        3822.25146484375
    ]
}