{
    "0": [
        202387.5,
        202387.5,
        291219.15625
    ],
    "1": [
        202387.5,
        202387.5,
        291219.15625
    ],
    "2": [
        148179.59375,
        203170.8125,
        145609.578125
    ],
    "3": [
        175865.421875,
        221346.296875,
        101926.703125
    ],
    "4": [
        154156.078125,
        218602.078125,
        61156.0234375
    ],
    "5": [
        173505.65625,
        206863.53125,
        30578.01171875
    ],
    "6": [
        185200.421875,
        197372.78125,
        15289.005859375
    ],
    "7": [
        184033.328125,
        197871.984375,
        7644.5029296875
    ],
    "8": [
        183119.390625,
        196138.46875,
        3822.25146484375
    ]
}