{
    "0": [
        202387.5,
        202387.5,
        291219.15625
    ],
    "1": [
        202387.5,
        202387.5,
        291219.15625
    ],
    "2": [
        272958.5625,
        199131.15625,
        145609.578125
    ],
    "3": [
        289786.59375,
        190178.296875,
        101926.703125
    ],
    "4": [
        252703.203125,
        202565.328125,
        61156.0234375
    ],
    "5": [
        239116.078125,
        175655.078125,
        30578.01171875
    ],
    "6": [
        227427.5,
        169218.34375,
        15289.005859375
    ],
    "7": [
        232999,
        174214.59375,
        7644.5029296875
    ]
}