{
    "0": [
        202387.5,
        202387.5,
        291219.15625
    ],
    "1": [
        202387.5,
        202387.5,
        291219.15625
    ],
    "2": [
        264232.03125,
        253396.21875,
        145609.578125
    ],
    "3": [
        253151.140625,
        280664.75,
        101926.703125
    ],
    "4": [
        282749.8125,
        265618.03125,
        61156.0234375
    ],
    "5": [
        262596.71875,
        279491.9375,
        30578.01171875
    ],
    "6": [
        272711.21875,
        283832.125,
        15289.005859375
    ],
    "7": [
        269014.5,
        283786.09375,
        7644.5029296875
    ]
}