{
    "0": [
        202387.5,
        202387.5,
        291219.15625
    ],
    "1": [
        202387.5,
        202387.5,
        291219.15625
    ],
    "2": [
        92311.1640625,
        185888.09375,
        145609.578125
    ],
    "3": [
        119260.8515625,
        205037.671875,
        101926.703125
    ],
    "4": [
        88818.65625,
        201478.109375,
        61156.0234375
    ],
    "5": [
        74393.7109375,
        217723.34375,
        30578.01171875
    ],
    "6": [
        70823.9453125,
        208918.671875,
        15289.005859375
    ],
    "7": [
        66705.203125,
        203935.578125,
        7644.5029296875
    ],
    "8": [
        65101.93359375,
        207371.234375,
        3822.25146484375
    ]
}