{
    "0": [
        202387.5,
        202387.5,
        291219.15625
    ],
    "1": [
        202387.5,
        202387.5,
        291219.15625
    ],
    "2": [
        121713.1171875,
        245362.5,
        145609.578125
    ],
    "3": [
        101417.5390625,
        252866.109375,
        101926.703125
    ],
    "4": [
        102115.234375,
        241429.203125,
        61156.0234375
    ],
    "5": [
        79838.28125,
        249586.796875,
        30578.01171875
    ],
    "6": [
        93415.3046875,
        244695.90625,
        15289.005859375
    ],
    "7": [
        93639.328125,
        243051.171875,
        7644.5029296875
    ]
}