{
    "0": [
        202387.5,
        202387.5,
        291219.15625
    ],
    "1": [
        202387.5,
        202387.5,
        291219.15625
    ],
    "2": [
        287125.65625,
        161885.625,
        145609.578125
    ],
    "3": [
        300717.65625,
        129785.1171875,
        101926.703125
    ],
    "4": [
        313772.125,
        104724.546875,
        61156.0234375
    ],
    "5": [
        316441,
        111717.6328125,
        30578.01171875
    ],
    "6": [
        307412.8125,
        102883.90625,
        15289.005859375
    ],
    "7": [
        313265.40625,
        102235.4453125,
        7644.5029296875
    ]
}