{
    "0": [
        202387.5,
        202387.5,
        291219.15625
    ],
    "1": [
        202387.5,
        202387.5,
        291219.15625
    ],
    "2": [
        129445.0625,
        124345.9921875,
        145609.578125
    ],
    "3": [
        90819.6640625,
        139869.125,
        101926.703125
    ],
    "4": [
        59759.4296875,
        140984,
        61156.0234375
    ],
    "5": [
        82071.3984375,
        143018.8125,
        30578.01171875
    ],
    "6": [
        82661.421875,
        134350.9375,
        15289.005859375
    ],
    "7": [
        86818.71875,
        132167.390625,
        7644.5029296875
    ]
}