{
    "0": [
        202387.5,
        202387.5,
        291219.15625
    ],
    "1": [
        202387.5,
        202387.5,
        291219.15625
    ],
    "2": [
        185800.484375,
        123233.8359375,
        145609.578125
    ],
    "3": [
        149432.328125,
        136214.5,
        101926.703125
    ],
    "4": [
        133646.859375,
        109737.5546875,
        61156.0234375
    ],
    "5": [
        154880.03125,
        127111.859375,
        30578.01171875
    ],
    "6": [
        161253.453125,
        113842.75,
        15289.005859375
    ],
    "7": [
        164135.78125,
        113191.4453125,
        7644.5029296875
    ]
}