{
    "0": [
        202387.5,
        202387.5,
        291219.15625
    ],
    "1": [
        202387.5,
        202387.5,
        291219.15625
    ],
    "2": [
        218455.25,
        237108.21875,
        145609.578125
    ],
    "3": [
        191876.578125,
        235640.65625,
        101926.703125
    ],
    "4": [
        169490.15625,
        215036.796875,
        61156.0234375
    ],
    "5": [
        163997.0625,
        230918.96875,
        30578.01171875
    ],
    "6": [
        152022,
        232467.90625,
        15289.005859375
    ],
    "7": [
        159398.5625,
        232855.59375,
        7644.5029296875
    ]
}