{
    "0": [
        202387.5,
        202387.5,
        291219.15625
    ],
    "1": [
        202387.5,
        202387.5,
        291219.15625
    ],
    "2": [
        302631.40625,
        250804.625,
        145609.578125
    ],
    "3": [
        341825.375,
        231817.203125,
        101926.703125
    ],
    "4": [
        363127.84375,
        201698.609375,
        61156.0234375
    ],
    "5": [
        357743.28125,
        197830.84375,
        30578.01171875
    ],
    "6": [
        352758.125,
        203201.203125,
        15289.005859375
    ],
    "7": [
        357027.4375,
        201743.125,
        7644.5029296875
    ]
}