{
    "0": [
        202387.5,
        202387.5,
        291219.15625
    ],
    "1": [
        202387.5,
        202387.5,
        291219.15625
    ],
    "2": [
        265723.71875,
        230005.71875,
        145609.578125
    ],
    "3": [
        250444.375,
        259294.3125,
        101926.703125
    ],
    "4": [
        254978.34375,
        232097.390625,
        61156.0234375
    ],
    "5": [
        267994.96875,
        213556.609375,
        30578.01171875
    ],
    "6": [
        259581.453125,
        218649.953125,
        15289.005859375
    ],
    "7": [
        262715.28125,
        219528.453125,
        7644.5029296875
    ]
}