{
    "0": [
        202387.5,
        202387.5,
        291219.15625
    ],
    "1": [
        202387.5,
        202387.5,
        291219.15625
    ],
    "2": [
        157674.421875,
        166357.140625,
        145609.578125
    ],
    "3": [
        169857.140625,
        202801.0625,
        101926.703125
    ],
    "4": [
        176705.78125,
        189196.734375,
        61156.0234375
    ],
    "5": [
        177162.125,
        213134.28125,
        30578.01171875
    ],
    "6": [
        177232.984375,
        213020.171875,
        15289.005859375
    ],
    "7": [
        180250.0625,
        211616.15625,
        7644.5029296875
    ],
    "8": [
        181387.5,
        214521.3125,
        3822.25146484375
    ]
}