{
    "0": [
        202387.5,
        202387.5,
        291219.15625
    ],
    "1": [
        202387.5,
        202387.5,
        291219.15625
    ],
    "2": [
        207420.25,
        309649.625,
        145609.578125
    ],
    "3": [
        185170.8125,
        308173.6875,
        101926.703125
    ],
    "4": [
        176202.671875,
        280772.75,
        61156.0234375
    ],
    "5": [
        187972.3125,
        301628,
        30578.01171875
    ],
    "6": [
        189829.03125,
        305670.1875,
        15289.005859375
    ]
}