{
    "0": [
        202387.5,
        202387.5,
        291219.15625
    ],
    "1": [
        202387.5,
        202387.5,
        291219.15625
    ],
    "2": [
        199738.375,
        267992.1875,
        145609.578125
    ],
    "3": [
        218136.03125,
        272993.46875,
        101926.703125
    ],
    "4": [
        232057.828125,
        265640.875,
        61156.0234375
    ],
    "5": [
        227634.34375,
        272768.84375,
        30578.01171875
    ],
    "6": [
        216372.03125,
        283079.5,
        15289.005859375
    ],
    "7": [
        210321.890625,
        283926.09375,
        7644.5029296875
    ]
}