{
    "0": [
        202387.5,
        202387.5,
        291219.15625
    ],
    "1": [
        202387.5,
        202387.5,
        291219.15625
    ],
    "2": [
        251770.109375,
        170017.109375,
        145609.578125
    ],
    "3": [
        274280.9375,
        201464.125,
        101926.703125
    ],
    "4": [
        306475.34375,
        195782.34375,
        61156.0234375
    ],
    "5": [
        290515.375,
        196626.3125,
        30578.01171875
    ],
    "6": [
        291241.46875,
        199835.296875,
        15289.005859375
    ],
    "7": [
        289355.1875,
        196684.46875,
        7644.5029296875
    ],
    "8": [
        289249.4375,
        200024.0625,
        3822.25146484375
    ]
}