{
    "0": [
        202387.5,
        202387.5,
        291219.15625
    ],
    "1": [
        202387.5,
        202387.5,
        291219.15625
    ],
    "2": [
        147132.09375,
        201498.359375,
        145609.578125
    ],
    "3": [
        148143.828125,
        166772.625,
        101926.703125
    ],
    "4": [
        113231.8984375,
        147624.1875,
        61156.0234375
    ],
    "5": [
        107069.671875,
        137278.9375,
        30578.01171875
    ],
    "6": [
        113497.6015625,
        143196.28125,
        15289.005859375
    ],
    "7": [
        114433.2421875,
        139200.78125,
        7644.5029296875
    ],
    "8": [
        111917.0625,
        137516,
        3822.25146484375
    ]
}