{
    "0": [
        202387.5,
        202387.5,
        291219.15625
    ],
    "1": [
        202387.5,
        202387.5,
        291219.15625
    ],
    "2": [
        237000,
        259627.46875,
        145609.578125
    ],
    "3": [
        199127.921875,
        269637.28125,
        101926.703125
    ],
    "4": [
        193841.359375,
        304763.9375,
        61156.0234375
    ],
    "5": [
        178570.71875,
        324856.25,
        30578.01171875
    ],
    "6": [
        175705.859375,
        325135.875,
        15289.005859375
    ],
    "7": [
        172041.90625,
        321364.9375,
        7644.5029296875
    ]
}