{
    "0": [
        202387.5,
        202387.5,
        291219.15625
    ],
    "1": [
        202387.5,
        202387.5,
        291219.15625
    ],
    "2": [
        104838.5703125,
        183041.484375,
        145609.578125
    ],
    "3": [
        105935.65625,
        176820.015625,
        101926.703125
    ],
    "4": [
        105343.953125,
        162527.484375,
        61156.0234375
    ],
    "5": [
        95907.6796875,
        180780.8125,
        30578.01171875
    ],
    "6": [
        102383.859375,
        178904.453125,
        15289.005859375
    ],
    "7": [
        99918.1796875,
        180267.15625,
        7644.5029296875
    ],
    "8": [
        99663.609375,
        179505.078125,
        3822.25146484375
    ]
}