{
    "0": [
        202387.5,
        202387.5,
        291219.15625
    ],
    "1": [
        202387.5,
        202387.5,
        291219.15625
    ],
    "2": [
        114295.0546875,
        132230.828125,
        145609.578125
    ],
    "3": [
        97996.9921875,
        172502.4375,
        101926.703125
    ],
    "4": [
        80144.59375,
        146220.046875,
        61156.0234375
    ],
    "5": [
        81219.0703125,
        154741.71875,
        30578.01171875
    ],
    "6": [
        85328.0390625,
        165865.703125,
        15289.005859375
    ]
}