{
    "0": [
        202387.5,
        202387.5,
        291219.15625
    ],
    "1": [
        202387.5,
        202387.5,
        291219.15625
    ],
    "2": [
        203068.671875,
        226083.90625,
        145609.578125
    ],
    "3": [
        168413.140625,
        212328.640625,
        101926.703125
    ],
    "4": [
        173578.34375,
        197025.421875,
        61156.0234375
    ],
    "5": [
        190403.59375,
        194284.125,
        30578.01171875
    ],
    "6": [
        190156.859375,
        205578.640625,
        15289.005859375
    ],
    "7": [
        184390.234375,
        208359.796875,
        7644.5029296875
    ]
}