{
    "0": [
        202387.5,
        202387.5,
        291219.15625
    ],
    "1": [
        202387.5,
        202387.5,
        291219.15625
    ],
    "2": [
        214341.546875,
        190935.15625,
        145609.578125
    ],
    "3": [
        213034.609375,
        188466.140625,
        101926.703125
    ],
    "4": [
        245745.75,
        167437.1875,
        61156.0234375
    ],
    "5": [
        226670.078125,
        180084.6875,
        30578.01171875
    ],
    "6": [
        223734.8125,
        173952.890625,
        15289.005859375
    ],
    "7": [
        220241.25,
        179235.28125,
        7644.5029296875
    ]
}