{
    "0": [
        202387.5,
        202387.5,
        291219.15625
    ],
    "1": [
        202387.5,
        202387.5,
        291219.15625
    ],
    "2": [
        258536.28125,
        131552.21875,
        145609.578125
    ],
    "3": [
        257549.84375,
        162134.796875,
        101926.703125
    ],
    "4": [
        238777.796875,
        185688.03125,
        61156.0234375
    ],
    "5": [
        233926.96875,
        203968.125,
        30578.01171875
    ],
    "6": [
        242332.484375,
        200284.28125,
        15289.005859375
    ],
    "7": [
        242512.984375,
        192702.421875,
        7644.5029296875
    ]
}