{
    "0": [
        202387.5,
        202387.5,
        291219.15625
    ],
    "1": [
        202387.5,
        202387.5,
        291219.15625
    ],
    "2": [
        179115.921875,
        92653.671875,
        145609.578125
    ],
    "3": [
        184864.125,
        78987.953125,
        101926.703125
    ],
    "4": [
        205873.71875,
        91186.1796875,
        61156.0234375
    ],
    "5": [
        209270.875,
        118398.34375,
        30578.01171875
    ],
    "6": [
        210866.796875,
        111743,
        15289.005859375
    ],
    "7": [
        209917.125,
        115291.296875,
        7644.5029296875
    ]
}