{
    "0": [
        202387.5,
        202387.5,
        291219.15625
    ],
    "1": [
        202387.5,
        202387.5,
        291219.15625
    ],
    "2": [
        171351.125,
        120638.140625,
        145609.578125
    ],
    "3": [
        181974.703125,
        157441.8125,
        101926.703125
    ],
    "4": [
        215061.890625,
        158389.359375,
        61156.0234375
    ],
    "5": [
        215780.78125,
        146328.421875,
        30578.01171875
    ],
    "6": [
        216816.140625,
        145772.171875,
        15289.005859375
    ],
    "7": [
        217749.296875,
        145687.078125,
        7644.5029296875
    ]
}