{
    "0": [
        202387.5,
        202387.5,
        291219.15625
    ],
    "1": [
        202387.5,
        202387.5,
        291219.15625
    ],
    "2": [
        199924.296875,
        271941.78125,
        145609.578125
    ],
    "3": [
        189243.703125,
        299820.28125,
        101926.703125
    ],
    "4": [
        214950.640625,
        272088.78125,
        61156.0234375
    ],
    "5": [
        200907.0625,
        257665.53125,
        30578.01171875
    ],
    "6": [
        212808.203125,
        259378.921875,
        15289.005859375
    ],
    "7": [
        217986.078125,
        261552.46875,
        7644.5029296875
    ]
}