{
    "0": [
        202387.5,
        202387.5,
        291219.15625
    ],
    "1": [
        202387.5,
        202387.5,
        291219.15625
    ],
    "2": [
        233438.109375,
        185057.546875,
        145609.578125
    ],
    "3": [
        257001.734375,
        179282.1875,
        101926.703125
    ],
    "4": [
        229277.09375,
        150799.9375,
        61156.0234375
    ],
    "5": [
        245551.171875,
        148974.84375,
        30578.01171875
    ],
    "6": [
        256025.5,
        149850.734375,
        15289.005859375
    ],
    "7": [
        252264.6875,
        146934.125,
        7644.5029296875
    ],
    "8": [
        251905.671875,
        146018.15625,
        3822.25146484375
    ],
    "9": [
        251442.390625,
        146158.09375,
        1911.125732421875
    ]
}