{
    "0": [
        202387.5,
        202387.5,
        291219.15625
    ],
    "1": [
        202387.5,
        202387.5,
        291219.15625
    ],
    "2": [
        117369.65625,
        188513.78125,
        145609.578125
    ],
    "3": [
        127366.640625,
        226971.65625,
        101926.703125
    ],
    "4": [
        111255.8671875,
        204311.59375,
        61156.0234375
    ],
    "5": [
        127011.921875,
        202272.1875,
        30578.01171875
    ]
}