{
    "0": [
        202387.5,
        202387.5,
        291219.15625
    ],
    "1": [
        202387.5,
        202387.5,
        291219.15625
    ],
    "2": [
        184603.125,
        238992.15625,
        145609.578125
    ],
    "3": [
        215401.21875,
        246883.34375,
        101926.703125
    ],
    "4": [
        241379.265625,
        228903.90625,
        61156.0234375
    ],
    "5": [
        261728.890625,
        250766.796875,
        30578.01171875
    ],
    "6": [
        259710.46875,
        241512.203125,
        15289.005859375
    ],
    "7": [
        261422.765625,
        246627.3125,
        7644.5029296875
    ]
}