{
    "0": [
        202387.5,
        202387.5,
        291219.15625
    ],
    "1": [
        202387.5,
        202387.5,
        291219.15625
    ],
    "2": [
        210380.1875,
        258038.9375,
        145609.578125
    ],
    "3": [
        234116.984375,
        251850.28125,
        101926.703125
    ],
    "4": [
        217395.921875,
        249979.734375,
        61156.0234375
    ],
    "5": [
        225857.15625,
        262429.6875,
        30578.01171875
    ],
    "6": [
        221047.265625,
        272859.375,
        15289.005859375
    ]
}