{
    "0": [
        202387.5,
        202387.5,
        291219.15625
    ],
    "1": [
        202387.5,
        202387.5,
        291219.15625
    ],
    "2": [
        156181.328125,
        155345.703125,
        145609.578125
    ],
    "3": [
        180097.890625,
        120595,
        101926.703125
    ],
    "4": [
        192270.953125,
        142860.890625,
        61156.0234375
    ],
    "5": [
        170290.953125,
        121970.9140625,
        30578.01171875
    ],
    "6": [
        185362.390625,
        122767.65625,
        15289.005859375
    ],
    "7": [
        186592.171875,
        124191.0546875,
        7644.5029296875
    ]
}