{
    "0": [
        202387.5,
        202387.5,
        291219.15625
    ],
    "1": [
        202387.5,
        202387.5,
        291219.15625
    ],
    "2": [
        287778.625,
        132629.84375,
        145609.578125
    ],
    "3": [
        290523.5,
        175265.53125,
        101926.703125
    ],
    "4": [
        310850.6875,
        177857.65625,
        61156.0234375
    ],
    "5": [
        296625.5625,
        158208.25,
        30578.01171875
    ],
    "6": [
        284851.8125,
        163551.6875,
        15289.005859375
    ],
    "7": [
        277581.09375,
        163737.0625,
        7644.5029296875
    ]
}