{
    "0": [
        202387.5,
        202387.5,
        291219.15625
    ],
    "1": [
        202387.5,
        202387.5,
        291219.15625
    ],
    "2": [
        260724.921875,
        301739.59375,
        145609.578125
    ],
    "3": [
        294770.71875,
        304786.25,
        101926.703125
    ],
    "4": [
        304822.03125,
        339472.5,
        61156.0234375
    ],
    "5": [
        313617.75,
        360218.8125,
        30578.01171875
    ],
    "6": [
        322091.9375,
        362340.25,
        15289.005859375
    ]
}