{
    "0": [
        202387.5,
        202387.5,
        291219.15625
    ],
    "1": [
        202387.5,
        202387.5,
        291219.15625
    ],
    "2": [
        188517.15625,
        273730.9375,
        145609.578125
    ],
    "3": [
        196101.71875,
        239782,
        101926.703125
    ],
    "4": [
        167530.234375,
        259239.234375,
        61156.0234375
    ],
    "5": [
        190690.125,
        262002.65625,
        30578.01171875
    ],
    "6": [
        184391.71875,
        252341.0625,
        15289.005859375
    ]
}