{
    "0": [
        202387.5,
        202387.5,
        291219.15625
    ],
    "1": [
        202387.5,
        202387.5,
        291219.15625
    ],
    "2": [
        127561.203125,
        186490.578125,
        145609.578125
    ],
    "3": [
        122073.7890625,
        213480.9375,
        101926.703125
    ],
    "4": [
        114911.6953125,
        253011.328125,
        61156.0234375
    ],
    "5": [
        131659.40625,
        273287.5,
        30578.01171875
    ],
    "6": [
        122607.8046875,
        274751.375,
        15289.005859375
    ],
    "7": [
        124860.125,
        270583.78125,
        7644.5029296875
    ]
}