{
    "0": [
        202387.5,
        202387.5,
        291219.15625
    ],
    "1": [
        202387.5,
        202387.5,
        291219.15625
    ],
    "2": [
        250160.828125,
        132794.703125,
        145609.578125
    ],
    "3": [
        215368.390625,
        146572.203125,
        101926.703125
    ],
    "4": [
        203055.875,
        181639.015625,
        61156.0234375
    ],
    "5": [
        205091.890625,
        201485.53125,
        30578.01171875
    ],
    "6": [
        194618.234375,
        191728.59375,
        15289.005859375
    ],
    "7": [
        197638.15625,
        187272.78125,
        7644.5029296875
    ],
    "8": [
        197434.5625,
        190466.171875,
        3822.25146484375
    ],
    "9": [
        197510.1875,
        191115.59375,
        1911.125732421875
    ]
}