{
    "0": [
        202387.5,
        202387.5,
        291219.15625
    ],
    "1": [
        202387.5,
        202387.5,
        291219.15625
    ],
    "2": [
        239002.578125,
        270565.625,
        145609.578125
    ],
    "3": [
        251581.578125,
        298053.1875,
        101926.703125
    ],
    "4": [
        226216.09375,
        271734.4375,
        61156.0234375
    ],
    "5": [
        246293.515625,
        284047.15625,
        30578.01171875
    ],
    "6": [
        248359.734375,
        286570.46875,
        15289.005859375
    ],
    "7": [
        244358.046875,
        290774.625,
        7644.5029296875
    ],
    "8": [
        244556.40625,
        288716.84375,
        3822.25146484375
    ]
}