{
    "0": [
        202387.5,
        202387.5,
        291219.15625
    ],
    "1": [
        202387.5,
        202387.5,
        291219.15625
    ],
    "2": [
        292870.8125,
        147669.546875,
        145609.578125
    ],
    "3": [
        301763.4375,
        128928.40625,
        101926.703125
    ],
    "4": [
        318535.1875,
        157918.5625,
        61156.0234375
    ],
    "5": [
        308092.53125,
        168230.46875,
        30578.01171875
    ],
    "6": [
        306179.125,
        171029.90625,
        15289.005859375
    ],
    "7": [
        304356.09375,
        168509.9375,
        7644.5029296875
    ]
}