{
    "0": [
        202387.5,
        202387.5,
        291219.15625
    ],
    "1": [
        202387.5,
        202387.5,
        291219.15625
    ],
    "2": [
        96534.9765625,
        206316.71875,
        145609.578125
    ],
    "3": [
        128612.96875,
        232500.390625,
        101926.703125
    ],
    "4": [
        117914.5078125,
        204487.1875,
        61156.0234375
    ],
    "5": [
        106292.6171875,
        193381.4375,
        30578.01171875
    ],
    "6": [
        97091.859375,
        194197.578125,
        15289.005859375
    ],
    "7": [
        102476.125,
        197402.03125,
        7644.5029296875
    ],
    "8": [
        104451.015625,
        195282.734375,
        3822.25146484375
    ]
}