{
    "0": [
        202387.5,
        202387.5,
        291219.15625
    ],
    "1": [
        202387.5,
        202387.5,
        291219.15625
    ],
    "2": [
        164203.96875,
        219993,
        145609.578125
    ],
    "3": [
        183919.421875,
        256278.109375,
        101926.703125
    ],
    "4": [
        164431.390625,
        255620.390625,
        61156.0234375
    ],
    "5": [
        182397.25,
        272632.75,
        30578.01171875
    ],
    "6": [
        183254.953125,
        286695.3125,
        15289.005859375
    ]
}