{
    "0": [
        202387.5,
        202387.5,
        291219.15625
    ],
    "1": [
        202387.5,
        202387.5,
        291219.15625
    ],
    "2": [
        248167.171875,
        101258.015625,
        145609.578125
    ],
    "3": [
        282883.125,
        100535.3515625,
        101926.703125
    ],
    "4": [
        309135.8125,
        118569.609375,
        61156.0234375
    ],
    "5": [
        324236.59375,
        144087.296875,
        30578.01171875
    ],
    "6": [
        330377.5625,
        134106.109375,
        15289.005859375
    ],
    "7": [
        322900.8125,
        133714.5,
        7644.5029296875
    ],
    "8": [
        320559.03125,
        132505.046875,
        3822.25146484375
    ],
    "9": [
        319703.59375,
        132105.921875,
        1911.125732421875
    ]
}