{
    "0": [
        202387.5,
        202387.5,
        291219.15625
    ],
    "1": [
        202387.5,
        202387.5,
        291219.15625
    ],
    "2": [
        264502.125,
        262320.8125,
        145609.578125
    ],
    "3": [
        285169.03125,
        247695.0625,
        101926.703125
    ],
    "4": [
        293429.59375,
        211326.59375,
        61156.0234375
    ],
    "5": [
        278532.90625,
        224936.15625,
        30578.01171875
    ],
    "6": [
        273694.5,
        227337.5,
        15289.005859375
    ],
    "7": [
        274708.65625,
        228818.390625,
        7644.5029296875
    ],
    "8": [
        277661.46875,
        229795.359375,
        3822.25146484375
    ]
}