{
    "0": [
        202387.5,
        202387.5,
        291219.15625
    ],
    "1": [
        202387.5,
        202387.5,
        291219.15625
    ],
    "2": [
        177426.65625,
        245189.96875,
        145609.578125
    ],
    "3": [
        189352.859375,
        266840.5625,
        101926.703125
    ],
    "4": [
        190349.984375,
        242776.8125,
        61156.0234375
    ],
    "5": [
        215911.78125,
        232498.765625,
        30578.01171875
    ],
    "6": [
        212624.015625,
        224721.5625,
        15289.005859375
    ],
    "7": [
        208277.96875,
        221974.1875,
        7644.5029296875
    ],
    "8": [
        205691.546875,
        219183.84375,
        3822.25146484375
    ]
}