{
    "0": [
        202387.5,
        202387.5,
        291219.15625
    ],
    "1": [
        202387.5,
        202387.5,
        291219.15625
    ],
    "2": [
        217133.28125,
        316483.625,
        145609.578125
    ],
    "3": [
        184356.46875,
        301714.71875,
        101926.703125
    ],
    "4": [
        201511.53125,
        313753.6875,
        61156.0234375
    ],
    "5": [
        215886.125,
        332682.0625,
        30578.01171875
    ],
    "6": [
        201363.109375,
        334674.1875,
        15289.005859375
    ]
}