{
    "0": [
        202387.5,
        202387.5,
        291219.15625
    ],
    "1": [
        202387.5,
        202387.5,
        291219.15625
    ],
    "2": [
        287711.9375,
        254973.1875,
        145609.578125
    ],
    "3": [
        279473.9375,
        213912.3125,
        101926.703125
    ],
    "4": [
        283386.0625,
        182262.546875,
        61156.0234375
    ],
    "5": [
        275726.25,
        184218.53125,
        30578.01171875
    ],
    "6": [
        278031.6875,
        181581.859375,
        15289.005859375
    ],
    "7": [
        278012.5625,
        180256.296875,
        7644.5029296875
    ]
}