{
    "0": [
        202387.5,
        202387.5,
        291219.15625
    ],
    "1": [
        202387.5,
        202387.5,
        291219.15625
    ],
    "2": [
        247643.125,
        149718.484375,
        145609.578125
    ],
    "3": [
        261737.21875,
        176352.859375,
        101926.703125
    ],
    "4": [
        284908.6875,
        195345.84375,
        61156.0234375
    ],
    "5": [
        266206.15625,
        200020.65625,
        30578.01171875
    ],
    "6": [
        264811.78125,
        213635.9375,
        15289.005859375
    ],
    "7": [
        264252.5625,
        212546.34375,
        7644.5029296875
    ]
}