{
    "0": [
        202387.5,
        202387.5,
        291219.15625
    ],
    "1": [
        202387.5,
        202387.5,
        291219.15625
    ],
    "2": [
        123189.0625,
        148792.296875,
        145609.578125
    ],
    "3": [
        145930.828125,
        149048.4375,
        101926.703125
    ],
    "4": [
        153872.03125,
        168671.953125,
        61156.0234375
    ],
    "5": [
        154052.109375,
        188163.703125,
        30578.01171875
    ],
    "6": [
        149803.25,
        190529.03125,
        15289.005859375
    ],
    "7": [
        153220.328125,
        197045.5625,
        7644.5029296875
    ],
    "8": [
        153880.359375,
        194542.203125,
        3822.25146484375
    ]
}