{
    "0": [
        202387.5,
        202387.5,
        291219.15625
    ],
    "1": [
        202387.5,
        202387.5,
        291219.15625
    ],
    "2": [
        211563.1875,
        102618.9609375,
        145609.578125
    ],
    "3": [
        243826.078125,
        85907.65625,
        101926.703125
    ],
    "4": [
        223164,
        118946.1796875,
        61156.0234375
    ],
    "5": [
        238216.390625,
        110910.65625,
        30578.01171875
    ],
    "6": [
        226113.546875,
        108345.7109375,
        15289.005859375
    ],
    "7": [
        225111.515625,
        104066.859375,
        7644.5029296875
    ],
    "8": [
        223829.15625,
        100559.8203125,
        3822.25146484375
    ]
}