{
    "0": [
        202387.5,
        202387.5,
        291219.15625
    ],
    "1": [
        202387.5,
        202387.5,
        291219.15625
    ],
    "2": [
        130141.4921875,
        118471.9375,
        145609.578125
    ],
    "3": [
        122884.8125,
        154096,
        101926.703125
    ],
    "4": [
        130407.4453125,
        126650.1328125,
        61156.0234375
    ],
    "5": [
        122190.3359375,
        98675.8828125,
        30578.01171875
    ],
    "6": [
        118652.2578125,
        105892.421875,
        15289.005859375
    ],
    "7": [
        116008.609375,
        104024.40625,
        7644.5029296875
    ],
    "8": [
        114635.6484375,
        103161.1328125,
        3822.25146484375
    ],
    "9": [
        114971.8203125,
        102574.65625,
        1911.125732421875
    ]
}