{
    "0": [
        202387.5,
        202387.5,
        291219.15625
    ],
    "1": [
        202387.5,
        202387.5,
        291219.15625
    ],
    "2": [
        226700.359375,
        125116.6484375,
        145609.578125
    ],
    "3": [
        193901.21875,
        107739.65625,
        101926.703125
    ],
    "4": [
        194108.03125,
        118657.84375,
        61156.0234375
    ],
    "5": [
        199546.28125,
        134267.28125,
        30578.01171875
    ],
    "6": [
        198808.5,
        133108.75,
        15289.005859375
    ],
    "7": [
        202875.75,
        133945,
        7644.5029296875
    ]
}