{
    "0": [
        202387.5,
        202387.5,
        291219.15625
    ],
    "1": [
        202387.5,
        202387.5,
        291219.15625
    ],
    "2": [
        168250.34375,
        227822.640625,
        145609.578125
    ],
    "3": [
        141563.21875,
        225953.203125,
        101926.703125
    ],
    "4": [
        162947.609375,
        255555.65625,
        61156.0234375
    ],
    "5": [
        137963.53125,
        251932.96875,
        30578.01171875
    ],
    "6": [
        130915.875,
        260749.46875,
        15289.005859375
    ],
    "7": [
        129334.4296875,
        255867.71875,
        7644.5029296875
    ]
}