{
    "0": [
        202387.5,
        202387.5,
        291219.15625
    ],
    "1": [
        202387.5,
        202387.5,
        291219.15625
    ],
    "2": [
        218826.21875,
        259318.0625,
        145609.578125
    ],
    "3": [
        231424.21875,
        246818.5,
        101926.703125
    ],
    "4": [
        254206.640625,
        256556.9375,
        61156.0234375
    ],
    "5": [
        276267.4375,
        245335.90625,
        30578.01171875
    ],
    "6": [
        277083.6875,
        243224.125,
        15289.005859375
    ],
    "7": [
        280395.8125,
        243293.640625,
        7644.5029296875
    ]
}