{
    "0": [
        202387.5,
        202387.5,
        291219.15625
    ],
    "1": [
        202387.5,
        202387.5,
        291219.15625
    ],
    "2": [
        229870.203125,
        199465.78125,
        145609.578125
    ],
    "3": [
        223162.046875,
        193168.96875,
        101926.703125
    ],
    "4": [
        259990.5625,
        182680.296875,
        61156.0234375
    ],
    "5": [
        247315.296875,
        161229.75,
        30578.01171875
    ],
    "6": [
        239568.890625,
        172406.3125,
        15289.005859375
    ],
    "7": [
        245213.875,
        173977.890625,
        7644.5029296875
    ]
}