{
    "0": [
        202387.5,
        202387.5,
        291219.15625
    ],
    "1": [
        202387.5,
        202387.5,
        291219.15625
    ],
    "2": [
        139888.46875,
        124360.671875,
        145609.578125
    ],
    "3": [
        109189.3359375,
        147596.4375,
        101926.703125
    ],
    "4": [
        148408.65625,
        147489.859375,
        61156.0234375
    ],
    "5": [
        149869.28125,
        154021.015625,
        30578.01171875
    ],
    "6": [
        137137.34375,
        149229.34375,
        15289.005859375
    ],
    "7": [
        136149.65625,
        152816.515625,
        7644.5029296875
    ],
    "8": [
        139144.734375,
        153814.1875,
        3822.25146484375
    ]
}