{
    "0": [
        202387.5,
        202387.5,
        291219.15625
    ],
    "1": [
        202387.5,
        202387.5,
        291219.15625
    ],
    "2": [
        125588.96875,
        191989.203125,
        145609.578125
    ],
    "3": [
        145666.515625,
        187819.21875,
        101926.703125
    ],
    "4": [
        113424.7890625,
        183381.484375,
        61156.0234375
    ],
    "5": [
        115685.8046875,
        204715.359375,
        30578.01171875
    ],
    "6": [
        127817.71875,
        199759.828125,
        15289.005859375
    ]
}