{
    "0": [
        202387.5,
        202387.5,
        291219.15625
    ],
    "1": [
        202387.5,
        202387.5,
        291219.15625
    ],
    "2": [
        303618.65625,
        152786.59375,
        145609.578125
    ],
    "3": [
        276760.25,
        179964.1875,
        101926.703125
    ],
    "4": [
        271702.3125,
        144218.3125,
        61156.0234375
    ],
    "5": [
        242963.015625,
        145206.1875,
        30578.01171875
    ],
    "6": [
        244070.4375,
        145099.109375,
        15289.005859375
    ],
    "7": [
        247751.21875,
        147087.796875,
        7644.5029296875
    ]
}