{
    "0": [
        202387.5,
        202387.5,
        291219.15625
    ],
    "1": [
        202387.5,
        202387.5,
        291219.15625
    ],
    "2": [
        109378.8046875,
        152207.59375,
        145609.578125
    ],
    "3": [
        102272.78125,
        167354.0625,
        101926.703125
    ],
    "4": [
        109593.15625,
        128740.15625,
        61156.0234375
    ],
    "5": [
        101025.078125,
        107106.7109375,
        30578.01171875
    ],
    "6": [
        95895.6484375,
        108015.125,
        15289.005859375
    ],
    "7": [
        95268.25,
        102941.59375,
        7644.5029296875
    ]
}