{
    "0": [
        202387.5,
        202387.5,
        291219.15625
    ],
    "1": [
        202387.5,
        202387.5,
        291219.15625
    ],
    "2": [
        187145.203125,
        223841.015625,
        145609.578125
    ],
    "3": [
        159400.140625,
        230797.734375,
        101926.703125
    ],
    "4": [
        148308.625,
        265455.46875,
        61156.0234375
    ],
    "5": [
        128518.453125,
        255023.625,
        30578.01171875
    ],
    "6": [
        126543.734375,
        259857.25,
        15289.005859375
    ],
    "7": [
        126720.75,
        257969.8125,
        7644.5029296875
    ],
    "8": [
        125154.890625,
        258681.8125,
        3822.25146484375
    ],
    "9": [
        124276.6875,
        259285.296875,
        1911.125732421875
    ]
}