{
    "0": [
        202387.5,
        202387.5,
        291219.15625
    ],
    "1": [
        202387.5,
        202387.5,
        291219.15625
    ],
    "2": [
        312823.90625,
        183892.546875,
        145609.578125
    ],
    "3": [
        330707.53125,
        200964.78125,
        101926.703125
    ],
    "4": [
        299109.875,
        213371.53125,
        61156.0234375
    ],
    "5": [
        286632.90625,
        197520.140625,
        30578.01171875
    ],
    "6": [
        284206.90625,
        196333.78125,
        15289.005859375
    ],
    "7": [
        281979.125,
        193985.4375,
        7644.5029296875
    ]
}