{
    "0": [
        202387.5,
        202387.5,
        291219.15625
    ],
    "1": [
        202387.5,
        202387.5,
        291219.15625
    ],
    "2": [
        149567,
        195364.640625,
        145609.578125
    ],
    "3": [
        116689.140625,
        218137.53125,
        101926.703125
    ],
    "4": [
        149293.1875,
        214900.828125,
        61156.0234375
    ],
    "5": [
        136797.65625,
        206198.09375,
        30578.01171875
    ],
    "6": [
        140184.796875,
        206927.421875,
        15289.005859375
    ]
}