{
    "0": [
        202387.5,
        202387.5,
        291219.15625
    ],
    "1": [
        202387.5,
        202387.5,
        291219.15625
    ],
    "2": [
        225033.484375,
        271701.3125,
        145609.578125
    ],
    "3": [
        211770.1875,
        269205.65625,
        101926.703125
    ],
    "4": [
        211299.625,
        302538.875,
        61156.0234375
    ],
    "5": [
        203589.546875,
        327838.09375,
        30578.01171875
    ],
    "6": [
        200520.421875,
        319681.5625,
        15289.005859375
    ],
    "7": [
        200692.5,
        320381.53125,
        7644.5029296875
    ]
}