{
    "0": [
        202387.5,
        202387.5,
        291219.15625
    ],
    "1": [
        202387.5,
        202387.5,
        291219.15625
    ],
    "2": [
        123164.859375,
        271912.78125,
        145609.578125
    ],
    "3": [
        138778.328125,
        287827.53125,
        101926.703125
    ],
    "4": [
        130447.6328125,
        297737.0625,
        61156.0234375
    ],
    "5": [
        152389.078125,
        290502.1875,
        30578.01171875
    ],
    "6": [
        165394.4375,
        290236.28125,
        15289.005859375
    ],
    "7": [
        165466.703125,
        289812.40625,
        7644.5029296875
    ]
}