{
    "0": [
        202387.5,
        202387.5,
        291219.15625
    ],
    "1": [
        202387.5,
        202387.5,
        291219.15625
    ],
    "2": [
        269462.75,
        237180.1875,
        145609.578125
    ],
    "3": [
        251579.671875,
        272857.5,
        101926.703125
    ],
    "4": [
        227294.28125,
        259216.28125,
        61156.0234375
    ],
    "5": [
        222203.3125,
        245988.640625,
        30578.01171875
    ],
    "6": [
        227084.140625,
        253461.34375,
        15289.005859375
    ],
    "7": [
        233708.09375,
        256652.5625,
        7644.5029296875
    ]
}