{
    "0": [
        202387.5,
        202387.5,
        291219.15625
    ],
    "1": [
        202387.5,
        202387.5,
        291219.15625
    ],
    "2": [
        227790.640625,
        271085.65625,
        145609.578125
    ],
    "3": [
        209814.484375,
        247449.515625,
        101926.703125
    ],
    "4": [
        243565.84375,
        244875.53125,
        61156.0234375
    ],
    "5": [
        248495,
        253328.15625,
        30578.01171875
    ],
    "6": [
        247421.828125,
        239773.21875,
        15289.005859375
    ]
}