{
    "0": [
        202387.5,
        202387.5,
        291219.15625
    ],
    "1": [
        202387.5,
        202387.5,
        291219.15625
    ],
    "2": [
        208984.375,
        110351.8828125,
        145609.578125
    ],
    "3": [
        175617.46875,
        110638.0703125,
        101926.703125
    ],
    "4": [
        181509.4375,
        122892.21875,
        61156.0234375
    ],
    "5": [
        200060.53125,
        99497.453125,
        30578.01171875
    ],
    "6": [
        210664.671875,
        105723.5390625,
        15289.005859375
    ],
    "7": [
        214232.734375,
        106775.625,
        7644.5029296875
    ]
}