{
    "0": [
        202387.5,
        202387.5,
        291219.15625
    ],
    "1": [
        202387.5,
        202387.5,
        291219.15625
    ],
    "2": [
        309890.15625,
        207874.015625,
        145609.578125
    ],
    "3": [
        317224.15625,
        223615.265625,
        101926.703125
    ],
    "4": [
        283549.09375,
        215885.234375,
        61156.0234375
    ],
    "5": [
        290578.375,
        205001.8125,
        30578.01171875
    ],
    "6": [
        292059.875,
        202382.796875,
        15289.005859375
    ],
    "7": [
        294344.4375,
        204432,
        7644.5029296875
    ]
}