{
    "0": [
        202387.5,
        202387.5,
        291219.15625
    ],
    "1": [
        202387.5,
        202387.5,
        291219.15625
    ],
    "2": [
        163297.71875,
        149642.71875,
        145609.578125
    ],
    "3": [
        193680.6875,
        135253.96875,
        101926.703125
    ],
    "4": [
        205835.625,
        118723.609375,
        61156.0234375
    ],
    "5": [
        200696.359375,
        138128.65625,
        30578.01171875
    ],
    "6": [
        213009.828125,
        134015.234375,
        15289.005859375
    ],
    "7": [
        211502.640625,
        135156.890625,
        7644.5029296875
    ],
    "8": [
        211938.34375,
        138155.484375,
        3822.25146484375
    ]
}