{
    "0": [
        202387.5,
        202387.5,
        291219.15625
    ],
    "1": [
        202387.5,
        202387.5,
        291219.15625
    ],
    "2": [
        196760.90625,
        204165.765625,
        145609.578125
    ],
    "3": [
        209753.6875,
        201230.265625,
        101926.703125
    ],
    "4": [
        179410.265625,
        221758.046875,
        61156.0234375
    ],
    "5": [
        172626.5625,
        206657.421875,
        30578.01171875
    ],
    "6": [
        178298.28125,
        201547.28125,
        15289.005859375
    ],
    "7": [
        177667.21875,
        208522.78125,
        7644.5029296875
    ]
}