{
    "0": [
        202387.5,
        202387.5,
        291219.15625
    ],
    "1": [
        202387.5,
        202387.5,
        291219.15625
    ],
    "2": [
        197359.28125,
        194938.09375,
        145609.578125
    ],
    "3": [
        159219.765625,
        182894.28125,
        101926.703125
    ],
    "4": [
        186597.640625,
        190263.1875,
        61156.0234375
    ],
    "5": [
        166753.28125,
        212191.6875,
        30578.01171875
    ],
    "6": [
        169344.09375,
        225063.53125,
        15289.005859375
    ],
    "7": [
        172427.390625,
        225103.09375,
        7644.5029296875
    ],
    "8": [
        171009.671875,
        222655.015625,
        3822.25146484375
    ]
}