{
    "0": [
        202387.5,
        202387.5,
        291219.15625
    ],
    "1": [
        202387.5,
        202387.5,
        291219.15625
    ],
    "2": [
        138752.671875,
        159595.390625,
        145609.578125
    ],
    "3": [
        105267.125,
        175426.796875,
        101926.703125
    ],
    "4": [
        75091.5625,
        167846.796875,
        61156.0234375
    ],
    "5": [
        74024.2265625,
        197477.96875,
        30578.01171875
    ],
    "6": [
        75878.5,
        211053.203125,
        15289.005859375
    ],
    "7": [
        69512.3515625,
        211780.25,
        7644.5029296875
    ],
    "8": [
        72684.4453125,
        212462.5,
        3822.25146484375
    ],
    "9": [
        73678.8359375,
        212241.0625,
        1911.125732421875
    ]
}