{
    "0": [
        202387.5,
        202387.5,
        291219.15625
    ],
    "1": [
        202387.5,
        202387.5,
        291219.15625
    ],
    "2": [
        157484.203125,
        307971.65625,
        145609.578125
    ],
    "3": [
        162819.609375,
        346103.875,
        101926.703125
    ],
    "4": [
        126965.6328125,
        362524.78125,
        61156.0234375
    ],
    "5": [
        140332.765625,
        365923.875,
        30578.01171875
    ],
    "6": [
        139028.484375,
        370635.9375,
        15289.005859375
    ]
}