{
    "0": [
        202387.5,
        202387.5,
        291219.15625
    ],
    "1": [
        202387.5,
        202387.5,
        291219.15625
    ],
    "2": [
        221013.015625,
        280273.1875,
        145609.578125
    ],
    "3": [
        204026.078125,
        291312.09375,
        101926.703125
    ],
    "4": [
        190950.984375,
        298501.96875,
        61156.0234375
    ],
    "5": [
        180939.015625,
        275335.40625,
        30578.01171875
    ],
    "6": [
        188684.359375,
        285958.9375,
        15289.005859375
    ],
    "7": [
        183873.28125,
        285184.78125,
        7644.5029296875
    ]
}