{
    "0": [
        202387.5,
        202387.5,
        291219.15625
    ],
    "1": [
        202387.5,
        202387.5,
        291219.15625
    ],
    "2": [
        218400.84375,
        191264.34375,
        145609.578125
    ],
    "3": [
        235221.90625,
        153554.484375,
        101926.703125
    ],
    "4": [
        246767.625,
        122596.09375,
        61156.0234375
    ],
    "5": [
        249430.1875,
        123709.375,
        30578.01171875
    ],
    "6": [
        245643.53125,
        115947.4921875,
        15289.005859375
    ],
    "7": [
        250499.671875,
        114335.53125,
        7644.5029296875
    ],
    "8": [
        250728.75,
        116059.1015625,
        3822.25146484375
    ]
}