{
    "0": [
        202387.5,
        202387.5,
        291219.15625
    ],
    "1": [
        202387.5,
        202387.5,
        291219.15625
    ],
    "2": [
        97385.53125,
        156078.03125,
        145609.578125
    ],
    "3": [
        100229.4921875,
        120651.390625,
        101926.703125
    ],
    "4": [
        71895.53125,
        141245.0625,
        61156.0234375
    ],
    "5": [
        80794.140625,
        152575.59375,
        30578.01171875
    ],
    "6": [
        85172.8984375,
        143974.171875,
        15289.005859375
    ],
    "7": [
        81799.5859375,
        146148.921875,
        7644.5029296875
    ]
}