{
    "0": [
        202387.5,
        202387.5,
        291219.15625
    ],
    "1": [
        202387.5,
        202387.5,
        291219.15625
    ],
    "2": [
        134467.578125,
        170751.046875,
        145609.578125
    ],
    "3": [
        116281.4453125,
        163190.453125,
        101926.703125
    ],
    "4": [
        79698.515625,
        151762.78125,
        61156.0234375
    ],
    "5": [
        65244.171875,
        146968.921875,
        30578.01171875
    ],
    "6": [
        73601.265625,
        143641.28125,
        15289.005859375
    ],
    "7": [
        69507.8046875,
        147343.25,
        7644.5029296875
    ],
    "8": [
        68788.4765625,
        146917.53125,
        3822.25146484375
    ]
}