{
    "0": [
        202387.5,
        202387.5,
        291219.15625
    ],
    "1": [
        202387.5,
        202387.5,
        291219.15625
    ],
    "2": [
        142123.9375,
        130099.9921875,
        145609.578125
    ],
    "3": [
        156315.40625,
        100975.8046875,
        101926.703125
    ],
    "4": [
        176267.59375,
        96471.15625,
        61156.0234375
    ],
    "5": [
        195978.03125,
        113743.21875,
        30578.01171875
    ],
    "6": [
        196356.53125,
        114083.078125,
        15289.005859375
    ]
}