{
    "0": [
        202387.5,
        202387.5,
        291219.15625
    ],
    "1": [
        202387.5,
        202387.5,
        291219.15625
    ],
    "2": [
        209128.390625,
        132655.484375,
        145609.578125
    ],
    "3": [
        187021.046875,
        163271.84375,
        101926.703125
    ],
    "4": [
        210735.078125,
        137484.453125,
        61156.0234375
    ],
    "5": [
        194294.375,
        140229,
        30578.01171875
    ],
    "6": [
        187024.984375,
        127183.2734375,
        15289.005859375
    ],
    "7": [
        180412.375,
        130948.109375,
        7644.5029296875
    ]
}