{
    "0": [
        202387.5,
        202387.5,
        291219.15625
    ],
    "1": [
        202387.5,
        202387.5,
        291219.15625
    ],
    "2": [
        303881.65625,
        185474.09375,
        145609.578125
    ],
    "3": [
        289748.28125,
        218995.015625,
        101926.703125
    ],
    "4": [
        260284.46875,
        232636.140625,
        61156.0234375
    ],
    "5": [
        258660.234375,
        228054.8125,
        30578.01171875
    ],
    "6": [
        256987.34375,
        230012.796875,
        15289.005859375
    ],
    "7": [
        251258.40625,
        231014,
        7644.5029296875
    ]
}