{
    "0": [
        202387.5,
        202387.5,
        291219.15625
    ],
    "1": [
        202387.5,
        202387.5,
        291219.15625
    ],
    "2": [
        205679.453125,
        87917.109375,
        145609.578125
    ],
    "3": [
        241821.375,
        80392.921875,
        101926.703125
    ],
    "4": [
        217070.3125,
        79083.453125,
        61156.0234375
    ],
    "5": [
        192993.46875,
        83473.046875,
        30578.01171875
    ],
    "6": [
        190724.125,
        75015.8359375,
        15289.005859375
    ],
    "7": [
        190139.890625,
        76427.546875,
        7644.5029296875
    ],
    "8": [
        188951.859375,
        74860.390625,
        3822.25146484375
    ]
}