{
    "0": [
        202387.5,
        202387.5,
        291219.15625
    ],
    "1": [
        202387.5,
        202387.5,
        291219.15625
    ],
    "2": [
        104267.578125,
        194183.171875,
        145609.578125
    ],
    "3": [
        112150.9375,
        194427.9375,
        101926.703125
    ],
    "4": [
        130075.921875,
        176092.921875,
        61156.0234375
    ],
    "5": [
        117953.8046875,
        188942.875,
        30578.01171875
    ],
    "6": [
        120376.546875,
        174597.84375,
        15289.005859375
    ],
    "7": [
        124449.9296875,
        175806.4375,
        7644.5029296875
    ]
}