{
    "0": [
        202387.5,
        202387.5,
        291219.15625
    ],
    "1": [
        202387.5,
        202387.5,
        291219.15625
    ],
    "2": [
        193453.75,
        107452.171875,
        145609.578125
    ],
    "3": [
        199887.3125,
        84989.671875,
        101926.703125
    ],
    "4": [
        217036.828125,
        111071.40625,
        61156.0234375
    ],
    "5": [
        212132.890625,
        102979.9453125,
        30578.01171875
    ],
    "6": [
        220852.125,
        112642.1484375,
        15289.005859375
    ],
    "7": [
        221648.015625,
        117041.6953125,
        7644.5029296875
    ]
}