{
    "0": [
        202387.5,
        202387.5,
        291219.15625
    ],
    "1": [
        202387.5,
        202387.5,
        291219.15625
    ],
    "2": [
        258921.34375,
        163065.21875,
        145609.578125
    ],
    "3": [
        250002.671875,
        191702.75,
        101926.703125
    ],
    "4": [
        275993.8125,
        177134,
        61156.0234375
    ],
    "5": [
        303048,
        171993.328125,
        30578.01171875
    ],
    "6": [
        305978.65625,
        165348.828125,
        15289.005859375
    ],
    "7": [
        301071.84375,
        164367.46875,
        7644.5029296875
    ],
    "8": [
        299789.28125,
        163505.484375,
        3822.25146484375
    ]
}