{
    "0": [
        202387.5,
        202387.5,
        291219.15625
    ],
    "1": [
        202387.5,
        202387.5,
        291219.15625
    ],
    "2": [
        159823.046875,
        226035.890625,
        145609.578125
    ],
    "3": [
        146353.984375,
        220014.8125,
        101926.703125
    ],
    "4": [
        167791.4375,
        254489.015625,
        61156.0234375
    ],
    "5": [
        187012.453125,
        250996.09375,
        30578.01171875
    ],
    "6": [
        200673.03125,
        247444.6875,
        15289.005859375
    ]
}