{
    "0": [
        202387.5,
        202387.5,
        291219.15625
    ],
    "1": [
        202387.5,
        202387.5,
        291219.15625
    ],
    "2": [
        165874.4375,
        145870.15625,
        145609.578125
    ],
    "3": [
        124640.53125,
        141255.8125,
        101926.703125
    ],
    "4": [
        152051.484375,
        154746.078125,
        61156.0234375
    ],
    "5": [
        150587.703125,
        145916.21875,
        30578.01171875
    ],
    "6": [
        146719,
        147696.875,
        15289.005859375
    ],
    "7": [
        143881.53125,
        147564.078125,
        7644.5029296875
    ]
}