{
    "0": [
        202387.5,
        202387.5,
        291219.15625
    ],
    "1": [
        202387.5,
        202387.5,
        291219.15625
    ],
    "2": [
        134447.421875,
        232343.109375,
        145609.578125
    ],
    "3": [
        138434.1875,
        269390.875,
        101926.703125
    ],
    "4": [
        176641.25,
        269680.8125,
        61156.0234375
    ],
    "5": [
        165339.078125,
        280148.21875,
        30578.01171875
    ],
    "6": [
        151221.75,
        282081.6875,
        15289.005859375
    ],
    "7": [
        145841.484375,
        284913.875,
        7644.5029296875
    ]
}