{
    "0": [
        202387.5,
        202387.5,
        291219.15625
    ],
    "1": [
        202387.5,
        202387.5,
        291219.15625
    ],
    "2": [
        177886.6875,
        98100.0078125,
        145609.578125
    ],
    "3": [
        211070.375,
        109449.1796875,
        101926.703125
    ],
    "4": [
        209022.671875,
        122508.90625,
        61156.0234375
    ],
    "5": [
        194112.03125,
        105641.25,
        30578.01171875
    ],
    "6": [
        205727.953125,
        107191.0078125,
        15289.005859375
    ],
    "7": [
        210487.859375,
        108893.9609375,
        7644.5029296875
    ]
}