{
    "0": [
        202387.5,
        202387.5,
        291219.15625
    ],
    "1": [
        202387.5,
        202387.5,
        291219.15625
    ],
    "2": [
        247215.21875,
        126277.2890625,
        145609.578125
    ],
    "3": [
        265115.46875,
        152650.25,
        101926.703125
    ],
    "4": [
        269807.03125,
        130789.640625,
        61156.0234375
    ],
    "5": [
        255665.515625,
        117770.296875,
        30578.01171875
    ],
    "6": [
        251093.03125,
        115287.84375,
        15289.005859375
    ],
    "7": [
        244930.40625,
        112847.6171875,
        7644.5029296875
    ]
}