{
    "0": [
        202387.5,
        202387.5,
        291219.15625
    ],
    "1": [
        202387.5,
        202387.5,
        291219.15625
    ],
    "2": [
        254463.234375,
        305456.5,
        145609.578125
    ],
    "3": [
        227117.109375,
        288755.78125,
        101926.703125
    ],
    "4": [
        195641.921875,
        294168.0625,
        61156.0234375
    ],
    "5": [
        208506.59375,
        308367.75,
        30578.01171875
    ],
    "6": [
        193654.296875,
        309928.34375,
        15289.005859375
    ]
}