{
    "0": [
        202387.5,
        202387.5,
        291219.15625
    ],
    "1": [
        202387.5,
        202387.5,
        291219.15625
    ],
    "2": [
        175848.078125,
        243151.28125,
        145609.578125
    ],
    "3": [
        140743.28125,
        263308.6875,
        101926.703125
    ],
    "4": [
        163269.1875,
        277496.3125,
        61156.0234375
    ],
    "5": [
        150091.578125,
        261546.59375,
        30578.01171875
    ],
    "6": [
        154939.59375,
        251344.953125,
        15289.005859375
    ]
}