{
    "0": [
        202387.5,
        202387.5,
        291219.15625
    ],
    "1": [
        202387.5,
        202387.5,
        291219.15625
    ],
    "2": [
        137521.90625,
        197232.6875,
        145609.578125
    ],
    "3": [
        166742.53125,
        222251.890625,
        101926.703125
    ],
    "4": [
        176387.734375,
        213987,
        61156.0234375
    ],
    "5": [
        184597.578125,
        227219.734375,
        30578.01171875
    ],
    "6": [
        186270.4375,
        220351.265625,
        15289.005859375
    ],
    "7": [
        189681.921875,
        223849.96875,
        7644.5029296875
    ],
    "8": [
        190754.84375,
        224670.90625,
        3822.25146484375
    ]
}