{
    "0": [
        202387.5,
        202387.5,
        291219.15625
    ],
    "1": [
        202387.5,
        202387.5,
        291219.15625
    ],
    "2": [
        212184.328125,
        177819.90625,
        145609.578125
    ],
    "3": [
        239580.71875,
        165414.328125,
        101926.703125
    ],
    "4": [
        208043.4375,
        147113.0625,
        61156.0234375
    ],
    "5": [
        189239.53125,
        130875.90625,
        30578.01171875
    ],
    "6": [
        197728.765625,
        126744.6796875,
        15289.005859375
    ],
    "7": [
        201018.484375,
        127061.484375,
        7644.5029296875
    ]
}