{
    "0": [
        202387.5,
        202387.5,
        291219.15625
    ],
    "1": [
        202387.5,
        202387.5,
        291219.15625
    ],
    "2": [
        210789.671875,
        200821.09375,
        145609.578125
    ],
    "3": [
        175017.71875,
        205814.8125,
        101926.703125
    ],
    "4": [
        183764.9375,
        200177.0625,
        61156.0234375
    ],
    "5": [
        185770.8125,
        175657.421875,
        30578.01171875
    ],
    "6": [
        187147.6875,
        182775.84375,
        15289.005859375
    ],
    "7": [
        187429.390625,
        180986.109375,
        7644.5029296875
    ]
}