{
    "0": [
        202387.5,
        202387.5,
        291219.15625
    ],
    "1": [
        202387.5,
        202387.5,
        291219.15625
    ],
    "2": [
        250250.3125,
        196543.546875,
        145609.578125
    ],
    "3": [
        229637.015625,
        172175.015625,
        101926.703125
    ],
    "4": [
        252994.4375,
        148417.8125,
        61156.0234375
    ],
    "5": [
        267218.25,
        139919.921875,
        30578.01171875
    ],
    "6": [
        274098.59375,
        129956.7421875,
        15289.005859375
    ]
}