{
    "0": [
        202387.5,
        202387.5,
        291219.15625
    ],
    "1": [
        202387.5,
        202387.5,
        291219.15625
    ],
    "2": [
        286571.3125,
        242160.171875,
        145609.578125
    ],
    "3": [
        317650.28125,
        232494.1875,
        101926.703125
    ],
    "4": [
        324254.1875,
        249800.671875,
        61156.0234375
    ],
    "5": [
        332687.0625,
        248249.171875,
        30578.01171875
    ],
    "6": [
        326301.5,
        239290.90625,
        15289.005859375
    ],
    "7": [
        320575.625,
        239438.71875,
        7644.5029296875
    ]
}