{
    "0": [
        202387.5,
        202387.5,
        291219.15625
    ],
    "1": [
        202387.5,
        202387.5,
        291219.15625
    ],
    "2": [
        108016.859375,
        215270.921875,
        145609.578125
    ],
    "3": [
        120141.125,
        183658.4375,
        101926.703125
    ],
    "4": [
        150274.71875,
        174775.234375,
        61156.0234375
    ],
    "5": [
        170557.1875,
        182521.15625,
        30578.01171875
    ],
    "6": [
        166642.84375,
        179724.828125,
        15289.005859375
    ]
}