{
    "0": [
        202387.5,
        202387.5,
        291219.15625
    ],
    "1": [
        202387.5,
        202387.5,
        291219.15625
    ],
    "2": [
        205056.171875,
        105520.390625,
        145609.578125
    ],
    "3": [
        204507.09375,
        123389.8828125,
        101926.703125
    ],
    "4": [
        166159.4375,
        118324.7578125,
        61156.0234375
    ],
    "5": [
        175244.53125,
        119650.6796875,
        30578.01171875
    ],
    "6": [
        168702,
        114050.75,
        15289.005859375
    ],
    "7": [
        169429.109375,
        113251.625,
        7644.5029296875
    ],
    "8": [
        168621.234375,
        114811.1640625,
        3822.25146484375
    ]
}