{
    "0": [
        202387.5,
        202387.5,
        291219.15625
    ],
    "1": [
        202387.5,
        202387.5,
        291219.15625
    ],
    "2": [
        190488.8125,
        281848.03125,
        145609.578125
    ],
    "3": [
        205335.015625,
        321937.90625,
        101926.703125
    ],
    "4": [
        204112.796875,
        345789.0625,
        61156.0234375
    ],
    "5": [
        181995.015625,
        341030.78125,
        30578.01171875
    ],
    "6": [
        177838.5625,
        337383.0625,
        15289.005859375
    ],
    "7": [
        180260.984375,
        343316.84375,
        7644.5029296875
    ]
}