{
    "0": [
        202387.5,
        202387.5,
        291219.15625
    ],
    "1": [
        202387.5,
        202387.5,
        291219.15625
    ],
    "2": [
        307628.3125,
        198510.234375,
        145609.578125
    ],
    "3": [
        311468.21875,
        239446.734375,
        101926.703125
    ],
    "4": [
        331380.96875,
        215770.578125,
        61156.0234375
    ],
    "5": [
        346949,
        237407.625,
        30578.01171875
    ],
    "6": [
        342132.65625,
        234406.859375,
        15289.005859375
    ],
    "7": [
        348514.5,
        233054.078125,
        7644.5029296875
    ]
}