{
    "0": [
        202387.5,
        202387.5,
        291219.15625
    ],
    "1": [
        202387.5,
        202387.5,
        291219.15625
    ],
    "2": [
        181587.34375,
        224797.328125,
        145609.578125
    ],
    "3": [
        207420.671875,
        217402.40625,
        101926.703125
    ],
    "4": [
        240108.5,
        238053.703125,
        61156.0234375
    ],
    "5": [
        263244.9375,
        253889.671875,
        30578.01171875
    ],
    "6": [
        256086.96875,
        253408.15625,
        15289.005859375
    ],
    "7": [
        251840.90625,
        247944.40625,
        7644.5029296875
    ]
}