{
    "0": [
        202387.5,
        202387.5,
        291219.15625
    ],
    "1": [
        202387.5,
        202387.5,
        291219.15625
    ],
    "2": [
        158127.109375,
        286029.71875,
        145609.578125
    ],
    "3": [
        148404.65625,
        273811.625,
        101926.703125
    ],
    "4": [
        140120.984375,
        237105.3125,
        61156.0234375
    ],
    "5": [
        154183.640625,
        214286.609375,
        30578.01171875
    ],
    "6": [
        141839.140625,
        216066.3125,
        15289.005859375
    ],
    "7": [
        147649.0625,
        217447.046875,
        7644.5029296875
    ]
}