{
    "0": [
        202387.5,
        202387.5,
        291219.15625
    ],
    "1": [
        202387.5,
        202387.5,
        291219.15625
    ],
    "2": [
        89302.4140625,
        225005.84375,
        145609.578125
    ],
    "3": [
        101528.7109375,
        195909.3125,
        101926.703125
    ],
    "4": [
        97989.203125,
        198940.921875,
        61156.0234375
    ],
    "5": [
        85142.1015625,
        214841.28125,
        30578.01171875
    ],
    "6": [
        79702.15625,
        202312.046875,
        15289.005859375
    ],
    "7": [
        85579.6796875,
        205378.765625,
        7644.5029296875
    ]
}