{
    "0": [
        202387.5,
        202387.5,
        291219.15625
    ],
    "1": [
        202387.5,
        202387.5,
        291219.15625
    ],
    "2": [
        281176.75,
        215377.5625,
        145609.578125
    ],
    "3": [
        251544.046875,
        227095.015625,
        101926.703125
    ],
    "4": [
        267584.78125,
        244802.09375,
        61156.0234375
    ],
    "5": [
        291682.8125,
        241813.28125,
        30578.01171875
    ],
    "6": [
        281915.90625,
        239967.046875,
        15289.005859375
    ],
    "7": [
        287014.375,
        238624.265625,
        7644.5029296875
    ]
}