{
    "0": [
        202387.5,
        202387.5,
        291219.15625
    ],
    "1": [
        202387.5,
        202387.5,
        291219.15625
    ],
    "2": [
        251084.1875,
        125131.5078125,
        145609.578125
    ],
    "3": [
        245917.78125,
        118003.3671875,
        101926.703125
    ],
    "4": [
        220256.734375,
        102728.5234375,
        61156.0234375
    ],
    "5": [
        217489.8125,
        109179.796875,
        30578.01171875
    ],
    "6": [
        229182.296875,
        102617.265625,
        15289.005859375
    ],
    "7": [
        227345,
        103277.7578125,
        7644.5029296875
    ]
}