{
    "0": [
        202387.5,
        202387.5,
        291219.15625
    ],
    "1": [
        202387.5,
        202387.5,
        291219.15625
    ],
    "2": [
        119377.4296875,
        212189.296875,
        145609.578125
    ],
    "3": [
        84241.984375,
        224052.015625,
        101926.703125
    ],
    "4": [
        102480.3828125,
        191526.171875,
        61156.0234375
    ],
    "5": [
        124506.78125,
        179135.96875,
        30578.01171875
    ],
    "6": [
        114000.375,
        184895.375,
        15289.005859375
    ],
    "7": [
        112624.84375,
        190947.109375,
        7644.5029296875
    ]
}