{
    "0": [
        202387.5,
        202387.5,
        291219.15625
    ],
    "1": [
        202387.5,
        202387.5,
        291219.15625
    ],
    "2": [
        93904.484375,
        202993.53125,
        145609.578125
    ],
    "3": [
        84829.1171875,
        234789.46875,
        101926.703125
    ],
    "4": [
        99478.6171875,
        237899.875,
        61156.0234375
    ],
    "5": [
        108151.2578125,
        217193.03125,
        30578.01171875
    ],
    "6": [
        102894.515625,
        212467.59375,
        15289.005859375
    ],
    "7": [
        106349.8984375,
        217818.71875,
        7644.5029296875
    ]
}