{
    "0": [
        202387.5,
        202387.5,
        291219.15625
    ],
    "1": [
        202387.5,
        202387.5,
        291219.15625
    ],
    "2": [
        260765.8125,
        281436.96875,
        145609.578125
    ],
    "3": [
        285245.46875,
        308790.625,
        101926.703125
    ],
    "4": [
        292045.125,
        291419.46875,
        61156.0234375
    ],
    "5": [
        293889.34375,
        264414.9375,
        30578.01171875
    ],
    "6": [
        281485.625,
        260389.359375,
        15289.005859375
    ],
    "7": [
        284170.9375,
        255693.203125,
        7644.5029296875
    ],
    "8": [
        285188.75,
        254440.78125,
        3822.25146484375
    ]
}