{
    "0": [
        202387.5,
        202387.5,
        291219.15625
    ],
    "1": [
        202387.5,
        202387.5,
        291219.15625
    ],
    "2": [
        277627.375,
        178515.734375,
        145609.578125
    ],
    "3": [
        267107.96875,
        200601.1875,
        101926.703125
    ],
    "4": [
        280921.84375,
        206651.40625,
        61156.0234375
    ],
    "5": [
        277201,
        219619.75,
        30578.01171875
    ],
    "6": [
        275040.71875,
        228198.8125,
        15289.005859375
    ],
    "7": [
        269143.8125,
        226837.140625,
        7644.5029296875
    ]
}