{
    "0": [
        202387.5,
        202387.5,
        291219.15625
    ],
    "1": [
        202387.5,
        202387.5,
        291219.15625
    ],
    "2": [
        224597.359375,
        307699.96875,
        145609.578125
    ],
    "3": [
        255199.875,
        284660,
        101926.703125
    ],
    "4": [
        243557.515625,
        310937.75,
        61156.0234375
    ],
    "5": [
        238824.953125,
        302858.71875,
        30578.01171875
    ],
    "6": [
        244691.171875,
        308483.5,
        15289.005859375
    ]
}