{
    "0": [
        202387.5,
        202387.5,
        291219.15625
    ],
    "1": [
        202387.5,
        202387.5,
        291219.15625
    ],
    "2": [
        258520.828125,
        184028.46875,
        145609.578125
    ],
    "3": [
        227750.796875,
        161477.703125,
        101926.703125
    ],
    "4": [
        241123.671875,
        185919.3125,
        61156.0234375
    ],
    "5": [
        261544.8125,
        189147.609375,
        30578.01171875
    ],
    "6": [
        253777.953125,
        198146.59375,
        15289.005859375
    ],
    "7": [
        251323.484375,
        198324.703125,
        7644.5029296875
    ],
    "8": [
        253265.8125,
        196002.8125,
        3822.25146484375
    ]
}