{
    "0": [
        202387.5,
        202387.5,
        291219.15625
    ],
    "1": [
        202387.5,
        202387.5,
        291219.15625
    ],
    "2": [
        236479.453125,
        111126.625,
        145609.578125
    ],
    "3": [
        267326.3125,
        82611.828125,
        101926.703125
    ],
    "4": [
        231572.84375,
        102119.796875,
        61156.0234375
    ],
    "5": [
        233495.875,
        116720.6015625,
        30578.01171875
    ],
    "6": [
        243553.421875,
        116618.0234375,
        15289.005859375
    ],
    "7": [
        243588.71875,
        124062.5859375,
        7644.5029296875
    ]
}