{
    "0": [
        202387.5,
        202387.5,
        291219.15625
    ],
    "1": [
        202387.5,
        202387.5,
        291219.15625
    ],
    "2": [
        209404.296875,
        145313.21875,
        145609.578125
    ],
    "3": [
        188604.921875,
        121284.6484375,
        101926.703125
    ],
    "4": [
        189735.15625,
        160244.65625,
        61156.0234375
    ],
    "5": [
        187186.234375,
        188296.90625,
        30578.01171875
    ],
    "6": [
        176958.078125,
        195774.515625,
        15289.005859375
    ],
    "7": [
        179257.625,
        197196.53125,
        7644.5029296875
    ]
}