{
    "0": [
        202387.5,
        202387.5,
        291219.15625
    ],
    "1": [
        202387.5,
        202387.5,
        291219.15625
    ],
    "2": [
        104901.7578125,
        165817.203125,
        145609.578125
    ],
    "3": [
        82377.9609375,
        170905.21875,
        101926.703125
    ],
    "4": [
        79802.84375,
        143595.375,
        61156.0234375
    ],
    "5": [
        103509.2734375,
        135433.53125,
        30578.01171875
    ],
    "6": [
        107066.5390625,
        134846.1875,
        15289.005859375
    ],
    "7": [
        108089.984375,
        136287.765625,
        7644.5029296875
    ]
}