{
    "0": [
        202387.5,
        202387.5,
        291219.15625
    ],
    "1": [
        202387.5,
        202387.5,
        291219.15625
    ],
    "2": [
        214055.53125,
        147108.421875,
        145609.578125
    ],
    "3": [
        230189.546875,
        171842,
        101926.703125
    ],
    "4": [
        208492.609375,
        189492.90625,
        61156.0234375
    ],
    "5": [
        188278.15625,
        196364.578125,
        30578.01171875
    ],
    "6": [
        184781.96875,
        182465.59375,
        15289.005859375
    ],
    "7": [
        182192.96875,
        188956.703125,
        7644.5029296875
    ]
}