{
    "0": [
        202387.5,
        202387.5,
        291219.15625
    ],
    "1": [
        202387.5,
        202387.5,
        291219.15625
    ],
    "2": [
        203867.546875,
        178211.140625,
        145609.578125
    ],
    "3": [
        211163.75,
        138766.9375,
        101926.703125
    ],
    "4": [
        227218.375,
        168231.296875,
        61156.0234375
    ],
    "5": [
        220154.15625,
        145896.1875,
        30578.01171875
    ],
    "6": [
        220924.015625,
        132558.859375,
        15289.005859375
    ],
    "7": [
        225301.9375,
        126957.9453125,
        7644.5029296875
    ]
}