{
    "0": [
        202387.5,
        202387.5,
        291219.15625
    ],
    "1": [
        202387.5,
        202387.5,
        291219.15625
    ],
    "2": [
        230904.71875,
        282893.59375,
        145609.578125
    ],
    "3": [
        205316.359375,
        255209.765625,
        101926.703125
    ],
    "4": [
        197276.421875,
        226679.53125,
        61156.0234375
    ],
    "5": [
        199671.171875,
        220097.390625,
        30578.01171875
    ],
    "6": [
        213654.296875,
        221067.59375,
        15289.005859375
    ],
    "7": [
        218517.75,
        217189.78125,
        7644.5029296875
    ]
}