{
    "0": [
        202387.5,
        202387.5,
        291219.15625
    ],
    "1": [
        202387.5,
        202387.5,
        291219.15625
    ],
    "2": [
        139951,
        183022.890625,
        145609.578125
    ],
    "3": [
        112755.9296875,
        188009.640625,
        101926.703125
    ],
    "4": [
        145911.25,
        188986.78125,
        61156.0234375
    ],
    "5": [
        157149.3125,
        186547.28125,
        30578.01171875
    ],
    "6": [
        158776.125,
        193243.640625,
        15289.005859375
    ],
    "7": [
        157923.4375,
        196085.609375,
        7644.5029296875
    ]
}