{
    "0": [
        202387.5,
        202387.5,
        291219.15625
    ],
    "1": [
        202387.5,
        202387.5,
        291219.15625
    ],
    "2": [
        279316.03125,
        224372.28125,
        145609.578125
    ],
    "3": [
        262285.28125,
        249595.375,
        101926.703125
    ],
    "4": [
        256272.734375,
        267306.28125,
        61156.0234375
    ],
    "5": [
        246358.03125,
        295210.5625,
        30578.01171875
    ],
    "6": [
        247728.953125,
        296903.75,
        15289.005859375
    ],
    "7": [
        247960.578125,
        296825.5,
        7644.5029296875
    ],
    "8": [
        250236.109375,
        296423.28125,
        3822.25146484375
    ]
}