{
    "0": [
        202387.5,
        202387.5,
        291219.15625
    ],
    "1": [
        202387.5,
        202387.5,
        291219.15625
    ],
    "2": [
        254028.3125,
        287000.9375,
        145609.578125
    ],
    "3": [
        294571.875,
        298805.21875,
        101926.703125
    ],
    "4": [
        309737.25,
        267143,
        61156.0234375
    ],
    "5": [
        284098.84375,
        263865.4375,
        30578.01171875
    ],
    "6": [
        293664.625,
        262279.75,
        15289.005859375
    ],
    "7": [
        292634.46875,
        255807.90625,
        7644.5029296875
    ],
    "8": [
        293064.5625,
        258470.28125,
        3822.25146484375
    ]
}