{
    "0": [
        202387.5,
        202387.5,
        291219.15625
    ],
    "1": [
        202387.5,
        202387.5,
        291219.15625
    ],
    "2": [
        140785.1875,
        242179.734375,
        145609.578125
    ],
    "3": [
        164793.703125,
        229390.703125,
        101926.703125
    ],
    "4": [
        145255.125,
        214694.21875,
        61156.0234375
    ],
    "5": [
        152257.03125,
        214839.3125,
        30578.01171875
    ],
    "6": [
        155607.46875,
        220050.234375,
        15289.005859375
    ],
    "7": [
        154097.1875,
        218615.328125,
        7644.5029296875
    ],
    "8": [
        150858.9375,
        219640.046875,
        3822.25146484375
    ]
}