{
    "0": [
        202387.5,
        202387.5,
        291219.15625
    ],
    "1": [
        202387.5,
        202387.5,
        291219.15625
    ],
    "2": [
        207120.1875,
        93035.3515625,
        145609.578125
    ],
    "3": [
        215609.71875,
        75812.5859375,
        101926.703125
    ],
    "4": [
        222273.578125,
        115325.46875,
        61156.0234375
    ],
    "5": [
        215409.4375,
        93325.40625,
        30578.01171875
    ],
    "6": [
        209849.5,
        103818.171875,
        15289.005859375
    ],
    "7": [
        213754.515625,
        104315.75,
        7644.5029296875
    ]
}