{
    "0": [
        202387.5,
        202387.5,
        291219.15625
    ],
    "1": [
        202387.5,
        202387.5,
        291219.15625
    ],
    "2": [
        131218.84375,
        139557.75,
        145609.578125
    ],
    "3": [
        145612.875,
        127792.9765625,
        101926.703125
    ],
    "4": [
        151324.46875,
        157450.875,
        61156.0234375
    ],
    "5": [
        137553.171875,
        134723.734375,
        30578.01171875
    ],
    "6": [
        150184,
        137933.78125,
        15289.005859375
    ],
    "7": [
        152312.90625,
        138523.359375,
        7644.5029296875
    ]
}