{
    "0": [
        202387.5,
        202387.5,
        291219.15625
    ],
    "1": [
        202387.5,
        202387.5,
        291219.15625
    ],
    "2": [
        284875.96875,
        244845.671875,
        145609.578125
    ],
    "3": [
        260174.734375,
        218496.875,
        101926.703125
    ],
    "4": [
        235344.4375,
        234262.171875,
        61156.0234375
    ],
    "5": [
        215202.3125,
        239396.984375,
        30578.01171875
    ]
}