{
    "0": [
        202387.5,
        202387.5,
        291219.15625
    ],
    "1": [
        202387.5,
        202387.5,
        291219.15625
    ],
    "2": [
        205345.359375,
        107916.6328125,
        145609.578125
    ],
    "3": [
        212350.0625,
        89773.96875,
        101926.703125
    ],
    "4": [
        213237.046875,
        100166.390625,
        61156.0234375
    ],
    "5": [
        192128.578125,
        117496.015625,
        30578.01171875
    ],
    "6": [
        199388.65625,
        120202.3046875,
        15289.005859375
    ],
    "7": [
        206271.5,
        119561.5546875,
        7644.5029296875
    ]
}