{
    "0": [
        202387.5,
        202387.5,
        291219.15625
    ],
    "1": [
        202387.5,
        202387.5,
        291219.15625
    ],
    "2": [
        271255.75,
        166636.71875,
        145609.578125
    ],
    "3": [
        306486.5625,
        190560.265625,
        101926.703125
    ],
    "4": [
        308388.78125,
        182121.59375,
        61156.0234375
    ],
    "5": [
        286101.96875,
        161368.6875,
        30578.01171875
    ],
    "6": [
        297680.6875,
        153439.9375,
        15289.005859375
    ],
    "7": [
        299626.6875,
        154458.125,
        7644.5029296875
    ]
}