{
    "0": [
        202387.5,
        202387.5,
        291219.15625
    ],
    "1": [
        202387.5,
        202387.5,
        291219.15625
    ],
    "2": [
        185688.96875,
        199044.90625,
        145609.578125
    ],
    "3": [
        207970.953125,
        165266.71875,
        101926.703125
    ],
    "4": [
        248110.828125,
        169195.953125,
        61156.0234375
    ],
    "5": [
        240814.703125,
        175618.53125,
        30578.01171875
    ],
    "6": [
        251237.59375,
        186177.65625,
        15289.005859375
    ],
    "7": [
        250810.671875,
        185503.03125,
        7644.5029296875
    ]
}