{
    "0": [
        202387.5,
        202387.5,
        291219.15625
    ],
    "1": [
        202387.5,
        202387.5,
        291219.15625
    ],
    "2": [
        194557.859375,
        194404.875,
        145609.578125
    ],
    "3": [
        230453.4375,
        204561.78125,
        101926.703125
    ],
    "4": [
        250860.140625,
        194284.78125,
        61156.0234375
    ],
    "5": [
        240265.09375,
        209537.125,
        30578.01171875
    ],
    "6": [
        227409.84375,
        207083.453125,
        15289.005859375
    ],
    "7": [
        225429.234375,
        206876.234375,
        7644.5029296875
    ]
}