{
    "0": [
        202387.5,
        202387.5,
        291219.15625
    ],
    "1": [
        202387.5,
        202387.5,
        291219.15625
    ],
    "2": [
        196728.46875,
        170900.71875,
        145609.578125
    ],
    "3": [
        231428.015625,
        144853.8125,
        101926.703125
    ],
    "4": [
        239320.5,
        143200.75,
        61156.0234375
    ],
    "5": [
        223404.96875,
        138221.796875,
        30578.01171875
    ],
    "6": [
        218833.953125,
        144524.484375,
        15289.005859375
    ],
    "7": [
        212563.859375,
        142727.1875,
        7644.5029296875
    ]
}