{
    "0": [
        202387.5,
        202387.5,
        291219.15625
    ],
    "1": [
        202387.5,
        202387.5,
        291219.15625
    ],
    "2": [
        236765.453125,
        185496.765625,
        145609.578125
    ],
    "3": [
        274420.65625,
        197759.546875,
        101926.703125
    ],
    "4": [
        285181.78125,
        184884.8125,
        61156.0234375
    ],
    "5": [
        275963.25,
        206238.296875,
        30578.01171875
    ],
    "6": [
        279042,
        217880.046875,
        15289.005859375
    ],
    "7": [
        282870.75,
        220573.265625,
        7644.5029296875
    ]
}