{
    "0": [
        202387.5,
        202387.5,
        291219.15625
    ],
    "1": [
        202387.5,
        202387.5,
        291219.15625
    ],
    "2": [
        153672.671875,
        225021.984375,
        145609.578125
    ],
    "3": [
        141126.625,
        224122.890625,
        101926.703125
    ],
    "4": [
        158918.9375,
        245803.65625,
        61156.0234375
    ],
    "5": [
        145415.71875,
        247785.125,
        30578.01171875
    ],
    "6": [
        149621.84375,
        250275.0625,
        15289.005859375
    ],
    "7": [
        148450.734375,
        251277,
        7644.5029296875
    ]
}