{
    "0": [
        202387.5,
        202387.5,
        291219.15625
    ],
    "1": [
        202387.5,
        202387.5,
        291219.15625
    ],
    "2": [
        272742.25,
        168612,
        145609.578125
    ],
    "3": [
        258048.703125,
        186484.640625,
        101926.703125
    ],
    "4": [
        242841.109375,
        158756.875,
        61156.0234375
    ],
    "5": [
        268247.84375,
        151451.046875,
        30578.01171875
    ],
    "6": [
        277635.125,
        141940.375,
        15289.005859375
    ],
    "7": [
        272778.84375,
        147734.5625,
        7644.5029296875
    ],
    "8": [
        274141.28125,
        149776.640625,
        3822.25146484375
    ]
}