{
    "0": [
        202387.5,
        202387.5,
        291219.15625
    ],
    "1": [
        202387.5,
        202387.5,
        291219.15625
    ],
    "2": [
        297298.625,
        149218.234375,
        145609.578125
    ],
    "3": [
        279340.84375,
        180117.953125,
        101926.703125
    ],
    "4": [
        304860.09375,
        195484.46875,
        61156.0234375
    ],
    "5": [
        313182.0625,
        173646.5,
        30578.01171875
    ],
    "6": [
        307297.8125,
        186401.125,
        15289.005859375
    ],
    "7": [
        307861.125,
        187235.78125,
        7644.5029296875
    ]
}