{
    "0": [
        202387.5,
        202387.5,
        291219.15625
    ],
    "1": [
        202387.5,
        202387.5,
        291219.15625
    ],
    "2": [
        232041.921875,
        107273.5703125,
        145609.578125
    ],
    "3": [
        253876.5625,
        139224.796875,
        101926.703125
    ],
    "4": [
        243429.6875,
        127349.0234375,
        61156.0234375
    ],
    "5": [
        237510.109375,
        131779.3125,
        30578.01171875
    ],
    "6": [
        248262.0625,
        131895.203125,
        15289.005859375
    ],
    "7": [
        249695.3125,
        125758.0078125,
        7644.5029296875
    ],
    "8": [
        245947.921875,
        125108.3125,
        3822.25146484375
    ],
    "9": [
        245208.421875,
        125210.71875,
        1911.125732421875
    ],
    "10": [
        245208.984375,
        125210.0234375,
        0.0019111258443444967
    ]
}