{
    "0": [
        202387.5,
        202387.5,
        291219.15625
    ],
    "1": [
        202387.5,
        202387.5,
        291219.15625
    ],
    "2": [
        241531.96875,
        123716.7890625,
        145609.578125
    ],
    "3": [
        262669.8125,
        129509.328125,
        101926.703125
    ],
    "4": [
        281894.9375,
        102301.546875,
        61156.0234375
    ],
    "5": [
        268035.53125,
        77026.953125,
        30578.01171875
    ],
    "6": [
        271783.625,
        89525.4296875,
        15289.005859375
    ],
    "7": [
        273865.40625,
        88618.5625,
        7644.5029296875
    ]
}