{
    "0": [
        202387.5,
        202387.5,
        291219.15625
    ],
    "1": [
        202387.5,
        202387.5,
        291219.15625
    ],
    "2": [
        251497.203125,
        155888.484375,
        145609.578125
    ],
    "3": [
        239776.421875,
        170203.015625,
        101926.703125
    ],
    "4": [
        250618.34375,
        157170.0625,
        61156.0234375
    ],
    "5": [
        256606.15625,
        186716.0625,
        30578.01171875
    ],
    "6": [
        253454.578125,
        180103.296875,
        15289.005859375
    ],
    "7": [
        250697.640625,
        173847.328125,
        7644.5029296875
    ]
}