{
    "0": [
        202387.5,
        202387.5,
        291219.15625
    ],
    "1": [
        202387.5,
        202387.5,
        291219.15625
    ],
    "2": [
        195877.453125,
        302538.40625,
        145609.578125
    ],
    "3": [
        203252.71875,
        304944.9375,
        101926.703125
    ],
    "4": [
        218858.5625,
        268738.53125,
        61156.0234375
    ],
    "5": [
        245131.28125,
        282470.5,
        30578.01171875
    ],
    "6": [
        249718.046875,
        279527.75,
        15289.005859375
    ]
}