{
    "0": [
        202387.5,
        202387.5,
        291219.15625
    ],
    "1": [
        202387.5,
        202387.5,
        291219.15625
    ],
    "2": [
        291567.9375,
        191689.328125,
        145609.578125
    ],
    "3": [
        271376.25,
        187936.046875,
        101926.703125
    ],
    "4": [
        258509.8125,
        197037.953125,
        61156.0234375
    ],
    "5": [
        248783.203125,
        214274.71875,
        30578.01171875
    ],
    "6": [
        238054.25,
        203522.265625,
        15289.005859375
    ],
    "7": [
        243734.15625,
        203188.71875,
        7644.5029296875
    ]
}