{
    "0": [
        202387.5,
        202387.5,
        291219.15625
    ],
    "1": [
        202387.5,
        202387.5,
        291219.15625
    ],
    "2": [
        259472.390625,
        274732.125,
        145609.578125
    ],
    "3": [
        286431.46875,
        269653.375,
        101926.703125
    ],
    "4": [
        323605.875,
        253266.296875,
        61156.0234375
    ],
    "5": [
        348882.46875,
        265270.84375,
        30578.01171875
    ],
    "6": [
        349172.96875,
        261950.609375,
        15289.005859375
    ],
    "7": [
        351462.28125,
        261653.453125,
        7644.5029296875
    ]
}