{
    "0": [
        202387.5,
        202387.5,
        291219.15625
    ],
    "1": [
        202387.5,
        202387.5,
        291219.15625
    ],
    "2": [
        270377.875,
        126602.5,
        145609.578125
    ],
    "3": [
        233749.5,
        105770.859375,
        101926.703125
    ],
    "4": [
        240460.515625,
        102471.4765625,
        61156.0234375
    ],
    "5": [
        240680.125,
        79571.125,
        30578.01171875
    ],
    "6": [
        252979.078125,
        80395.25,
        15289.005859375
    ],
    "7": [
        253576.03125,
        86068.1171875,
        7644.5029296875
    ],
    "8": [
        257197.71875,
        85384.4140625,
        3822.25146484375
    ]
}