{
    "0": [
        202387.5,
        202387.5,
        291219.15625
    ],
    "1": [
        202387.5,
        202387.5,
        291219.15625
    ],
    "2": [
        243784.125,
        247350.6875,
        145609.578125
    ],
    "3": [
        230138.9375,
        265160.34375,
        101926.703125
    ],
    "4": [
        252969.734375,
        262929.5625,
        61156.0234375
    ],
    "5": [
        272129.75,
        247187.25,
        30578.01171875
    ],
    "6": [
        272546.8125,
        246317.6875,
        15289.005859375
    ],
    "7": [
        271500.875,
        245839.421875,
        7644.5029296875
    ]
}