{
    "0": [
        202387.5,
        202387.5,
        291219.15625
    ],
    "1": [
        202387.5,
        202387.5,
        291219.15625
    ],
    "2": [
        219899.984375,
        88478.96875,
        145609.578125
    ],
    "3": [
        254762.140625,
        84119.890625,
        101926.703125
    ],
    "4": [
        259902.71875,
        116452.390625,
        61156.0234375
    ],
    "5": [
        237611.703125,
        100840.5,
        30578.01171875
    ],
    "6": [
        243498.9375,
        97903.984375,
        15289.005859375
    ]
}