{
    "0": [
        202387.5,
        202387.5,
        291219.15625
    ],
    "1": [
        202387.5,
        202387.5,
        291219.15625
    ],
    "2": [
        284619.375,
        189524.8125,
        145609.578125
    ],
    "3": [
        276423,
        152592.96875,
        101926.703125
    ],
    "4": [
        307334.96875,
        136504.46875,
        61156.0234375
    ],
    "5": [
        312802.84375,
        113529.171875,
        30578.01171875
    ],
    "6": [
        315617.15625,
        118351.4296875,
        15289.005859375
    ],
    "7": [
        316007.40625,
        122817.53125,
        7644.5029296875
    ],
    "8": [
        318093.21875,
        123206.6171875,
        3822.25146484375
    ]
}