{
    "0": [
        202387.5,
        202387.5,
        291219.15625
    ],
    "1": [
        202387.5,
        202387.5,
        291219.15625
    ],
    "2": [
        285057.6875,
        192022.71875,
        145609.578125
    ],
    "3": [
        292820.46875,
        206657.265625,
        101926.703125
    ],
    "4": [
        282917.3125,
        181295.15625,
        61156.0234375
    ],
    "5": [
        294257.78125,
        182628.546875,
        30578.01171875
    ],
    "6": [
        294047.21875,
        180254.671875,
        15289.005859375
    ],
    "7": [
        289565.75,
        182121.890625,
        7644.5029296875
    ]
}