{
    "0": [
        202387.5,
        202387.5,
        291219.15625
    ],
    "1": [
        202387.5,
        202387.5,
        291219.15625
    ],
    "2": [
        184700.0625,
        211189.796875,
        145609.578125
    ],
    "3": [
        180321.234375,
        233023.1875,
        101926.703125
    ],
    "4": [
        170797.234375,
        270327.6875,
        61156.0234375
    ],
    "5": [
        169097.15625,
        268197.25,
        30578.01171875
    ],
    "6": [
        167123.484375,
        265788.15625,
        15289.005859375
    ],
    "7": [
        169514.421875,
        266032.875,
        7644.5029296875
    ],
    "8": [
        169798.078125,
        264458.75,
        3822.25146484375
    ]
}