{
    "0": [
        202387.5,
        202387.5,
        291219.15625
    ],
    "1": [
        202387.5,
        202387.5,
        291219.15625
    ],
    "2": [
        134007.75,
        154774.796875,
        145609.578125
    ],
    "3": [
        132390.828125,
        146128.59375,
        101926.703125
    ],
    "4": [
        146916.109375,
        128856.0546875,
        61156.0234375
    ],
    "5": [
        165164.859375,
        104711.65625,
        30578.01171875
    ],
    "6": [
        172479.109375,
        104753.84375,
        15289.005859375
    ],
    "7": [
        169092.4375,
        98734.0625,
        7644.5029296875
    ]
}