{
    "0": [
        202387.5,
        202387.5,
        291219.15625
    ],
    "1": [
        202387.5,
        202387.5,
        291219.15625
    ],
    "2": [
        199013.015625,
        265247.5,
        145609.578125
    ],
    "3": [
        222833.90625,
        267635.34375,
        101926.703125
    ],
    "4": [
        200835.1875,
        268159.15625,
        61156.0234375
    ],
    "5": [
        215133.5625,
        272628.1875,
        30578.01171875
    ]
}