{
    "0": [
        202387.5,
        202387.5,
        291219.15625
    ],
    "1": [
        202387.5,
        202387.5,
        291219.15625
    ],
    "2": [
        182544.859375,
        234653.03125,
        145609.578125
    ],
    "3": [
        168200.5625,
        266605.71875,
        101926.703125
    ],
    "4": [
        130358.4453125,
        254626.3125,
        61156.0234375
    ],
    "5": [
        135096.859375,
        226098,
        30578.01171875
    ],
    "6": [
        124218.8515625,
        231876.671875,
        15289.005859375
    ]
}