{
    "0": [
        202387.5,
        202387.5,
        291219.15625
    ],
    "1": [
        202387.5,
        202387.5,
        291219.15625
    ],
    "2": [
        231254.828125,
        278951,
        145609.578125
    ],
    "3": [
        203224.359375,
        259891.53125,
        101926.703125
    ],
    "4": [
        180518.609375,
        278151.625,
        61156.0234375
    ],
    "5": [
        172025.84375,
        259365.84375,
        30578.01171875
    ],
    "6": [
        164185.203125,
        270805.25,
        15289.005859375
    ],
    "7": [
        162414.484375,
        271869.40625,
        7644.5029296875
    ]
}