{
    "0": [
        202387.5,
        202387.5,
        291219.15625
    ],
    "1": [
        202387.5,
        202387.5,
        291219.15625
    ],
    "2": [
        162438.59375,
        125851.9921875,
        145609.578125
    ],
    "3": [
        167676.0625,
        111762.8046875,
        101926.703125
    ],
    "4": [
        175460.6875,
        82262.0546875,
        61156.0234375
    ],
    "5": [
        178227.296875,
        99090.640625,
        30578.01171875
    ],
    "6": [
        169022.4375,
        88513.5390625,
        15289.005859375
    ],
    "7": [
        171310.921875,
        82744.3515625,
        7644.5029296875
    ],
    "8": [
        174566.09375,
        83711.8203125,
        3822.25146484375
    ],
    "9": [
        173986.5,
        83670.8828125,
        1911.125732421875
    ]
}