{
    "0": [
        202387.5,
        202387.5,
        291219.15625
    ],
    "1": [
        202387.5,
        202387.5,
        291219.15625
    ],
    "2": [
        280727.4375,
        118358.09375,
        145609.578125
    ],
    "3": [
        309630.15625,
        126457.015625,
        101926.703125
    ],
    "4": [
        324042.15625,
        88391.6484375,
        61156.0234375
    ],
    "5": [
        310715.28125,
        93995.140625,
        30578.01171875
    ],
    "6": [
        315247.40625,
        86438.8203125,
        15289.005859375
    ],
    "7": [
        317491.4375,
        83771.8359375,
        7644.5029296875
    ]
}