{
    "0": [
        202387.5,
        202387.5,
        291219.15625
    ],
    "1": [
        202387.5,
        202387.5,
        291219.15625
    ],
    "2": [
        145991.984375,
        168342.625,
        145609.578125
    ],
    "3": [
        148063.484375,
        132183,
        101926.703125
    ],
    "4": [
        187418.078125,
        132191.921875,
        61156.0234375
    ],
    "5": [
        207901.859375,
        118934.046875,
        30578.01171875
    ],
    "6": [
        195319.359375,
        123259.484375,
        15289.005859375
    ],
    "7": [
        197417.34375,
        121038.28125,
        7644.5029296875
    ]
}