{
    "0": [
        202387.5,
        202387.5,
        291219.15625
    ],
    "1": [
        202387.5,
        202387.5,
        291219.15625
    ],
    "2": [
        306225.46875,
        215422.15625,
        145609.578125
    ],
    "3": [
        274583.25,
        188121.625,
        101926.703125
    ],
    "4": [
        310728,
        179494.484375,
        61156.0234375
    ],
    "5": [
        326454,
        159115.734375,
        30578.01171875
    ],
    "6": [
        327525.5625,
        168588.046875,
        15289.005859375
    ]
}