{
    "0": [
        202387.5,
        202387.5,
        291219.15625
    ],
    "1": [
        202387.5,
        202387.5,
        291219.15625
    ],
    "2": [
        252644.234375,
        213135.078125,
        145609.578125
    ],
    "3": [
        231991.59375,
        224846.953125,
        101926.703125
    ],
    "4": [
        246351.734375,
        251848.65625,
        61156.0234375
    ],
    "5": [
        246801.65625,
        230214.234375,
        30578.01171875
    ],
    "6": [
        254942.4375,
        217295.046875,
        15289.005859375
    ],
    "7": [
        259414.234375,
        218981.140625,
        7644.5029296875
    ],
    "8": [
        261047.484375,
        218432.125,
        3822.25146484375
    ]
}