{
    "0": [
        202387.5,
        202387.5,
        291219.15625
    ],
    "1": [
        202387.5,
        202387.5,
        291219.15625
    ],
    "2": [
        221042.6875,
        123829.1875,
        145609.578125
    ],
    "3": [
        212781.71875,
        159684.140625,
        101926.703125
    ],
    "4": [
        245338.078125,
        167176.03125,
        61156.0234375
    ],
    "5": [
        253620.390625,
        155036.265625,
        30578.01171875
    ],
    "6": [
        262145,
        143536.5,
        15289.005859375
    ],
    "7": [
        260473.1875,
        147545.171875,
        7644.5029296875
    ],
    "8": [
        260999.65625,
        151283.84375,
        3822.25146484375
    ]
}