{
    "0": [
        202387.5,
        202387.5,
        291219.15625
    ],
    "1": [
        202387.5,
        202387.5,
        291219.15625
    ],
    "2": [
        169635.59375,
        277711.5,
        145609.578125
    ],
    "3": [
        165016.03125,
        308931,
        101926.703125
    ],
    "4": [
        189365.25,
        304222.09375,
        61156.0234375
    ],
    "5": [
        164105.8125,
        312248.875,
        30578.01171875
    ],
    "6": [
        160096.875,
        303799.90625,
        15289.005859375
    ]
}