{
    "0": [
        202387.5,
        202387.5,
        291219.15625
    ],
    "1": [
        202387.5,
        202387.5,
        291219.15625
    ],
    "2": [
        307969.3125,
        201716.796875,
        145609.578125
    ],
    "3": [
        290429.34375,
        186504.71875,
        101926.703125
    ],
    "4": [
        313740.71875,
        208147.78125,
        61156.0234375
    ],
    "5": [
        323698.84375,
        191553.296875,
        30578.01171875
    ],
    "6": [
        333463.9375,
        200156.328125,
        15289.005859375
    ],
    "7": [
        328298.21875,
        201646.265625,
        7644.5029296875
    ]
}