{
    "0": [
        202387.5,
        202387.5,
        291219.15625
    ],
    "1": [
        202387.5,
        202387.5,
        291219.15625
    ],
    "2": [
        250719.171875,
        124493.8515625,
        145609.578125
    ],
    "3": [
        263288.875,
        134119.359375,
        101926.703125
    ],
    "4": [
        249709.78125,
        103129.71875,
        61156.0234375
    ],
    "5": [
        260818.203125,
        127022.796875,
        30578.01171875
    ],
    "6": [
        274573.28125,
        120991.40625,
        15289.005859375
    ],
    "7": [
        271467.78125,
        118822.3046875,
        7644.5029296875
    ],
    "8": [
        271151,
        115245.203125,
        3822.25146484375
    ]
}