{
    "0": [
        202387.5,
        202387.5,
        291219.15625
    ],
    "1": [
        202387.5,
        202387.5,
        291219.15625
    ],
    "2": [
        285073.5625,
        204503.4375,
        145609.578125
    ],
    "3": [
        320549.40625,
        187705.078125,
        101926.703125
    ],
    "4": [
        323096.46875,
        158902.640625,
        61156.0234375
    ],
    "5": [
        316883.09375,
        147052.328125,
        30578.01171875
    ],
    "6": [
        308658.125,
        137990.09375,
        15289.005859375
    ],
    "7": [
        311921.875,
        144036.171875,
        7644.5029296875
    ]
}