{
    "0": [
        202387.5,
        202387.5,
        291219.15625
    ],
    "1": [
        202387.5,
        202387.5,
        291219.15625
    ],
    "2": [
        188418.609375,
        155327.03125,
        145609.578125
    ],
    "3": [
        190173.296875,
        175411.4375,
        101926.703125
    ],
    "4": [
        155569.453125,
        154634.828125,
        61156.0234375
    ],
    "5": [
        147381.390625,
        142459.3125,
        30578.01171875
    ],
    "6": [
        135728.609375,
        134475.796875,
        15289.005859375
    ],
    "7": [
        134681.875,
        133699.5625,
        7644.5029296875
    ]
}