{
    "0": [
        202387.5,
        202387.5,
        291219.15625
    ],
    "1": [
        202387.5,
        202387.5,
        291219.15625
    ],
    "2": [
        241985,
        309491.59375,
        145609.578125
    ],
    "3": [
        256148.15625,
        290669.40625,
        101926.703125
    ],
    "4": [
        268721.5,
        284394.03125,
        61156.0234375
    ],
    "5": [
        260738.3125,
        273561.9375,
        30578.01171875
    ],
    "6": [
        258577.890625,
        265199.6875,
        15289.005859375
    ]
}