{
    "0": [
        202387.5,
        202387.5,
        291219.15625
    ],
    "1": [
        202387.5,
        202387.5,
        291219.15625
    ],
    "2": [
        120094.4609375,
        238852.9375,
        145609.578125
    ],
    "3": [
        142268.703125,
        201651.75,
        101926.703125
    ],
    "4": [
        115583.453125,
        207660.84375,
        61156.0234375
    ],
    "5": [
        106522.7421875,
        180554.359375,
        30578.01171875
    ],
    "6": [
        105820.796875,
        180486.375,
        15289.005859375
    ],
    "7": [
        105155.484375,
        182750.546875,
        7644.5029296875
    ],
    "8": [
        102488.0234375,
        185322.796875,
        3822.25146484375
    ]
}