{
    "0": [
        202387.5,
        202387.5,
        291219.15625
    ],
    "1": [
        202387.5,
        202387.5,
        291219.15625
    ],
    "2": [
        275924.75,
        142176.390625,
        145609.578125
    ],
    "3": [
        282382.65625,
        174158.078125,
        101926.703125
    ],
    "4": [
        289348.21875,
        168235.3125,
        61156.0234375
    ],
    "5": [
        310074.03125,
        188959.28125,
        30578.01171875
    ],
    "6": [
        312530.21875,
        185654.4375,
        15289.005859375
    ],
    "7": [
        312296.34375,
        189423.71875,
        7644.5029296875
    ],
    "8": [
        311863.59375,
        189178.609375,
        3822.25146484375
    ]
}