{
    "0": [
        202387.5,
        202387.5,
        291219.15625
    ],
    "1": [
        202387.5,
        202387.5,
        291219.15625
    ],
    "2": [
        265920.96875,
        247205.421875,
        145609.578125
    ],
    "3": [
        236765,
        222504.328125,
        101926.703125
    ],
    "4": [
        240201.015625,
        257333.953125,
        61156.0234375
    ],
    "5": [
        257085.359375,
        246108.234375,
        30578.01171875
    ],
    "6": [
        251144.015625,
        256809.140625,
        15289.005859375
    ],
    "7": [
        251805.046875,
        257395.484375,
        7644.5029296875
    ],
    "8": [
        251710.890625,
        260828.921875,
        3822.25146484375
    ]
}