{
    "0": [
        202387.5,
        202387.5,
        291219.15625
    ],
    "1": [
        202387.5,
        202387.5,
        291219.15625
    ],
    "2": [
        202312,
        224805.6875,
        145609.578125
    ],
    "3": [
        182029.1875,
        195988.5625,
        101926.703125
    ],
    "4": [
        194343.515625,
        225350.328125,
        61156.0234375
    ],
    "5": [
        202730.828125,
        200991.90625,
        30578.01171875
    ],
    "6": [
        195899.015625,
        211958.40625,
        15289.005859375
    ],
    "7": [
        196617.046875,
        208039.125,
        7644.5029296875
    ]
}