{
    "0": [
        202387.5,
        202387.5,
        291219.15625
    ],
    "1": [
        202387.5,
        202387.5,
        291219.15625
    ],
    "2": [
        203151.171875,
        252559.9375,
        145609.578125
    ],
    "3": [
        220723.96875,
        288129.71875,
        101926.703125
    ],
    "4": [
        216358.046875,
        264893.9375,
        61156.0234375
    ],
    "5": [
        226992.84375,
        286808.28125,
        30578.01171875
    ],
    "6": [
        217118.328125,
        281110.25,
        15289.005859375
    ],
    "7": [
        214944.140625,
        276499.15625,
        7644.5029296875
    ]
}