{
    "0": [
        202387.5,
        202387.5,
        291219.15625
    ],
    "1": [
        202387.5,
        202387.5,
        291219.15625
    ],
    "2": [
        148732.90625,
        236349.375,
        145609.578125
    ],
    "3": [
        160789.796875,
        277255.46875,
        101926.703125
    ],
    "4": [
        190398.015625,
        251987.328125,
        61156.0234375
    ],
    "5": [
        201801.75,
        246405.28125,
        30578.01171875
    ],
    "6": [
        215813.90625,
        242188.28125,
        15289.005859375
    ],
    "7": [
        221314.1875,
        237688.375,
        7644.5029296875
    ],
    "8": [
        223550.5,
        235995.109375,
        3822.25146484375
    ]
}