{
    "0": [
        202387.5,
        202387.5,
        291219.15625
    ],
    "1": [
        202387.5,
        202387.5,
        291219.15625
    ],
    "2": [
        112186.1015625,
        179857.046875,
        145609.578125
    ],
    "3": [
        87924.3125,
        177536.328125,
        101926.703125
    ],
    "4": [
        48698.97265625,
        168602.546875,
        61156.0234375
    ],
    "5": [
        42348.7734375,
        193972.515625,
        30578.01171875
    ],
    "6": [
        48728.0390625,
        206385.6875,
        15289.005859375
    ],
    "7": [
        42531.92578125,
        202539.421875,
        7644.5029296875
    ]
}