{
    "0": [
        202387.5,
        202387.5,
        291219.15625
    ],
    "1": [
        202387.5,
        202387.5,
        291219.15625
    ],
    "2": [
        207558.453125,
        249871.46875,
        145609.578125
    ],
    "3": [
        236643.46875,
        269950.5625,
        101926.703125
    ],
    "4": [
        223817.796875,
        240762.515625,
        61156.0234375
    ],
    "5": [
        210014.640625,
        260742.25,
        30578.01171875
    ],
    "6": [
        223452.640625,
        264145.6875,
        15289.005859375
    ],
    "7": [
        222870.53125,
        268248.75,
        7644.5029296875
    ],
    "8": [
        222384.96875,
        264990.28125,
        3822.25146484375
    ]
}