{
    "0": [
        202387.5,
        202387.5,
        291219.15625
    ],
    "1": [
        202387.5,
        202387.5,
        291219.15625
    ],
    "2": [
        274050.40625,
        198880.71875,
        145609.578125
    ],
    "3": [
        251319.96875,
        178223.34375,
        101926.703125
    ],
    "4": [
        230716.546875,
        158902.328125,
        61156.0234375
    ],
    "5": [
        237990.796875,
        187185.703125,
        30578.01171875
    ],
    "6": [
        240859.140625,
        173555.40625,
        15289.005859375
    ]
}