{
    "0": [
        202387.5,
        202387.5,
        291219.15625
    ],
    "1": [
        202387.5,
        202387.5,
        291219.15625
    ],
    "2": [
        138119.125,
        224035.984375,
        145609.578125
    ],
    "3": [
        120171.9921875,
        197294.71875,
        101926.703125
    ],
    "4": [
        132245.625,
        160254.875,
        61156.0234375
    ],
    "5": [
        124793.2734375,
        143462.5,
        30578.01171875
    ],
    "6": [
        127663.03125,
        153882.875,
        15289.005859375
    ],
    "7": [
        131070.484375,
        150761.96875,
        7644.5029296875
    ]
}