{
    "0": [
        202387.5,
        202387.5,
        291219.15625
    ],
    "1": [
        202387.5,
        202387.5,
        291219.15625
    ],
    "2": [
        213080.078125,
        149145.375,
        145609.578125
    ],
    "3": [
        213853.9375,
        114476.984375,
        101926.703125
    ],
    "4": [
        242629.3125,
        107018.28125,
        61156.0234375
    ],
    "5": [
        240367.96875,
        100156.0390625,
        30578.01171875
    ],
    "6": [
        233453.4375,
        111579.0078125,
        15289.005859375
    ],
    "7": [
        233358.46875,
        104226.3671875,
        7644.5029296875
    ]
}