{
    "0": [
        202387.5,
        202387.5,
        291219.15625
    ],
    "1": [
        202387.5,
        202387.5,
        291219.15625
    ],
    "2": [
        215320.34375,
        192888.953125,
        145609.578125
    ],
    "3": [
        240733.1875,
        222876.515625,
        101926.703125
    ],
    "4": [
        253344.09375,
        239465.1875,
        61156.0234375
    ],
    "5": [
        229808.25,
        234652.453125,
        30578.01171875
    ],
    "6": [
        231842.90625,
        239622.84375,
        15289.005859375
    ],
    "7": [
        233527.21875,
        238514.734375,
        7644.5029296875
    ]
}