{
    "0": [
        202387.5,
        202387.5,
        291219.15625
    ],
    "1": [
        202387.5,
        202387.5,
        291219.15625
    ],
    "2": [
        246124.40625,
        242459.5,
        145609.578125
    ],
    "3": [
        225488.3125,
        254912.34375,
        101926.703125
    ],
    "4": [
        202343.390625,
        232905.234375,
        61156.0234375
    ],
    "5": [
        199746.046875,
        256283.890625,
        30578.01171875
    ],
    "6": [
        209123.828125,
        255963.75,
        15289.005859375
    ],
    "7": [
        207507.765625,
        249814.28125,
        7644.5029296875
    ],
    "8": [
        204079.8125,
        248600.640625,
        3822.25146484375
    ]
}