{
    "0": [
        202387.5,
        202387.5,
        291219.15625
    ],
    "1": [
        202387.5,
        202387.5,
        291219.15625
    ],
    "2": [
        259560.890625,
        300577.71875,
        145609.578125
    ],
    "3": [
        288802.15625,
        282558.21875,
        101926.703125
    ],
    "4": [
        285344.75,
        256593.984375,
        61156.0234375
    ],
    "5": [
        276554.78125,
        233667.625,
        30578.01171875
    ],
    "6": [
        278271.59375,
        230097.875,
        15289.005859375
    ],
    "7": [
        284146.09375,
        225629.75,
        7644.5029296875
    ]
}