{
    "0": [
        202387.5,
        202387.5,
        291219.15625
    ],
    "1": [
        202387.5,
        202387.5,
        291219.15625
    ],
    "2": [
        249839.765625,
        180208.5,
        145609.578125
    ],
    "3": [
        273805.625,
        202702.3125,
        101926.703125
    ],
    "4": [
        307210.84375,
        182369.5625,
        61156.0234375
    ],
    "5": [
        330042.90625,
        188094.6875,
        30578.01171875
    ],
    "6": [
        321506.25,
        194415.046875,
        15289.005859375
    ],
    "7": [
        321273.84375,
        192561.984375,
        7644.5029296875
    ]
}