{
    "0": [
        202387.5,
        202387.5,
        291219.15625
    ],
    "1": [
        202387.5,
        202387.5,
        291219.15625
    ],
    "2": [
        149283.234375,
        281986.15625,
        145609.578125
    ],
    "3": [
        139124.84375,
        277116.5,
        101926.703125
    ],
    "4": [
        102344.1875,
        267684.75,
        61156.0234375
    ],
    "5": [
        124978.8359375,
        277015.9375,
        30578.01171875
    ],
    "6": [
        126493.5703125,
        264400.59375,
        15289.005859375
    ],
    "7": [
        121270.5390625,
        261422.515625,
        7644.5029296875
    ],
    "8": [
        120524.609375,
        259571.265625,
        3822.25146484375
    ]
}