{
    "0": [
        202387.5,
        202387.5,
        291219.15625
    ],
    "1": [
        202387.5,
        202387.5,
        291219.15625
    ],
    "2": [
        292445.6875,
        251319.390625,
        145609.578125
    ],
    "3": [
        281274.09375,
        274797.5625,
        101926.703125
    ],
    "4": [
        244839.953125,
        281100.40625,
        61156.0234375
    ],
    "5": [
        222955.453125,
        274713.71875,
        30578.01171875
    ],
    "6": [
        210717.890625,
        267962.625,
        15289.005859375
    ],
    "7": [
        206996.90625,
        272284.25,
        7644.5029296875
    ]
}