{
    "0": [
        202387.5,
        202387.5,
        291219.15625
    ],
    "1": [
        202387.5,
        202387.5,
        291219.15625
    ],
    "2": [
        190506.59375,
        311923,
        145609.578125
    ],
    "3": [
        209315.4375,
        298530.03125,
        101926.703125
    ],
    "4": [
        243122.3125,
        305340.71875,
        61156.0234375
    ],
    "5": [
        220910.375,
        305123.78125,
        30578.01171875
    ],
    "6": [
        225978.640625,
        318617.21875,
        15289.005859375
    ],
    "7": [
        221550.421875,
        322508.40625,
        7644.5029296875
    ]
}