{
    "0": [
        202387.5,
        202387.5,
        291219.15625
    ],
    "1": [
        202387.5,
        202387.5,
        291219.15625
    ],
    "2": [
        183963.640625,
        155799.078125,
        145609.578125
    ],
    "3": [
        190478.15625,
        129327.7890625,
        101926.703125
    ],
    "4": [
        182300.171875,
        141356.40625,
        61156.0234375
    ],
    "5": [
        202073.796875,
        151480.0625,
        30578.01171875
    ],
    "6": [
        200199.203125,
        147172.65625,
        15289.005859375
    ],
    "7": [
        205167.515625,
        141506.265625,
        7644.5029296875
    ]
}