{
    "0": [
        202387.5,
        202387.5,
        291219.15625
    ],
    "1": [
        202387.5,
        202387.5,
        291219.15625
    ],
    "2": [
        194554.453125,
        206847.5,
        145609.578125
    ],
    "3": [
        181462.34375,
        197134.421875,
        101926.703125
    ],
    "4": [
        215615.625,
        175198.359375,
        61156.0234375
    ],
    "5": [
        222488.828125,
        200561.171875,
        30578.01171875
    ],
    "6": [
        219283.875,
        192974.984375,
        15289.005859375
    ]
}