{
    "0": [
        202387.5,
        202387.5,
        291219.15625
    ],
    "1": [
        202387.5,
        202387.5,
        291219.15625
    ],
    "2": [
        157968.671875,
        262632.3125,
        145609.578125
    ],
    "3": [
        183830.25,
        279629.375,
        101926.703125
    ],
    "4": [
        205158.0625,
        247741.875,
        61156.0234375
    ],
    "5": [
        181885.390625,
        265546.65625,
        30578.01171875
    ],
    "6": [
        185674.078125,
        274558.375,
        15289.005859375
    ],
    "7": [
        182151.21875,
        280271.53125,
        7644.5029296875
    ],
    "8": [
        185727.5,
        279356.53125,
        3822.25146484375
    ]
}