{
    "0": [
        202387.5,
        202387.5,
        291219.15625
    ],
    "1": [
        202387.5,
        202387.5,
        291219.15625
    ],
    "2": [
        207226.25,
        172757.796875,
        145609.578125
    ],
    "3": [
        183031.953125,
        157686.859375,
        101926.703125
    ],
    "4": [
        186001.046875,
        117798.0703125,
        61156.0234375
    ],
    "5": [
        174333.46875,
        129410.6484375,
        30578.01171875
    ]
}