{
    "0": [
        202387.5,
        202387.5,
        291219.15625
    ],
    "1": [
        202387.5,
        202387.5,
        291219.15625
    ],
    "2": [
        139017.9375,
        123002.7109375,
        145609.578125
    ],
    "3": [
        150801.46875,
        144927.53125,
        101926.703125
    ],
    "4": [
        146851.6875,
        108289.421875,
        61156.0234375
    ],
    "5": [
        148385.90625,
        138383.34375,
        30578.01171875
    ],
    "6": [
        135033.828125,
        135228.609375,
        15289.005859375
    ],
    "7": [
        131085.40625,
        140918.71875,
        7644.5029296875
    ],
    "8": [
        131877.34375,
        139207.0625,
        3822.25146484375
    ]
}