{
    "0": [
        202387.5,
        202387.5,
        291219.15625
    ],
    "1": [
        202387.5,
        202387.5,
        291219.15625
    ],
    "2": [
        279014.375,
        183772.21875,
        145609.578125
    ],
    "3": [
        265737.75,
        215087.078125,
        101926.703125
    ],
    "4": [
        252371.15625,
        195916.375,
        61156.0234375
    ],
    "5": [
        241873.125,
        173570.5625,
        30578.01171875
    ],
    "6": [
        234806.671875,
        161658.875,
        15289.005859375
    ],
    "7": [
        232526.34375,
        165632.171875,
        7644.5029296875
    ],
    "8": [
        230159.609375,
        164258.5625,
        3822.25146484375
    ]
}