{
    "0": [
        202387.5,
        202387.5,
        291219.15625
    ],
    "1": [
        202387.5,
        202387.5,
        291219.15625
    ],
    "2": [
        173222.125,
        228825.40625,
        145609.578125
    ],
    "3": [
        146395.0625,
        250333.609375,
        101926.703125
    ],
    "4": [
        124020.765625,
        271398.4375,
        61156.0234375
    ],
    "5": [
        122162.21875,
        258838.625,
        30578.01171875
    ],
    "6": [
        110566.8125,
        255129.921875,
        15289.005859375
    ],
    "7": [
        107008.3359375,
        252900.15625,
        7644.5029296875
    ],
    "8": [
        106302.5625,
        252558.859375,
        3822.25146484375
    ]
}