{
    "0": [
        202387.5,
        202387.5,
        291219.15625
    ],
    "1": [
        202387.5,
        202387.5,
        291219.15625
    ],
    "2": [
        224210.71875,
        124070.7421875,
        145609.578125
    ],
    "3": [
        227003.71875,
        113663.5390625,
        101926.703125
    ],
    "4": [
        196200.4375,
        112369.0390625,
        61156.0234375
    ],
    "5": [
        172691.3125,
        121207.078125,
        30578.01171875
    ],
    "6": [
        183378.859375,
        121576.53125,
        15289.005859375
    ],
    "7": [
        180361,
        123711.1015625,
        7644.5029296875
    ]
}