{
    "0": [
        202387.5,
        202387.5,
        291219.15625
    ],
    "1": [
        202387.5,
        202387.5,
        291219.15625
    ],
    "2": [
        204940.171875,
        276716.84375,
        145609.578125
    ],
    "3": [
        202026,
        269029.0625,
        101926.703125
    ],
    "4": [
        167826.09375,
        279613.8125,
        61156.0234375
    ],
    "5": [
        177810.890625,
        303138.125,
        30578.01171875
    ],
    "6": [
        188912.734375,
        308884.5,
        15289.005859375
    ],
    "7": [
        194089.84375,
        305579.15625,
        7644.5029296875
    ]
}