{
    "0": [
        202387.5,
        202387.5,
        291219.15625
    ],
    "1": [
        202387.5,
        202387.5,
        291219.15625
    ],
    "2": [
        292814.3125,
        244527.921875,
        145609.578125
    ],
    "3": [
        279855.8125,
        262211.1875,
        101926.703125
    ],
    "4": [
        300677,
        229590.28125,
        61156.0234375
    ],
    "5": [
        306006.75,
        253638.6875,
        30578.01171875
    ],
    "6": [
        296283.5625,
        252275.796875,
        15289.005859375
    ],
    "7": [
        301586.78125,
        257036.578125,
        7644.5029296875
    ]
}