{
    "0": [
        202387.5,
        202387.5,
        291219.15625
    ],
    "1": [
        202387.5,
        202387.5,
        291219.15625
    ],
    "2": [
        114964.9921875,
        198526.28125,
        145609.578125
    ],
    "3": [
        135176.8125,
        181677.625,
        101926.703125
    ],
    "4": [
        140160.078125,
        209931.34375,
        61156.0234375
    ],
    "5": [
        130383.875,
        224805.25,
        30578.01171875
    ],
    "6": [
        143794.140625,
        228549.234375,
        15289.005859375
    ]
}