{
    "0": [
        202387.5,
        202387.5,
        291219.15625
    ],
    "1": [
        202387.5,
        202387.5,
        291219.15625
    ],
    "2": [
        141000.9375,
        181037.046875,
        145609.578125
    ],
    "3": [
        161597.546875,
        155329.390625,
        101926.703125
    ],
    "4": [
        183744.609375,
        165212.90625,
        61156.0234375
    ],
    "5": [
        198100.109375,
        183971.921875,
        30578.01171875
    ],
    "6": [
        204400.796875,
        188471.3125,
        15289.005859375
    ],
    "7": [
        202386.15625,
        184121.453125,
        7644.5029296875
    ],
    "8": [
        203547.15625,
        186072.421875,
        3822.25146484375
    ]
}