{
    "0": [
        202387.5,
        202387.5,
        291219.15625
    ],
    "1": [
        202387.5,
        202387.5,
        291219.15625
    ],
    "2": [
        211757.96875,
        234128.03125,
        145609.578125
    ],
    "3": [
        229934.703125,
        229323.203125,
        101926.703125
    ],
    "4": [
        239065.15625,
        232948.40625,
        61156.0234375
    ],
    "5": [
        227761.71875,
        235135.734375,
        30578.01171875
    ],
    "6": [
        229150.53125,
        246431.578125,
        15289.005859375
    ],
    "7": [
        236171.25,
        243658.0625,
        7644.5029296875
    ]
}