{
    "0": [
        202387.5,
        202387.5,
        291219.15625
    ],
    "1": [
        202387.5,
        202387.5,
        291219.15625
    ],
    "2": [
        193362.296875,
        220751.359375,
        145609.578125
    ],
    "3": [
        191399.5625,
        213526.078125,
        101926.703125
    ],
    "4": [
        205653.25,
        238133.984375,
        61156.0234375
    ],
    "5": [
        215439.453125,
        215577.46875,
        30578.01171875
    ],
    "6": [
        217255.53125,
        207768.90625,
        15289.005859375
    ],
    "7": [
        213859.359375,
        204629.15625,
        7644.5029296875
    ],
    "8": [
        213294.40625,
        207636.125,
        3822.25146484375
    ]
}