{
    "0": [
        202387.5,
        202387.5,
        291219.15625
    ],
    "1": [
        202387.5,
        202387.5,
        291219.15625
    ],
    "2": [
        233445.625,
        159279.34375,
        145609.578125
    ],
    "3": [
        222288.453125,
        139363.75,
        101926.703125
    ],
    "4": [
        190722.1875,
        115340.1953125,
        61156.0234375
    ],
    "5": [
        180575.8125,
        134765.328125,
        30578.01171875
    ],
    "6": [
        192054.40625,
        137781.640625,
        15289.005859375
    ],
    "7": [
        188584.703125,
        133048.5625,
        7644.5029296875
    ],
    "8": [
        190938.484375,
        132720.765625,
        3822.25146484375
    ],
    "9": [
        190572.796875,
        132665.234375,
        1911.125732421875
    ]
}