{
    "0": [
        202387.5,
        202387.5,
        291219.15625
    ],
    "1": [
        202387.5,
        202387.5,
        291219.15625
    ],
    "2": [
        91965.265625,
        215880.71875,
        145609.578125
    ],
    "3": [
        65394.15625,
        205689.296875,
        101926.703125
    ],
    "4": [
        53022.75,
        217604.21875,
        61156.0234375
    ],
    "5": [
        48904.0546875,
        218199.203125,
        30578.01171875
    ],
    "6": [
        41474.296875,
        208426.78125,
        15289.005859375
    ],
    "7": [
        44341.296875,
        208904.40625,
        7644.5029296875
    ],
    "8": [
        43532.7734375,
        209503.390625,
        3822.25146484375
    ]
}