{
    "0": [
        202387.5,
        202387.5,
        291219.15625
    ],
    "1": [
        202387.5,
        202387.5,
        291219.15625
    ],
    "2": [
        183834.625,
        226538.390625,
        145609.578125
    ],
    "3": [
        146065.6875,
        205264.84375,
        101926.703125
    ],
    "4": [
        178271.421875,
        184178.515625,
        61156.0234375
    ],
    "5": [
        196933.09375,
        176436.125,
        30578.01171875
    ],
    "6": [
        198760.84375,
        181410.53125,
        15289.005859375
    ],
    "7": [
        198912.28125,
        178555.59375,
        7644.5029296875
    ],
    "8": [
        200403.109375,
        176523.6875,
        3822.25146484375
    ]
}