{
    "0": [
        202387.5,
        202387.5,
        291219.15625
    ],
    "1": [
        202387.5,
        202387.5,
        291219.15625
    ],
    "2": [
        116120.21875,
        232655.96875,
        145609.578125
    ],
    "3": [
        122965.546875,
        195367.796875,
        101926.703125
    ],
    "4": [
        150159.171875,
        199963.453125,
        61156.0234375
    ],
    "5": [
        173443.859375,
        200112.921875,
        30578.01171875
    ],
    "6": [
        176713.359375,
        194654.5,
        15289.005859375
    ],
    "7": [
        170486.65625,
        196982.671875,
        7644.5029296875
    ]
}