{
    "0": [
        202387.5,
        202387.5,
        291219.15625
    ],
    "1": [
        202387.5,
        202387.5,
        291219.15625
    ],
    "2": [
        293988.40625,
        252803.671875,
        145609.578125
    ],
    "3": [
        281971,
        262136,
        101926.703125
    ],
    "4": [
        265870.125,
        225455.953125,
        61156.0234375
    ],
    "5": [
        284999.21875,
        246385.21875,
        30578.01171875
    ],
    "6": [
        282692.15625,
        249120.140625,
        15289.005859375
    ],
    "7": [
        279413.09375,
        249569.515625,
        7644.5029296875
    ],
    "8": [
        279401.78125,
        252054.71875,
        3822.25146484375
    ]
}