{
    "0": [
        202387.5,
        202387.5,
        291219.15625
    ],
    "1": [
        202387.5,
        202387.5,
        291219.15625
    ],
    "2": [
        241584.359375,
        163966.109375,
        145609.578125
    ],
    "3": [
        256381.21875,
        147366.578125,
        101926.703125
    ],
    "4": [
        237915.078125,
        120523.265625,
        61156.0234375
    ],
    "5": [
        222027.453125,
        125313.078125,
        30578.01171875
    ],
    "6": [
        217606.109375,
        125894.453125,
        15289.005859375
    ],
    "7": [
        223912.5,
        128388.7734375,
        7644.5029296875
    ],
    "8": [
        224519.0625,
        130147.1796875,
        3822.25146484375
    ]
}