{
    "0": [
        202387.5,
        202387.5,
        291219.15625
    ],
    "1": [
        202387.5,
        202387.5,
        291219.15625
    ],
    "2": [
        185600.890625,
        131158.0625,
        145609.578125
    ],
    "3": [
        201176.6875,
        129816.8125,
        101926.703125
    ],
    "4": [
        169628.59375,
        155521.671875,
        61156.0234375
    ],
    "5": [
        163057.453125,
        163480.34375,
        30578.01171875
    ],
    "6": [
        155464.75,
        164545.125,
        15289.005859375
    ],
    "7": [
        153585.125,
        164917.890625,
        7644.5029296875
    ]
}