{
    "0": [
        202387.5,
        202387.5,
        291219.15625
    ],
    "1": [
        202387.5,
        202387.5,
        291219.15625
    ],
    "2": [
        132898.296875,
        291875.5625,
        145609.578125
    ],
    "3": [
        125651.9375,
        323359.125,
        101926.703125
    ],
    "4": [
        108045.4140625,
        327634,
        61156.0234375
    ],
    "5": [
        97359.6328125,
        320214.375,
        30578.01171875
    ],
    "6": [
        106794.8125,
        330532.6875,
        15289.005859375
    ],
    "7": [
        107858.59375,
        337487.34375,
        7644.5029296875
    ],
    "8": [
        107193.40625,
        338393.96875,
        3822.25146484375
    ]
}