{
    "0": [
        202387.5,
        202387.5,
        291219.15625
    ],
    "1": [
        202387.5,
        202387.5,
        291219.15625
    ],
    "2": [
        307943.34375,
        248012.984375,
        145609.578125
    ],
    "3": [
        341324.5,
        274197.53125,
        101926.703125
    ],
    "4": [
        319421.375,
        245051.796875,
        61156.0234375
    ],
    "5": [
        314323.375,
        244795.203125,
        30578.01171875
    ],
    "6": [
        309835.25,
        247854.78125,
        15289.005859375
    ]
}