{
    "0": [
        202387.5,
        202387.5,
        291219.15625
    ],
    "1": [
        202387.5,
        202387.5,
        291219.15625
    ],
    "2": [
        178167.890625,
        168871.109375,
        145609.578125
    ],
    "3": [
        204919.25,
        176801.03125,
        101926.703125
    ],
    "4": [
        214928.4375,
        194870.4375,
        61156.0234375
    ],
    "5": [
        241533.03125,
        199907.828125,
        30578.01171875
    ],
    "6": [
        244405.828125,
        185404.640625,
        15289.005859375
    ]
}