{
    "0": [
        202387.5,
        202387.5,
        291219.15625
    ],
    "1": [
        202387.5,
        202387.5,
        291219.15625
    ],
    "2": [
        284056.75,
        186962.171875,
        145609.578125
    ],
    "3": [
        299926.59375,
        227292.0625,
        101926.703125
    ],
    "4": [
        263184.25,
        241714.515625,
        61156.0234375
    ],
    "5": [
        270060.21875,
        248019.578125,
        30578.01171875
    ],
    "6": [
        267052.15625,
        245227.546875,
        15289.005859375
    ],
    "7": [
        265851.25,
        250461.40625,
        7644.5029296875
    ]
}