{
    "0": [
        202387.5,
        202387.5,
        291219.15625
    ],
    "1": [
        202387.5,
        202387.5,
        291219.15625
    ],
    "2": [
        287206.3125,
        164400.53125,
        145609.578125
    ],
    "3": [
        267371.84375,
        202791.359375,
        101926.703125
    ],
    "4": [
        244060.515625,
        181420.171875,
        61156.0234375
    ],
    "5": [
        259821.984375,
        184112.5,
        30578.01171875
    ],
    "6": [
        256629.125,
        195253.421875,
        15289.005859375
    ],
    "7": [
        258597.5625,
        189540.9375,
        7644.5029296875
    ]
}