{
    "0": [
        202387.5,
        202387.5,
        291219.15625
    ],
    "1": [
        202387.5,
        202387.5,
        291219.15625
    ],
    "2": [
        256491.890625,
        247892.046875,
        145609.578125
    ],
    "3": [
        257625.6875,
        271824.03125,
        101926.703125
    ],
    "4": [
        282780.96875,
        300080,
        61156.0234375
    ],
    "5": [
        270267.25,
        289075.09375,
        30578.01171875
    ],
    "6": [
        278799.90625,
        277839.96875,
        15289.005859375
    ],
    "7": [
        275630.125,
        279043.75,
        7644.5029296875
    ]
}