{
    "0": [
        202387.5,
        202387.5,
        291219.15625
    ],
    "1": [
        202387.5,
        202387.5,
        291219.15625
    ],
    "2": [
        277386.3125,
        211102.75,
        145609.578125
    ],
    "3": [
        262724.28125,
        239910.828125,
        101926.703125
    ],
    "4": [
        275533.78125,
        211020.625,
        61156.0234375
    ],
    "5": [
        281817.0625,
        226040.578125,
        30578.01171875
    ],
    "6": [
        283731.0625,
        228241.265625,
        15289.005859375
    ],
    "7": [
        279486.84375,
        225508.78125,
        7644.5029296875
    ]
}