{
    "0": [
        202387.5,
        202387.5,
        291219.15625
    ],
    "1": [
        202387.5,
        202387.5,
        291219.15625
    ],
    "2": [
        153934.8125,
        168838.59375,
        145609.578125
    ],
    "3": [
        120013.203125,
        141600.78125,
        101926.703125
    ],
    "4": [
        100380.90625,
        114676.578125,
        61156.0234375
    ],
    "5": [
        79116.921875,
        106146.359375,
        30578.01171875
    ],
    "6": [
        88524.4375,
        115878.515625,
        15289.005859375
    ],
    "7": [
        87088.1015625,
        116919.375,
        7644.5029296875
    ]
}