{
    "0": [
        202387.5,
        202387.5,
        291219.15625
    ],
    "1": [
        202387.5,
        202387.5,
        291219.15625
    ],
    "2": [
        123760.9609375,
        145685.875,
        145609.578125
    ],
    "3": [
        112374.09375,
        153564.34375,
        101926.703125
    ],
    "4": [
        106061.1640625,
        184217.5,
        61156.0234375
    ],
    "5": [
        122991.1953125,
        164077.34375,
        30578.01171875
    ],
    "6": [
        123574.0625,
        160210.875,
        15289.005859375
    ],
    "7": [
        119528.125,
        159602.65625,
        7644.5029296875
    ]
}