{
    "0": [
        202387.5,
        202387.5,
        291219.15625
    ],
    "1": [
        202387.5,
        202387.5,
        291219.15625
    ],
    "2": [
        232382.90625,
        156799.265625,
        145609.578125
    ],
    "3": [
        209617.25,
        154755.671875,
        101926.703125
    ],
    "4": [
        220320.890625,
        187649.953125,
        61156.0234375
    ],
    "5": [
        197698.953125,
        195560.515625,
        30578.01171875
    ],
    "6": [
        206140.53125,
        184088.8125,
        15289.005859375
    ],
    "7": [
        199377.390625,
        186418.078125,
        7644.5029296875
    ],
    "8": [
        202324.1875,
        187971.453125,
        3822.25146484375
    ]
}