{
    "0": [
        202387.5,
        202387.5,
        291219.15625
    ],
    "1": [
        202387.5,
        202387.5,
        291219.15625
    ],
    "2": [
        248727.765625,
        153342.265625,
        145609.578125
    ],
    "3": [
        280519.5,
        179546.984375,
        101926.703125
    ],
    "4": [
        314681.25,
        171300.28125,
        61156.0234375
    ],
    "5": [
        326469.71875,
        184171.03125,
        30578.01171875
    ],
    "6": [
        322619.84375,
        187464.5,
        15289.005859375
    ],
    "7": [
        326312.78125,
        188812.03125,
        7644.5029296875
    ],
    "8": [
        324570.6875,
        189648.578125,
        3822.25146484375
    ]
}