{
    "0": [
        202387.5,
        202387.5,
        291219.15625
    ],
    "1": [
        202387.5,
        202387.5,
        291219.15625
    ],
    "2": [
        146100.078125,
        248358.984375,
        145609.578125
    ],
    "3": [
        154259.15625,
        238630.3125,
        101926.703125
    ],
    "4": [
        161852.984375,
        253213.875,
        61156.0234375
    ],
    "5": [
        173275.78125,
        242596.421875,
        30578.01171875
    ],
    "6": [
        185599.21875,
        246481.625,
        15289.005859375
    ],
    "7": [
        186006.796875,
        248848.953125,
        7644.5029296875
    ]
}