{
    "0": [
        202387.5,
        202387.5,
        291219.15625
    ],
    "1": [
        202387.5,
        202387.5,
        291219.15625
    ],
    "2": [
        242245.71875,
        278841.40625,
        145609.578125
    ],
    "3": [
        229113.171875,
        278718.25,
        101926.703125
    ],
    "4": [
        210287.140625,
        279857.1875,
        61156.0234375
    ],
    "5": [
        213730.84375,
        267491.75,
        30578.01171875
    ],
    "6": [
        212909.1875,
        263838.75,
        15289.005859375
    ],
    "7": [
        215369.171875,
        260538.625,
        7644.5029296875
    ]
}