{
    "0": [
        202387.5,
        202387.5,
        291219.15625
    ],
    "1": [
        202387.5,
        202387.5,
        291219.15625
    ],
    "2": [
        88574.6796875,
        223594.328125,
        145609.578125
    ],
    "3": [
        113345.90625,
        212538.375,
        101926.703125
    ],
    "4": [
        125843.859375,
        178706.296875,
        61156.0234375
    ],
    "5": [
        129040.4453125,
        193537.953125,
        30578.01171875
    ],
    "6": [
        123474.953125,
        200325.546875,
        15289.005859375
    ],
    "7": [
        123422.21875,
        205294.9375,
        7644.5029296875
    ]
}