{
    "0": [
        202387.5,
        202387.5,
        291219.15625
    ],
    "1": [
        202387.5,
        202387.5,
        291219.15625
    ],
    "2": [
        250103.515625,
        190805.8125,
        145609.578125
    ],
    "3": [
        222921.59375,
        180162.609375,
        101926.703125
    ],
    "4": [
        228449.6875,
        193374.78125,
        61156.0234375
    ],
    "5": [
        228056.453125,
        194294.125,
        30578.01171875
    ],
    "6": [
        238865,
        200278.46875,
        15289.005859375
    ],
    "7": [
        242566.625,
        202269.796875,
        7644.5029296875
    ]
}