{
    "0": [
        202387.5,
        202387.5,
        291219.15625
    ],
    "1": [
        202387.5,
        202387.5,
        291219.15625
    ],
    "2": [
        152953.78125,
        142267.90625,
        145609.578125
    ],
    "3": [
        148856.171875,
        183012.875,
        101926.703125
    ],
    "4": [
        163083.5625,
        156989.1875,
        61156.0234375
    ],
    "5": [
        151378.25,
        136519.015625,
        30578.01171875
    ],
    "6": [
        150665.578125,
        140845.34375,
        15289.005859375
    ],
    "7": [
        151194.421875,
        140568.21875,
        7644.5029296875
    ]
}