{
    "0": [
        202387.5,
        202387.5,
        291219.15625
    ],
    "1": [
        202387.5,
        202387.5,
        291219.15625
    ],
    "2": [
        160957.390625,
        145906.78125,
        145609.578125
    ],
    "3": [
        141713.65625,
        135902.40625,
        101926.703125
    ],
    "4": [
        123995.84375,
        134559.859375,
        61156.0234375
    ],
    "5": [
        101545.1640625,
        115016.2578125,
        30578.01171875
    ],
    "6": [
        107599.5390625,
        123821.375,
        15289.005859375
    ]
}