{
    "0": [
        202387.5,
        202387.5,
        291219.15625
    ],
    "1": [
        202387.5,
        202387.5,
        291219.15625
    ],
    "2": [
        128769.046875,
        163989.25,
        145609.578125
    ],
    "3": [
        114703.1328125,
        125970.0625,
        101926.703125
    ],
    "4": [
        140567.015625,
        142736.09375,
        61156.0234375
    ],
    "5": [
        133326.96875,
        140903.25,
        30578.01171875
    ],
    "6": [
        134995.46875,
        153609.15625,
        15289.005859375
    ],
    "7": [
        133433.140625,
        160698.859375,
        7644.5029296875
    ]
}