{
    "0": [
        202387.5,
        202387.5,
        291219.15625
    ],
    "1": [
        202387.5,
        202387.5,
        291219.15625
    ],
    "2": [
        164652.40625,
        180354.6875,
        145609.578125
    ],
    "3": [
        139405.390625,
        178494.734375,
        101926.703125
    ],
    "4": [
        167914.9375,
        152078.578125,
        61156.0234375
    ],
    "5": [
        182069.65625,
        157635.5625,
        30578.01171875
    ],
    "6": [
        175307,
        162127.859375,
        15289.005859375
    ],
    "7": [
        178280.734375,
        155250.453125,
        7644.5029296875
    ]
}