{
    "0": [
        202387.5,
        202387.5,
        291219.15625
    ],
    "1": [
        202387.5,
        202387.5,
        291219.15625
    ],
    "2": [
        122813.4296875,
        276860.875,
        145609.578125
    ],
    "3": [
        142545.84375,
        291093.625,
        101926.703125
    ],
    "4": [
        103950.703125,
        285336.96875,
        61156.0234375
    ],
    "5": [
        89228.1875,
        258921.40625,
        30578.01171875
    ],
    "6": [
        97463.1328125,
        257247.15625,
        15289.005859375
    ],
    "7": [
        95148.40625,
        254386.84375,
        7644.5029296875
    ]
}