{
    "0": [
        202387.5,
        202387.5,
        291219.15625
    ],
    "1": [
        202387.5,
        202387.5,
        291219.15625
    ],
    "2": [
        202179.765625,
        94396.09375,
        145609.578125
    ],
    "3": [
        232029.234375,
        90225.265625,
        101926.703125
    ],
    "4": [
        268832.0625,
        106038.1640625,
        61156.0234375
    ],
    "5": [
        296213.40625,
        112279.390625,
        30578.01171875
    ],
    "6": [
        290347.25,
        107751.6328125,
        15289.005859375
    ]
}