{
    "0": [
        202387.5,
        202387.5,
        291219.15625
    ],
    "1": [
        202387.5,
        202387.5,
        291219.15625
    ],
    "2": [
        172868.3125,
        265422.90625,
        145609.578125
    ],
    "3": [
        156506.09375,
        253061.625,
        101926.703125
    ],
    "4": [
        158943.15625,
        271772.875,
        61156.0234375
    ],
    "5": [
        151115.90625,
        290902.28125,
        30578.01171875
    ],
    "6": [
        151168.6875,
        295067.21875,
        15289.005859375
    ],
    "7": [
        154176.40625,
        301489.0625,
        7644.5029296875
    ]
}