{
    "0": [
        202387.5,
        202387.5,
        291219.15625
    ],
    "1": [
        202387.5,
        202387.5,
        291219.15625
    ],
    "2": [
        261058.09375,
        186370.765625,
        145609.578125
    ],
    "3": [
        224823.53125,
        181651.890625,
        101926.703125
    ],
    "4": [
        206269.46875,
        149383.4375,
        61156.0234375
    ],
    "5": [
        208725.625,
        140824,
        30578.01171875
    ],
    "6": [
        204500.34375,
        140176.6875,
        15289.005859375
    ],
    "7": [
        211110.875,
        142402.609375,
        7644.5029296875
    ]
}