{
    "0": [
        202387.5,
        202387.5,
        291219.15625
    ],
    "1": [
        202387.5,
        202387.5,
        291219.15625
    ],
    "2": [
        265010.0625,
        130717.8828125,
        145609.578125
    ],
    "3": [
        243922.0625,
        154901.5,
        101926.703125
    ],
    "4": [
        244058.953125,
        165444.625,
        61156.0234375
    ],
    "5": [
        224207.84375,
        146542.328125,
        30578.01171875
    ],
    "6": [
        226143.046875,
        145138.140625,
        15289.005859375
    ],
    "7": [
        229784.859375,
        149322.765625,
        7644.5029296875
    ],
    "8": [
        230100.765625,
        148422.515625,
        3822.25146484375
    ]
}