{
    "0": [
        202387.5,
        202387.5,
        291219.15625
    ],
    "1": [
        202387.5,
        202387.5,
        291219.15625
    ],
    "2": [
        251157.015625,
        224580.015625,
        145609.578125
    ],
    "3": [
        262044.3125,
        264031.4375,
        101926.703125
    ],
    "4": [
        234093.453125,
        292639.3125,
        61156.0234375
    ],
    "5": [
        228123.109375,
        292867.75,
        30578.01171875
    ],
    "6": [
        235615.46875,
        284569.5,
        15289.005859375
    ],
    "7": [
        230541.78125,
        280253.15625,
        7644.5029296875
    ],
    "8": [
        232926.046875,
        277698.15625,
        3822.25146484375
    ]
}