{
    "0": [
        202387.5,
        202387.5,
        291219.15625
    ],
    "1": [
        202387.5,
        202387.5,
        291219.15625
    ],
    "2": [
        168333.328125,
        210387.359375,
        145609.578125
    ],
    "3": [
        188395.671875,
        227001.4375,
        101926.703125
    ],
    "4": [
        223057.0625,
        217905.546875,
        61156.0234375
    ],
    "5": [
        214492.78125,
        241118.6875,
        30578.01171875
    ],
    "6": [
        200781.828125,
        239929.671875,
        15289.005859375
    ],
    "7": [
        205988.984375,
        237035.234375,
        7644.5029296875
    ],
    "8": [
        205354.546875,
        237087.53125,
        3822.25146484375
    ]
}