{
    "0": [
        202387.5,
        202387.5,
        291219.15625
    ],
    "1": [
        202387.5,
        202387.5,
        291219.15625
    ],
    "2": [
        206211.859375,
        172662.984375,
        145609.578125
    ],
    "3": [
        169679.09375,
        153676.171875,
        101926.703125
    ],
    "4": [
        143767.375,
        124357.390625,
        61156.0234375
    ],
    "5": [
        119839.7421875,
        129058.375,
        30578.01171875
    ],
    "6": [
        114692.328125,
        114874.0078125,
        15289.005859375
    ],
    "7": [
        117504.78125,
        121950.3828125,
        7644.5029296875
    ],
    "8": [
        119806.9140625,
        122199.6328125,
        3822.25146484375
    ]
}