{
    "0": [
        202387.5,
        202387.5,
        291219.15625
    ],
    "1": [
        202387.5,
        202387.5,
        291219.15625
    ],
    "2": [
        204305.140625,
        302440.9375,
        145609.578125
    ],
    "3": [
        205557.53125,
        344402.5,
        101926.703125
    ],
    "4": [
        212019.84375,
        333253.375,
        61156.0234375
    ],
    "5": [
        234060.09375,
        338364.1875,
        30578.01171875
    ],
    "6": [
        238306.96875,
        330753.84375,
        15289.005859375
    ],
    "7": [
        237903.78125,
        327240.15625,
        7644.5029296875
    ],
    "8": [
        237201.890625,
        329386.5,
        3822.25146484375
    ]
}