{
    "0": [
        202387.5,
        202387.5,
        291219.15625
    ],
    "1": [
        202387.5,
        202387.5,
        291219.15625
    ],
    "2": [
        246316.9375,
        306220.3125,
        145609.578125
    ],
    "3": [
        215955.5,
        319412.03125,
        101926.703125
    ],
    "4": [
        201879.34375,
        344581.65625,
        61156.0234375
    ],
    "5": [
        202334.6875,
        332466.6875,
        30578.01171875
    ],
    "6": [
        202646.296875,
        337733.75,
        15289.005859375
    ],
    "7": [
        208347.140625,
        333744.25,
        7644.5029296875
    ]
}