{
    "0": [
        202387.5,
        202387.5,
        291219.15625
    ],
    "1": [
        202387.5,
        202387.5,
        291219.15625
    ],
    "2": [
        238147.34375,
        132751.3125,
        145609.578125
    ],
    "3": [
        256459.046875,
        110259.4921875,
        101926.703125
    ],
    "4": [
        261625.390625,
        81772.484375,
        61156.0234375
    ],
    "5": [
        237422.53125,
        92211.375,
        30578.01171875
    ],
    "6": [
        240777.4375,
        95852.34375,
        15289.005859375
    ],
    "7": [
        235918.875,
        94041.078125,
        7644.5029296875
    ]
}