{
    "0": [
        202387.5,
        202387.5,
        291219.15625
    ],
    "1": [
        202387.5,
        202387.5,
        291219.15625
    ],
    "2": [
        290181.15625,
        204077.46875,
        145609.578125
    ],
    "3": [
        317332.1875,
        216255.015625,
        101926.703125
    ],
    "4": [
        282384.4375,
        234404.359375,
        61156.0234375
    ],
    "5": [
        309863.78125,
        227901.140625,
        30578.01171875
    ],
    "6": [
        310658.40625,
        221270.3125,
        15289.005859375
    ],
    "7": [
        305683.65625,
        221974.078125,
        7644.5029296875
    ]
}