{
    "0": [
        202387.5,
        202387.5,
        291219.15625
    ],
    "1": [
        202387.5,
        202387.5,
        291219.15625
    ],
    "2": [
        103420.859375,
        182549.75,
        145609.578125
    ],
    "3": [
        96645.0546875,
        153192.890625,
        101926.703125
    ],
    "4": [
        115226.40625,
        187443.578125,
        61156.0234375
    ],
    "5": [
        94093.1171875,
        195532.359375,
        30578.01171875
    ],
    "6": [
        81359.453125,
        189871.421875,
        15289.005859375
    ],
    "7": [
        86251.2578125,
        193389.6875,
        7644.5029296875
    ],
    "8": [
        85521.6484375,
        191595.265625,
        3822.25146484375
    ]
}