{
    "0": [
        202387.5,
        202387.5,
        291219.15625
    ],
    "1": [
        202387.5,
        202387.5,
        291219.15625
    ],
    "2": [
        203274.015625,
        157550.6875,
        145609.578125
    ],
    "3": [
        203993.78125,
        184800.046875,
        101926.703125
    ],
    "4": [
        233452.765625,
        197856.796875,
        61156.0234375
    ],
    "5": [
        249637.71875,
        197835.515625,
        30578.01171875
    ],
    "6": [
        254839.03125,
        202120.609375,
        15289.005859375
    ],
    "7": [
        251173.640625,
        198637.53125,
        7644.5029296875
    ],
    "8": [
        249232.1875,
        197153.734375,
        3822.25146484375
    ]
}