{
    "0": [
        202387.5,
        202387.5,
        291219.15625
    ],
    "1": [
        202387.5,
        202387.5,
        291219.15625
    ],
    "2": [
        181182.609375,
        121302.3359375,
        145609.578125
    ],
    "3": [
        180130.34375,
        110891.4375,
        101926.703125
    ],
    "4": [
        145822.125,
        106181.890625,
        61156.0234375
    ],
    "5": [
        123719,
        106543.8515625,
        30578.01171875
    ],
    "6": [
        121570.0703125,
        103186.2890625,
        15289.005859375
    ],
    "7": [
        119659.3671875,
        106408.796875,
        7644.5029296875
    ],
    "8": [
        119806.203125,
        107506.8046875,
        3822.25146484375
    ]
}