{
    "0": [
        202387.5,
        202387.5,
        291219.15625
    ],
    "1": [
        202387.5,
        202387.5,
        291219.15625
    ],
    "2": [
        307733.25,
        189632.390625,
        145609.578125
    ],
    "3": [
        318266.96875,
        169603.859375,
        101926.703125
    ],
    "4": [
        353103,
        167121.140625,
        61156.0234375
    ],
    "5": [
        351127.21875,
        196676.109375,
        30578.01171875
    ],
    "6": [
        341116.25,
        199628.359375,
        15289.005859375
    ],
    "7": [
        345145.71875,
        203930.578125,
        7644.5029296875
    ],
    "8": [
        345804.03125,
        204663.5,
        3822.25146484375
    ]
}