{
    "0": [
        202387.5,
        202387.5,
        291219.15625
    ],
    "1": [
        202387.5,
        202387.5,
        291219.15625
    ],
    "2": [
        208784.875,
        153006.96875,
        145609.578125
    ],
    "3": [
        236763.15625,
        126081.421875,
        101926.703125
    ],
    "4": [
        256350.40625,
        141107.015625,
        61156.0234375
    ],
    "5": [
        257502.234375,
        156168.921875,
        30578.01171875
    ],
    "6": [
        269871.9375,
        164978.875,
        15289.005859375
    ],
    "7": [
        267645.6875,
        166824.328125,
        7644.5029296875
    ]
}