{
    "0": [
        202387.5,
        202387.5,
        291219.15625
    ],
    "1": [
        202387.5,
        202387.5,
        291219.15625
    ],
    "2": [
        281655.96875,
        215924.0625,
        145609.578125
    ],
    "3": [
        277745.90625,
        251540.71875,
        101926.703125
    ],
    "4": [
        259800.734375,
        258938.5625,
        61156.0234375
    ],
    "5": [
        253788.078125,
        257788.40625,
        30578.01171875
    ],
    "6": [
        263300.375,
        260377.3125,
        15289.005859375
    ],
    "7": [
        265830,
        260613.640625,
        7644.5029296875
    ]
}