{
    "0": [
        202387.5,
        202387.5,
        291219.15625
    ],
    "1": [
        202387.5,
        202387.5,
        291219.15625
    ],
    "2": [
        116372.109375,
        181539.984375,
        145609.578125
    ],
    "3": [
        119552.3984375,
        197145.859375,
        101926.703125
    ],
    "4": [
        145132.0625,
        177223.03125,
        61156.0234375
    ],
    "5": [
        126458.640625,
        194832.09375,
        30578.01171875
    ],
    "6": [
        124780.390625,
        183816.765625,
        15289.005859375
    ],
    "7": [
        124439.78125,
        183741.765625,
        7644.5029296875
    ]
}