{
    "0": [
        202387.5,
        202387.5,
        291219.15625
    ],
    "1": [
        202387.5,
        202387.5,
        291219.15625
    ],
    "2": [
        144256.296875,
        201493.421875,
        145609.578125
    ],
    "3": [
        106509.140625,
        185181.125,
        101926.703125
    ],
    "4": [
        114062.96875,
        192170.734375,
        61156.0234375
    ],
    "5": [
        114492.1171875,
        207691.59375,
        30578.01171875
    ],
    "6": [
        114108.296875,
        206228.234375,
        15289.005859375
    ],
    "7": [
        120015.125,
        207067.046875,
        7644.5029296875
    ],
    "8": [
        120698.71875,
        205370.484375,
        3822.25146484375
    ]
}