{
    "0": [
        202387.5,
        202387.5,
        291219.15625
    ],
    "1": [
        202387.5,
        202387.5,
        291219.15625
    ],
    "2": [
        176660.890625,
        272086.6875,
        145609.578125
    ],
    "3": [
        149155.015625,
        305177.03125,
        101926.703125
    ],
    "4": [
        157833.078125,
        281045.6875,
        61156.0234375
    ],
    "5": [
        155000.453125,
        281181.375,
        30578.01171875
    ],
    "6": [
        148499.875,
        287390.15625,
        15289.005859375
    ],
    "7": [
        148955.453125,
        294346.40625,
        7644.5029296875
    ],
    "8": [
        150738.15625,
        295360.78125,
        3822.25146484375
    ]
}