{
    "0": [
        202387.5,
        202387.5,
        291219.15625
    ],
    "1": [
        202387.5,
        202387.5,
        291219.15625
    ],
    "2": [
        250494.0625,
        144727.90625,
        145609.578125
    ],
    "3": [
        237560.765625,
        125839.234375,
        101926.703125
    ],
    "4": [
        274883.40625,
        127242.90625,
        61156.0234375
    ],
    "5": [
        276456.4375,
        98280.890625,
        30578.01171875
    ],
    "6": [
        266989.03125,
        99114.0546875,
        15289.005859375
    ],
    "7": [
        271232.1875,
        102548.875,
        7644.5029296875
    ]
}