{
    "0": [
        202387.5,
        202387.5,
        291219.15625
    ],
    "1": [
        202387.5,
        202387.5,
        291219.15625
    ],
    "2": [
        287531.4375,
        219080.25,
        145609.578125
    ],
    "3": [
        310450.78125,
        215531.625,
        101926.703125
    ],
    "4": [
        310479.53125,
        191254.625,
        61156.0234375
    ],
    "5": [
        291097.59375,
        206777.203125,
        30578.01171875
    ],
    "6": [
        302197.84375,
        206122.28125,
        15289.005859375
    ],
    "7": [
        302195.1875,
        205201.078125,
        7644.5029296875
    ]
}