{
    "0": [
        202387.5,
        202387.5,
        291219.15625
    ],
    "1": [
        202387.5,
        202387.5,
        291219.15625
    ],
    "2": [
        116314.6875,
        275038.9375,
        145609.578125
    ],
    "3": [
        107257.5546875,
        256522.9375,
        101926.703125
    ],
    "4": [
        127120.578125,
        250426.640625,
        61156.0234375
    ],
    "5": [
        137810.703125,
        222723.234375,
        30578.01171875
    ],
    "6": [
        149760.046875,
        214680.3125,
        15289.005859375
    ],
    "7": [
        151206.9375,
        215566.40625,
        7644.5029296875
    ]
}