{
    "0": [
        202387.5,
        202387.5,
        291219.15625
    ],
    "1": [
        202387.5,
        202387.5,
        291219.15625
    ],
    "2": [
        138679.375,
        191822.796875,
        145609.578125
    ],
    "3": [
        105893.640625,
        172714.453125,
        101926.703125
    ],
    "4": [
        103071.875,
        176193.890625,
        61156.0234375
    ],
    "5": [
        119021.859375,
        170490.296875,
        30578.01171875
    ],
    "6": [
        105205.3125,
        172749.0625,
        15289.005859375
    ],
    "7": [
        109075.21875,
        166379.515625,
        7644.5029296875
    ]
}