{
    "0": [
        202387.5,
        202387.5,
        291219.15625
    ],
    "1": [
        202387.5,
        202387.5,
        291219.15625
    ],
    "2": [
        306590.6875,
        253366.109375,
        145609.578125
    ],
    "3": [
        285871,
        289778.1875,
        101926.703125
    ],
    "4": [
        270124.65625,
        313438.375,
        61156.0234375
    ]
}