{
    "0": [
        202387.5,
        202387.5,
        291219.15625
    ],
    "1": [
        202387.5,
        202387.5,
        291219.15625
    ],
    "2": [
        245954.234375,
        258913.3125,
        145609.578125
    ],
    "3": [
        247305.4375,
        248063.09375,
        101926.703125
    ],
    "4": [
        225922.484375,
        216001.78125,
        61156.0234375
    ],
    "5": [
        240910.609375,
        231583,
        30578.01171875
    ],
    "6": [
        250560.015625,
        224130.96875,
        15289.005859375
    ],
    "7": [
        249047.546875,
        223550.84375,
        7644.5029296875
    ]
}