{
    "0": [
        202387.5,
        202387.5,
        291219.15625
    ],
    "1": [
        202387.5,
        202387.5,
        291219.15625
    ],
    "2": [
        235292.296875,
        208174.078125,
        145609.578125
    ],
    "3": [
        261739.875,
        216940.21875,
        101926.703125
    ],
    "4": [
        248918.125,
        179515.453125,
        61156.0234375
    ],
    "5": [
        235476.21875,
        193478.328125,
        30578.01171875
    ],
    "6": [
        233828.28125,
        185822.4375,
        15289.005859375
    ],
    "7": [
        232703.65625,
        186641.296875,
        7644.5029296875
    ],
    "8": [
        231266.078125,
        185839.734375,
        3822.25146484375
    ]
}