{
    "0": [
        202387.5,
        202387.5,
        291219.15625
    ],
    "1": [
        202387.5,
        202387.5,
        291219.15625
    ],
    "2": [
        104371.140625,
        222644,
        145609.578125
    ],
    "3": [
        141229.109375,
        204366.796875,
        101926.703125
    ],
    "4": [
        168645.4375,
        223818.953125,
        61156.0234375
    ],
    "5": [
        172331.890625,
        204130.6875,
        30578.01171875
    ],
    "6": [
        172993.765625,
        211585.125,
        15289.005859375
    ],
    "7": [
        169129.328125,
        218141.8125,
        7644.5029296875
    ],
    "8": [
        171993.28125,
        216261.421875,
        3822.25146484375
    ]
}