{
    "0": [
        202387.5,
        202387.5,
        291219.15625
    ],
    "1": [
        202387.5,
        202387.5,
        291219.15625
    ],
    "2": [
        250389.96875,
        236848.9375,
        145609.578125
    ],
    "3": [
        225523.90625,
        257529.921875,
        101926.703125
    ],
    "4": [
        244390.921875,
        292124.40625,
        61156.0234375
    ],
    "5": [
        247886.390625,
        280527.25,
        30578.01171875
    ],
    "6": [
        256265.1875,
        281844.28125,
        15289.005859375
    ],
    "7": [
        250421.90625,
        286080.125,
        7644.5029296875
    ],
    "8": [
        248102.046875,
        285454.1875,
        3822.25146484375
    ]
}