{
    "0": [
        202387.5,
        202387.5,
        291219.15625
    ],
    "1": [
        202387.5,
        202387.5,
        291219.15625
    ],
    "2": [
        212411.03125,
        276269.75,
        145609.578125
    ],
    "3": [
        221798.96875,
        275595.875,
        101926.703125
    ],
    "4": [
        207615.234375,
        279117.09375,
        61156.0234375
    ],
    "5": [
        181686.375,
        270110.5625,
        30578.01171875
    ],
    "6": [
        191167.09375,
        265154.4375,
        15289.005859375
    ],
    "7": [
        189207.921875,
        265830.34375,
        7644.5029296875
    ],
    "8": [
        192369.921875,
        265304.96875,
        3822.25146484375
    ],
    "9": [
        191994.015625,
        264875.1875,
        1911.125732421875
    ]
}