{
    "0": [
        202387.5,
        202387.5,
        291219.15625
    ],
    "1": [
        202387.5,
        202387.5,
        291219.15625
    ],
    "2": [
        180745.875,
        123513.046875,
        145609.578125
    ],
    "3": [
        175359.359375,
        122943.328125,
        101926.703125
    ],
    "4": [
        179221.5625,
        104356.6171875,
        61156.0234375
    ],
    "5": [
        198995.015625,
        86442.15625,
        30578.01171875
    ],
    "6": [
        207070.640625,
        93925.421875,
        15289.005859375
    ],
    "7": [
        208599.046875,
        89843.9140625,
        7644.5029296875
    ],
    "8": [
        208035.8125,
        89885.1796875,
        3822.25146484375
    ]
}