{
    "0": [
        202387.5,
        202387.5,
        291219.15625
    ],
    "1": [
        202387.5,
        202387.5,
        291219.15625
    ],
    "2": [
        219231.1875,
        208609.21875,
        145609.578125
    ],
    "3": [
        190899.015625,
        189836.671875,
        101926.703125
    ],
    "4": [
        185301.453125,
        187182.703125,
        61156.0234375
    ],
    "5": [
        184786.875,
        210774.28125,
        30578.01171875
    ],
    "6": [
        188869.265625,
        215173.96875,
        15289.005859375
    ],
    "7": [
        184495.5625,
        219218.546875,
        7644.5029296875
    ],
    "8": [
        183107.03125,
        217296.9375,
        3822.25146484375
    ],
    "9": [
        183304.125,
        216778.71875,
        1911.125732421875
    ]
}