{
    "0": [
        202387.5,
        202387.5,
        291219.15625
    ],
    "1": [
        202387.5,
        202387.5,
        291219.15625
    ],
    "2": [
        175329.203125,
        169337.0625,
        145609.578125
    ],
    "3": [
        177545.65625,
        207304.46875,
        101926.703125
    ],
    "4": [
        186285.265625,
        188902.265625,
        61156.0234375
    ],
    "5": [
        167047.453125,
        167263.0625,
        30578.01171875
    ],
    "6": [
        170605.484375,
        181650.828125,
        15289.005859375
    ],
    "7": [
        177082.984375,
        184648.015625,
        7644.5029296875
    ],
    "8": [
        176733.671875,
        185498.65625,
        3822.25146484375
    ]
}