{
    "0": [
        202387.5,
        202387.5,
        291219.15625
    ],
    "1": [
        202387.5,
        202387.5,
        291219.15625
    ],
    "2": [
        181503.890625,
        135979.890625,
        145609.578125
    ],
    "3": [
        150497.46875,
        130101.5703125,
        101926.703125
    ],
    "4": [
        157969.5,
        158403.125,
        61156.0234375
    ],
    "5": [
        163919.078125,
        146899.84375,
        30578.01171875
    ],
    "6": [
        154470.40625,
        137988.53125,
        15289.005859375
    ],
    "7": [
        150506.15625,
        139968.234375,
        7644.5029296875
    ]
}