{
    "0": [
        202387.5,
        202387.5,
        291219.15625
    ],
    "1": [
        202387.5,
        202387.5,
        291219.15625
    ],
    "2": [
        108499.8125,
        137588.984375,
        145609.578125
    ],
    "3": [
        130892.7109375,
        115467.109375,
        101926.703125
    ],
    "4": [
        113271.46875,
        119507.5546875,
        61156.0234375
    ],
    "5": [
        98270.484375,
        134211.1875,
        30578.01171875
    ],
    "6": [
        98873.796875,
        131341.421875,
        15289.005859375
    ]
}