{
    "0": [
        202387.5,
        202387.5,
        291219.15625
    ],
    "1": [
        202387.5,
        202387.5,
        291219.15625
    ],
    "2": [
        293901.4375,
        198072.953125,
        145609.578125
    ],
    "3": [
        296032.1875,
        224468.578125,
        101926.703125
    ],
    "4": [
        275552.65625,
        214441.046875,
        61156.0234375
    ],
    "5": [
        282720.28125,
        243638.6875,
        30578.01171875
    ]
}