{
    "0": [
        202387.5,
        202387.5,
        291219.15625
    ],
    "1": [
        202387.5,
        202387.5,
        291219.15625
    ],
    "2": [
        259294.984375,
        192948.234375,
        145609.578125
    ],
    "3": [
        220434.65625,
        190274.71875,
        101926.703125
    ],
    "4": [
        224765.578125,
        223053.640625,
        61156.0234375
    ],
    "5": [
        206517.546875,
        223859.546875,
        30578.01171875
    ],
    "6": [
        198442.625,
        230736.4375,
        15289.005859375
    ],
    "7": [
        195840.046875,
        228339.546875,
        7644.5029296875
    ]
}