{
    "0": [
        202387.5,
        202387.5,
        291219.15625
    ],
    "1": [
        202387.5,
        202387.5,
        291219.15625
    ],
    "2": [
        240171.65625,
        94105.0546875,
        145609.578125
    ],
    "3": [
        269022.59375,
        122844.578125,
        101926.703125
    ],
    "4": [
        259499.828125,
        112903.890625,
        61156.0234375
    ],
    "5": [
        263267.78125,
        104885.3515625,
        30578.01171875
    ],
    "6": [
        260498.9375,
        111387.640625,
        15289.005859375
    ],
    "7": [
        258629.4375,
        114353.890625,
        7644.5029296875
    ],
    "8": [
        259644.703125,
        111251.1796875,
        3822.25146484375
    ],
    "9": [
        259770.828125,
        111025.7734375,
        1911.125732421875
    ]
}