{
    "0": [
        202387.5,
        202387.5,
        291219.15625
    ],
    "1": [
        202387.5,
        202387.5,
        291219.15625
    ],
    "2": [
        264967.125,
        297294,
        145609.578125
    ],
    "3": [
        293675.59375,
        289931.65625,
        101926.703125
    ],
    "4": [
        285881.15625,
        302957.875,
        61156.0234375
    ],
    "5": [
        273875.625,
        291712.59375,
        30578.01171875
    ],
    "6": [
        278493.75,
        284504.5,
        15289.005859375
    ],
    "7": [
        276005.75,
        279829,
        7644.5029296875
    ],
    "8": [
        276911.46875,
        281305,
        3822.25146484375
    ]
}