{
    "0": [
        202387.5,
        202387.5,
        291219.15625
    ],
    "1": [
        202387.5,
        202387.5,
        291219.15625
    ],
    "2": [
        174075.34375,
        275097.09375,
        145609.578125
    ],
    "3": [
        186196.828125,
        256734.25,
        101926.703125
    ],
    "4": [
        198872.9375,
        225016.453125,
        61156.0234375
    ],
    "5": [
        217165.3125,
        225391.796875,
        30578.01171875
    ],
    "6": [
        209993.203125,
        220782.015625,
        15289.005859375
    ],
    "7": [
        214051.03125,
        217670.859375,
        7644.5029296875
    ]
}