{
    "0": [
        202387.5,
        202387.5,
        291219.15625
    ],
    "1": [
        202387.5,
        202387.5,
        291219.15625
    ],
    "2": [
        227688.53125,
        298451.21875,
        145609.578125
    ],
    "3": [
        257953.546875,
        303459.4375,
        101926.703125
    ],
    "4": [
        263358.8125,
        282072.0625,
        61156.0234375
    ],
    "5": [
        250946.578125,
        294068.4375,
        30578.01171875
    ],
    "6": [
        263785.875,
        298090.53125,
        15289.005859375
    ],
    "7": [
        263431.59375,
        297820.8125,
        7644.5029296875
    ]
}