{
    "0": [
        202387.5,
        202387.5,
        291219.15625
    ],
    "1": [
        202387.5,
        202387.5,
        291219.15625
    ],
    "2": [
        127269.390625,
        122183.4453125,
        145609.578125
    ],
    "3": [
        146659.515625,
        128701.3125,
        101926.703125
    ],
    "4": [
        115984.015625,
        123307.6875,
        61156.0234375
    ],
    "5": [
        95724.8515625,
        136387.875,
        30578.01171875
    ],
    "6": [
        84584.140625,
        134204.234375,
        15289.005859375
    ],
    "7": [
        84495.1875,
        141695.421875,
        7644.5029296875
    ]
}