{
    "0": [
        202387.5,
        202387.5,
        291219.15625
    ],
    "1": [
        202387.5,
        202387.5,
        291219.15625
    ],
    "2": [
        306716.15625,
        246518.1875,
        145609.578125
    ],
    "3": [
        300408.34375,
        233645.828125,
        101926.703125
    ],
    "4": [
        326071.03125,
        260783.859375,
        61156.0234375
    ],
    "5": [
        346181.625,
        267775.4375,
        30578.01171875
    ],
    "6": [
        347923.34375,
        266186.59375,
        15289.005859375
    ],
    "7": [
        352419.875,
        268329.96875,
        7644.5029296875
    ]
}