{
    "0": [
        202387.5,
        202387.5,
        291219.15625
    ],
    "1": [
        202387.5,
        202387.5,
        291219.15625
    ],
    "2": [
        124464.6796875,
        233115.796875,
        145609.578125
    ],
    "3": [
        137568.375,
        244879.0625,
        101926.703125
    ],
    "4": [
        131483.9375,
        223549.4375,
        61156.0234375
    ],
    "5": [
        160524.34375,
        231886.84375,
        30578.01171875
    ],
    "6": [
        154209.609375,
        231518.890625,
        15289.005859375
    ]
}