{
    "0": [
        202387.5,
        202387.5,
        291219.15625
    ],
    "1": [
        202387.5,
        202387.5,
        291219.15625
    ],
    "2": [
        275216.0625,
        209861.375,
        145609.578125
    ],
    "3": [
        278121.8125,
        188000.578125,
        101926.703125
    ],
    "4": [
        278095.65625,
        196946.90625,
        61156.0234375
    ],
    "5": [
        273405.9375,
        207161.984375,
        30578.01171875
    ],
    "6": [
        280792.25,
        213902.734375,
        15289.005859375
    ],
    "7": [
        286622.65625,
        218520.65625,
        7644.5029296875
    ]
}