{
    "0": [
        202387.5,
        202387.5,
        291219.15625
    ],
    "1": [
        202387.5,
        202387.5,
        291219.15625
    ],
    "2": [
        125000.25,
        208573.140625,
        145609.578125
    ],
    "3": [
        137221.96875,
        210457.375,
        101926.703125
    ],
    "4": [
        113601.015625,
        187876.53125,
        61156.0234375
    ],
    "5": [
        118784.8828125,
        178913.875,
        30578.01171875
    ],
    "6": [
        114477.5625,
        182753.75,
        15289.005859375
    ],
    "7": [
        116997.2109375,
        177561.75,
        7644.5029296875
    ],
    "8": [
        117398.9296875,
        179101.015625,
        3822.25146484375
    ],
    "9": [
        117832.8515625,
        179044.265625,
        1911.125732421875
    ]
}