{
    "0": [
        202387.5,
        202387.5,
        291219.15625
    ],
    "1": [
        202387.5,
        202387.5,
        291219.15625
    ],
    "2": [
        185718.09375,
        261866.125,
        145609.578125
    ],
    "3": [
        193157.3125,
        280259.0625,
        101926.703125
    ],
    "4": [
        219471.234375,
        262542.125,
        61156.0234375
    ],
    "5": [
        210093.734375,
        265419.40625,
        30578.01171875
    ],
    "6": [
        216047.421875,
        270564.625,
        15289.005859375
    ],
    "7": [
        217154.703125,
        271158.75,
        7644.5029296875
    ]
}