{
    "0": [
        202387.5,
        202387.5,
        291219.15625
    ],
    "1": [
        202387.5,
        202387.5,
        291219.15625
    ],
    "2": [
        269043.5,
        195571.34375,
        145609.578125
    ],
    "3": [
        242095.140625,
        222031.15625,
        101926.703125
    ],
    "4": [
        276275.03125,
        203386.078125,
        61156.0234375
    ],
    "5": [
        301607.8125,
        200930.203125,
        30578.01171875
    ],
    "6": [
        310386.84375,
        194235.9375,
        15289.005859375
    ]
}