{
    "0": [
        202387.5,
        202387.5,
        291219.15625
    ],
    "1": [
        202387.5,
        202387.5,
        291219.15625
    ],
    "2": [
        121565.8984375,
        234298.078125,
        145609.578125
    ],
    "3": [
        153659.28125,
        240033.421875,
        101926.703125
    ],
    "4": [
        118829.5546875,
        250997.1875,
        61156.0234375
    ],
    "5": [
        118065.2578125,
        269360.6875,
        30578.01171875
    ],
    "6": [
        112635.515625,
        266965.1875,
        15289.005859375
    ],
    "7": [
        113824.046875,
        267791.84375,
        7644.5029296875
    ],
    "8": [
        110460.4765625,
        267005.03125,
        3822.25146484375
    ]
}