{
    "0": [
        202387.5,
        202387.5,
        291219.15625
    ],
    "1": [
        202387.5,
        202387.5,
        291219.15625
    ],
    "2": [
        263772.21875,
        276489.71875,
        145609.578125
    ],
    "3": [
        220991.375,
        270747.96875,
        101926.703125
    ],
    "4": [
        214467.859375,
        252402.078125,
        61156.0234375
    ],
    "5": [
        217384.40625,
        241850.53125,
        30578.01171875
    ],
    "6": [
        230629.640625,
        239194.984375,
        15289.005859375
    ],
    "7": [
        230817.75,
        240143.96875,
        7644.5029296875
    ]
}