{
    "0": [
        202387.5,
        202387.5,
        291219.15625
    ],
    "1": [
        202387.5,
        202387.5,
        291219.15625
    ],
    "2": [
        196574.609375,
        168591.421875,
        145609.578125
    ],
    "3": [
        216216.5,
        161102.21875,
        101926.703125
    ],
    "4": [
        198263.109375,
        173448.359375,
        61156.0234375
    ],
    "5": [
        205746.53125,
        184784.265625,
        30578.01171875
    ],
    "6": [
        198326.53125,
        192515.875,
        15289.005859375
    ],
    "7": [
        202791.40625,
        196075.96875,
        7644.5029296875
    ],
    "8": [
        201037.828125,
        194012.53125,
        3822.25146484375
    ],
    "9": [
        201510.515625,
        193297.640625,
        1911.125732421875
    ]
}