{
    "0": [
        202387.5,
        202387.5,
        291219.15625
    ],
    "1": [
        202387.5,
        202387.5,
        291219.15625
    ],
    "2": [
        147778.125,
        156902.546875,
        145609.578125
    ],
    "3": [
        120496.578125,
        156204.3125,
        101926.703125
    ],
    "4": [
        129539.6875,
        157817.765625,
        61156.0234375
    ],
    "5": [
        129789.1953125,
        171663.796875,
        30578.01171875
    ],
    "6": [
        138310.015625,
        177010.9375,
        15289.005859375
    ],
    "7": [
        133535.046875,
        179007.5625,
        7644.5029296875
    ],
    "8": [
        132506.984375,
        175911.875,
        3822.25146484375
    ]
}