{
    "0": [
        202387.5,
        202387.5,
        291219.15625
    ],
    "1": [
        202387.5,
        202387.5,
        291219.15625
    ],
    "2": [
        159614.53125,
        296346.6875,
        145609.578125
    ],
    "3": [
        156903.65625,
        336138.84375,
        101926.703125
    ],
    "4": [
        166693.03125,
        355519.0625,
        61156.0234375
    ],
    "5": [
        154539.0625,
        328242,
        30578.01171875
    ],
    "6": [
        153501.96875,
        335141.125,
        15289.005859375
    ],
    "7": [
        153971.515625,
        331317.8125,
        7644.5029296875
    ]
}