{
    "0": [
        202387.5,
        202387.5,
        291219.15625
    ],
    "1": [
        202387.5,
        202387.5,
        291219.15625
    ],
    "2": [
        211345.84375,
        182347.09375,
        145609.578125
    ],
    "3": [
        236672.96875,
        217528.25,
        101926.703125
    ],
    "4": [
        225197.828125,
        228741.765625,
        61156.0234375
    ],
    "5": [
        235204.484375,
        232129.265625,
        30578.01171875
    ],
    "6": [
        237293.765625,
        237773.0625,
        15289.005859375
    ],
    "7": [
        238429.640625,
        238342.03125,
        7644.5029296875
    ]
}