{
    "0": [
        202387.5,
        202387.5,
        291219.15625
    ],
    "1": [
        202387.5,
        202387.5,
        291219.15625
    ],
    "2": [
        302388.65625,
        259485.484375,
        145609.578125
    ],
    "3": [
        331312.40625,
        265640,
        101926.703125
    ],
    "4": [
        310567.71875,
        286030.9375,
        61156.0234375
    ],
    "5": [
        329325.21875,
        267506.8125,
        30578.01171875
    ],
    "6": [
        331185.21875,
        265594.03125,
        15289.005859375
    ],
    "7": [
        325922.8125,
        263953.59375,
        7644.5029296875
    ],
    "8": [
        326596.28125,
        264230.15625,
        3822.25146484375
    ]
}