{
    "0": [
        202387.5,
        202387.5,
        291219.15625
    ],
    "1": [
        202387.5,
        202387.5,
        291219.15625
    ],
    "2": [
        242133.71875,
        219810.890625,
        145609.578125
    ],
    "3": [
        283372.59375,
        207882.046875,
        101926.703125
    ],
    "4": [
        286034.8125,
        235617.90625,
        61156.0234375
    ],
    "5": [
        267153.84375,
        218164.546875,
        30578.01171875
    ],
    "6": [
        265372.28125,
        203211.109375,
        15289.005859375
    ],
    "7": [
        263072.5,
        198045.359375,
        7644.5029296875
    ]
}