{
    "0": [
        202387.5,
        202387.5,
        291219.15625
    ],
    "1": [
        202387.5,
        202387.5,
        291219.15625
    ],
    "2": [
        246325.75,
        240337.875,
        145609.578125
    ],
    "3": [
        227971.84375,
        233158.75,
        101926.703125
    ],
    "4": [
        202950.515625,
        230867.609375,
        61156.0234375
    ],
    "5": [
        219509.0625,
        245416.25,
        30578.01171875
    ],
    "6": [
        214380.59375,
        232013.640625,
        15289.005859375
    ],
    "7": [
        213286.59375,
        228529.203125,
        7644.5029296875
    ]
}