{
    "0": [
        202387.5,
        202387.5,
        291219.15625
    ],
    "1": [
        202387.5,
        202387.5,
        291219.15625
    ],
    "2": [
        197556.9375,
        237793.375,
        145609.578125
    ],
    "3": [
        217908.453125,
        266951.3125,
        101926.703125
    ],
    "4": [
        181608.734375,
        282011.40625,
        61156.0234375
    ],
    "5": [
        184033.734375,
        257198.796875,
        30578.01171875
    ],
    "6": [
        195125.25,
        250566.28125,
        15289.005859375
    ],
    "7": [
        194843.640625,
        253520.0625,
        7644.5029296875
    ],
    "8": [
        192817.390625,
        250680.109375,
        3822.25146484375
    ]
}