{
    "0": [
        202387.5,
        202387.5,
        291219.15625
    ],
    "1": [
        202387.5,
        202387.5,
        291219.15625
    ],
    "2": [
        143100.65625,
        154985.171875,
        145609.578125
    ],
    "3": [
        167226.640625,
        121420.78125,
        101926.703125
    ],
    "4": [
        157743.140625,
        150971.6875,
        61156.0234375
    ],
    "5": [
        173923.359375,
        126889.703125,
        30578.01171875
    ],
    "6": [
        183081.46875,
        123685.421875,
        15289.005859375
    ]
}