{
    "0": [
        202387.5,
        202387.5,
        291219.15625
    ],
    "1": [
        202387.5,
        202387.5,
        291219.15625
    ],
    "2": [
        162007.3125,
        175463.296875,
        145609.578125
    ],
    "3": [
        175764.265625,
        152038.890625,
        101926.703125
    ],
    "4": [
        188678.96875,
        188790.125,
        61156.0234375
    ],
    "5": [
        200304.171875,
        215435.25,
        30578.01171875
    ],
    "6": [
        187280.921875,
        214872.953125,
        15289.005859375
    ],
    "7": [
        191899.03125,
        214136.5,
        7644.5029296875
    ]
}