{
    "0": [
        202387.5,
        202387.5,
        291219.15625
    ],
    "1": [
        202387.5,
        202387.5,
        291219.15625
    ],
    "2": [
        227150.8125,
        94573.0859375,
        145609.578125
    ],
    "3": [
        225365.265625,
        126966.625,
        101926.703125
    ],
    "4": [
        229690.15625,
        161268.40625,
        61156.0234375
    ],
    "5": [
        205406.484375,
        167626.828125,
        30578.01171875
    ],
    "6": [
        201030.234375,
        156557.984375,
        15289.005859375
    ],
    "7": [
        206023.84375,
        154105.359375,
        7644.5029296875
    ]
}