{
    "0": [
        202387.5,
        202387.5,
        291219.15625
    ],
    "1": [
        202387.5,
        202387.5,
        291219.15625
    ],
    "2": [
        205565.640625,
        245207.78125,
        145609.578125
    ],
    "3": [
        167216.515625,
        255101.84375,
        101926.703125
    ],
    "4": [
        137393.078125,
        280669.40625,
        61156.0234375
    ],
    "5": [
        144857.40625,
        290002.59375,
        30578.01171875
    ],
    "6": [
        152917.21875,
        299853.71875,
        15289.005859375
    ],
    "7": [
        152868.375,
        304360.65625,
        7644.5029296875
    ]
}