{
    "0": [
        202387.5,
        202387.5,
        291219.15625
    ],
    "1": [
        202387.5,
        202387.5,
        291219.15625
    ],
    "2": [
        251288.875,
        258334.5,
        145609.578125
    ],
    "3": [
        240904.65625,
        285582.03125,
        101926.703125
    ],
    "4": [
        232759.609375,
        263375.59375,
        61156.0234375
    ],
    "5": [
        255282.28125,
        277084.40625,
        30578.01171875
    ],
    "6": [
        252573.125,
        277898.34375,
        15289.005859375
    ]
}