{
    "0": [
        202387.5,
        202387.5,
        291219.15625
    ],
    "1": [
        202387.5,
        202387.5,
        291219.15625
    ],
    "2": [
        235744.84375,
        273963.8125,
        145609.578125
    ],
    "3": [
        255341.453125,
        234936.125,
        101926.703125
    ],
    "4": [
        219853.421875,
        218875.46875,
        61156.0234375
    ],
    "5": [
        231608.53125,
        202785.03125,
        30578.01171875
    ],
    "6": [
        221004.046875,
        193305.296875,
        15289.005859375
    ],
    "7": [
        220615.3125,
        195260.875,
        7644.5029296875
    ],
    "8": [
        220466.859375,
        195411.375,
        3822.25146484375
    ]
}