{
    "0": [
        202387.5,
        202387.5,
        291219.15625
    ],
    "1": [
        202387.5,
        202387.5,
        291219.15625
    ],
    "2": [
        224991.953125,
        152952.46875,
        145609.578125
    ],
    "3": [
        266964.53125,
        145422.984375,
        101926.703125
    ],
    "4": [
        248613.625,
        112551.3046875,
        61156.0234375
    ],
    "5": [
        249295.640625,
        112975.75,
        30578.01171875
    ],
    "6": [
        253434.328125,
        121233.875,
        15289.005859375
    ],
    "7": [
        248880.125,
        125936.9453125,
        7644.5029296875
    ]
}