{
    "0": [
        202387.5,
        202387.5,
        291219.15625
    ],
    "1": [
        202387.5,
        202387.5,
        291219.15625
    ],
    "2": [
        120856.96875,
        199110.953125,
        145609.578125
    ],
    "3": [
        143250.125,
        205072.453125,
        101926.703125
    ],
    "4": [
        125918.609375,
        236127.390625,
        61156.0234375
    ],
    "5": [
        137888.65625,
        225497.390625,
        30578.01171875
    ],
    "6": [
        138998.65625,
        219448.3125,
        15289.005859375
    ],
    "7": [
        145076.734375,
        216015.046875,
        7644.5029296875
    ],
    "8": [
        147815.078125,
        217819.625,
        3822.25146484375
    ],
    "9": [
        147741.796875,
        217703.625,
        1911.125732421875
    ]
}