{
    "0": [
        202387.5,
        202387.5,
        291219.15625
    ],
    "1": [
        202387.5,
        202387.5,
        291219.15625
    ],
    "2": [
        122597.6484375,
        164825.984375,
        145609.578125
    ],
    "3": [
        152119.78125,
        139469.609375,
        101926.703125
    ],
    "4": [
        176827.65625,
        108990.5,
        61156.0234375
    ],
    "5": [
        164214.453125,
        84170.0859375,
        30578.01171875
    ],
    "6": [
        172270.640625,
        78328.1640625,
        15289.005859375
    ],
    "7": [
        171440.171875,
        76416.2421875,
        7644.5029296875
    ]
}