{
    "0": [
        202387.5,
        202387.5,
        291219.15625
    ],
    "1": [
        202387.5,
        202387.5,
        291219.15625
    ],
    "2": [
        195498.703125,
        241761.421875,
        145609.578125
    ],
    "3": [
        196420,
        210351.71875,
        101926.703125
    ],
    "4": [
        188561.484375,
        234704.78125,
        61156.0234375
    ],
    "5": [
        215641.09375,
        239351.09375,
        30578.01171875
    ],
    "6": [
        202586.109375,
        231651.96875,
        15289.005859375
    ],
    "7": [
        207762.8125,
        227189.9375,
        7644.5029296875
    ]
}