{
    "0": [
        202387.5,
        202387.5,
        291219.15625
    ],
    "1": [
        202387.5,
        202387.5,
        291219.15625
    ],
    "2": [
        170500.453125,
        313036.5625,
        145609.578125
    ],
    "3": [
        189889.84375,
        297700.34375,
        101926.703125
    ],
    "4": [
        190714.921875,
        279811.9375,
        61156.0234375
    ],
    "5": [
        209332.015625,
        273273.34375,
        30578.01171875
    ],
    "6": [
        207921.296875,
        272436.03125,
        15289.005859375
    ],
    "7": [
        209912.96875,
        276114,
        7644.5029296875
    ]
}