{
    "0": [
        202387.5,
        202387.5,
        291219.15625
    ],
    "1": [
        202387.5,
        202387.5,
        291219.15625
    ],
    "2": [
        184435.25,
        131548,
        145609.578125
    ],
    "3": [
        184956.796875,
        130231.8515625,
        101926.703125
    ],
    "4": [
        165891.875,
        128033.484375,
        61156.0234375
    ],
    "5": [
        176174.09375,
        103131.6796875,
        30578.01171875
    ],
    "6": [
        161414.0625,
        101488.6640625,
        15289.005859375
    ],
    "7": [
        161688.171875,
        105491.359375,
        7644.5029296875
    ]
}