{
    "0": [
        202387.5,
        202387.5,
        291219.15625
    ],
    "1": [
        202387.5,
        202387.5,
        291219.15625
    ],
    "2": [
        269431.4375,
        214901,
        145609.578125
    ],
    "3": [
        273329.40625,
        181895.65625,
        101926.703125
    ],
    "4": [
        279931.71875,
        214517.65625,
        61156.0234375
    ],
    "5": [
        283651.125,
        196663.640625,
        30578.01171875
    ],
    "6": [
        282612.40625,
        198384.921875,
        15289.005859375
    ],
    "7": [
        282913.0625,
        198613.625,
        7644.5029296875
    ]
}