{
    "0": [
        202387.5,
        202387.5,
        291219.15625
    ],
    "1": [
        202387.5,
        202387.5,
        291219.15625
    ],
    "2": [
        155815.375,
        166217.0625,
        145609.578125
    ],
    "3": [
        148342.53125,
        203376,
        101926.703125
    ],
    "4": [
        129385.671875,
        189915.703125,
        61156.0234375
    ],
    "5": [
        147191.078125,
        167541.15625,
        30578.01171875
    ],
    "6": [
        147794.640625,
        160397.359375,
        15289.005859375
    ],
    "7": [
        140597.953125,
        158038,
        7644.5029296875
    ]
}