{
    "0": [
        202387.5,
        202387.5,
        291219.15625
    ],
    "1": [
        202387.5,
        202387.5,
        291219.15625
    ],
    "2": [
        210414.28125,
        228988.703125,
        145609.578125
    ],
    "3": [
        233725.640625,
        216859.96875,
        101926.703125
    ],
    "4": [
        268754.25,
        224371.0625,
        61156.0234375
    ],
    "5": [
        276387.53125,
        252555.9375,
        30578.01171875
    ],
    "6": [
        270493.46875,
        259821.453125,
        15289.005859375
    ],
    "7": [
        274710.875,
        264513.3125,
        7644.5029296875
    ]
}