{
    "0": [
        202387.5,
        202387.5,
        291219.15625
    ],
    "1": [
        202387.5,
        202387.5,
        291219.15625
    ],
    "2": [
        108154.1328125,
        193774.84375,
        145609.578125
    ],
    "3": [
        75636.8046875,
        203903.484375,
        101926.703125
    ],
    "4": [
        63661.8359375,
        191670.625,
        61156.0234375
    ],
    "5": [
        75566.359375,
        177887.640625,
        30578.01171875
    ],
    "6": [
        64085.16015625,
        181016.90625,
        15289.005859375
    ],
    "7": [
        68839.4921875,
        185225.71875,
        7644.5029296875
    ]
}