{
    "0": [
        202387.5,
        202387.5,
        291219.15625
    ],
    "1": [
        202387.5,
        202387.5,
        291219.15625
    ],
    "2": [
        221305.90625,
        293439.625,
        145609.578125
    ],
    "3": [
        199578.65625,
        321880.21875,
        101926.703125
    ],
    "4": [
        225178.84375,
        329929.15625,
        61156.0234375
    ],
    "5": [
        245366.21875,
        346516.28125,
        30578.01171875
    ],
    "6": [
        237781.046875,
        352922,
        15289.005859375
    ],
    "7": [
        237681.421875,
        352748.125,
        7644.5029296875
    ],
    "8": [
        236896.4375,
        351861.0625,
        3822.25146484375
    ]
}