{
    "0": [
        202387.5,
        202387.5,
        291219.15625
    ],
    "1": [
        202387.5,
        202387.5,
        291219.15625
    ],
    "2": [
        208622.875,
        153886.21875,
        145609.578125
    ],
    "3": [
        237732.125,
        151938.4375,
        101926.703125
    ],
    "4": [
        222798.1875,
        122576.8046875,
        61156.0234375
    ],
    "5": [
        200920.53125,
        125809.546875,
        30578.01171875
    ],
    "6": [
        197039.203125,
        122616.0078125,
        15289.005859375
    ],
    "7": [
        200081.609375,
        126296.84375,
        7644.5029296875
    ]
}