{
    "0": [
        202387.5,
        202387.5,
        291219.15625
    ],
    "1": [
        202387.5,
        202387.5,
        291219.15625
    ],
    "2": [
        144441.1875,
        158691.140625,
        145609.578125
    ],
    "3": [
        145089.421875,
        143340.34375,
        101926.703125
    ],
    "4": [
        158856.046875,
        126100.640625,
        61156.0234375
    ],
    "5": [
        165733.578125,
        100510.5703125,
        30578.01171875
    ],
    "6": [
        163051.75,
        100957.9375,
        15289.005859375
    ],
    "7": [
        162846.65625,
        104779.9296875,
        7644.5029296875
    ],
    "8": [
        163518.78125,
        107341.8671875,
        3822.25146484375
    ]
}