{
    "0": [
        202387.5,
        202387.5,
        291219.15625
    ],
    "1": [
        202387.5,
        202387.5,
        291219.15625
    ],
    "2": [
        251674.125,
        280979.65625,
        145609.578125
    ],
    "3": [
        271843.53125,
        283732.875,
        101926.703125
    ],
    "4": [
        262958.46875,
        261558.265625,
        61156.0234375
    ],
    "5": [
        282922.40625,
        257475.59375,
        30578.01171875
    ],
    "6": [
        289265.71875,
        268227.625,
        15289.005859375
    ],
    "7": [
        295300.65625,
        271172.96875,
        7644.5029296875
    ],
    "8": [
        294458.3125,
        271408.4375,
        3822.25146484375
    ]
}