{
    "0": [
        202387.5,
        202387.5,
        291219.15625
    ],
    "1": [
        202387.5,
        202387.5,
        291219.15625
    ],
    "2": [
        148173.5625,
        196360.78125,
        145609.578125
    ],
    "3": [
        175175.71875,
        227364.234375,
        101926.703125
    ],
    "4": [
        203333.296875,
        202748.625,
        61156.0234375
    ],
    "5": [
        218713.921875,
        181652.65625,
        30578.01171875
    ],
    "6": [
        211817.703125,
        174170.9375,
        15289.005859375
    ],
    "7": [
        212880.828125,
        179022.5625,
        7644.5029296875
    ]
}