{
    "0": [
        202387.5,
        202387.5,
        291219.15625
    ],
    "1": [
        202387.5,
        202387.5,
        291219.15625
    ],
    "2": [
        189798.359375,
        238401.125,
        145609.578125
    ],
    "3": [
        192392.125,
        219808.6875,
        101926.703125
    ],
    "4": [
        213312.328125,
        248560.96875,
        61156.0234375
    ],
    "5": [
        209930.390625,
        260466.78125,
        30578.01171875
    ],
    "6": [
        214010.9375,
        259589.65625,
        15289.005859375
    ],
    "7": [
        215458.421875,
        258885.328125,
        7644.5029296875
    ],
    "8": [
        213653.71875,
        260742.046875,
        3822.25146484375
    ]
}