{
    "0": [
        202387.5,
        202387.5,
        291219.15625
    ],
    "1": [
        202387.5,
        202387.5,
        291219.15625
    ],
    "2": [
        248806.5625,
        120297.03125,
        145609.578125
    ],
    "3": [
        214472.53125,
        131989.515625,
        101926.703125
    ],
    "4": [
        233248.65625,
        113098.953125,
        61156.0234375
    ],
    "5": [
        216253.5625,
        101956.2109375,
        30578.01171875
    ],
    "6": [
        226090.625,
        100056.1328125,
        15289.005859375
    ],
    "7": [
        225435.21875,
        105667.515625,
        7644.5029296875
    ],
    "8": [
        228331.109375,
        103515.4296875,
        3822.25146484375
    ]
}