{
    "0": [
        202387.5,
        202387.5,
        291219.15625
    ],
    "1": [
        202387.5,
        202387.5,
        291219.15625
    ],
    "2": [
        136771.234375,
        155925.625,
        145609.578125
    ],
    "3": [
        131681.28125,
        161660.609375,
        101926.703125
    ],
    "4": [
        143297,
        170672.046875,
        61156.0234375
    ],
    "5": [
        151744.421875,
        166304.5625,
        30578.01171875
    ],
    "6": [
        153760.03125,
        170969.78125,
        15289.005859375
    ]
}