{
    "0": [
        202387.5,
        202387.5,
        291219.15625
    ],
    "1": [
        202387.5,
        202387.5,
        291219.15625
    ],
    "2": [
        203626.4375,
        277197.0625,
        145609.578125
    ],
    "3": [
        177564.25,
        295292.71875,
        101926.703125
    ],
    "4": [
        194671.734375,
        311357.84375,
        61156.0234375
    ],
    "5": [
        194583.875,
        321856.46875,
        30578.01171875
    ],
    "6": [
        199460.671875,
        323833.78125,
        15289.005859375
    ]
}