{
    "0": [
        202387.5,
        202387.5,
        291219.15625
    ],
    "1": [
        202387.5,
        202387.5,
        291219.15625
    ],
    "2": [
        281841,
        176750.546875,
        145609.578125
    ],
    "3": [
        264887.34375,
        141830.953125,
        101926.703125
    ],
    "4": [
        263999.21875,
        115141.3828125,
        61156.0234375
    ],
    "5": [
        284298.78125,
        134414.890625,
        30578.01171875
    ],
    "6": [
        272932.75,
        132733.59375,
        15289.005859375
    ]
}