{
    "0": [
        202387.5,
        202387.5,
        291219.15625
    ],
    "1": [
        202387.5,
        202387.5,
        291219.15625
    ],
    "2": [
        119630.8125,
        139925.46875,
        145609.578125
    ],
    "3": [
        146110.40625,
        134818.265625,
        101926.703125
    ],
    "4": [
        147834.546875,
        163273.03125,
        61156.0234375
    ],
    "5": [
        165803.515625,
        155852.203125,
        30578.01171875
    ],
    "6": [
        156748.453125,
        162543.9375,
        15289.005859375
    ],
    "7": [
        154167.1875,
        155494.609375,
        7644.5029296875
    ]
}