{
    "0": [
        202387.5,
        202387.5,
        291219.15625
    ],
    "1": [
        202387.5,
        202387.5,
        291219.15625
    ],
    "2": [
        204488.125,
        171523.765625,
        145609.578125
    ],
    "3": [
        177446.265625,
        168002,
        101926.703125
    ],
    "4": [
        156669.953125,
        138149.625,
        61156.0234375
    ],
    "5": [
        167164.1875,
        156846.65625,
        30578.01171875
    ],
    "6": [
        168208.390625,
        150168.203125,
        15289.005859375
    ]
}