{
    "0": [
        202387.5,
        202387.5,
        291219.15625
    ],
    "1": [
        202387.5,
        202387.5,
        291219.15625
    ],
    "2": [
        252048.984375,
        146461.875,
        145609.578125
    ],
    "3": [
        243439.5,
        117132.34375,
        101926.703125
    ],
    "4": [
        267808.5,
        89462.765625,
        61156.0234375
    ],
    "5": [
        287449.9375,
        86693,
        30578.01171875
    ],
    "6": [
        301194.5625,
        90437.015625,
        15289.005859375
    ],
    "7": [
        301309.65625,
        87580.6484375,
        7644.5029296875
    ],
    "8": [
        302108.96875,
        89354.6328125,
        3822.25146484375
    ]
}