{
    "0": [
        202387.5,
        202387.5,
        291219.15625
    ],
    "1": [
        202387.5,
        202387.5,
        291219.15625
    ],
    "2": [
        150733.890625,
        179522.3125,
        145609.578125
    ],
    "3": [
        152433.859375,
        150436.953125,
        101926.703125
    ],
    "4": [
        164271.96875,
        165411.328125,
        61156.0234375
    ],
    "5": [
        153106.84375,
        152583.765625,
        30578.01171875
    ],
    "6": [
        150195.578125,
        139746.734375,
        15289.005859375
    ]
}