{
    "0": [
        202387.5,
        202387.5,
        291219.15625
    ],
    "1": [
        202387.5,
        202387.5,
        291219.15625
    ],
    "2": [
        164904.515625,
        265705.5,
        145609.578125
    ],
    "3": [
        158583.125,
        267311.9375,
        101926.703125
    ],
    "4": [
        192708.65625,
        263792.71875,
        61156.0234375
    ],
    "5": [
        205960.625,
        253963.546875,
        30578.01171875
    ],
    "6": [
        195025.984375,
        248275.953125,
        15289.005859375
    ],
    "7": [
        198760.984375,
        251185.84375,
        7644.5029296875
    ]
}