{
    "0": [
        202387.5,
        202387.5,
        291219.15625
    ],
    "1": [
        202387.5,
        202387.5,
        291219.15625
    ],
    "2": [
        246823.5625,
        292748.96875,
        145609.578125
    ],
    "3": [
        247100.109375,
        310574.65625,
        101926.703125
    ],
    "4": [
        232832.875,
        291431.5,
        61156.0234375
    ],
    "5": [
        237664.171875,
        288776.46875,
        30578.01171875
    ],
    "6": [
        228569.625,
        284899.90625,
        15289.005859375
    ],
    "7": [
        227830.984375,
        279875.40625,
        7644.5029296875
    ]
}