{
    "0": [
        202387.5,
        202387.5,
        291219.15625
    ],
    "1": [
        202387.5,
        202387.5,
        291219.15625
    ],
    "2": [
        107427.2421875,
        198130.515625,
        145609.578125
    ],
    "3": [
        78862.90625,
        192377.75,
        101926.703125
    ],
    "4": [
        92200.1875,
        218501.09375,
        61156.0234375
    ],
    "5": [
        103011.0234375,
        204622.78125,
        30578.01171875
    ],
    "6": [
        109332.1015625,
        211243.984375,
        15289.005859375
    ],
    "7": [
        107826.90625,
        208173.375,
        7644.5029296875
    ]
}