{
    "0": [
        202387.5,
        202387.5,
        291219.15625
    ],
    "1": [
        202387.5,
        202387.5,
        291219.15625
    ],
    "2": [
        231790.40625,
        264514.09375,
        145609.578125
    ],
    "3": [
        257396.9375,
        237447.609375,
        101926.703125
    ],
    "4": [
        267325.78125,
        266707.4375,
        61156.0234375
    ],
    "5": [
        244050.640625,
        250860.390625,
        30578.01171875
    ],
    "6": [
        252425.53125,
        245289.78125,
        15289.005859375
    ],
    "7": [
        246868.1875,
        240089.65625,
        7644.5029296875
    ]
}