{
    "0": [
        202387.5,
        202387.5,
        291219.15625
    ],
    "1": [
        202387.5,
        202387.5,
        291219.15625
    ],
    "2": [
        147759.25,
        155242.34375,
        145609.578125
    ],
    "3": [
        124316.9375,
        129910.078125,
        101926.703125
    ],
    "4": [
        94290.71875,
        143555.8125,
        61156.0234375
    ],
    "5": [
        102662.6484375,
        162827,
        30578.01171875
    ],
    "6": [
        96426.6328125,
        172298.09375,
        15289.005859375
    ],
    "7": [
        98125.4765625,
        174274.40625,
        7644.5029296875
    ],
    "8": [
        99790.390625,
        171738.15625,
        3822.25146484375
    ]
}