{
    "0": [
        202387.5,
        202387.5,
        291219.15625
    ],
    "1": [
        202387.5,
        202387.5,
        291219.15625
    ],
    "2": [
        124165.828125,
        230257.15625,
        145609.578125
    ],
    "3": [
        105447.6875,
        220832.265625,
        101926.703125
    ],
    "4": [
        75994.1875,
        203641.125,
        61156.0234375
    ],
    "5": [
        100776.015625,
        194705.28125,
        30578.01171875
    ],
    "6": [
        99373.5703125,
        192885.703125,
        15289.005859375
    ],
    "7": [
        92589.0625,
        192809.3125,
        7644.5029296875
    ],
    "8": [
        91281.2578125,
        190719.765625,
        3822.25146484375
    ],
    "9": [
        90963.8125,
        190445.203125,
        1911.125732421875
    ]
}