{
    "0": [
        202387.5,
        202387.5,
        291219.15625
    ],
    "1": [
        202387.5,
        202387.5,
        291219.15625
    ],
    "2": [
        218197.25,
        164733.421875,
        145609.578125
    ],
    "3": [
        207779.0625,
        202187.65625,
        101926.703125
    ],
    "4": [
        236484.625,
        174341.125,
        61156.0234375
    ],
    "5": [
        251372.078125,
        173401.578125,
        30578.01171875
    ],
    "6": [
        248680.078125,
        159394.28125,
        15289.005859375
    ],
    "7": [
        245889.59375,
        156119.59375,
        7644.5029296875
    ]
}