{
    "0": [
        202387.5,
        202387.5,
        291219.15625
    ],
    "1": [
        202387.5,
        202387.5,
        291219.15625
    ],
    "2": [
        121404.4296875,
        266336.90625,
        145609.578125
    ],
    "3": [
        126760.90625,
        290496.84375,
        101926.703125
    ],
    "4": [
        96081.65625,
        310896.71875,
        61156.0234375
    ],
    "5": [
        117181.5625,
        309226.8125,
        30578.01171875
    ],
    "6": [
        113679.6640625,
        300471.28125,
        15289.005859375
    ],
    "7": [
        120999.6484375,
        302648.09375,
        7644.5029296875
    ]
}