{
    "0": [
        202387.5,
        202387.5,
        291219.15625
    ],
    "1": [
        202387.5,
        202387.5,
        291219.15625
    ],
    "2": [
        204468.953125,
        229396.34375,
        145609.578125
    ],
    "3": [
        182569.328125,
        249575.90625,
        101926.703125
    ],
    "4": [
        150582.28125,
        246633.75,
        61156.0234375
    ],
    "5": [
        150101.78125,
        244089.53125,
        30578.01171875
    ],
    "6": [
        153066.640625,
        251729.671875,
        15289.005859375
    ],
    "7": [
        157573.3125,
        245632.796875,
        7644.5029296875
    ]
}