{
    "0": [
        202387.5,
        202387.5,
        291219.15625
    ],
    "1": [
        202387.5,
        202387.5,
        291219.15625
    ],
    "2": [
        190864.9375,
        194107.15625,
        145609.578125
    ],
    "3": [
        225390.828125,
        184443.328125,
        101926.703125
    ],
    "4": [
        246513.375,
        161377.34375,
        61156.0234375
    ],
    "5": [
        224320.796875,
        171512.65625,
        30578.01171875
    ],
    "6": [
        225673.453125,
        156719.484375,
        15289.005859375
    ],
    "7": [
        228668.359375,
        162728.953125,
        7644.5029296875
    ],
    "8": [
        230138.671875,
        162651.09375,
        3822.25146484375
    ]
}