{
    "0": [
        202387.5,
        202387.5,
        291219.15625
    ],
    "1": [
        202387.5,
        202387.5,
        291219.15625
    ],
    "2": [
        127554.3359375,
        254078.09375,
        145609.578125
    ],
    "3": [
        133698.9375,
        251442.421875,
        101926.703125
    ],
    "4": [
        167878.171875,
        255642.859375,
        61156.0234375
    ],
    "5": [
        155607.140625,
        264174.78125,
        30578.01171875
    ],
    "6": [
        163931.890625,
        269386.46875,
        15289.005859375
    ],
    "7": [
        165465.0625,
        274014.53125,
        7644.5029296875
    ],
    "8": [
        163108.546875,
        272607.6875,
        3822.25146484375
    ]
}