{
    "0": [
        202387.5,
        202387.5,
        291219.15625
    ],
    "1": [
        202387.5,
        202387.5,
        291219.15625
    ],
    "2": [
        253457.71875,
        122872.359375,
        145609.578125
    ],
    "3": [
        287320.84375,
        107058.625,
        101926.703125
    ],
    "4": [
        286755.625,
        140968.703125,
        61156.0234375
    ],
    "5": [
        264560.65625,
        151231.78125,
        30578.01171875
    ],
    "6": [
        262994.5625,
        151909.203125,
        15289.005859375
    ]
}