{
    "0": [
        202387.5,
        202387.5,
        291219.15625
    ],
    "1": [
        202387.5,
        202387.5,
        291219.15625
    ],
    "2": [
        108822.8125,
        208590.015625,
        145609.578125
    ],
    "3": [
        72108.5546875,
        188541.671875,
        101926.703125
    ],
    "4": [
        63008.0234375,
        170175,
        61156.0234375
    ],
    "5": [
        59568.69921875,
        177631.90625,
        30578.01171875
    ],
    "6": [
        51592.40625,
        167748.453125,
        15289.005859375
    ]
}