{
    "0": [
        202387.5,
        202387.5,
        291219.15625
    ],
    "1": [
        202387.5,
        202387.5,
        291219.15625
    ],
    "2": [
        136288.71875,
        226616.828125,
        145609.578125
    ],
    "3": [
        159670.1875,
        229031.6875,
        101926.703125
    ],
    "4": [
        195672.375,
        241330.046875,
        61156.0234375
    ],
    "5": [
        210738.390625,
        231846.75,
        30578.01171875
    ],
    "6": [
        211881.78125,
        233379.734375,
        15289.005859375
    ],
    "7": [
        215094.09375,
        226591.421875,
        7644.5029296875
    ]
}