{
    "0": [
        202387.5,
        202387.5,
        291219.15625
    ],
    "1": [
        202387.5,
        202387.5,
        291219.15625
    ],
    "2": [
        213430.78125,
        165587.75,
        145609.578125
    ],
    "3": [
        243452.171875,
        157183.265625,
        101926.703125
    ],
    "4": [
        224279.75,
        170823.40625,
        61156.0234375
    ],
    "5": [
        203306.4375,
        160828.5,
        30578.01171875
    ],
    "6": [
        215497.296875,
        151792.25,
        15289.005859375
    ],
    "7": [
        210241.328125,
        156238.234375,
        7644.5029296875
    ]
}