{
    "0": [
        202387.5,
        202387.5,
        291219.15625
    ],
    "1": [
        202387.5,
        202387.5,
        291219.15625
    ],
    "2": [
        288392.90625,
        206479.25,
        145609.578125
    ],
    "3": [
        271116.625,
        242471.265625,
        101926.703125
    ],
    "4": [
        251488.9375,
        207301.484375,
        61156.0234375
    ],
    "5": [
        244379.265625,
        191818.59375,
        30578.01171875
    ],
    "6": [
        248490.59375,
        186596.828125,
        15289.005859375
    ],
    "7": [
        241943.296875,
        189099.8125,
        7644.5029296875
    ]
}