{
    "0": [
        202387.5,
        202387.5,
        291219.15625
    ],
    "1": [
        202387.5,
        202387.5,
        291219.15625
    ],
    "2": [
        241741,
        126029.421875,
        145609.578125
    ],
    "3": [
        279498.8125,
        115685.1640625,
        101926.703125
    ],
    "4": [
        243498.5625,
        133983.109375,
        61156.0234375
    ],
    "5": [
        229175.375,
        140648.953125,
        30578.01171875
    ],
    "6": [
        226136.15625,
        138327.109375,
        15289.005859375
    ],
    "7": [
        224295.234375,
        132416.625,
        7644.5029296875
    ],
    "8": [
        223494.71875,
        133877.328125,
        3822.25146484375
    ]
}