{
    "0": [
        202387.5,
        202387.5,
        291219.15625
    ],
    "1": [
        202387.5,
        202387.5,
        291219.15625
    ],
    "2": [
        186121.015625,
        187880.6875,
        145609.578125
    ],
    "3": [
        191563.375,
        203450.546875,
        101926.703125
    ],
    "4": [
        174884.625,
        229293.921875,
        61156.0234375
    ],
    "5": [
        189027.359375,
        217453.84375,
        30578.01171875
    ],
    "6": [
        196559.8125,
        229627.125,
        15289.005859375
    ],
    "7": [
        199066.265625,
        229373.09375,
        7644.5029296875
    ],
    "8": [
        196122.40625,
        227284.5,
        3822.25146484375
    ]
}