{
    "0": [
        202387.5,
        202387.5,
        291219.15625
    ],
    "1": [
        202387.5,
        202387.5,
        291219.15625
    ],
    "2": [
        101454.8125,
        252203.5625,
        145609.578125
    ],
    "3": [
        73309.9609375,
        221934.78125,
        101926.703125
    ],
    "4": [
        63187.06640625,
        230146.265625,
        61156.0234375
    ],
    "5": [
        73004.4453125,
        213801.875,
        30578.01171875
    ],
    "6": [
        67914.59375,
        203353.84375,
        15289.005859375
    ],
    "7": [
        66611.0078125,
        198068.40625,
        7644.5029296875
    ]
}