{
    "0": [
        202387.5,
        202387.5,
        291219.15625
    ],
    "1": [
        202387.5,
        202387.5,
        291219.15625
    ],
    "2": [
        256561.640625,
        100737.0703125,
        145609.578125
    ],
    "3": [
        283078.34375,
        133951.59375,
        101926.703125
    ],
    "4": [
        280186.21875,
        162527.609375,
        61156.0234375
    ],
    "5": [
        265644.28125,
        188383.125,
        30578.01171875
    ],
    "6": [
        264473.96875,
        186904.765625,
        15289.005859375
    ],
    "7": [
        260628.734375,
        193106.71875,
        7644.5029296875
    ]
}