{
    "0": [
        202387.5,
        202387.5,
        291219.15625
    ],
    "1": [
        202387.5,
        202387.5,
        291219.15625
    ],
    "2": [
        156808.28125,
        275715.6875,
        145609.578125
    ],
    "3": [
        164990.375,
        285023.96875,
        101926.703125
    ],
    "4": [
        143098.953125,
        283249.84375,
        61156.0234375
    ],
    "5": [
        142619.125,
        309132.90625,
        30578.01171875
    ],
    "6": [
        146587.875,
        295563.5625,
        15289.005859375
    ]
}