{
    "0": [
        202387.5,
        202387.5,
        291219.15625
    ],
    "1": [
        202387.5,
        202387.5,
        291219.15625
    ],
    "2": [
        128831.0234375,
        177512.4375,
        145609.578125
    ],
    "3": [
        123388.6171875,
        140182.5,
        101926.703125
    ],
    "4": [
        157487.484375,
        145896.390625,
        61156.0234375
    ],
    "5": [
        140553.40625,
        148305.859375,
        30578.01171875
    ],
    "6": [
        130710.84375,
        155943.21875,
        15289.005859375
    ],
    "7": [
        126459.1640625,
        160723.03125,
        7644.5029296875
    ],
    "8": [
        128539.5859375,
        158461.703125,
        3822.25146484375
    ],
    "9": [
        129054.1484375,
        157759.40625,
        1911.125732421875
    ]
}