{
    "0": [
        202387.5,
        202387.5,
        291219.15625
    ],
    "1": [
        202387.5,
        202387.5,
        291219.15625
    ],
    "2": [
        94543.59375,
        218568.109375,
        145609.578125
    ],
    "3": [
        114542.640625,
        189014.84375,
        101926.703125
    ],
    "4": [
        109136.921875,
        214751.140625,
        61156.0234375
    ],
    "5": [
        103027.8671875,
        222299.671875,
        30578.01171875
    ],
    "6": [
        106302,
        214164.65625,
        15289.005859375
    ]
}