{
    "0": [
        202387.5,
        202387.5,
        291219.15625
    ],
    "1": [
        202387.5,
        202387.5,
        291219.15625
    ],
    "2": [
        259261.875,
        289618.15625,
        145609.578125
    ],
    "3": [
        246836.59375,
        278041.78125,
        101926.703125
    ],
    "4": [
        269219.40625,
        299020.34375,
        61156.0234375
    ],
    "5": [
        276037.375,
        272792.625,
        30578.01171875
    ],
    "6": [
        273079.3125,
        277407.8125,
        15289.005859375
    ],
    "7": [
        266195.34375,
        276440.375,
        7644.5029296875
    ],
    "8": [
        266959.46875,
        279001.5625,
        3822.25146484375
    ]
}