{
    "0": [
        202387.5,
        202387.5,
        291219.15625
    ],
    "1": [
        202387.5,
        202387.5,
        291219.15625
    ],
    "2": [
        246372.734375,
        208610.546875,
        145609.578125
    ],
    "3": [
        220832.625,
        193243.84375,
        101926.703125
    ],
    "4": [
        189589.703125,
        202194.65625,
        61156.0234375
    ],
    "5": [
        195776.59375,
        208320.609375,
        30578.01171875
    ],
    "6": [
        198126.640625,
        214410.515625,
        15289.005859375
    ],
    "7": [
        190958.9375,
        214741.28125,
        7644.5029296875
    ]
}