{
    "0": [
        202387.5,
        202387.5,
        291219.15625
    ],
    "1": [
        202387.5,
        202387.5,
        291219.15625
    ],
    "2": [
        221513.703125,
        203995.640625,
        145609.578125
    ],
    "3": [
        257586.5625,
        186477.015625,
        101926.703125
    ],
    "4": [
        231188.125,
        184736.203125,
        61156.0234375
    ],
    "5": [
        219928.75,
        185563.234375,
        30578.01171875
    ],
    "6": [
        224382.796875,
        190093.828125,
        15289.005859375
    ],
    "7": [
        223500.984375,
        197076.15625,
        7644.5029296875
    ]
}