{
    "0": [
        202387.5,
        202387.5,
        291219.15625
    ],
    "1": [
        202387.5,
        202387.5,
        291219.15625
    ],
    "2": [
        242525.796875,
        281684.0625,
        145609.578125
    ],
    "3": [
        236689.84375,
        251768.1875,
        101926.703125
    ],
    "4": [
        258907.578125,
        285153.875,
        61156.0234375
    ],
    "5": [
        254736.296875,
        293748.875,
        30578.01171875
    ],
    "6": [
        247075.90625,
        298106.40625,
        15289.005859375
    ],
    "7": [
        250215.40625,
        298444.53125,
        7644.5029296875
    ],
    "8": [
        252773.71875,
        301064.4375,
        3822.25146484375
    ]
}