{
    "0": [
        202387.5,
        202387.5,
        291219.15625
    ],
    "1": [
        202387.5,
        202387.5,
        291219.15625
    ],
    "2": [
        143203.359375,
        255747.734375,
        145609.578125
    ],
    "3": [
        112627.21875,
        241074.90625,
        101926.703125
    ],
    "4": [
        118742.9296875,
        256903.421875,
        61156.0234375
    ],
    "5": [
        102146.8203125,
        244571.9375,
        30578.01171875
    ],
    "6": [
        110405.6875,
        239005.90625,
        15289.005859375
    ]
}