{
    "0": [
        202387.5,
        202387.5,
        291219.15625
    ],
    "1": [
        202387.5,
        202387.5,
        291219.15625
    ],
    "2": [
        153181.25,
        146275.03125,
        145609.578125
    ],
    "3": [
        133290.84375,
        128320.546875,
        101926.703125
    ],
    "4": [
        139082.375,
        142816.484375,
        61156.0234375
    ],
    "5": [
        159265.796875,
        141992.703125,
        30578.01171875
    ],
    "6": [
        158304.5,
        152585.734375,
        15289.005859375
    ],
    "7": [
        153265.671875,
        156854.359375,
        7644.5029296875
    ],
    "8": [
        153131.171875,
        156503.90625,
        3822.25146484375
    ]
}