{
    "0": [
        202387.5,
        202387.5,
        291219.15625
    ],
    "1": [
        202387.5,
        202387.5,
        291219.15625
    ],
    "2": [
        179098.453125,
        116222.109375,
        145609.578125
    ],
    "3": [
        181775.578125,
        87113.9375,
        101926.703125
    ],
    "4": [
        208408.578125,
        102311.390625,
        61156.0234375
    ],
    "5": [
        233668.84375,
        98368.6015625,
        30578.01171875
    ],
    "6": [
        242618.359375,
        106524.25,
        15289.005859375
    ],
    "7": [
        242573.578125,
        106813.984375,
        7644.5029296875
    ],
    "8": [
        243721.4375,
        103543.7421875,
        3822.25146484375
    ]
}