{
    "0": [
        202387.5,
        202387.5,
        291219.15625
    ],
    "1": [
        202387.5,
        202387.5,
        291219.15625
    ],
    "2": [
        139011.90625,
        267464.28125,
        145609.578125
    ],
    "3": [
        168935.609375,
        290270.9375,
        101926.703125
    ],
    "4": [
        132839.546875,
        302971.96875,
        61156.0234375
    ],
    "5": [
        117067.90625,
        313990.25,
        30578.01171875
    ],
    "6": [
        124847.875,
        301255,
        15289.005859375
    ],
    "7": [
        130133.8203125,
        304148.90625,
        7644.5029296875
    ],
    "8": [
        127423.46875,
        303363.40625,
        3822.25146484375
    ]
}