{
    "0": [
        202387.5,
        202387.5,
        291219.15625
    ],
    "1": [
        202387.5,
        202387.5,
        291219.15625
    ],
    "2": [
        147813.53125,
        125021.5703125,
        145609.578125
    ],
    "3": [
        182668.671875,
        140807.015625,
        101926.703125
    ],
    "4": [
        188161.921875,
        125861.359375,
        61156.0234375
    ],
    "5": [
        193318.21875,
        145722.859375,
        30578.01171875
    ],
    "6": [
        188409.390625,
        142398.234375,
        15289.005859375
    ],
    "7": [
        192669.265625,
        138256.671875,
        7644.5029296875
    ]
}