{
    "0": [
        202387.5,
        202387.5,
        291219.15625
    ],
    "1": [
        202387.5,
        202387.5,
        291219.15625
    ],
    "2": [
        213105.1875,
        211225.140625,
        145609.578125
    ],
    "3": [
        231391.78125,
        245754.140625,
        101926.703125
    ],
    "4": [
        211926.46875,
        247175.484375,
        61156.0234375
    ],
    "5": [
        231241.421875,
        242352.859375,
        30578.01171875
    ],
    "6": [
        237286.40625,
        247310.484375,
        15289.005859375
    ]
}