{
    "0": [
        202387.5,
        202387.5,
        291219.15625
    ],
    "1": [
        202387.5,
        202387.5,
        291219.15625
    ],
    "2": [
        172599.765625,
        202057.59375,
        145609.578125
    ],
    "3": [
        202250,
        194659.5,
        101926.703125
    ],
    "4": [
        215453.96875,
        157240.765625,
        61156.0234375
    ],
    "5": [
        204527.59375,
        180669.078125,
        30578.01171875
    ],
    "6": [
        203485.84375,
        186999.203125,
        15289.005859375
    ],
    "7": [
        196960.3125,
        188394.96875,
        7644.5029296875
    ],
    "8": [
        197571.8125,
        189770.03125,
        3822.25146484375
    ]
}