{
    "0": [
        202387.5,
        202387.5,
        291219.15625
    ],
    "1": [
        202387.5,
        202387.5,
        291219.15625
    ],
    "2": [
        237960.296875,
        134937.65625,
        145609.578125
    ],
    "3": [
        243011.109375,
        97194.2265625,
        101926.703125
    ],
    "4": [
        270498.71875,
        77959.8203125,
        61156.0234375
    ],
    "5": [
        292802.59375,
        95557.6015625,
        30578.01171875
    ],
    "6": [
        284568.75,
        85044.1875,
        15289.005859375
    ],
    "7": [
        291147.625,
        87164.21875,
        7644.5029296875
    ],
    "8": [
        291212.5625,
        87297.1796875,
        3822.25146484375
    ],
    "9": [
        291105.8125,
        87459.296875,
        1911.125732421875
    ]
}