{
    "0": [
        202387.5,
        202387.5,
        291219.15625
    ],
    "1": [
        202387.5,
        202387.5,
        291219.15625
    ],
    "2": [
        301021.8125,
        195224.78125,
        145609.578125
    ],
    "3": [
        295127.21875,
        227411.484375,
        101926.703125
    ],
    "4": [
        301990.90625,
        189796.53125,
        61156.0234375
    ],
    "5": [
        296449.09375,
        183311.234375,
        30578.01171875
    ],
    "6": [
        291976.1875,
        193367.15625,
        15289.005859375
    ]
}