{
    "0": [
        202387.5,
        202387.5,
        291219.15625
    ],
    "1": [
        202387.5,
        202387.5,
        291219.15625
    ],
    "2": [
        208018.390625,
        221429.859375,
        145609.578125
    ],
    "3": [
        232167.53125,
        235939.71875,
        101926.703125
    ],
    "4": [
        235860.8125,
        248884.640625,
        61156.0234375
    ],
    "5": [
        234863.609375,
        243437.578125,
        30578.01171875
    ],
    "6": [
        241031.140625,
        233309.40625,
        15289.005859375
    ],
    "7": [
        237485.25,
        231972.125,
        7644.5029296875
    ]
}