{
    "0": [
        202387.5,
        202387.5,
        291219.15625
    ],
    "1": [
        202387.5,
        202387.5,
        291219.15625
    ],
    "2": [
        255944.0625,
        140516.46875,
        145609.578125
    ],
    "3": [
        249858.3125,
        160061.953125,
        101926.703125
    ],
    "4": [
        273872.375,
        130759.46875,
        61156.0234375
    ],
    "5": [
        267237.1875,
        141553.828125,
        30578.01171875
    ],
    "6": [
        260633.40625,
        130872.96875,
        15289.005859375
    ],
    "7": [
        259007.359375,
        130117.546875,
        7644.5029296875
    ],
    "8": [
        256819.234375,
        130144.7109375,
        3822.25146484375
    ]
}