{
    "0": [
        202387.5,
        202387.5,
        291219.15625
    ],
    "1": [
        202387.5,
        202387.5,
        291219.15625
    ],
    "2": [
        145187.3125,
        244013.28125,
        145609.578125
    ],
    "3": [
        131350.90625,
        237688.546875,
        101926.703125
    ],
    "4": [
        124622.0625,
        258006.015625,
        61156.0234375
    ],
    "5": [
        109227.5390625,
        271352,
        30578.01171875
    ]
}