{
    "0": [
        202387.5,
        202387.5,
        291219.15625
    ],
    "1": [
        202387.5,
        202387.5,
        291219.15625
    ],
    "2": [
        152822.921875,
        130391.6328125,
        145609.578125
    ],
    "3": [
        145234.5625,
        159404.484375,
        101926.703125
    ],
    "4": [
        113905.7421875,
        140846.28125,
        61156.0234375
    ],
    "5": [
        105173.46875,
        155646.515625,
        30578.01171875
    ],
    "6": [
        107898.5234375,
        160839.453125,
        15289.005859375
    ],
    "7": [
        103638.90625,
        157579.265625,
        7644.5029296875
    ],
    "8": [
        104061.7890625,
        154884.078125,
        3822.25146484375
    ]
}