{
    "0": [
        202387.5,
        202387.5,
        291219.15625
    ],
    "1": [
        202387.5,
        202387.5,
        291219.15625
    ],
    "2": [
        228944.390625,
        221028.5,
        145609.578125
    ],
    "3": [
        210463.203125,
        234107.078125,
        101926.703125
    ],
    "4": [
        199148.65625,
        266684.4375,
        61156.0234375
    ],
    "5": [
        185686.890625,
        288740.3125,
        30578.01171875
    ],
    "6": [
        189233.296875,
        282014.71875,
        15289.005859375
    ],
    "7": [
        195589.765625,
        281041.78125,
        7644.5029296875
    ],
    "8": [
        193757.6875,
        283025.3125,
        3822.25146484375
    ]
}