{
    "0": [
        202387.5,
        202387.5,
        291219.15625
    ],
    "1": [
        202387.5,
        202387.5,
        291219.15625
    ],
    "2": [
        276830.4375,
        144055.484375,
        145609.578125
    ],
    "3": [
        275001.75,
        143548.609375,
        101926.703125
    ],
    "4": [
        273277.875,
        154907.203125,
        61156.0234375
    ],
    "5": [
        267355.6875,
        141533.5,
        30578.01171875
    ],
    "6": [
        258830.640625,
        153091.203125,
        15289.005859375
    ],
    "7": [
        256958.125,
        151769.046875,
        7644.5029296875
    ]
}