{
    "0": [
        202387.5,
        202387.5,
        291219.15625
    ],
    "1": [
        202387.5,
        202387.5,
        291219.15625
    ],
    "2": [
        265647.8125,
        189364.8125,
        145609.578125
    ],
    "3": [
        283781.25,
        190195.09375,
        101926.703125
    ],
    "4": [
        273154.15625,
        218976.546875,
        61156.0234375
    ],
    "5": [
        288921.9375,
        228515.78125,
        30578.01171875
    ],
    "6": [
        288884.40625,
        220360.96875,
        15289.005859375
    ],
    "7": [
        284516.9375,
        215674.25,
        7644.5029296875
    ]
}