{
    "0": [
        202387.5,
        202387.5,
        291219.15625
    ],
    "1": [
        202387.5,
        202387.5,
        291219.15625
    ],
    "2": [
        304030.28125,
        164539.984375,
        145609.578125
    ],
    "3": [
        289044.96875,
        203970.90625,
        101926.703125
    ],
    "4": [
        305897.53125,
        238427.1875,
        61156.0234375
    ],
    "5": [
        319976.0625,
        237855.71875,
        30578.01171875
    ],
    "6": [
        316132.1875,
        237037.1875,
        15289.005859375
    ],
    "7": [
        316410.75,
        243573.53125,
        7644.5029296875
    ],
    "8": [
        314054.71875,
        245571.96875,
        3822.25146484375
    ]
}