{
    "0": [
        202387.5,
        202387.5,
        291219.15625
    ],
    "1": [
        202387.5,
        202387.5,
        291219.15625
    ],
    "2": [
        317584.78125,
        200770.25,
        145609.578125
    ],
    "3": [
        307956.1875,
        187671.296875,
        101926.703125
    ],
    "4": [
        298257.90625,
        221247.03125,
        61156.0234375
    ],
    "5": [
        273790.78125,
        237247.0625,
        30578.01171875
    ],
    "6": [
        277499.4375,
        240131.765625,
        15289.005859375
    ],
    "7": [
        273414.53125,
        242979.03125,
        7644.5029296875
    ],
    "8": [
        271751.5,
        242211.21875,
        3822.25146484375
    ]
}