{
    "0": [
        202387.5,
        202387.5,
        291219.15625
    ],
    "1": [
        202387.5,
        202387.5,
        291219.15625
    ],
    "2": [
        246693.71875,
        243912.828125,
        145609.578125
    ],
    "3": [
        258679.15625,
        227058.46875,
        101926.703125
    ],
    "4": [
        274404.625,
        243810.734375,
        61156.0234375
    ],
    "5": [
        255153.765625,
        231441.734375,
        30578.01171875
    ],
    "6": [
        260227.625,
        232985.78125,
        15289.005859375
    ]
}