{
    "0": [
        202387.5,
        202387.5,
        291219.15625
    ],
    "1": [
        202387.5,
        202387.5,
        291219.15625
    ],
    "2": [
        299665.46875,
        177844.25,
        145609.578125
    ],
    "3": [
        330334.3125,
        191184.40625,
        101926.703125
    ],
    "4": [
        323710.875,
        165494.984375,
        61156.0234375
    ],
    "5": [
        299951,
        151242.921875,
        30578.01171875
    ],
    "6": [
        302553.3125,
        139452.65625,
        15289.005859375
    ],
    "7": [
        303846,
        142050.140625,
        7644.5029296875
    ]
}