{
    "0": [
        202387.5,
        202387.5,
        291219.15625
    ],
    "1": [
        202387.5,
        202387.5,
        291219.15625
    ],
    "2": [
        147934.25,
        275281.8125,
        145609.578125
    ],
    "3": [
        157288.328125,
        247651.09375,
        101926.703125
    ],
    "4": [
        130772.765625,
        240374.75,
        61156.0234375
    ],
    "5": [
        141595.515625,
        227331.1875,
        30578.01171875
    ],
    "6": [
        145012.3125,
        236219.59375,
        15289.005859375
    ],
    "7": [
        146014.03125,
        239915.90625,
        7644.5029296875
    ],
    "8": [
        147669.640625,
        238367.125,
        3822.25146484375
    ]
}