{
    "0": [
        202387.5,
        202387.5,
        291219.15625
    ],
    "1": [
        202387.5,
        202387.5,
        291219.15625
    ],
    "2": [
        279579.375,
        181356.359375,
        145609.578125
    ],
    "3": [
        296456.75,
        161443.875,
        101926.703125
    ],
    "4": [
        312695.84375,
        190903.125,
        61156.0234375
    ],
    "5": [
        300936.59375,
        182939.359375,
        30578.01171875
    ],
    "6": [
        298638.21875,
        175838.421875,
        15289.005859375
    ]
}