{
    "0": [
        202387.5,
        202387.5,
        291219.15625
    ],
    "1": [
        202387.5,
        202387.5,
        291219.15625
    ],
    "2": [
        193980.390625,
        298819.4375,
        145609.578125
    ],
    "3": [
        170761.6875,
        329807.5,
        101926.703125
    ],
    "4": [
        140019.96875,
        353508.0625,
        61156.0234375
    ],
    "5": [
        121205.4375,
        361719.71875,
        30578.01171875
    ],
    "6": [
        116637.796875,
        366888.0625,
        15289.005859375
    ],
    "7": [
        119076.640625,
        368072.0625,
        7644.5029296875
    ],
    "8": [
        116313.40625,
        366544.65625,
        3822.25146484375
    ]
}