{
    "0": [
        202387.5,
        202387.5,
        291219.15625
    ],
    "1": [
        202387.5,
        202387.5,
        291219.15625
    ],
    "2": [
        265796.90625,
        140163.0625,
        145609.578125
    ],
    "3": [
        270872.53125,
        163245.015625,
        101926.703125
    ],
    "4": [
        234781.328125,
        178586.53125,
        61156.0234375
    ],
    "5": [
        216269.859375,
        187152.28125,
        30578.01171875
    ],
    "6": [
        214886.234375,
        193169.453125,
        15289.005859375
    ],
    "7": [
        212482.515625,
        198600.328125,
        7644.5029296875
    ]
}