{
    "0": [
        202387.5,
        202387.5,
        291219.15625
    ],
    "1": [
        202387.5,
        202387.5,
        291219.15625
    ],
    "2": [
        127744.4921875,
        270532.71875,
        145609.578125
    ],
    "3": [
        115195.421875,
        309703.34375,
        101926.703125
    ],
    "4": [
        122569.0390625,
        292974.125,
        61156.0234375
    ],
    "5": [
        142422.796875,
        292204.75,
        30578.01171875
    ],
    "6": [
        148278.734375,
        289904.46875,
        15289.005859375
    ]
}