{
    "0": [
        202387.5,
        202387.5,
        291219.15625
    ],
    "1": [
        202387.5,
        202387.5,
        291219.15625
    ],
    "2": [
        203302.703125,
        256583.296875,
        145609.578125
    ],
    "3": [
        241394.484375,
        264743.875,
        101926.703125
    ],
    "4": [
        278460.96875,
        248844.046875,
        61156.0234375
    ],
    "5": [
        279180.0625,
        232623.671875,
        30578.01171875
    ],
    "6": [
        284238.0625,
        226093.453125,
        15289.005859375
    ],
    "7": [
        279847.53125,
        222397.734375,
        7644.5029296875
    ]
}