{
    "0": [
        202387.5,
        202387.5,
        291219.15625
    ],
    "1": [
        202387.5,
        202387.5,
        291219.15625
    ],
    "2": [
        261800.203125,
        276540.375,
        145609.578125
    ],
    "3": [
        283175.6875,
        309219.4375,
        101926.703125
    ],
    "4": [
        270642.09375,
        320612.65625,
        61156.0234375
    ],
    "5": [
        258378.296875,
        330979.5625,
        30578.01171875
    ],
    "6": [
        257764.625,
        316009.625,
        15289.005859375
    ],
    "7": [
        263298.6875,
        311482.125,
        7644.5029296875
    ]
}