{
    "0": [
        202387.5,
        202387.5,
        291219.15625
    ],
    "1": [
        202387.5,
        202387.5,
        291219.15625
    ],
    "2": [
        304178.5625,
        180119.9375,
        145609.578125
    ],
    "3": [
        274350.875,
        160571.53125,
        101926.703125
    ],
    "4": [
        299227.4375,
        182525.8125,
        61156.0234375
    ],
    "5": [
        272041.4375,
        180361.546875,
        30578.01171875
    ],
    "6": [
        263805.5625,
        191302.203125,
        15289.005859375
    ],
    "7": [
        265941.0625,
        191623.265625,
        7644.5029296875
    ]
}