{
    "0": [
        202387.5,
        202387.5,
        291219.15625
    ],
    "1": [
        202387.5,
        202387.5,
        291219.15625
    ],
    "2": [
        288241.5,
        182718.765625,
        145609.578125
    ],
    "3": [
        252336.40625,
        180761.8125,
        101926.703125
    ],
    "4": [
        218690.8125,
        194264.765625,
        61156.0234375
    ],
    "5": [
        197131.125,
        213201.0625,
        30578.01171875
    ],
    "6": [
        205066.015625,
        217156.21875,
        15289.005859375
    ],
    "7": [
        207568,
        212582.796875,
        7644.5029296875
    ]
}