{
    "0": [
        202387.5,
        202387.5,
        291219.15625
    ],
    "1": [
        202387.5,
        202387.5,
        291219.15625
    ],
    "2": [
        235237.5625,
        170456.25,
        145609.578125
    ],
    "3": [
        252773.625,
        146877.515625,
        101926.703125
    ],
    "4": [
        291420.125,
        143276.84375,
        61156.0234375
    ],
    "5": [
        311074.34375,
        127570.421875,
        30578.01171875
    ],
    "6": [
        314860.40625,
        115675.5234375,
        15289.005859375
    ],
    "7": [
        313781.8125,
        118437.484375,
        7644.5029296875
    ]
}