{
    "0": [
        202387.5,
        202387.5,
        291219.15625
    ],
    "1": [
        202387.5,
        202387.5,
        291219.15625
    ],
    "2": [
        251645.125,
        107864.9921875,
        145609.578125
    ],
    "3": [
        238461,
        125985.125,
        101926.703125
    ],
    "4": [
        257957.96875,
        96763.03125,
        61156.0234375
    ],
    "5": [
        238840.328125,
        86207.5,
        30578.01171875
    ],
    "6": [
        240504.21875,
        97958.453125,
        15289.005859375
    ],
    "7": [
        247452.578125,
        94820.2578125,
        7644.5029296875
    ]
}