{
    "0": [
        202387.5,
        202387.5,
        291219.15625
    ],
    "1": [
        202387.5,
        202387.5,
        291219.15625
    ],
    "2": [
        220564.65625,
        151341.0625,
        145609.578125
    ],
    "3": [
        227424.640625,
        165678.328125,
        101926.703125
    ],
    "4": [
        211864.96875,
        131256.140625,
        61156.0234375
    ],
    "5": [
        226154,
        146482.859375,
        30578.01171875
    ],
    "6": [
        218293.046875,
        140482.375,
        15289.005859375
    ],
    "7": [
        216769.25,
        139878.078125,
        7644.5029296875
    ],
    "8": [
        216995.40625,
        137953.828125,
        3822.25146484375
    ]
}