{
    "0": [
        202387.5,
        202387.5,
        291219.15625
    ],
    "1": [
        202387.5,
        202387.5,
        291219.15625
    ],
    "2": [
        266996.125,
        148379.34375,
        145609.578125
    ],
    "3": [
        283691.34375,
        169323.421875,
        101926.703125
    ],
    "4": [
        293288.15625,
        183981.3125,
        61156.0234375
    ],
    "5": [
        293435.5625,
        186639.453125,
        30578.01171875
    ],
    "6": [
        285968.3125,
        195291.625,
        15289.005859375
    ],
    "7": [
        291780.9375,
        195759.96875,
        7644.5029296875
    ]
}