{
    "0": [
        202387.5,
        202387.5,
        291219.15625
    ],
    "1": [
        202387.5,
        202387.5,
        291219.15625
    ],
    "2": [
        166604.96875,
        218741.015625,
        145609.578125
    ],
    "3": [
        157497.921875,
        177548.28125,
        101926.703125
    ],
    "4": [
        190001.1875,
        185990.796875,
        61156.0234375
    ],
    "5": [
        216552.734375,
        172004.53125,
        30578.01171875
    ],
    "6": [
        218710.96875,
        168794.609375,
        15289.005859375
    ],
    "7": [
        221145.75,
        173683.296875,
        7644.5029296875
    ]
}