{
    "0": [
        202387.5,
        202387.5,
        291219.15625
    ],
    "1": [
        202387.5,
        202387.5,
        291219.15625
    ],
    "2": [
        107339.328125,
        169379.03125,
        145609.578125
    ],
    "3": [
        83954.203125,
        134710.78125,
        101926.703125
    ],
    "4": [
        84312.2109375,
        102483,
        61156.0234375
    ],
    "5": [
        109611.421875,
        110415.2890625,
        30578.01171875
    ],
    "6": [
        106831.8203125,
        110063.1640625,
        15289.005859375
    ],
    "7": [
        105148.3359375,
        116231.546875,
        7644.5029296875
    ]
}