{
    "0": [
        202387.5,
        202387.5,
        291219.15625
    ],
    "1": [
        202387.5,
        202387.5,
        291219.15625
    ],
    "2": [
        169007.3125,
        305382.28125,
        145609.578125
    ],
    "3": [
        139448.078125,
        322018.875,
        101926.703125
    ],
    "4": [
        170579.4375,
        300104.65625,
        61156.0234375
    ],
    "5": [
        190194.40625,
        306224.75,
        30578.01171875
    ],
    "6": [
        177310.765625,
        302970.9375,
        15289.005859375
    ],
    "7": [
        180169.828125,
        309372.28125,
        7644.5029296875
    ]
}