{
    "0": [
        202387.5,
        202387.5,
        291219.15625
    ],
    "1": [
        202387.5,
        202387.5,
        291219.15625
    ],
    "2": [
        254157.59375,
        295282.15625,
        145609.578125
    ],
    "3": [
        220665.8125,
        278078.625,
        101926.703125
    ],
    "4": [
        238845.078125,
        277537.5,
        61156.0234375
    ],
    "5": [
        231986.6875,
        249833.484375,
        30578.01171875
    ],
    "6": [
        226452.5,
        243956.875,
        15289.005859375
    ]
}