{
    "0": [
        202387.5,
        202387.5,
        291219.15625
    ],
    "1": [
        202387.5,
        202387.5,
        291219.15625
    ],
    "2": [
        108485.8828125,
        157635.59375,
        145609.578125
    ],
    "3": [
        125672.28125,
        152375.171875,
        101926.703125
    ],
    "4": [
        116291.6796875,
        181151.875,
        61156.0234375
    ],
    "5": [
        102325.203125,
        203045.265625,
        30578.01171875
    ],
    "6": [
        96471.515625,
        189158.703125,
        15289.005859375
    ],
    "7": [
        98173.046875,
        189663.515625,
        7644.5029296875
    ],
    "8": [
        99075.375,
        186486.40625,
        3822.25146484375
    ]
}