{
    "0": [
        202387.5,
        202387.5,
        291219.15625
    ],
    "1": [
        202387.5,
        202387.5,
        291219.15625
    ],
    "2": [
        149662.5,
        258411.328125,
        145609.578125
    ],
    "3": [
        116858.5546875,
        233466.015625,
        101926.703125
    ],
    "4": [
        106181.78125,
        271841.96875,
        61156.0234375
    ],
    "5": [
        131967.109375,
        268160.84375,
        30578.01171875
    ],
    "6": [
        122901.546875,
        259137.3125,
        15289.005859375
    ],
    "7": [
        126498.3671875,
        258025.890625,
        7644.5029296875
    ],
    "8": [
        125834.2109375,
        255386.328125,
        3822.25146484375
    ]
}