{
    "0": [
        202387.5,
        202387.5,
        291219.15625
    ],
    "1": [
        202387.5,
        202387.5,
        291219.15625
    ],
    "2": [
        217556.390625,
        306055.0625,
        145609.578125
    ],
    "3": [
        197868.546875,
        272120.3125,
        101926.703125
    ],
    "4": [
        204750.34375,
        309912.28125,
        61156.0234375
    ],
    "5": [
        186262.5625,
        294113.9375,
        30578.01171875
    ],
    "6": [
        187984.71875,
        290873.28125,
        15289.005859375
    ],
    "7": [
        183224.890625,
        293216.53125,
        7644.5029296875
    ]
}