{
    "0": [
        202387.5,
        202387.5,
        291219.15625
    ],
    "1": [
        202387.5,
        202387.5,
        291219.15625
    ],
    "2": [
        118948,
        164858.828125,
        145609.578125
    ],
    "3": [
        145188.5,
        137137.609375,
        101926.703125
    ],
    "4": [
        105774.921875,
        131526.9375,
        61156.0234375
    ],
    "5": [
        110041.1328125,
        150343,
        30578.01171875
    ],
    "6": [
        105923.9140625,
        157151.265625,
        15289.005859375
    ],
    "7": [
        99138.0546875,
        155532.484375,
        7644.5029296875
    ],
    "8": [
        100059.4375,
        158101.953125,
        3822.25146484375
    ],
    "9": [
        101023.9296875,
        157725.875,
        1911.125732421875
    ]
}