{
    "0": [
        202387.5,
        202387.5,
        291219.15625
    ],
    "1": [
        202387.5,
        202387.5,
        291219.15625
    ],
    "2": [
        161532.453125,
        270627.625,
        145609.578125
    ],
    "3": [
        161716.09375,
        264581,
        101926.703125
    ],
    "4": [
        175733.40625,
        292881.84375,
        61156.0234375
    ],
    "5": [
        202185.734375,
        288203.5,
        30578.01171875
    ],
    "6": [
        200408.71875,
        288743.375,
        15289.005859375
    ],
    "7": [
        193953.90625,
        292008.625,
        7644.5029296875
    ],
    "8": [
        194661.203125,
        290416.90625,
        3822.25146484375
    ]
}