{
    "0": [
        202387.5,
        202387.5,
        291219.15625
    ],
    "1": [
        202387.5,
        202387.5,
        291219.15625
    ],
    "2": [
        124202.9375,
        260763.5625,
        145609.578125
    ],
    "3": [
        114377.8359375,
        262470.75,
        101926.703125
    ],
    "4": [
        119714.9375,
        231645.390625,
        61156.0234375
    ],
    "5": [
        141489.53125,
        240394.21875,
        30578.01171875
    ],
    "6": [
        140875.71875,
        247070.140625,
        15289.005859375
    ],
    "7": [
        136649.25,
        250660.96875,
        7644.5029296875
    ]
}