{
    "0": [
        202387.5,
        202387.5,
        291219.15625
    ],
    "1": [
        202387.5,
        202387.5,
        291219.15625
    ],
    "2": [
        223650.5625,
        266543.5,
        145609.578125
    ],
    "3": [
        239321.90625,
        304070.25,
        101926.703125
    ],
    "4": [
        258992.875,
        328622.40625,
        61156.0234375
    ],
    "5": [
        257785.1875,
        310162.65625,
        30578.01171875
    ],
    "6": [
        266418.53125,
        315078.09375,
        15289.005859375
    ],
    "7": [
        266002.21875,
        314440.375,
        7644.5029296875
    ],
    "8": [
        263984.34375,
        316262.875,
        3822.25146484375
    ]
}