{
    "0": [
        202387.5,
        202387.5,
        291219.15625
    ],
    "1": [
        202387.5,
        202387.5,
        291219.15625
    ],
    "2": [
        204736.78125,
        112811.3359375,
        145609.578125
    ],
    "3": [
        173261.734375,
        95821.46875,
        101926.703125
    ],
    "4": [
        163769.046875,
        98789.359375,
        61156.0234375
    ],
    "5": [
        189837.46875,
        100670.25,
        30578.01171875
    ],
    "6": [
        192979.515625,
        112155.5625,
        15289.005859375
    ]
}