{
    "0": [
        202387.5,
        202387.5,
        291219.15625
    ],
    "1": [
        202387.5,
        202387.5,
        291219.15625
    ],
    "2": [
        303732.21875,
        148867.28125,
        145609.578125
    ],
    "3": [
        334137.46875,
        121244.8828125,
        101926.703125
    ],
    "4": [
        302034.3125,
        126507.4296875,
        61156.0234375
    ],
    "5": [
        306291,
        117635.3828125,
        30578.01171875
    ],
    "6": [
        317730.1875,
        121603.671875,
        15289.005859375
    ],
    "7": [
        321479.78125,
        117783.4296875,
        7644.5029296875
    ],
    "8": [
        321487.28125,
        116290.015625,
        3822.25146484375
    ]
}