{
    "0": [
        202387.5,
        202387.5,
        291219.15625
    ],
    "1": [
        202387.5,
        202387.5,
        291219.15625
    ],
    "2": [
        238109.109375,
        253236.9375,
        145609.578125
    ],
    "3": [
        262341.53125,
        285577.59375,
        101926.703125
    ],
    "4": [
        268723.8125,
        293873.71875,
        61156.0234375
    ],
    "5": [
        249622.203125,
        282848.03125,
        30578.01171875
    ],
    "6": [
        251167.1875,
        285072.3125,
        15289.005859375
    ],
    "7": [
        249209.140625,
        287467.5625,
        7644.5029296875
    ],
    "8": [
        248627.0625,
        288690.75,
        3822.25146484375
    ]
}