{
    "0": [
        202387.5,
        202387.5,
        291219.15625
    ],
    "1": [
        202387.5,
        202387.5,
        291219.15625
    ],
    "2": [
        249680.3125,
        146530.40625,
        145609.578125
    ],
    "3": [
        234358.625,
        142290.296875,
        101926.703125
    ],
    "4": [
        198605.875,
        127303.3515625,
        61156.0234375
    ],
    "5": [
        182541.9375,
        120841.3125,
        30578.01171875
    ],
    "6": [
        182864.390625,
        119710.328125,
        15289.005859375
    ],
    "7": [
        184897.140625,
        114150.2265625,
        7644.5029296875
    ]
}