{
    "0": [
        202387.5,
        202387.5,
        291219.15625
    ],
    "1": [
        202387.5,
        202387.5,
        291219.15625
    ],
    "2": [
        129246.9453125,
        146699.25,
        145609.578125
    ],
    "3": [
        118185.28125,
        152448.703125,
        101926.703125
    ],
    "4": [
        123533.6171875,
        114193.484375,
        61156.0234375
    ],
    "5": [
        131051.3671875,
        131115.421875,
        30578.01171875
    ],
    "6": [
        130914.71875,
        143724.75,
        15289.005859375
    ],
    "7": [
        133212.15625,
        149971.09375,
        7644.5029296875
    ]
}