{
    "0": [
        202387.5,
        202387.5,
        291219.15625
    ],
    "1": [
        202387.5,
        202387.5,
        291219.15625
    ],
    "2": [
        221534.65625,
        169100.78125,
        145609.578125
    ],
    "3": [
        219468.265625,
        194597.28125,
        101926.703125
    ],
    "4": [
        190555.5625,
        196608.171875,
        61156.0234375
    ],
    "5": [
        196675.09375,
        217216.203125,
        30578.01171875
    ],
    "6": [
        207522.796875,
        207613.75,
        15289.005859375
    ]
}