{
    "0": [
        202387.5,
        202387.5,
        291219.15625
    ],
    "1": [
        202387.5,
        202387.5,
        291219.15625
    ],
    "2": [
        252416.28125,
        124149.453125,
        145609.578125
    ],
    "3": [
        244107.734375,
        134684.390625,
        101926.703125
    ],
    "4": [
        262705,
        119203.15625,
        61156.0234375
    ],
    "5": [
        266653,
        140437.921875,
        30578.01171875
    ],
    "6": [
        273539.9375,
        146969.453125,
        15289.005859375
    ],
    "7": [
        274357.46875,
        141965.421875,
        7644.5029296875
    ],
    "8": [
        277294.625,
        141056.359375,
        3822.25146484375
    ]
}