{
    "0": [
        202387.5,
        202387.5,
        291219.15625
    ],
    "1": [
        202387.5,
        202387.5,
        291219.15625
    ],
    "2": [
        251666.765625,
        191948.46875,
        145609.578125
    ],
    "3": [
        234981.34375,
        193008.59375,
        101926.703125
    ],
    "4": [
        260551.59375,
        169792.296875,
        61156.0234375
    ],
    "5": [
        273206.90625,
        185724.046875,
        30578.01171875
    ],
    "6": [
        260300.921875,
        181416.125,
        15289.005859375
    ],
    "7": [
        258085.296875,
        181551.046875,
        7644.5029296875
    ],
    "8": [
        255093.359375,
        182660.03125,
        3822.25146484375
    ]
}