{
    "0": [
        202387.5,
        202387.5,
        291219.15625
    ],
    "1": [
        202387.5,
        202387.5,
        291219.15625
    ],
    "2": [
        197099.0625,
        192302.390625,
        145609.578125
    ],
    "3": [
        192128.578125,
        219254.90625,
        101926.703125
    ],
    "4": [
        165414.3125,
        226823.984375,
        61156.0234375
    ],
    "5": [
        147072.25,
        206106.296875,
        30578.01171875
    ],
    "6": [
        134001.265625,
        208804.625,
        15289.005859375
    ]
}