{
    "0": [
        202387.5,
        202387.5,
        291219.15625
    ],
    "1": [
        202387.5,
        202387.5,
        291219.15625
    ],
    "2": [
        222345.328125,
        216761.765625,
        145609.578125
    ],
    "3": [
        255738.234375,
        244769.390625,
        101926.703125
    ],
    "4": [
        288764.6875,
        242375.53125,
        61156.0234375
    ],
    "5": [
        268439.90625,
        241603.75,
        30578.01171875
    ],
    "6": [
        270959.34375,
        247234.078125,
        15289.005859375
    ],
    "7": [
        263844.875,
        248152.609375,
        7644.5029296875
    ],
    "8": [
        265439.25,
        247628.546875,
        3822.25146484375
    ]
}