{
    "0": [
        202387.5,
        202387.5,
        291219.15625
    ],
    "1": [
        202387.5,
        202387.5,
        291219.15625
    ],
    "2": [
        131922.5,
        203162.515625,
        145609.578125
    ],
    "3": [
        147984.84375,
        231992.75,
        101926.703125
    ],
    "4": [
        124939.328125,
        258112.9375,
        61156.0234375
    ],
    "5": [
        139764.28125,
        242062.46875,
        30578.01171875
    ],
    "6": [
        129027.765625,
        231366.28125,
        15289.005859375
    ],
    "7": [
        134483.90625,
        233836.203125,
        7644.5029296875
    ],
    "8": [
        132919.203125,
        236900.53125,
        3822.25146484375
    ]
}