{
    "0": [
        202387.5,
        202387.5,
        291219.15625
    ],
    "1": [
        202387.5,
        202387.5,
        291219.15625
    ],
    "2": [
        292003.0625,
        146547.078125,
        145609.578125
    ],
    "3": [
        276580.875,
        148736.59375,
        101926.703125
    ],
    "4": [
        257626.3125,
        151695.296875,
        61156.0234375
    ],
    "5": [
        277932.125,
        150333.734375,
        30578.01171875
    ],
    "6": [
        275072.40625,
        155750.953125,
        15289.005859375
    ]
}