{
    "0": [
        202387.5,
        202387.5,
        291219.15625
    ],
    "1": [
        202387.5,
        202387.5,
        291219.15625
    ],
    "2": [
        220699.375,
        101424.5625,
        145609.578125
    ],
    "3": [
        188900.421875,
        122834.7578125,
        101926.703125
    ],
    "4": [
        182259.625,
        95116.65625,
        61156.0234375
    ],
    "5": [
        200070.5625,
        82516.28125,
        30578.01171875
    ],
    "6": [
        209999.03125,
        76051.7109375,
        15289.005859375
    ],
    "7": [
        208810.75,
        74626.125,
        7644.5029296875
    ],
    "8": [
        208617.140625,
        74818.390625,
        3822.25146484375
    ]
}