{
    "0": [
        202387.5,
        202387.5,
        291219.15625
    ],
    "1": [
        202387.5,
        202387.5,
        291219.15625
    ],
    "2": [
        225155,
        222975.3125,
        145609.578125
    ],
    "3": [
        208866.796875,
        199634.6875,
        101926.703125
    ],
    "4": [
        181613.59375,
        196559.078125,
        61156.0234375
    ],
    "5": [
        181228.09375,
        206403,
        30578.01171875
    ],
    "6": [
        178451.828125,
        221118.40625,
        15289.005859375
    ],
    "7": [
        182111.125,
        218876.140625,
        7644.5029296875
    ],
    "8": [
        182301.5,
        219866.0625,
        3822.25146484375
    ]
}