{
    "0": [
        202387.5,
        202387.5,
        291219.15625
    ],
    "1": [
        202387.5,
        202387.5,
        291219.15625
    ],
    "2": [
        276262.8125,
        163226.90625,
        145609.578125
    ],
    "3": [
        280207.125,
        148748.421875,
        101926.703125
    ],
    "4": [
        297030.4375,
        125551.2734375,
        61156.0234375
    ],
    "5": [
        312003.65625,
        117091.7421875,
        30578.01171875
    ],
    "6": [
        306638.28125,
        126105.625,
        15289.005859375
    ],
    "7": [
        302536.25,
        126629.4921875,
        7644.5029296875
    ]
}