{
    "0": [
        202387.5,
        202387.5,
        291219.15625
    ],
    "1": [
        202387.5,
        202387.5,
        291219.15625
    ],
    "2": [
        161531.484375,
        105948.0234375,
        145609.578125
    ],
    "3": [
        201133.421875,
        106023.921875,
        101926.703125
    ],
    "4": [
        223378.625,
        90821.375,
        61156.0234375
    ],
    "5": [
        224810.203125,
        113229.96875,
        30578.01171875
    ],
    "6": [
        234873.8125,
        121313.890625,
        15289.005859375
    ],
    "7": [
        234171.984375,
        115808.1328125,
        7644.5029296875
    ],
    "8": [
        234725.96875,
        116819.109375,
        3822.25146484375
    ]
}