{
    "0": [
        202387.5,
        202387.5,
        291219.15625
    ],
    "1": [
        202387.5,
        202387.5,
        291219.15625
    ],
    "2": [
        206186.28125,
        265569.65625,
        145609.578125
    ],
    "3": [
        184796.71875,
        290243.84375,
        101926.703125
    ],
    "4": [
        194303.765625,
        297521.90625,
        61156.0234375
    ],
    "5": [
        196308.65625,
        281332.375,
        30578.01171875
    ],
    "6": [
        207333.3125,
        279601.28125,
        15289.005859375
    ],
    "7": [
        202115.671875,
        276661.375,
        7644.5029296875
    ]
}