{
    "0": [
        202387.5,
        202387.5,
        291219.15625
    ],
    "1": [
        202387.5,
        202387.5,
        291219.15625
    ],
    "2": [
        147385.765625,
        120195.5703125,
        145609.578125
    ],
    "3": [
        164025.09375,
        110310.28125,
        101926.703125
    ],
    "4": [
        203731.8125,
        106172.5078125,
        61156.0234375
    ],
    "5": [
        176056.328125,
        104056.640625,
        30578.01171875
    ],
    "6": [
        183010.59375,
        91819.109375,
        15289.005859375
    ],
    "7": [
        183324.578125,
        86885.359375,
        7644.5029296875
    ]
}