{
    "0": [
        202387.5,
        202387.5,
        291219.15625
    ],
    "1": [
        202387.5,
        202387.5,
        291219.15625
    ],
    "2": [
        221614.21875,
        179036.9375,
        145609.578125
    ],
    "3": [
        197896.125,
        190483.71875,
        101926.703125
    ],
    "4": [
        168480.859375,
        213649.1875,
        61156.0234375
    ],
    "5": [
        152245.46875,
        227625.53125,
        30578.01171875
    ],
    "6": [
        141606.21875,
        224436.03125,
        15289.005859375
    ],
    "7": [
        136121.515625,
        228670.84375,
        7644.5029296875
    ],
    "8": [
        137900.984375,
        230200,
        3822.25146484375
    ]
}