{
    "0": [
        202387.5,
        202387.5,
        291219.15625
    ],
    "1": [
        202387.5,
        202387.5,
        291219.15625
    ],
    "2": [
        228723.21875,
        163799.40625,
        145609.578125
    ],
    "3": [
        226606.9375,
        142400.875,
        101926.703125
    ],
    "4": [
        194907.328125,
        146268.1875,
        61156.0234375
    ],
    "5": [
        214094.671875,
        123935.3828125,
        30578.01171875
    ],
    "6": [
        219314.875,
        130351.3828125,
        15289.005859375
    ],
    "7": [
        221432.515625,
        130936.5859375,
        7644.5029296875
    ]
}