{
    "0": [
        202387.5,
        202387.5,
        291219.15625
    ],
    "1": [
        202387.5,
        202387.5,
        291219.15625
    ],
    "2": [
        174223.09375,
        99621.0859375,
        145609.578125
    ],
    "3": [
        197010.796875,
        101102.9609375,
        101926.703125
    ],
    "4": [
        234057.03125,
        108854.6640625,
        61156.0234375
    ],
    "5": [
        219177.734375,
        94063.203125,
        30578.01171875
    ],
    "6": [
        206765.046875,
        89280.3984375,
        15289.005859375
    ]
}