{
    "0": [
        202387.5,
        202387.5,
        291219.15625
    ],
    "1": [
        202387.5,
        202387.5,
        291219.15625
    ],
    "2": [
        295337.21875,
        214636.25,
        145609.578125
    ],
    "3": [
        298232.375,
        177031.203125,
        101926.703125
    ],
    "4": [
        272178.65625,
        188446.734375,
        61156.0234375
    ],
    "5": [
        282668.46875,
        215834.375,
        30578.01171875
    ],
    "6": [
        295303.3125,
        215901.375,
        15289.005859375
    ],
    "7": [
        290789.875,
        211461.125,
        7644.5029296875
    ]
}