{
    "0": [
        202387.5,
        202387.5,
        291219.15625
    ],
    "1": [
        202387.5,
        202387.5,
        291219.15625
    ],
    "2": [
        295286,
        200029.578125,
        145609.578125
    ],
    "3": [
        326883.9375,
        228219.4375,
        101926.703125
    ],
    "4": [
        350750.28125,
        244466.1875,
        61156.0234375
    ],
    "5": [
        334306.875,
        251017.28125,
        30578.01171875
    ]
}