{
    "0": [
        202387.5,
        202387.5,
        291219.15625
    ],
    "1": [
        202387.5,
        202387.5,
        291219.15625
    ],
    "2": [
        274676.125,
        111536.84375,
        145609.578125
    ],
    "3": [
        279663.40625,
        120236.171875,
        101926.703125
    ],
    "4": [
        308557.3125,
        92467.8125,
        61156.0234375
    ],
    "5": [
        330463.78125,
        111523.703125,
        30578.01171875
    ],
    "6": [
        326730.25,
        125071.5625,
        15289.005859375
    ],
    "7": [
        326243.84375,
        123198.9765625,
        7644.5029296875
    ],
    "8": [
        327118.6875,
        121137.78125,
        3822.25146484375
    ]
}