{
    "0": [
        202387.5,
        202387.5,
        291219.15625
    ],
    "1": [
        202387.5,
        202387.5,
        291219.15625
    ],
    "2": [
        128929.625,
        152635.734375,
        145609.578125
    ],
    "3": [
        155709.453125,
        158954.359375,
        101926.703125
    ],
    "4": [
        149994.0625,
        140162.015625,
        61156.0234375
    ],
    "5": [
        142972.046875,
        164501.78125,
        30578.01171875
    ],
    "6": [
        152867.34375,
        164807.65625,
        15289.005859375
    ],
    "7": [
        157152.640625,
        169922.03125,
        7644.5029296875
    ]
}