{
    "0": [
        202387.5,
        202387.5,
        291219.15625
    ],
    "1": [
        202387.5,
        202387.5,
        291219.15625
    ],
    "2": [
        149218.6875,
        275839.59375,
        145609.578125
    ],
    "3": [
        120942.671875,
        296334.96875,
        101926.703125
    ],
    "4": [
        114050.4609375,
        296517.625,
        61156.0234375
    ],
    "5": [
        95224.203125,
        302382.25,
        30578.01171875
    ],
    "6": [
        92873.828125,
        296002.9375,
        15289.005859375
    ],
    "7": [
        95515.0390625,
        293275.71875,
        7644.5029296875
    ],
    "8": [
        98262.734375,
        293106.59375,
        3822.25146484375
    ]
}