{
    "0": [
        202387.5,
        202387.5,
        291219.15625
    ],
    "1": [
        202387.5,
        202387.5,
        291219.15625
    ],
    "2": [
        220237.46875,
        289709,
        145609.578125
    ],
    "3": [
        250852.859375,
        274045.53125,
        101926.703125
    ],
    "4": [
        284574.75,
        293848.8125,
        61156.0234375
    ],
    "5": [
        256155.328125,
        303178.65625,
        30578.01171875
    ],
    "6": [
        269866.09375,
        306399.75,
        15289.005859375
    ],
    "7": [
        274706.59375,
        306655.90625,
        7644.5029296875
    ],
    "8": [
        275478.65625,
        309027.0625,
        3822.25146484375
    ]
}