{
    "0": [
        202387.5,
        202387.5,
        291219.15625
    ],
    "1": [
        202387.5,
        202387.5,
        291219.15625
    ],
    "2": [
        292998.0625,
        144822.65625,
        145609.578125
    ],
    "3": [
        321600.8125,
        134573.3125,
        101926.703125
    ],
    "4": [
        354309.03125,
        117884.8359375,
        61156.0234375
    ],
    "5": [
        374582.59375,
        135475.8125,
        30578.01171875
    ],
    "6": [
        368997.78125,
        149550.15625,
        15289.005859375
    ],
    "7": [
        370443.3125,
        149747.78125,
        7644.5029296875
    ],
    "8": [
        367993.3125,
        147812.390625,
        3822.25146484375
    ]
}