{
    "0": [
        202387.5,
        202387.5,
        291219.15625
    ],
    "1": [
        202387.5,
        202387.5,
        291219.15625
    ],
    "2": [
        173173.15625,
        284957.625,
        145609.578125
    ],
    "3": [
        162451.359375,
        308366.78125,
        101926.703125
    ],
    "4": [
        171714.421875,
        309490.84375,
        61156.0234375
    ],
    "5": [
        161638.796875,
        318516.5,
        30578.01171875
    ],
    "6": [
        158955.546875,
        308507.46875,
        15289.005859375
    ]
}