{
    "0": [
        202387.5,
        202387.5,
        291219.15625
    ],
    "1": [
        202387.5,
        202387.5,
        291219.15625
    ],
    "2": [
        253592.15625,
        261235.625,
        145609.578125
    ],
    "3": [
        286070.65625,
        251757.078125,
        101926.703125
    ],
    "4": [
        295867.34375,
        232791,
        61156.0234375
    ],
    "5": [
        289720.03125,
        260629.09375,
        30578.01171875
    ],
    "6": [
        289736.78125,
        256417.921875,
        15289.005859375
    ],
    "7": [
        288620.71875,
        257680.71875,
        7644.5029296875
    ],
    "8": [
        286653.1875,
        255479.375,
        3822.25146484375
    ]
}