{
    "0": [
        202387.5,
        202387.5,
        291219.15625
    ],
    "1": [
        202387.5,
        202387.5,
        291219.15625
    ],
    "2": [
        92581.3828125,
        198508.96875,
        145609.578125
    ],
    "3": [
        80535.890625,
        190133.265625,
        101926.703125
    ],
    "4": [
        107524.1171875,
        215613.359375,
        61156.0234375
    ],
    "5": [
        101405.75,
        214727.265625,
        30578.01171875
    ],
    "6": [
        105110.9375,
        206352.40625,
        15289.005859375
    ],
    "7": [
        107367.453125,
        199691.9375,
        7644.5029296875
    ]
}