{
    "0": [
        202387.5,
        202387.5,
        291219.15625
    ],
    "1": [
        202387.5,
        202387.5,
        291219.15625
    ],
    "2": [
        237426.5625,
        141450.265625,
        145609.578125
    ],
    "3": [
        220698.375,
        167725.96875,
        101926.703125
    ],
    "4": [
        216621.046875,
        159685.140625,
        61156.0234375
    ],
    "5": [
        218204.671875,
        184282.96875,
        30578.01171875
    ],
    "6": [
        222395.59375,
        198928.1875,
        15289.005859375
    ],
    "7": [
        223577.65625,
        191644.234375,
        7644.5029296875
    ]
}