{
    "0": [
        202387.5,
        202387.5,
        291219.15625
    ],
    "1": [
        202387.5,
        202387.5,
        291219.15625
    ],
    "2": [
        243442.625,
        256865.65625,
        145609.578125
    ],
    "3": [
        228429.59375,
        296556.78125,
        101926.703125
    ],
    "4": [
        230889.890625,
        270981.5625,
        61156.0234375
    ],
    "5": [
        248451.1875,
        252363.59375,
        30578.01171875
    ],
    "6": [
        240276.703125,
        251600.78125,
        15289.005859375
    ],
    "7": [
        234574.546875,
        248617.828125,
        7644.5029296875
    ]
}