{
    "0": [
        202387.5,
        202387.5,
        291219.15625
    ],
    "1": [
        202387.5,
        202387.5,
        291219.15625
    ],
    "2": [
        202926.234375,
        168202.3125,
        145609.578125
    ],
    "3": [
        185713.03125,
        193504.34375,
        101926.703125
    ],
    "4": [
        168549.328125,
        199287.640625,
        61156.0234375
    ],
    "5": [
        172056.59375,
        193082.359375,
        30578.01171875
    ],
    "6": [
        174037.453125,
        201504.828125,
        15289.005859375
    ]
}