{
    "0": [
        202387.5,
        202387.5,
        291219.15625
    ],
    "1": [
        202387.5,
        202387.5,
        291219.15625
    ],
    "2": [
        246658.75,
        192661.171875,
        145609.578125
    ],
    "3": [
        220004.296875,
        195485.265625,
        101926.703125
    ],
    "4": [
        181449.71875,
        191432.828125,
        61156.0234375
    ],
    "5": [
        203696.4375,
        193160.8125,
        30578.01171875
    ],
    "6": [
        196338.453125,
        188470.28125,
        15289.005859375
    ],
    "7": [
        200984.46875,
        186606.359375,
        7644.5029296875
    ]
}