{
    "0": [
        202387.5,
        202387.5,
        291219.15625
    ],
    "1": [
        202387.5,
        202387.5,
        291219.15625
    ],
    "2": [
        171390.625,
        146149.65625,
        145609.578125
    ],
    "3": [
        152439.34375,
        182956.609375,
        101926.703125
    ],
    "4": [
        121103.921875,
        174271.453125,
        61156.0234375
    ],
    "5": [
        126380.1484375,
        170043.453125,
        30578.01171875
    ],
    "6": [
        125187.375,
        183873.53125,
        15289.005859375
    ],
    "7": [
        124098.7734375,
        186162.859375,
        7644.5029296875
    ],
    "8": [
        124456,
        184135.375,
        3822.25146484375
    ]
}