{
    "0": [
        202387.5,
        202387.5,
        291219.15625
    ],
    "1": [
        202387.5,
        202387.5,
        291219.15625
    ],
    "2": [
        288711.75,
        226294.890625,
        145609.578125
    ],
    "3": [
        279128.1875,
        253346.8125,
        101926.703125
    ],
    "4": [
        300325.15625,
        232058.53125,
        61156.0234375
    ],
    "5": [
        283812.125,
        225286,
        30578.01171875
    ],
    "6": [
        294901.78125,
        225425.921875,
        15289.005859375
    ],
    "7": [
        294629.5,
        227419.3125,
        7644.5029296875
    ],
    "8": [
        294996.3125,
        228478.4375,
        3822.25146484375
    ]
}