{
    "0": [
        202387.5,
        202387.5,
        291219.15625
    ],
    "1": [
        202387.5,
        202387.5,
        291219.15625
    ],
    "2": [
        254850.46875,
        224597.3125,
        145609.578125
    ],
    "3": [
        289167.5,
        233997.1875,
        101926.703125
    ],
    "4": [
        287417.71875,
        214836.890625,
        61156.0234375
    ],
    "5": [
        278486.125,
        195196.484375,
        30578.01171875
    ],
    "6": [
        269477.84375,
        203939.84375,
        15289.005859375
    ],
    "7": [
        272542.21875,
        210208.390625,
        7644.5029296875
    ],
    "8": [
        275697.3125,
        208666.640625,
        3822.25146484375
    ],
    "9": [
        275810.46875,
        208176.34375,
        1911.125732421875
    ]
}