{
    "0": [
        202387.5,
        202387.5,
        291219.15625
    ],
    "1": [
        202387.5,
        202387.5,
        291219.15625
    ],
    "2": [
        119729.6796875,
        139333.609375,
        145609.578125
    ],
    "3": [
        137720.546875,
        165207.421875,
        101926.703125
    ],
    "4": [
        106212.2734375,
        182790.171875,
        61156.0234375
    ],
    "5": [
        88632.390625,
        205348.109375,
        30578.01171875
    ],
    "6": [
        93510.6640625,
        194997.875,
        15289.005859375
    ]
}