{
    "0": [
        202387.5,
        202387.5,
        291219.15625
    ],
    "1": [
        202387.5,
        202387.5,
        291219.15625
    ],
    "2": [
        134924.53125,
        152873.0625,
        145609.578125
    ],
    "3": [
        129927.8828125,
        111098.703125,
        101926.703125
    ],
    "4": [
        132980.140625,
        112178.3984375,
        61156.0234375
    ],
    "5": [
        148037.890625,
        110694.671875,
        30578.01171875
    ],
    "6": [
        140462.5625,
        113856.8671875,
        15289.005859375
    ],
    "7": [
        132927.0625,
        112742.015625,
        7644.5029296875
    ]
}