{
    "0": [
        202387.5,
        202387.5,
        291219.15625
    ],
    "1": [
        202387.5,
        202387.5,
        291219.15625
    ],
    "2": [
        130513.5234375,
        119737.5625,
        145609.578125
    ],
    "3": [
        152269.375,
        155880.5,
        101926.703125
    ],
    "4": [
        123576.5078125,
        173732.8125,
        61156.0234375
    ],
    "5": [
        101349.8359375,
        158929.09375,
        30578.01171875
    ],
    "6": [
        102676.7109375,
        158295.46875,
        15289.005859375
    ],
    "7": [
        103998.5390625,
        161056.34375,
        7644.5029296875
    ]
}