{
    "0": [
        202387.5,
        202387.5,
        291219.15625
    ],
    "1": [
        202387.5,
        202387.5,
        291219.15625
    ],
    "2": [
        210478.953125,
        269716.3125,
        145609.578125
    ],
    "3": [
        233184.359375,
        251535.046875,
        101926.703125
    ],
    "4": [
        220594.921875,
        278136.21875,
        61156.0234375
    ],
    "5": [
        202486.25,
        276963.5,
        30578.01171875
    ],
    "6": [
        193651.765625,
        276585.375,
        15289.005859375
    ],
    "7": [
        196517.484375,
        279830.75,
        7644.5029296875
    ],
    "8": [
        197194.21875,
        281366.46875,
        3822.25146484375
    ]
}