{
    "0": [
        202387.5,
        202387.5,
        291219.15625
    ],
    "1": [
        202387.5,
        202387.5,
        291219.15625
    ],
    "2": [
        196448.421875,
        184749.875,
        145609.578125
    ],
    "3": [
        186920.875,
        155506.265625,
        101926.703125
    ],
    "4": [
        213461.453125,
        151062.5625,
        61156.0234375
    ],
    "5": [
        221824.03125,
        162428.78125,
        30578.01171875
    ],
    "6": [
        216038.34375,
        176295.421875,
        15289.005859375
    ],
    "7": [
        216764.078125,
        178887.046875,
        7644.5029296875
    ],
    "8": [
        217593.515625,
        177544.296875,
        3822.25146484375
    ],
    "9": [
        217921.296875,
        177883.375,
        1911.125732421875
    ]
}