{
    "0": [
        202387.5,
        202387.5,
        291219.15625
    ],
    "1": [
        202387.5,
        202387.5,
        291219.15625
    ],
    "2": [
        240474.46875,
        202581.703125,
        145609.578125
    ],
    "3": [
        262224.96875,
        221032.015625,
        101926.703125
    ],
    "4": [
        226045.796875,
        239262.203125,
        61156.0234375
    ],
    "5": [
        227640.1875,
        230172.015625,
        30578.01171875
    ],
    "6": [
        237576.953125,
        224314.421875,
        15289.005859375
    ],
    "7": [
        237211.609375,
        229525.53125,
        7644.5029296875
    ]
}