{
    "0": [
        202387.5,
        202387.5,
        291219.15625
    ],
    "1": [
        202387.5,
        202387.5,
        291219.15625
    ],
    "2": [
        228950.28125,
        154945.8125,
        145609.578125
    ],
    "3": [
        227044.796875,
        121349.046875,
        101926.703125
    ],
    "4": [
        201694.84375,
        131007.7421875,
        61156.0234375
    ],
    "5": [
        178806.46875,
        134808.5625,
        30578.01171875
    ],
    "6": [
        176048.234375,
        128678.53125,
        15289.005859375
    ]
}