{
    "0": [
        202387.5,
        202387.5,
        291219.15625
    ],
    "1": [
        202387.5,
        202387.5,
        291219.15625
    ],
    "2": [
        189680.1875,
        143403.90625,
        145609.578125
    ],
    "3": [
        222860.78125,
        140286.640625,
        101926.703125
    ],
    "4": [
        225544.515625,
        110410.953125,
        61156.0234375
    ],
    "5": [
        248873.921875,
        90684.34375,
        30578.01171875
    ],
    "6": [
        248780.40625,
        76653.515625,
        15289.005859375
    ],
    "7": [
        246846.828125,
        73889.7265625,
        7644.5029296875
    ],
    "8": [
        250620.734375,
        74371.078125,
        3822.25146484375
    ]
}