{
    "0": [
        202387.5,
        202387.5,
        291219.15625
    ],
    "1": [
        202387.5,
        202387.5,
        291219.15625
    ],
    "2": [
        212881.140625,
        145658.15625,
        145609.578125
    ],
    "3": [
        241365,
        138210.21875,
        101926.703125
    ],
    "4": [
        229691.296875,
        145912.46875,
        61156.0234375
    ],
    "5": [
        233664.65625,
        142897.9375,
        30578.01171875
    ],
    "6": [
        228515.65625,
        135697.140625,
        15289.005859375
    ],
    "7": [
        221502.609375,
        134475.484375,
        7644.5029296875
    ],
    "8": [
        217807.09375,
        134058.328125,
        3822.25146484375
    ]
}