{
    "0": [
        202387.5,
        202387.5,
        291219.15625
    ],
    "1": [
        202387.5,
        202387.5,
        291219.15625
    ],
    "2": [
        308087.46875,
        249696.734375,
        145609.578125
    ],
    "3": [
        294605.4375,
        253320.09375,
        101926.703125
    ],
    "4": [
        276385.84375,
        244524.484375,
        61156.0234375
    ],
    "5": [
        280309.71875,
        218291.546875,
        30578.01171875
    ],
    "6": [
        280060.75,
        231971.328125,
        15289.005859375
    ],
    "7": [
        286084.8125,
        228358.40625,
        7644.5029296875
    ]
}