{
    "0": [
        202387.5,
        202387.5,
        291219.15625
    ],
    "1": [
        202387.5,
        202387.5,
        291219.15625
    ],
    "2": [
        153053.625,
        154710.96875,
        145609.578125
    ],
    "3": [
        120175.796875,
        147251.265625,
        101926.703125
    ],
    "4": [
        95124.3125,
        146331.78125,
        61156.0234375
    ],
    "5": [
        120968.078125,
        160290.828125,
        30578.01171875
    ],
    "6": [
        117514.0703125,
        164842.078125,
        15289.005859375
    ],
    "7": [
        122695.46875,
        161619.015625,
        7644.5029296875
    ],
    "8": [
        122354.53125,
        161198.390625,
        3822.25146484375
    ]
}