{
    "0": [
        202387.5,
        202387.5,
        291219.15625
    ],
    "1": [
        202387.5,
        202387.5,
        291219.15625
    ],
    "2": [
        213361.484375,
        273412.875,
        145609.578125
    ],
    "3": [
        241310.171875,
        273913.40625,
        101926.703125
    ],
    "4": [
        272512.15625,
        272793,
        61156.0234375
    ],
    "5": [
        292491.375,
        264350.4375,
        30578.01171875
    ],
    "6": [
        287843.09375,
        263686.9375,
        15289.005859375
    ],
    "7": [
        292378.0625,
        265308.5625,
        7644.5029296875
    ]
}