{
    "0": [
        202387.5,
        202387.5,
        291219.15625
    ],
    "1": [
        202387.5,
        202387.5,
        291219.15625
    ],
    "2": [
        102511.671875,
        204263.9375,
        145609.578125
    ],
    "3": [
        64239.1640625,
        202122.03125,
        101926.703125
    ],
    "4": [
        96782.234375,
        199945.515625,
        61156.0234375
    ],
    "5": [
        85380.59375,
        216570.40625,
        30578.01171875
    ],
    "6": [
        86408.8046875,
        206820.171875,
        15289.005859375
    ],
    "7": [
        90811.203125,
        204234.203125,
        7644.5029296875
    ],
    "8": [
        87196.15625,
        204425.8125,
        3822.25146484375
    ]
}