{
    "0": [
        202387.5,
        202387.5,
        291219.15625
    ],
    "1": [
        202387.5,
        202387.5,
        291219.15625
    ],
    "2": [
        159086,
        143257.71875,
        145609.578125
    ],
    "3": [
        158673.8125,
        162540.421875,
        101926.703125
    ],
    "4": [
        153749.640625,
        175286.84375,
        61156.0234375
    ],
    "5": [
        157929.59375,
        181380.625,
        30578.01171875
    ],
    "6": [
        167727.171875,
        179795.609375,
        15289.005859375
    ],
    "7": [
        160300.4375,
        180317.59375,
        7644.5029296875
    ]
}