{
    "0": [
        202387.5,
        202387.5,
        291219.15625
    ],
    "1": [
        202387.5,
        202387.5,
        291219.15625
    ],
    "2": [
        210667.59375,
        89276.21875,
        145609.578125
    ],
    "3": [
        227675.171875,
        76533.734375,
        101926.703125
    ],
    "4": [
        254040.671875,
        62828.11328125,
        61156.0234375
    ],
    "5": [
        267716.625,
        72095.328125,
        30578.01171875
    ],
    "6": [
        266723.34375,
        67635.375,
        15289.005859375
    ]
}