{
    "0": [
        202387.5,
        202387.5,
        291219.15625
    ],
    "1": [
        202387.5,
        202387.5,
        291219.15625
    ],
    "2": [
        154798.28125,
        306468.15625,
        145609.578125
    ],
    "3": [
        152136.5625,
        335628.5625,
        101926.703125
    ],
    "4": [
        146298.953125,
        348432.34375,
        61156.0234375
    ],
    "5": [
        165300.078125,
        367742.0625,
        30578.01171875
    ],
    "6": [
        153198.015625,
        369159.5,
        15289.005859375
    ],
    "7": [
        154370.21875,
        371250.90625,
        7644.5029296875
    ]
}