{
    "0": [
        202387.5,
        202387.5,
        291219.15625
    ],
    "1": [
        202387.5,
        202387.5,
        291219.15625
    ],
    "2": [
        301301.5,
        249673.296875,
        145609.578125
    ],
    "3": [
        264242.90625,
        256403.765625,
        101926.703125
    ],
    "4": [
        286222.5,
        252773.0625,
        61156.0234375
    ],
    "5": [
        267293.8125,
        244897.09375,
        30578.01171875
    ],
    "6": [
        273567.84375,
        248087.09375,
        15289.005859375
    ],
    "7": [
        271431.46875,
        255116.546875,
        7644.5029296875
    ],
    "8": [
        268330.03125,
        254868.03125,
        3822.25146484375
    ]
}