{
    "0": [
        202387.5,
        202387.5,
        291219.15625
    ],
    "1": [
        202387.5,
        202387.5,
        291219.15625
    ],
    "2": [
        272102.1875,
        214854.90625,
        145609.578125
    ],
    "3": [
        254022.59375,
        223320.703125,
        101926.703125
    ],
    "4": [
        243844.40625,
        190077.75,
        61156.0234375
    ],
    "5": [
        252999.203125,
        170450.71875,
        30578.01171875
    ],
    "6": [
        264436.375,
        167339.34375,
        15289.005859375
    ],
    "7": [
        262464.25,
        167138.28125,
        7644.5029296875
    ]
}