{
    "0": [
        202387.5,
        202387.5,
        291219.15625
    ],
    "1": [
        202387.5,
        202387.5,
        291219.15625
    ],
    "2": [
        223608.203125,
        252349.75,
        145609.578125
    ],
    "3": [
        235464.875,
        287915.25,
        101926.703125
    ],
    "4": [
        204306.09375,
        280321.875,
        61156.0234375
    ],
    "5": [
        204314.59375,
        293521.9375,
        30578.01171875
    ],
    "6": [
        204540.625,
        295606.75,
        15289.005859375
    ],
    "7": [
        202604.40625,
        289047.4375,
        7644.5029296875
    ]
}