{
    "0": [
        202387.5,
        202387.5,
        291219.15625
    ],
    "1": [
        202387.5,
        202387.5,
        291219.15625
    ],
    "2": [
        246947.546875,
        308655.9375,
        145609.578125
    ],
    "3": [
        203986.1875,
        304985.0625,
        101926.703125
    ],
    "4": [
        224343.640625,
        330148.46875,
        61156.0234375
    ],
    "5": [
        230193.5,
        353102.21875,
        30578.01171875
    ],
    "6": [
        227558.765625,
        345415.28125,
        15289.005859375
    ],
    "7": [
        231040.1875,
        341272.40625,
        7644.5029296875
    ],
    "8": [
        233471.78125,
        343492.71875,
        3822.25146484375
    ],
    "9": [
        233032.625,
        344380.5625,
        1911.125732421875
    ]
}