{
    "0": [
        202387.5,
        202387.5,
        291219.15625
    ],
    "1": [
        202387.5,
        202387.5,
        291219.15625
    ],
    "2": [
        228436.71875,
        278920.75,
        145609.578125
    ],
    "3": [
        255717.109375,
        295133.75,
        101926.703125
    ],
    "4": [
        264416.15625,
        258699.09375,
        61156.0234375
    ],
    "5": [
        241849.6875,
        270515.25,
        30578.01171875
    ],
    "6": [
        236113.140625,
        281213.8125,
        15289.005859375
    ]
}