{
    "0": [
        202387.5,
        202387.5,
        291219.15625
    ],
    "1": [
        202387.5,
        202387.5,
        291219.15625
    ],
    "2": [
        218120.640625,
        223690.625,
        145609.578125
    ],
    "3": [
        242123.84375,
        199484.5625,
        101926.703125
    ],
    "4": [
        259193.453125,
        234417.328125,
        61156.0234375
    ],
    "5": [
        236831.015625,
        216152.328125,
        30578.01171875
    ],
    "6": [
        241412.140625,
        217551.484375,
        15289.005859375
    ],
    "7": [
        241289.96875,
        217758.796875,
        7644.5029296875
    ]
}