{
    "0": [
        202387.5,
        202387.5,
        291219.15625
    ],
    "1": [
        202387.5,
        202387.5,
        291219.15625
    ],
    "2": [
        208157.71875,
        119267.4765625,
        145609.578125
    ],
    "3": [
        189487.078125,
        104624.796875,
        101926.703125
    ],
    "4": [
        220122,
        85792.28125,
        61156.0234375
    ],
    "5": [
        241969.90625,
        70057.2734375,
        30578.01171875
    ],
    "6": [
        249611.40625,
        69381.046875,
        15289.005859375
    ]
}