{
    "0": [
        202387.5,
        202387.5,
        291219.15625
    ],
    "1": [
        202387.5,
        202387.5,
        291219.15625
    ],
    "2": [
        140552.234375,
        299357.09375,
        145609.578125
    ],
    "3": [
        150798.53125,
        315984.71875,
        101926.703125
    ],
    "4": [
        142638.859375,
        279793.96875,
        61156.0234375
    ],
    "5": [
        152085.25,
        279075.25,
        30578.01171875
    ],
    "6": [
        160621.796875,
        276145.71875,
        15289.005859375
    ],
    "7": [
        160324.0625,
        270333.875,
        7644.5029296875
    ],
    "8": [
        159564.328125,
        272884.28125,
        3822.25146484375
    ]
}