{
    "0": [
        202387.5,
        202387.5,
        291219.15625
    ],
    "1": [
        202387.5,
        202387.5,
        291219.15625
    ],
    "2": [
        237071.21875,
        162235.59375,
        145609.578125
    ],
    "3": [
        271665.59375,
        159182.40625,
        101926.703125
    ],
    "4": [
        256792.34375,
        142169.578125,
        61156.0234375
    ],
    "5": [
        253158.109375,
        130168.5390625,
        30578.01171875
    ],
    "6": [
        249005,
        117969.1953125,
        15289.005859375
    ],
    "7": [
        247167.875,
        117717.1484375,
        7644.5029296875
    ]
}