{
    "0": [
        202387.5,
        202387.5,
        291219.15625
    ],
    "1": [
        202387.5,
        202387.5,
        291219.15625
    ],
    "2": [
        225497.046875,
        189013.71875,
        145609.578125
    ],
    "3": [
        210822.9375,
        223493.296875,
        101926.703125
    ],
    "4": [
        175777.234375,
        228021.734375,
        61156.0234375
    ],
    "5": [
        178535.796875,
        217942.078125,
        30578.01171875
    ],
    "6": [
        185000.4375,
        205936.5625,
        15289.005859375
    ],
    "7": [
        180619.390625,
        203059.171875,
        7644.5029296875
    ],
    "8": [
        181002.640625,
        204166.59375,
        3822.25146484375
    ]
}