{
    "0": [
        202387.5,
        202387.5,
        291219.15625
    ],
    "1": [
        202387.5,
        202387.5,
        291219.15625
    ],
    "2": [
        284959.25,
        144061.59375,
        145609.578125
    ],
    "3": [
        282314.75,
        130994.40625,
        101926.703125
    ],
    "4": [
        320206.84375,
        131021.8359375,
        61156.0234375
    ],
    "5": [
        328240.3125,
        121542.609375,
        30578.01171875
    ],
    "6": [
        326807.3125,
        124772.859375,
        15289.005859375
    ],
    "7": [
        332758.9375,
        129525.265625,
        7644.5029296875
    ],
    "8": [
        332111.90625,
        130325.59375,
        3822.25146484375
    ]
}