{
    "0": [
        202387.5,
        202387.5,
        291219.15625
    ],
    "1": [
        202387.5,
        202387.5,
        291219.15625
    ],
    "2": [
        240149.5,
        190630.078125,
        145609.578125
    ],
    "3": [
        281035.40625,
        182613.03125,
        101926.703125
    ],
    "4": [
        295824.75,
        209335.421875,
        61156.0234375
    ],
    "5": [
        299234.34375,
        191494.8125,
        30578.01171875
    ],
    "6": [
        299477.71875,
        190156.09375,
        15289.005859375
    ],
    "7": [
        300995.6875,
        183858.34375,
        7644.5029296875
    ]
}