{
    "0": [
        202387.5,
        202387.5,
        291219.15625
    ],
    "1": [
        202387.5,
        202387.5,
        291219.15625
    ],
    "2": [
        154591.59375,
        308021.71875,
        145609.578125
    ],
    "3": [
        161772.671875,
        312215.28125,
        101926.703125
    ],
    "4": [
        193918.296875,
        320716.25,
        61156.0234375
    ],
    "5": [
        198897.6875,
        342551.03125,
        30578.01171875
    ],
    "6": [
        203042.71875,
        339406.09375,
        15289.005859375
    ],
    "7": [
        208347.40625,
        340458.5625,
        7644.5029296875
    ]
}