{
    "0": [
        202387.5,
        202387.5,
        291219.15625
    ],
    "1": [
        202387.5,
        202387.5,
        291219.15625
    ],
    "2": [
        88749.9609375,
        197387.59375,
        145609.578125
    ],
    "3": [
        94430.7734375,
        154974.453125,
        101926.703125
    ],
    "4": [
        70892.84375,
        138284.3125,
        61156.0234375
    ],
    "5": [
        91287.34375,
        125668.1171875,
        30578.01171875
    ],
    "6": [
        84209.0546875,
        130601.90625,
        15289.005859375
    ],
    "7": [
        81035.3671875,
        135397.65625,
        7644.5029296875
    ]
}