{
    "0": [
        202387.5,
        202387.5,
        291219.15625
    ],
    "1": [
        202387.5,
        202387.5,
        291219.15625
    ],
    "2": [
        223893.890625,
        230681.75,
        145609.578125
    ],
    "3": [
        200650.046875,
        193729.53125,
        101926.703125
    ],
    "4": [
        192779.265625,
        192675.546875,
        61156.0234375
    ],
    "5": [
        219983.765625,
        190745.453125,
        30578.01171875
    ],
    "6": [
        207819.609375,
        191257.171875,
        15289.005859375
    ],
    "7": [
        212085.140625,
        195673.328125,
        7644.5029296875
    ]
}