{
    "0": [
        202387.5,
        202387.5,
        291219.15625
    ],
    "1": [
        202387.5,
        202387.5,
        291219.15625
    ],
    "2": [
        283779.8125,
        135891.65625,
        145609.578125
    ],
    "3": [
        288942.46875,
        100298.1640625,
        101926.703125
    ],
    "4": [
        313294.53125,
        104188.1796875,
        61156.0234375
    ],
    "5": [
        301035.6875,
        93167.421875,
        30578.01171875
    ],
    "6": [
        307824.09375,
        93550.1015625,
        15289.005859375
    ]
}