{
    "0": [
        202387.5,
        202387.5,
        291219.15625
    ],
    "1": [
        202387.5,
        202387.5,
        291219.15625
    ],
    "2": [
        268793.75,
        206584.984375,
        145609.578125
    ],
    "3": [
        265265.5625,
        224809.875,
        101926.703125
    ],
    "4": [
        242210.828125,
        249148.859375,
        61156.0234375
    ],
    "5": [
        224885.46875,
        245535.171875,
        30578.01171875
    ],
    "6": [
        219148.53125,
        243905.78125,
        15289.005859375
    ]
}