{
    "0": [
        202387.5,
        202387.5,
        291219.15625
    ],
    "1": [
        202387.5,
        202387.5,
        291219.15625
    ],
    "2": [
        160388.78125,
        166752.625,
        145609.578125
    ],
    "3": [
        148303.203125,
        189863.953125,
        101926.703125
    ],
    "4": [
        150699.125,
        214276.1875,
        61156.0234375
    ],
    "5": [
        174914.203125,
        212751.015625,
        30578.01171875
    ],
    "6": [
        172227.1875,
        214110.078125,
        15289.005859375
    ],
    "7": [
        179109.71875,
        215001.96875,
        7644.5029296875
    ],
    "8": [
        176644.90625,
        216221.046875,
        3822.25146484375
    ]
}