{
    "0": [
        202387.5,
        202387.5,
        291219.15625
    ],
    "1": [
        202387.5,
        202387.5,
        291219.15625
    ],
    "2": [
        117119.09375,
        135155.03125,
        145609.578125
    ],
    "3": [
        128575.140625,
        110701.7265625,
        101926.703125
    ],
    "4": [
        155861.03125,
        125855.65625,
        61156.0234375
    ],
    "5": [
        165880.3125,
        143741.59375,
        30578.01171875
    ],
    "6": [
        167882.484375,
        149769.71875,
        15289.005859375
    ],
    "7": [
        163640.640625,
        146625.703125,
        7644.5029296875
    ],
    "8": [
        162818.078125,
        149238.375,
        3822.25146484375
    ]
}