{
    "0": [
        202387.5,
        202387.5,
        291219.15625
    ],
    "1": [
        202387.5,
        202387.5,
        291219.15625
    ],
    "2": [
        255691.75,
        187066.390625,
        145609.578125
    ],
    "3": [
        255325.953125,
        177356.09375,
        101926.703125
    ],
    "4": [
        239832.609375,
        172374.21875,
        61156.0234375
    ],
    "5": [
        258536.515625,
        193329.3125,
        30578.01171875
    ],
    "6": [
        257495.9375,
        178642.84375,
        15289.005859375
    ],
    "7": [
        258593.90625,
        173478.203125,
        7644.5029296875
    ]
}