{
    "0": [
        202387.5,
        202387.5,
        291219.15625
    ],
    "1": [
        202387.5,
        202387.5,
        291219.15625
    ],
    "2": [
        119390.375,
        142136.84375,
        145609.578125
    ],
    "3": [
        133256.578125,
        133497.34375,
        101926.703125
    ],
    "4": [
        101403.25,
        153836.328125,
        61156.0234375
    ],
    "5": [
        119559.984375,
        176611.8125,
        30578.01171875
    ],
    "6": [
        114552.3359375,
        172623,
        15289.005859375
    ],
    "7": [
        114957.7421875,
        177405.390625,
        7644.5029296875
    ]
}