{
    "0": [
        202387.5,
        202387.5,
        291219.15625
    ],
    "1": [
        202387.5,
        202387.5,
        291219.15625
    ],
    "2": [
        241288.90625,
        248679.125,
        145609.578125
    ],
    "3": [
        265750.75,
        267556.4375,
        101926.703125
    ],
    "4": [
        251040.234375,
        300310.8125,
        61156.0234375
    ],
    "5": [
        239968.859375,
        308794.46875,
        30578.01171875
    ],
    "6": [
        227222.296875,
        316695.15625,
        15289.005859375
    ],
    "7": [
        228907.34375,
        313761.09375,
        7644.5029296875
    ]
}