{
    "0": [
        202387.5,
        202387.5,
        291219.15625
    ],
    "1": [
        202387.5,
        202387.5,
        291219.15625
    ],
    "2": [
        104118.109375,
        154481.453125,
        145609.578125
    ],
    "3": [
        105616,
        127794.4375,
        101926.703125
    ],
    "4": [
        135058.734375,
        141602.75,
        61156.0234375
    ],
    "5": [
        147793.40625,
        125735.3125,
        30578.01171875
    ],
    "6": [
        140254.65625,
        112712.71875,
        15289.005859375
    ],
    "7": [
        134968.390625,
        109200.25,
        7644.5029296875
    ]
}