{
    "0": [
        202387.5,
        202387.5,
        291219.15625
    ],
    "1": [
        202387.5,
        202387.5,
        291219.15625
    ],
    "2": [
        282742.4375,
        153133.875,
        145609.578125
    ],
    "3": [
        306295.375,
        172233.65625,
        101926.703125
    ],
    "4": [
        299849.65625,
        141964.15625,
        61156.0234375
    ],
    "5": [
        325963.875,
        142330.328125,
        30578.01171875
    ],
    "6": [
        318653.15625,
        137253.484375,
        15289.005859375
    ],
    "7": [
        313008.75,
        136799.28125,
        7644.5029296875
    ]
}