{
    "0": [
        202387.5,
        202387.5,
        291219.15625
    ],
    "1": [
        202387.5,
        202387.5,
        291219.15625
    ],
    "2": [
        199181.015625,
        87274.3515625,
        145609.578125
    ],
    "3": [
        202630.90625,
        78360.765625,
        101926.703125
    ],
    "4": [
        165204.65625,
        86853.8984375,
        61156.0234375
    ],
    "5": [
        176759.078125,
        86249.7734375,
        30578.01171875
    ],
    "6": [
        173957.984375,
        89046.4375,
        15289.005859375
    ],
    "7": [
        171398.375,
        89744.703125,
        7644.5029296875
    ]
}