{
    "0": [
        202387.5,
        202387.5,
        291219.15625
    ],
    "1": [
        202387.5,
        202387.5,
        291219.15625
    ],
    "2": [
        207009.84375,
        317609.71875,
        145609.578125
    ],
    "3": [
        224126.859375,
        320620.90625,
        101926.703125
    ],
    "4": [
        232230.796875,
        289235.8125,
        61156.0234375
    ],
    "5": [
        258277.703125,
        292524.9375,
        30578.01171875
    ],
    "6": [
        247996.828125,
        298708.53125,
        15289.005859375
    ],
    "7": [
        245215.703125,
        296572.03125,
        7644.5029296875
    ],
    "8": [
        244928.046875,
        298157.40625,
        3822.25146484375
    ]
}