{
    "0": [
        202387.5,
        202387.5,
        291219.15625
    ],
    "1": [
        202387.5,
        202387.5,
        291219.15625
    ],
    "2": [
        265974.21875,
        215578.078125,
        145609.578125
    ],
    "3": [
        225294.90625,
        231095.109375,
        101926.703125
    ],
    "4": [
        238782.734375,
        203156.40625,
        61156.0234375
    ],
    "5": [
        239181.9375,
        214140.59375,
        30578.01171875
    ],
    "6": [
        230876.90625,
        213830.421875,
        15289.005859375
    ],
    "7": [
        231039.359375,
        214293.453125,
        7644.5029296875
    ],
    "8": [
        227568.46875,
        214295.75,
        3822.25146484375
    ]
}