{
    "0": [
        202387.5,
        202387.5,
        291219.15625
    ],
    "1": [
        202387.5,
        202387.5,
        291219.15625
    ],
    "2": [
        186495.84375,
        111255.515625,
        145609.578125
    ],
    "3": [
        169831.671875,
        119985.5546875,
        101926.703125
    ],
    "4": [
        161776.359375,
        93544.609375,
        61156.0234375
    ],
    "5": [
        155953.359375,
        91773.0859375,
        30578.01171875
    ],
    "6": [
        154448.734375,
        95315.2890625,
        15289.005859375
    ],
    "7": [
        158478.1875,
        96409.28125,
        7644.5029296875
    ],
    "8": [
        158926.640625,
        96374.25,
        3822.25146484375
    ]
}