{
    "0": [
        202387.5,
        202387.5,
        291219.15625
    ],
    "1": [
        202387.5,
        202387.5,
        291219.15625
    ],
    "2": [
        204107.484375,
        191235.75,
        145609.578125
    ],
    "3": [
        190541.96875,
        163165.234375,
        101926.703125
    ],
    "4": [
        181302.765625,
        183138.578125,
        61156.0234375
    ],
    "5": [
        193527.796875,
        192248.03125,
        30578.01171875
    ],
    "6": [
        192931.8125,
        181668.0625,
        15289.005859375
    ],
    "7": [
        193839.75,
        176807.96875,
        7644.5029296875
    ],
    "8": [
        192265.9375,
        174156.015625,
        3822.25146484375
    ]
}