{
    "0": [
        202387.5,
        202387.5,
        291219.15625
    ],
    "1": [
        202387.5,
        202387.5,
        291219.15625
    ],
    "2": [
        133994.828125,
        122568.03125,
        145609.578125
    ],
    "3": [
        138714.46875,
        96720.3671875,
        101926.703125
    ],
    "4": [
        133544.46875,
        129050.5390625,
        61156.0234375
    ],
    "5": [
        114159.515625,
        135333.359375,
        30578.01171875
    ],
    "6": [
        120089.0625,
        145370,
        15289.005859375
    ],
    "7": [
        120903.2109375,
        146384.265625,
        7644.5029296875
    ],
    "8": [
        119980.703125,
        146899.765625,
        3822.25146484375
    ]
}