{
    "0": [
        202387.5,
        202387.5,
        291219.15625
    ],
    "1": [
        202387.5,
        202387.5,
        291219.15625
    ],
    "2": [
        174381.40625,
        211161.0625,
        145609.578125
    ],
    "3": [
        209994,
        224392.90625,
        101926.703125
    ],
    "4": [
        215492.140625,
        241964.859375,
        61156.0234375
    ],
    "5": [
        243708.140625,
        251163.734375,
        30578.01171875
    ],
    "6": [
        245863.5,
        265226.625,
        15289.005859375
    ],
    "7": [
        249412.234375,
        266827.5,
        7644.5029296875
    ]
}