{
    "0": [
        202387.5,
        202387.5,
        291219.15625
    ],
    "1": [
        202387.5,
        202387.5,
        291219.15625
    ],
    "2": [
        170724.515625,
        198030.1875,
        145609.578125
    ],
    "3": [
        170103.78125,
        154997.78125,
        101926.703125
    ],
    "4": [
        189744.046875,
        176922.09375,
        61156.0234375
    ],
    "5": [
        185401.3125,
        163823.515625,
        30578.01171875
    ],
    "6": [
        191349.84375,
        160074.234375,
        15289.005859375
    ],
    "7": [
        189221.0625,
        161059.921875,
        7644.5029296875
    ],
    "8": [
        187927.546875,
        162208.40625,
        3822.25146484375
    ]
}