{
    "0": [
        202387.5,
        202387.5,
        291219.15625
    ],
    "1": [
        202387.5,
        202387.5,
        291219.15625
    ],
    "2": [
        244515.921875,
        118252.96875,
        145609.578125
    ],
    "3": [
        248457.8125,
        150727.328125,
        101926.703125
    ],
    "4": [
        232381.9375,
        138828.9375,
        61156.0234375
    ],
    "5": [
        228808.265625,
        125798.4140625,
        30578.01171875
    ],
    "6": [
        226749.125,
        115803.6328125,
        15289.005859375
    ]
}