{
    "0": [
        202387.5,
        202387.5,
        291219.15625
    ],
    "1": [
        202387.5,
        202387.5,
        291219.15625
    ],
    "2": [
        268019.375,
        165665.078125,
        145609.578125
    ],
    "3": [
        309922.9375,
        177540.6875,
        101926.703125
    ],
    "4": [
        325488.4375,
        166769.203125,
        61156.0234375
    ],
    "5": [
        303852.34375,
        146970.96875,
        30578.01171875
    ],
    "6": [
        301430.59375,
        161232.78125,
        15289.005859375
    ]
}