{
    "0": [
        202387.5,
        202387.5,
        291219.15625
    ],
    "1": [
        202387.5,
        202387.5,
        291219.15625
    ],
    "2": [
        133990.5625,
        111130.265625,
        145609.578125
    ],
    "3": [
        129523.734375,
        113689.1796875,
        101926.703125
    ],
    "4": [
        139671.0625,
        124261.9765625,
        61156.0234375
    ],
    "5": [
        120716.125,
        139503.9375,
        30578.01171875
    ],
    "6": [
        126897,
        152087.515625,
        15289.005859375
    ]
}