{
    "0": [
        202387.5,
        202387.5,
        291219.15625
    ],
    "1": [
        202387.5,
        202387.5,
        291219.15625
    ],
    "2": [
        145253.671875,
        124441.1640625,
        145609.578125
    ],
    "3": [
        125460.21875,
        119052.1171875,
        101926.703125
    ],
    "4": [
        96557.375,
        140289.6875,
        61156.0234375
    ],
    "5": [
        101966.3203125,
        168071.0625,
        30578.01171875
    ],
    "6": [
        98870.921875,
        179300.65625,
        15289.005859375
    ],
    "7": [
        101508.078125,
        174551.734375,
        7644.5029296875
    ],
    "8": [
        102803.9921875,
        173104.453125,
        3822.25146484375
    ],
    "9": [
        102589.40625,
        172938.5,
        1911.125732421875
    ]
}