{
    "0": [
        202387.5,
        202387.5,
        291219.15625
    ],
    "1": [
        202387.5,
        202387.5,
        291219.15625
    ],
    "2": [
        149873.96875,
        271725.5625,
        145609.578125
    ],
    "3": [
        164336.15625,
        272881.6875,
        101926.703125
    ],
    "4": [
        149905.078125,
        236407.359375,
        61156.0234375
    ],
    "5": [
        143509.375,
        258354.828125,
        30578.01171875
    ],
    "6": [
        142185.859375,
        267515.34375,
        15289.005859375
    ],
    "7": [
        143092.25,
        269164,
        7644.5029296875
    ]
}