{
    "0": [
        202387.5,
        202387.5,
        291219.15625
    ],
    "1": [
        202387.5,
        202387.5,
        291219.15625
    ],
    "2": [
        237062.859375,
        187732.03125,
        145609.578125
    ],
    "3": [
        229853.875,
        182345.09375,
        101926.703125
    ],
    "4": [
        229072.21875,
        211675.8125,
        61156.0234375
    ],
    "5": [
        251593.578125,
        194588.78125,
        30578.01171875
    ],
    "6": [
        244753.78125,
        192400.375,
        15289.005859375
    ],
    "7": [
        237998.484375,
        195144.484375,
        7644.5029296875
    ]
}