{
    "0": [
        202387.5,
        202387.5,
        291219.15625
    ],
    "1": [
        202387.5,
        202387.5,
        291219.15625
    ],
    "2": [
        133827.6875,
        130595.84375,
        145609.578125
    ],
    "3": [
        156185.265625,
        97187.234375,
        101926.703125
    ],
    "4": [
        171539.734375,
        126048.21875,
        61156.0234375
    ],
    "5": [
        173033.984375,
        130374.0390625,
        30578.01171875
    ],
    "6": [
        182792.453125,
        134219.34375,
        15289.005859375
    ],
    "7": [
        178696.640625,
        128139.5703125,
        7644.5029296875
    ]
}