{
    "0": [
        202387.5,
        202387.5,
        291219.15625
    ],
    "1": [
        202387.5,
        202387.5,
        291219.15625
    ],
    "2": [
        136664.90625,
        111005.6015625,
        145609.578125
    ],
    "3": [
        101886.3125,
        125269.921875,
        101926.703125
    ],
    "4": [
        99537.984375,
        156032.21875,
        61156.0234375
    ],
    "5": [
        101001.4453125,
        169814.28125,
        30578.01171875
    ],
    "6": [
        93660.1796875,
        177252.984375,
        15289.005859375
    ],
    "7": [
        87465.4453125,
        176938.21875,
        7644.5029296875
    ]
}