{
    "0": [
        202387.5,
        202387.5,
        291219.15625
    ],
    "1": [
        202387.5,
        202387.5,
        291219.15625
    ],
    "2": [
        164902.15625,
        298183.25,
        145609.578125
    ],
    "3": [
        177729,
        267442.75,
        101926.703125
    ],
    "4": [
        209150.6875,
        260935.390625,
        61156.0234375
    ],
    "5": [
        206795.078125,
        274110.15625,
        30578.01171875
    ],
    "6": [
        212568.046875,
        287356.3125,
        15289.005859375
    ],
    "7": [
        211003.328125,
        285132.625,
        7644.5029296875
    ]
}