{
    "0": [
        202387.5,
        202387.5,
        291219.15625
    ],
    "1": [
        202387.5,
        202387.5,
        291219.15625
    ],
    "2": [
        274562.25,
        221533.578125,
        145609.578125
    ],
    "3": [
        244169.421875,
        205388.421875,
        101926.703125
    ],
    "4": [
        233246.09375,
        238900.890625,
        61156.0234375
    ],
    "5": [
        247489.25,
        234039.390625,
        30578.01171875
    ],
    "6": [
        241639.59375,
        239158.921875,
        15289.005859375
    ],
    "7": [
        247486.8125,
        240586.90625,
        7644.5029296875
    ]
}