{
    "0": [
        202387.5,
        202387.5,
        291219.15625
    ],
    "1": [
        202387.5,
        202387.5,
        291219.15625
    ],
    "2": [
        156322.921875,
        241149.15625,
        145609.578125
    ],
    "3": [
        188833.25,
        252584.6875,
        101926.703125
    ],
    "4": [
        192414.328125,
        225022.59375,
        61156.0234375
    ],
    "5": [
        196238.75,
        226512.171875,
        30578.01171875
    ],
    "6": [
        203658.46875,
        236983.921875,
        15289.005859375
    ],
    "7": [
        207501.609375,
        231288.5,
        7644.5029296875
    ]
}