{
    "0": [
        202387.5,
        202387.5,
        291219.15625
    ],
    "1": [
        202387.5,
        202387.5,
        291219.15625
    ],
    "2": [
        202698.0625,
        187527.046875,
        145609.578125
    ],
    "3": [
        214706.953125,
        151383.46875,
        101926.703125
    ],
    "4": [
        188611.59375,
        134180.53125,
        61156.0234375
    ],
    "5": [
        211969.3125,
        124894.953125,
        30578.01171875
    ],
    "6": [
        212843.640625,
        121986.5703125,
        15289.005859375
    ],
    "7": [
        216444.890625,
        125573.3515625,
        7644.5029296875
    ],
    "8": [
        217302.890625,
        127703.2109375,
        3822.25146484375
    ]
}