{
    "0": [
        202387.5,
        202387.5,
        291219.15625
    ],
    "1": [
        202387.5,
        202387.5,
        291219.15625
    ],
    "2": [
        231936,
        233327.265625,
        145609.578125
    ],
    "3": [
        217669.828125,
        256535.21875,
        101926.703125
    ],
    "4": [
        213243.28125,
        252662.640625,
        61156.0234375
    ],
    "5": [
        199027.34375,
        250793.1875,
        30578.01171875
    ],
    "6": [
        186657.53125,
        248950.21875,
        15289.005859375
    ],
    "7": [
        186257.8125,
        242761.421875,
        7644.5029296875
    ],
    "8": [
        187622.421875,
        246229.5,
        3822.25146484375
    ]
}