{
    "0": [
        202387.5,
        202387.5,
        291219.15625
    ],
    "1": [
        202387.5,
        202387.5,
        291219.15625
    ],
    "2": [
        266763.3125,
        242662.78125,
        145609.578125
    ],
    "3": [
        233055.171875,
        222070.640625,
        101926.703125
    ],
    "4": [
        241052.15625,
        224852.625,
        61156.0234375
    ],
    "5": [
        222725.96875,
        230196.09375,
        30578.01171875
    ],
    "6": [
        234440.953125,
        234563.328125,
        15289.005859375
    ],
    "7": [
        236409.828125,
        229237.65625,
        7644.5029296875
    ],
    "8": [
        236557.265625,
        229873.171875,
        3822.25146484375
    ]
}