{
    "0": [
        202387.5,
        202387.5,
        291219.15625
    ],
    "1": [
        202387.5,
        202387.5,
        291219.15625
    ],
    "2": [
        233481.234375,
        190561.609375,
        145609.578125
    ],
    "3": [
        271716.28125,
        201845.1875,
        101926.703125
    ],
    "4": [
        308583.25,
        186446.359375,
        61156.0234375
    ],
    "5": [
        314426.21875,
        183141.25,
        30578.01171875
    ],
    "6": [
        324700.8125,
        178906.90625,
        15289.005859375
    ],
    "7": [
        322944.03125,
        182800.640625,
        7644.5029296875
    ],
    "8": [
        322871,
        182583.78125,
        3822.25146484375
    ]
}