{
    "0": [
        202387.5,
        202387.5,
        291219.15625
    ],
    "1": [
        202387.5,
        202387.5,
        291219.15625
    ],
    "2": [
        142520.3125,
        181274.421875,
        145609.578125
    ],
    "3": [
        148638.203125,
        169480.71875,
        101926.703125
    ],
    "4": [
        146999.859375,
        161474.921875,
        61156.0234375
    ],
    "5": [
        146723.015625,
        131040.265625,
        30578.01171875
    ],
    "6": [
        156321.234375,
        139520.0625,
        15289.005859375
    ],
    "7": [
        151254.9375,
        143410.359375,
        7644.5029296875
    ],
    "8": [
        153428.75,
        146165.015625,
        3822.25146484375
    ]
}