{
    "0": [
        202387.5,
        202387.5,
        291219.15625
    ],
    "1": [
        202387.5,
        202387.5,
        291219.15625
    ],
    "2": [
        94867.75,
        242629.125,
        145609.578125
    ],
    "3": [
        103648.4453125,
        259969.21875,
        101926.703125
    ],
    "4": [
        105258.6484375,
        291283.375,
        61156.0234375
    ],
    "5": [
        133490.46875,
        301447.9375,
        30578.01171875
    ],
    "6": [
        132939.28125,
        287554.8125,
        15289.005859375
    ],
    "7": [
        128383.8828125,
        282856.625,
        7644.5029296875
    ]
}