{
    "0": [
        202387.5,
        202387.5,
        291219.15625
    ],
    "1": [
        202387.5,
        202387.5,
        291219.15625
    ],
    "2": [
        178305.453125,
        294496.9375,
        145609.578125
    ],
    "3": [
        160464.109375,
        333343.5625,
        101926.703125
    ],
    "4": [
        156515.046875,
        367239.65625,
        61156.0234375
    ],
    "5": [
        146613.40625,
        348104.75,
        30578.01171875
    ]
}