{
    "0": [
        202387.5,
        202387.5,
        291219.15625
    ],
    "1": [
        202387.5,
        202387.5,
        291219.15625
    ],
    "2": [
        262719.90625,
        186280.765625,
        145609.578125
    ],
    "3": [
        286921.84375,
        195748.78125,
        101926.703125
    ],
    "4": [
        273479.875,
        223893.109375,
        61156.0234375
    ],
    "5": [
        243803.921875,
        221048.984375,
        30578.01171875
    ],
    "6": [
        234503.15625,
        210885.765625,
        15289.005859375
    ],
    "7": [
        232282.90625,
        206379.265625,
        7644.5029296875
    ]
}