{
    "0": [
        202387.5,
        202387.5,
        291219.15625
    ],
    "1": [
        202387.5,
        202387.5,
        291219.15625
    ],
    "2": [
        146954.34375,
        162099.875,
        145609.578125
    ],
    "3": [
        175256.8125,
        195135.375,
        101926.703125
    ],
    "4": [
        147679.3125,
        178017.953125,
        61156.0234375
    ],
    "5": [
        176098.765625,
        185950.59375,
        30578.01171875
    ],
    "6": [
        180889.546875,
        195142.34375,
        15289.005859375
    ],
    "7": [
        179325.0625,
        198854.5625,
        7644.5029296875
    ],
    "8": [
        177958.265625,
        195800.3125,
        3822.25146484375
    ]
}