{
    "0": [
        202387.5,
        202387.5,
        291219.15625
    ],
    "1": [
        202387.5,
        202387.5,
        291219.15625
    ],
    "2": [
        207261.5,
        184613.375,
        145609.578125
    ],
    "3": [
        214869.984375,
        143796.171875,
        101926.703125
    ],
    "4": [
        220729.203125,
        182984.0625,
        61156.0234375
    ],
    "5": [
        231142.140625,
        184284.984375,
        30578.01171875
    ],
    "6": [
        221490.15625,
        173270.59375,
        15289.005859375
    ],
    "7": [
        224652.671875,
        179282.625,
        7644.5029296875
    ]
}