{
    "0": [
        202387.5,
        202387.5,
        291219.15625
    ],
    "1": [
        202387.5,
        202387.5,
        291219.15625
    ],
    "2": [
        308939.125,
        182333,
        145609.578125
    ],
    "3": [
        297955.34375,
        215383.328125,
        101926.703125
    ],
    "4": [
        277702.21875,
        218516.328125,
        61156.0234375
    ],
    "5": [
        270825.8125,
        237620.265625,
        30578.01171875
    ],
    "6": [
        278576.34375,
        227073.9375,
        15289.005859375
    ],
    "7": [
        274965.375,
        220525.453125,
        7644.5029296875
    ]
}