{
    "0": [
        202387.5,
        202387.5,
        291219.15625
    ],
    "1": [
        202387.5,
        202387.5,
        291219.15625
    ],
    "2": [
        89507.3984375,
        186749.515625,
        145609.578125
    ],
    "3": [
        89982.5625,
        215591.90625,
        101926.703125
    ],
    "4": [
        107665.75,
        205559.625,
        61156.0234375
    ],
    "5": [
        79258.3203125,
        215271.703125,
        30578.01171875
    ],
    "6": [
        84881.7109375,
        221886.203125,
        15289.005859375
    ],
    "7": [
        85243.953125,
        224193,
        7644.5029296875
    ]
}