{
    "0": [
        202387.5,
        202387.5,
        291219.15625
    ],
    "1": [
        202387.5,
        202387.5,
        291219.15625
    ],
    "2": [
        252232.6875,
        245449.21875,
        145609.578125
    ],
    "3": [
        295669.0625,
        247882.171875,
        101926.703125
    ],
    "4": [
        274095.625,
        227543.65625,
        61156.0234375
    ],
    "5": [
        279343.375,
        233895.859375,
        30578.01171875
    ],
    "6": [
        287140.25,
        234062.390625,
        15289.005859375
    ],
    "7": [
        292648.53125,
        238281.796875,
        7644.5029296875
    ],
    "8": [
        292868.8125,
        241063.765625,
        3822.25146484375
    ]
}