{
    "0": [
        202387.5,
        202387.5,
        291219.15625
    ],
    "1": [
        202387.5,
        202387.5,
        291219.15625
    ],
    "2": [
        227709.40625,
        124533.7421875,
        145609.578125
    ],
    "3": [
        206958.40625,
        105904.015625,
        101926.703125
    ],
    "4": [
        238920.8125,
        114217.9921875,
        61156.0234375
    ],
    "5": [
        229416.75,
        123615.5,
        30578.01171875
    ],
    "6": [
        224031.46875,
        131097.90625,
        15289.005859375
    ],
    "7": [
        222149.375,
        133133.828125,
        7644.5029296875
    ]
}