{
    "0": [
        202387.5,
        202387.5,
        291219.15625
    ],
    "1": [
        202387.5,
        202387.5,
        291219.15625
    ],
    "2": [
        285012.09375,
        255128.78125,
        145609.578125
    ],
    "3": [
        313432.375,
        267441.59375,
        101926.703125
    ],
    "4": [
        293612.96875,
        291647.40625,
        61156.0234375
    ],
    "5": [
        282552.46875,
        284584.28125,
        30578.01171875
    ],
    "6": [
        281202.9375,
        295443.5625,
        15289.005859375
    ],
    "7": [
        277220.21875,
        293877.65625,
        7644.5029296875
    ]
}