{
    "0": [
        202387.5,
        202387.5,
        291219.15625
    ],
    "1": [
        202387.5,
        202387.5,
        291219.15625
    ],
    "2": [
        229967.0625,
        173261.84375,
        145609.578125
    ],
    "3": [
        220366.234375,
        182114.953125,
        101926.703125
    ],
    "4": [
        219355.625,
        208702.3125,
        61156.0234375
    ],
    "5": [
        240796.984375,
        209988.46875,
        30578.01171875
    ],
    "6": [
        231773.90625,
        198787.796875,
        15289.005859375
    ],
    "7": [
        230143.015625,
        191803.65625,
        7644.5029296875
    ]
}