{
    "0": [
        202387.5,
        202387.5,
        291219.15625
    ],
    "1": [
        202387.5,
        202387.5,
        291219.15625
    ],
    "2": [
        177031.5,
        248326.8125,
        145609.578125
    ],
    "3": [
        205292.5,
        278342.25,
        101926.703125
    ],
    "4": [
        205306.15625,
        301998.6875,
        61156.0234375
    ],
    "5": [
        234952.34375,
        303550.28125,
        30578.01171875
    ],
    "6": [
        237870.5,
        308430.1875,
        15289.005859375
    ],
    "7": [
        235730.78125,
        306921.875,
        7644.5029296875
    ],
    "8": [
        234418.078125,
        305978.5625,
        3822.25146484375
    ]
}