{
    "0": [
        202387.5,
        202387.5,
        291219.15625
    ],
    "1": [
        202387.5,
        202387.5,
        291219.15625
    ],
    "2": [
        141231.984375,
        179407.46875,
        145609.578125
    ],
    "3": [
        119959.875,
        142488.3125,
        101926.703125
    ],
    "4": [
        147407.703125,
        118321.0703125,
        61156.0234375
    ],
    "5": [
        155755.59375,
        95336.3046875,
        30578.01171875
    ],
    "6": [
        170246.078125,
        98615.5,
        15289.005859375
    ],
    "7": [
        176111.9375,
        103370.171875,
        7644.5029296875
    ]
}