{
    "0": [
        202387.5,
        202387.5,
        291219.15625
    ],
    "1": [
        202387.5,
        202387.5,
        291219.15625
    ],
    "2": [
        165757.65625,
        157051.71875,
        145609.578125
    ],
    "3": [
        207106.4375,
        150478.140625,
        101926.703125
    ],
    "4": [
        236223.84375,
        133201.484375,
        61156.0234375
    ],
    "5": [
        240734.96875,
        103507.0625,
        30578.01171875
    ],
    "6": [
        242780.46875,
        97616.6171875,
        15289.005859375
    ],
    "7": [
        239421.21875,
        93827.453125,
        7644.5029296875
    ]
}