{
    "0": [
        202387.5,
        202387.5,
        291219.15625
    ],
    "1": [
        202387.5,
        202387.5,
        291219.15625
    ],
    "2": [
        189810.171875,
        176241.078125,
        145609.578125
    ],
    "3": [
        152651.953125,
        189333.203125,
        101926.703125
    ],
    "4": [
        121413.2265625,
        214458.015625,
        61156.0234375
    ],
    "5": [
        127508.5,
        238262.71875,
        30578.01171875
    ],
    "6": [
        126018.46875,
        229011.46875,
        15289.005859375
    ],
    "7": [
        131952.453125,
        232443.5,
        7644.5029296875
    ],
    "8": [
        132531.03125,
        233671.40625,
        3822.25146484375
    ]
}