{
    "0": [
        202387.5,
        202387.5,
        291219.15625
    ],
    "1": [
        202387.5,
        202387.5,
        291219.15625
    ],
    "2": [
        146691.109375,
        144199.21875,
        145609.578125
    ],
    "3": [
        155239.546875,
        142313.171875,
        101926.703125
    ],
    "4": [
        189741.625,
        125413.5625,
        61156.0234375
    ],
    "5": [
        200524.328125,
        112594.9375,
        30578.01171875
    ],
    "6": [
        205895.734375,
        105998.0703125,
        15289.005859375
    ],
    "7": [
        210049.84375,
        109391.4921875,
        7644.5029296875
    ]
}