{
    "0": [
        202387.5,
        202387.5,
        291219.15625
    ],
    "1": [
        202387.5,
        202387.5,
        291219.15625
    ],
    "2": [
        124947.0078125,
        124463.1875,
        145609.578125
    ],
    "3": [
        143607.28125,
        102611.0703125,
        101926.703125
    ],
    "4": [
        167912.5,
        95129.8984375,
        61156.0234375
    ],
    "5": [
        189894.453125,
        107994.53125,
        30578.01171875
    ],
    "6": [
        176370.625,
        104091.9609375,
        15289.005859375
    ],
    "7": [
        174720.875,
        103021.03125,
        7644.5029296875
    ]
}