{
    "0": [
        202387.5,
        202387.5,
        291219.15625
    ],
    "1": [
        202387.5,
        202387.5,
        291219.15625
    ],
    "2": [
        285964.125,
        230160.609375,
        145609.578125
    ],
    "3": [
        284045.625,
        240335.796875,
        101926.703125
    ],
    "4": [
        245909.53125,
        226143.09375,
        61156.0234375
    ],
    "5": [
        228902.84375,
        243754.015625,
        30578.01171875
    ],
    "6": [
        229492.453125,
        246825.703125,
        15289.005859375
    ],
    "7": [
        236914.328125,
        248642.375,
        7644.5029296875
    ]
}