{
    "0": [
        202387.5,
        202387.5,
        291219.15625
    ],
    "1": [
        202387.5,
        202387.5,
        291219.15625
    ],
    "2": [
        282082,
        158652.96875,
        145609.578125
    ],
    "3": [
        309594.25,
        153838.59375,
        101926.703125
    ],
    "4": [
        317142.03125,
        192549.609375,
        61156.0234375
    ],
    "5": [
        337276.5,
        192336.109375,
        30578.01171875
    ],
    "6": [
        334501.625,
        187265.78125,
        15289.005859375
    ],
    "7": [
        328808.6875,
        188453.828125,
        7644.5029296875
    ]
}