{
    "0": [
        202387.5,
        202387.5,
        291219.15625
    ],
    "1": [
        202387.5,
        202387.5,
        291219.15625
    ],
    "2": [
        250957.15625,
        234390.046875,
        145609.578125
    ],
    "3": [
        227284.484375,
        256902.09375,
        101926.703125
    ],
    "4": [
        190536.40625,
        257545.046875,
        61156.0234375
    ],
    "5": [
        184398.0625,
        245838.21875,
        30578.01171875
    ],
    "6": [
        194783.25,
        254718.65625,
        15289.005859375
    ],
    "7": [
        193830.578125,
        255380.390625,
        7644.5029296875
    ],
    "8": [
        192474.171875,
        255796.109375,
        3822.25146484375
    ]
}