{
    "0": [
        202387.5,
        202387.5,
        291219.15625
    ],
    "1": [
        202387.5,
        202387.5,
        291219.15625
    ],
    "2": [
        129491.6171875,
        157703.34375,
        145609.578125
    ],
    "3": [
        122518.9921875,
        174739,
        101926.703125
    ],
    "4": [
        107727.4609375,
        196449.125,
        61156.0234375
    ],
    "5": [
        135433.546875,
        194062.40625,
        30578.01171875
    ],
    "6": [
        149401.6875,
        198624.015625,
        15289.005859375
    ],
    "7": [
        144708.078125,
        199903.390625,
        7644.5029296875
    ],
    "8": [
        142384.421875,
        199179.96875,
        3822.25146484375
    ]
}