{
    "0": [
        202387.5,
        202387.5,
        291219.15625
    ],
    "1": [
        202387.5,
        202387.5,
        291219.15625
    ],
    "2": [
        271090.375,
        176972.1875,
        145609.578125
    ],
    "3": [
        289050.90625,
        196931.890625,
        101926.703125
    ],
    "4": [
        250248.53125,
        191723.671875,
        61156.0234375
    ],
    "5": [
        263062.8125,
        191471.96875,
        30578.01171875
    ],
    "6": [
        265711.90625,
        182084.203125,
        15289.005859375
    ],
    "7": [
        263479.75,
        184390.921875,
        7644.5029296875
    ]
}