{
    "0": [
        202387.5,
        202387.5,
        291219.15625
    ],
    "1": [
        202387.5,
        202387.5,
        291219.15625
    ],
    "2": [
        191387.953125,
        317281.46875,
        145609.578125
    ],
    "3": [
        163113.796875,
        341053.25,
        101926.703125
    ],
    "4": [
        145218.546875,
        352781.1875,
        61156.0234375
    ],
    "5": [
        158077.53125,
        351344.34375,
        30578.01171875
    ],
    "6": [
        170916.390625,
        345294.96875,
        15289.005859375
    ],
    "7": [
        175519.65625,
        344056.3125,
        7644.5029296875
    ],
    "8": [
        175954.625,
        342111.5,
        3822.25146484375
    ]
}