{
    "0": [
        202387.5,
        202387.5,
        291219.15625
    ],
    "1": [
        202387.5,
        202387.5,
        291219.15625
    ],
    "2": [
        244470.125,
        189783.40625,
        145609.578125
    ],
    "3": [
        271343.84375,
        162324.40625,
        101926.703125
    ],
    "4": [
        259740.0625,
        148142.8125,
        61156.0234375
    ],
    "5": [
        238546.1875,
        141689.640625,
        30578.01171875
    ],
    "6": [
        231770.46875,
        149746.453125,
        15289.005859375
    ],
    "7": [
        228445.296875,
        146243.5625,
        7644.5029296875
    ],
    "8": [
        229789.828125,
        144065.90625,
        3822.25146484375
    ]
}