{
    "0": [
        202387.5,
        202387.5,
        291219.15625
    ],
    "1": [
        202387.5,
        202387.5,
        291219.15625
    ],
    "2": [
        204430.296875,
        290485.8125,
        145609.578125
    ],
    "3": [
        209024.8125,
        306659.59375,
        101926.703125
    ],
    "4": [
        197063.1875,
        267717.40625,
        61156.0234375
    ],
    "5": [
        199918.578125,
        272448.3125,
        30578.01171875
    ],
    "6": [
        195139.953125,
        272778.15625,
        15289.005859375
    ],
    "7": [
        200372.390625,
        271183.71875,
        7644.5029296875
    ],
    "8": [
        201546.640625,
        269406.5625,
        3822.25146484375
    ]
}