{
    "0": [
        202387.5,
        202387.5,
        291219.15625
    ],
    "1": [
        202387.5,
        202387.5,
        291219.15625
    ],
    "2": [
        142866.625,
        226817.75,
        145609.578125
    ],
    "3": [
        151278.6875,
        215272.953125,
        101926.703125
    ],
    "4": [
        143891.234375,
        181739.4375,
        61156.0234375
    ],
    "5": [
        161590,
        179810.515625,
        30578.01171875
    ],
    "6": [
        154373.5625,
        181993.671875,
        15289.005859375
    ],
    "7": [
        153914.734375,
        175070.953125,
        7644.5029296875
    ],
    "8": [
        156166.53125,
        175540.21875,
        3822.25146484375
    ]
}