{
    "0": [
        202387.5,
        202387.5,
        291219.15625
    ],
    "1": [
        202387.5,
        202387.5,
        291219.15625
    ],
    "2": [
        199660.765625,
        140720.78125,
        145609.578125
    ],
    "3": [
        196529.140625,
        107491.71875,
        101926.703125
    ],
    "4": [
        222422.8125,
        113855.4375,
        61156.0234375
    ],
    "5": [
        212580.515625,
        92381.6640625,
        30578.01171875
    ],
    "6": [
        217700.96875,
        95276.8671875,
        15289.005859375
    ],
    "7": [
        217964.78125,
        90146.8203125,
        7644.5029296875
    ]
}