{
    "0": [
        202387.5,
        202387.5,
        291219.15625
    ],
    "1": [
        202387.5,
        202387.5,
        291219.15625
    ],
    "2": [
        128382.8984375,
        291015.78125,
        145609.578125
    ],
    "3": [
        168050.875,
        289998.71875,
        101926.703125
    ],
    "4": [
        143119.609375,
        307246.3125,
        61156.0234375
    ],
    "5": [
        169739.234375,
        312786.90625,
        30578.01171875
    ],
    "6": [
        165846.765625,
        310316.90625,
        15289.005859375
    ],
    "7": [
        163757.140625,
        314709.53125,
        7644.5029296875
    ]
}