{
    "0": [
        202387.5,
        202387.5,
        291219.15625
    ],
    "1": [
        202387.5,
        202387.5,
        291219.15625
    ],
    "2": [
        105753.8125,
        255668.671875,
        145609.578125
    ],
    "3": [
        110668.390625,
        291606.78125,
        101926.703125
    ],
    "4": [
        137026.3125,
        322147.3125,
        61156.0234375
    ],
    "5": [
        113789.5625,
        336802.5625,
        30578.01171875
    ],
    "6": [
        118643.96875,
        324911.78125,
        15289.005859375
    ],
    "7": [
        113434.1484375,
        325738.28125,
        7644.5029296875
    ]
}