{
    "0": [
        202387.5,
        202387.5,
        291219.15625
    ],
    "1": [
        202387.5,
        202387.5,
        291219.15625
    ],
    "2": [
        111391.5546875,
        162181.5,
        145609.578125
    ],
    "3": [
        89145.4921875,
        159525,
        101926.703125
    ],
    "4": [
        115887.65625,
        180171.40625,
        61156.0234375
    ],
    "5": [
        85729.09375,
        175542.015625,
        30578.01171875
    ],
    "6": [
        97574.3359375,
        170180.109375,
        15289.005859375
    ],
    "7": [
        96272.9296875,
        170649.0625,
        7644.5029296875
    ]
}