{
    "0": [
        202387.5,
        202387.5,
        291219.15625
    ],
    "1": [
        202387.5,
        202387.5,
        291219.15625
    ],
    "2": [
        203788.125,
        171968.78125,
        145609.578125
    ],
    "3": [
        221505.328125,
        190432.3125,
        101926.703125
    ],
    "4": [
        238663.609375,
        196636.40625,
        61156.0234375
    ],
    "5": [
        248269.5,
        184528.703125,
        30578.01171875
    ],
    "6": [
        245799.078125,
        173950.53125,
        15289.005859375
    ],
    "7": [
        240918.984375,
        174256.453125,
        7644.5029296875
    ],
    "8": [
        241161.921875,
        173620.75,
        3822.25146484375
    ]
}