{
    "0": [
        202387.5,
        202387.5,
        291219.15625
    ],
    "1": [
        202387.5,
        202387.5,
        291219.15625
    ],
    "2": [
        208433.140625,
        130014.546875,
        145609.578125
    ],
    "3": [
        240551.015625,
        122967.5703125,
        101926.703125
    ],
    "4": [
        220301.75,
        108545.6484375,
        61156.0234375
    ],
    "5": [
        205579.140625,
        118022.9453125,
        30578.01171875
    ],
    "6": [
        201350,
        115464.640625,
        15289.005859375
    ],
    "7": [
        199818.25,
        110045.90625,
        7644.5029296875
    ]
}