{
    "0": [
        202387.5,
        202387.5,
        291219.15625
    ],
    "1": [
        202387.5,
        202387.5,
        291219.15625
    ],
    "2": [
        148707.59375,
        162184.1875,
        145609.578125
    ],
    "3": [
        142582,
        201851.40625,
        101926.703125
    ],
    "4": [
        169794.96875,
        227420.5,
        61156.0234375
    ],
    "5": [
        155312.546875,
        240150.125,
        30578.01171875
    ],
    "6": [
        149631.875,
        236649.828125,
        15289.005859375
    ],
    "7": [
        151356.828125,
        230784.96875,
        7644.5029296875
    ]
}