{
    "0": [
        202387.5,
        202387.5,
        291219.15625
    ],
    "1": [
        202387.5,
        202387.5,
        291219.15625
    ],
    "2": [
        247369.953125,
        141563.125,
        145609.578125
    ],
    "3": [
        218805.0625,
        157380.796875,
        101926.703125
    ],
    "4": [
        229481.65625,
        152268.28125,
        61156.0234375
    ],
    "5": [
        228822.4375,
        180732.59375,
        30578.01171875
    ]
}