{
    "0": [
        202387.5,
        202387.5,
        291219.15625
    ],
    "1": [
        202387.5,
        202387.5,
        291219.15625
    ],
    "2": [
        167119.375,
        273759.5,
        145609.578125
    ],
    "3": [
        170827.234375,
        232351.265625,
        101926.703125
    ],
    "4": [
        142168.21875,
        230714.78125,
        61156.0234375
    ],
    "5": [
        170379.421875,
        229121.921875,
        30578.01171875
    ],
    "6": [
        178581.453125,
        219760.09375,
        15289.005859375
    ],
    "7": [
        184444.703125,
        218670.140625,
        7644.5029296875
    ]
}