{
    "0": [
        202387.5,
        202387.5,
        291219.15625
    ],
    "1": [
        202387.5,
        202387.5,
        291219.15625
    ],
    "2": [
        198101.515625,
        204801.078125,
        145609.578125
    ],
    "3": [
        204389.25,
        188972.703125,
        101926.703125
    ],
    "4": [
        194482.390625,
        193599.03125,
        61156.0234375
    ],
    "5": [
        216557.265625,
        206428.515625,
        30578.01171875
    ],
    "6": [
        220560.765625,
        218090.5625,
        15289.005859375
    ],
    "7": [
        220595.390625,
        217286.3125,
        7644.5029296875
    ],
    "8": [
        221464.796875,
        219159.109375,
        3822.25146484375
    ]
}