{
    "0": [
        202387.5,
        202387.5,
        291219.15625
    ],
    "1": [
        202387.5,
        202387.5,
        291219.15625
    ],
    "2": [
        117968.6015625,
        234710.84375,
        145609.578125
    ],
    "3": [
        85067.09375,
        255645.84375,
        101926.703125
    ],
    "4": [
        74717.484375,
        291663.1875,
        61156.0234375
    ],
    "5": [
        90812.0703125,
        283721.8125,
        30578.01171875
    ],
    "6": [
        89761.59375,
        280596.6875,
        15289.005859375
    ],
    "7": [
        84810.984375,
        275685.90625,
        7644.5029296875
    ]
}