{
    "0": [
        202387.5,
        202387.5,
        291219.15625
    ],
    "1": [
        202387.5,
        202387.5,
        291219.15625
    ],
    "2": [
        254262.53125,
        197770.09375,
        145609.578125
    ],
    "3": [
        253576.25,
        155200.6875,
        101926.703125
    ],
    "4": [
        243645.140625,
        154546.4375,
        61156.0234375
    ],
    "5": [
        248628.84375,
        175636.421875,
        30578.01171875
    ],
    "6": [
        254756.359375,
        178761.96875,
        15289.005859375
    ],
    "7": [
        257586.828125,
        175748.15625,
        7644.5029296875
    ],
    "8": [
        254966.875,
        174041.671875,
        3822.25146484375
    ]
}