{
    "0": [
        202387.5,
        202387.5,
        291219.15625
    ],
    "1": [
        202387.5,
        202387.5,
        291219.15625
    ],
    "2": [
        198478.765625,
        183673.46875,
        145609.578125
    ],
    "3": [
        190286.328125,
        197783.203125,
        101926.703125
    ],
    "4": [
        181063.59375,
        184017.03125,
        61156.0234375
    ],
    "5": [
        180414.40625,
        206195.0625,
        30578.01171875
    ],
    "6": [
        178860.78125,
        219939.984375,
        15289.005859375
    ],
    "7": [
        180239.890625,
        218824,
        7644.5029296875
    ],
    "8": [
        177683.984375,
        217378.09375,
        3822.25146484375
    ]
}