{
    "0": [
        202387.5,
        202387.5,
        291219.15625
    ],
    "1": [
        202387.5,
        202387.5,
        291219.15625
    ],
    "2": [
        283126.0625,
        217268.84375,
        145609.578125
    ],
    "3": [
        241494.53125,
        223097.015625,
        101926.703125
    ],
    "4": [
        226594.265625,
        236461.96875,
        61156.0234375
    ],
    "5": [
        233895.046875,
        244887.15625,
        30578.01171875
    ],
    "6": [
        245517.765625,
        246231.59375,
        15289.005859375
    ],
    "7": [
        243019.671875,
        244913.8125,
        7644.5029296875
    ]
}