{
    "0": [
        202387.5,
        202387.5,
        291219.15625
    ],
    "1": [
        202387.5,
        202387.5,
        291219.15625
    ],
    "2": [
        173475.4375,
        299636.625,
        145609.578125
    ],
    "3": [
        178224.84375,
        337996.28125,
        101926.703125
    ],
    "4": [
        143746.875,
        322774.84375,
        61156.0234375
    ],
    "5": [
        147556.21875,
        334237.34375,
        30578.01171875
    ],
    "6": [
        142213.671875,
        322132.90625,
        15289.005859375
    ]
}