{
    "0": [
        202387.5,
        202387.5,
        291219.15625
    ],
    "1": [
        202387.5,
        202387.5,
        291219.15625
    ],
    "2": [
        132656.125,
        125083.40625,
        145609.578125
    ],
    "3": [
        97050.53125,
        122170.3203125,
        101926.703125
    ],
    "4": [
        90325.4765625,
        111637.7421875,
        61156.0234375
    ],
    "5": [
        89741.671875,
        125380.5625,
        30578.01171875
    ],
    "6": [
        88741.9140625,
        136618.515625,
        15289.005859375
    ]
}