{
    "0": [
        202387.5,
        202387.5,
        291219.15625
    ],
    "1": [
        202387.5,
        202387.5,
        291219.15625
    ],
    "2": [
        250035.28125,
        271985.96875,
        145609.578125
    ],
    "3": [
        274347.46875,
        259004.46875,
        101926.703125
    ],
    "4": [
        297351.34375,
        289480.0625,
        61156.0234375
    ],
    "5": [
        310168.03125,
        296389.53125,
        30578.01171875
    ],
    "6": [
        323194,
        296890.5,
        15289.005859375
    ]
}