{
    "0": [
        202387.5,
        202387.5,
        291219.15625
    ],
    "1": [
        202387.5,
        202387.5,
        291219.15625
    ],
    "2": [
        222317.875,
        292048.3125,
        145609.578125
    ],
    "3": [
        197921.125,
        270704.875,
        101926.703125
    ],
    "4": [
        226682.296875,
        249552.46875,
        61156.0234375
    ],
    "5": [
        209133.1875,
        224565.28125,
        30578.01171875
    ],
    "6": [
        194637.921875,
        220500.9375,
        15289.005859375
    ]
}