{
    "0": [
        202387.5,
        202387.5,
        291219.15625
    ],
    "1": [
        202387.5,
        202387.5,
        291219.15625
    ],
    "2": [
        172677.046875,
        218613.453125,
        145609.578125
    ],
    "3": [
        161434.15625,
        253197.15625,
        101926.703125
    ],
    "4": [
        187982.03125,
        248523.703125,
        61156.0234375
    ],
    "5": [
        180958.84375,
        257331.125,
        30578.01171875
    ],
    "6": [
        182125.875,
        272245.09375,
        15289.005859375
    ],
    "7": [
        178184.484375,
        272456.625,
        7644.5029296875
    ],
    "8": [
        180055.09375,
        272139.875,
        3822.25146484375
    ],
    "9": [
        179637.921875,
        271188.75,
        1911.125732421875
    ]
}