{
    "0": [
        202387.5,
        202387.5,
        291219.15625
    ],
    "1": [
        202387.5,
        202387.5,
        291219.15625
    ],
    "2": [
        147646.75,
        239989.375,
        145609.578125
    ],
    "3": [
        109329.75,
        257815.296875,
        101926.703125
    ],
    "4": [
        122492.1796875,
        255169.9375,
        61156.0234375
    ],
    "5": [
        115061.4375,
        271312.09375,
        30578.01171875
    ],
    "6": [
        112455.484375,
        271760.25,
        15289.005859375
    ],
    "7": [
        114938.859375,
        270025.6875,
        7644.5029296875
    ]
}