{
    "0": [
        202387.5,
        202387.5,
        291219.15625
    ],
    "1": [
        202387.5,
        202387.5,
        291219.15625
    ],
    "2": [
        175184.9375,
        244499.078125,
        145609.578125
    ],
    "3": [
        135110.375,
        240335.484375,
        101926.703125
    ],
    "4": [
        154526.9375,
        239148.609375,
        61156.0234375
    ],
    "5": [
        155580.40625,
        217353.75,
        30578.01171875
    ],
    "6": [
        160919.703125,
        230584.125,
        15289.005859375
    ],
    "7": [
        164429.546875,
        229740.578125,
        7644.5029296875
    ]
}