{
    "0": [
        202387.5,
        202387.5,
        291219.15625
    ],
    "1": [
        202387.5,
        202387.5,
        291219.15625
    ],
    "2": [
        259741.578125,
        288941.8125,
        145609.578125
    ],
    "3": [
        264317.40625,
        249317.75,
        101926.703125
    ],
    "4": [
        286732.5625,
        263119,
        61156.0234375
    ],
    "5": [
        314868.125,
        275009.90625,
        30578.01171875
    ],
    "6": [
        318365.40625,
        286704.0625,
        15289.005859375
    ],
    "7": [
        311575,
        284471.25,
        7644.5029296875
    ]
}