{
    "0": [
        202387.5,
        202387.5,
        291219.15625
    ],
    "1": [
        202387.5,
        202387.5,
        291219.15625
    ],
    "2": [
        244158.96875,
        223338.375,
        145609.578125
    ],
    "3": [
        242282.078125,
        194368.703125,
        101926.703125
    ],
    "4": [
        218132,
        180477.171875,
        61156.0234375
    ],
    "5": [
        242298.734375,
        184352.234375,
        30578.01171875
    ],
    "6": [
        236828.140625,
        189180.921875,
        15289.005859375
    ],
    "7": [
        236562.875,
        190951.546875,
        7644.5029296875
    ]
}