{
    "0": [
        202387.5,
        202387.5,
        291219.15625
    ],
    "1": [
        202387.5,
        202387.5,
        291219.15625
    ],
    "2": [
        170292.3125,
        283818.125,
        145609.578125
    ],
    "3": [
        191075,
        247883.140625,
        101926.703125
    ],
    "4": [
        212685.578125,
        237647.984375,
        61156.0234375
    ],
    "5": [
        229641.203125,
        216073.6875,
        30578.01171875
    ],
    "6": [
        233040.390625,
        209414.125,
        15289.005859375
    ]
}