{
    "0": [
        202387.5,
        202387.5,
        291219.15625
    ],
    "1": [
        202387.5,
        202387.5,
        291219.15625
    ],
    "2": [
        118081.828125,
        170249.75,
        145609.578125
    ],
    "3": [
        84216.734375,
        177736.296875,
        101926.703125
    ],
    "4": [
        82414.296875,
        173591.75,
        61156.0234375
    ],
    "5": [
        100359.390625,
        155707.015625,
        30578.01171875
    ],
    "6": [
        106451.1328125,
        156433.5625,
        15289.005859375
    ],
    "7": [
        99822.8671875,
        155256.375,
        7644.5029296875
    ]
}