{
    "0": [
        202387.5,
        202387.5,
        291219.15625
    ],
    "1": [
        202387.5,
        202387.5,
        291219.15625
    ],
    "2": [
        247840.84375,
        207599.59375,
        145609.578125
    ],
    "3": [
        231295.75,
        182607.6875,
        101926.703125
    ],
    "4": [
        211884.0625,
        160245.25,
        61156.0234375
    ],
    "5": [
        236277,
        143133.71875,
        30578.01171875
    ],
    "6": [
        224047.5625,
        143735.1875,
        15289.005859375
    ],
    "7": [
        221974.6875,
        149273.9375,
        7644.5029296875
    ]
}