{
    "0": [
        202387.5,
        202387.5,
        291219.15625
    ],
    "1": [
        202387.5,
        202387.5,
        291219.15625
    ],
    "2": [
        116192.8359375,
        154034.265625,
        145609.578125
    ],
    "3": [
        122789.15625,
        129283.09375,
        101926.703125
    ],
    "4": [
        157517.078125,
        142370.734375,
        61156.0234375
    ],
    "5": [
        140835.015625,
        167096.15625,
        30578.01171875
    ],
    "6": [
        126032.734375,
        166241.921875,
        15289.005859375
    ],
    "7": [
        129012.125,
        169515.03125,
        7644.5029296875
    ],
    "8": [
        128048.4453125,
        167895.75,
        3822.25146484375
    ]
}