{
    "0": [
        202387.5,
        202387.5,
        291219.15625
    ],
    "1": [
        202387.5,
        202387.5,
        291219.15625
    ],
    "2": [
        209516.40625,
        189395.15625,
        145609.578125
    ],
    "3": [
        194582.125,
        154870.1875,
        101926.703125
    ],
    "4": [
        206207.8125,
        190555.8125,
        61156.0234375
    ],
    "5": [
        198805.15625,
        216488.96875,
        30578.01171875
    ],
    "6": [
        194242.5625,
        208089.671875,
        15289.005859375
    ],
    "7": [
        194530.96875,
        208715.65625,
        7644.5029296875
    ],
    "8": [
        191849.109375,
        206731.046875,
        3822.25146484375
    ]
}