{
    "0": [
        202387.5,
        202387.5,
        291219.15625
    ],
    "1": [
        202387.5,
        202387.5,
        291219.15625
    ],
    "2": [
        188460.1875,
        310446.0625,
        145609.578125
    ],
    "3": [
        188821.59375,
        316200.78125,
        101926.703125
    ],
    "4": [
        177348.046875,
        335944.5,
        61156.0234375
    ],
    "5": [
        164835.4375,
        335980.34375,
        30578.01171875
    ],
    "6": [
        161139.5,
        331583.65625,
        15289.005859375
    ],
    "7": [
        159574.5,
        332568.6875,
        7644.5029296875
    ]
}