{
    "0": [
        202387.5,
        202387.5,
        291219.15625
    ],
    "1": [
        202387.5,
        202387.5,
        291219.15625
    ],
    "2": [
        197768.90625,
        170674.734375,
        145609.578125
    ],
    "3": [
        183754.953125,
        188070.375,
        101926.703125
    ],
    "4": [
        214892.46875,
        175711.71875,
        61156.0234375
    ],
    "5": [
        226010.453125,
        177427.953125,
        30578.01171875
    ],
    "6": [
        224445.09375,
        175535.296875,
        15289.005859375
    ],
    "7": [
        221088.015625,
        171427.4375,
        7644.5029296875
    ]
}