{
    "0": [
        202387.5,
        202387.5,
        291219.15625
    ],
    "1": [
        202387.5,
        202387.5,
        291219.15625
    ],
    "2": [
        110526.5078125,
        162201.5625,
        145609.578125
    ],
    "3": [
        124126.75,
        160145.703125,
        101926.703125
    ],
    "4": [
        132322.9375,
        125527.71875,
        61156.0234375
    ],
    "5": [
        122522.421875,
        114194.4140625,
        30578.01171875
    ],
    "6": [
        121902.6328125,
        99425.9921875,
        15289.005859375
    ],
    "7": [
        127090.0546875,
        101182.921875,
        7644.5029296875
    ]
}