{
    "0": [
        202387.5,
        202387.5,
        291219.15625
    ],
    "1": [
        202387.5,
        202387.5,
        291219.15625
    ],
    "2": [
        283189.5,
        248327.890625,
        145609.578125
    ],
    "3": [
        298659.65625,
        259075.640625,
        101926.703125
    ],
    "4": [
        336642.0625,
        263965.875,
        61156.0234375
    ],
    "5": [
        312276.21875,
        259859.421875,
        30578.01171875
    ],
    "6": [
        313640.6875,
        245394.203125,
        15289.005859375
    ],
    "7": [
        306736.9375,
        246802.015625,
        7644.5029296875
    ]
}