{
    "0": [
        202387.5,
        202387.5,
        291219.15625
    ],
    "1": [
        202387.5,
        202387.5,
        291219.15625
    ],
    "2": [
        242568.78125,
        210369.890625,
        145609.578125
    ],
    "3": [
        243668.890625,
        252968.265625,
        101926.703125
    ],
    "4": [
        267957.875,
        223950.640625,
        61156.0234375
    ],
    "5": [
        249931.03125,
        236378.8125,
        30578.01171875
    ],
    "6": [
        248075.609375,
        226182.734375,
        15289.005859375
    ],
    "7": [
        244523.671875,
        226604.21875,
        7644.5029296875
    ],
    "8": [
        244013.53125,
        229041.28125,
        3822.25146484375
    ]
}