{
    "0": [
        202387.5,
        202387.5,
        291219.15625
    ],
    "1": [
        202387.5,
        202387.5,
        291219.15625
    ],
    "2": [
        273819.25,
        165561.046875,
        145609.578125
    ],
    "3": [
        270940.71875,
        155626.765625,
        101926.703125
    ],
    "4": [
        294828.75,
        177033.21875,
        61156.0234375
    ],
    "5": [
        283031.40625,
        191637.546875,
        30578.01171875
    ],
    "6": [
        294243.625,
        184895.59375,
        15289.005859375
    ]
}