{
    "0": [
        202387.5,
        202387.5,
        291219.15625
    ],
    "1": [
        202387.5,
        202387.5,
        291219.15625
    ],
    "2": [
        204365.296875,
        264019.28125,
        145609.578125
    ],
    "3": [
        181735.765625,
        238357.765625,
        101926.703125
    ],
    "4": [
        179121.28125,
        271619.34375,
        61156.0234375
    ],
    "5": [
        202070.390625,
        256920.265625,
        30578.01171875
    ],
    "6": [
        188622.359375,
        253495.671875,
        15289.005859375
    ],
    "7": [
        187942.96875,
        255483.890625,
        7644.5029296875
    ],
    "8": [
        186637.140625,
        253175.40625,
        3822.25146484375
    ]
}