{
    "0": [
        202387.5,
        202387.5,
        291219.15625
    ],
    "1": [
        202387.5,
        202387.5,
        291219.15625
    ],
    "2": [
        242533.5,
        141758.109375,
        145609.578125
    ],
    "3": [
        276226.59375,
        125236.2109375,
        101926.703125
    ],
    "4": [
        287550.4375,
        162785.28125,
        61156.0234375
    ],
    "5": [
        266987.875,
        155125.640625,
        30578.01171875
    ],
    "6": [
        266855.3125,
        143357.765625,
        15289.005859375
    ],
    "7": [
        268533.03125,
        150710.859375,
        7644.5029296875
    ],
    "8": [
        269195.75,
        153839.25,
        3822.25146484375
    ]
}