{
    "0": [
        202387.5,
        202387.5,
        291219.15625
    ],
    "1": [
        202387.5,
        202387.5,
        291219.15625
    ],
    "2": [
        124328.203125,
        166667.59375,
        145609.578125
    ],
    "3": [
        115394.6484375,
        188799.1875,
        101926.703125
    ],
    "4": [
        127105.890625,
        213031.484375,
        61156.0234375
    ],
    "5": [
        138013.328125,
        224194.203125,
        30578.01171875
    ],
    "6": [
        148247.53125,
        234562.78125,
        15289.005859375
    ],
    "7": [
        146713.90625,
        230595.96875,
        7644.5029296875
    ],
    "8": [
        145265.875,
        231623.84375,
        3822.25146484375
    ]
}