{
    "0": [
        202387.5,
        202387.5,
        291219.15625
    ],
    "1": [
        202387.5,
        202387.5,
        291219.15625
    ],
    "2": [
        235933.375,
        259464.3125,
        145609.578125
    ],
    "3": [
        229194.78125,
        299032.53125,
        101926.703125
    ],
    "4": [
        263026.96875,
        277874.71875,
        61156.0234375
    ],
    "5": [
        262342.65625,
        251673.359375,
        30578.01171875
    ],
    "6": [
        251123.453125,
        256035.859375,
        15289.005859375
    ],
    "7": [
        256058.1875,
        254827.03125,
        7644.5029296875
    ],
    "8": [
        256906.921875,
        252814.40625,
        3822.25146484375
    ]
}