{
    "0": [
        202387.5,
        202387.5,
        291219.15625
    ],
    "1": [
        202387.5,
        202387.5,
        291219.15625
    ],
    "2": [
        219662.953125,
        88832.765625,
        145609.578125
    ],
    "3": [
        252820.34375,
        96671.3359375,
        101926.703125
    ],
    "4": [
        268237.28125,
        131082.84375,
        61156.0234375
    ],
    "5": [
        288805.4375,
        152100.375,
        30578.01171875
    ],
    "6": [
        280732.8125,
        146922.21875,
        15289.005859375
    ],
    "7": [
        283251.78125,
        153051.265625,
        7644.5029296875
    ]
}