{
    "0": [
        202387.5,
        202387.5,
        291219.15625
    ],
    "1": [
        202387.5,
        202387.5,
        291219.15625
    ],
    "2": [
        232336.1875,
        90167.359375,
        145609.578125
    ],
    "3": [
        245095.0625,
        80043.6484375,
        101926.703125
    ],
    "4": [
        280440.875,
        89378.0703125,
        61156.0234375
    ],
    "5": [
        286239.96875,
        104948.6796875,
        30578.01171875
    ],
    "6": [
        285466.9375,
        111838.1015625,
        15289.005859375
    ],
    "7": [
        292217.9375,
        110272.984375,
        7644.5029296875
    ]
}