{
    "0": [
        202387.5,
        202387.5,
        291219.15625
    ],
    "1": [
        202387.5,
        202387.5,
        291219.15625
    ],
    "2": [
        165249.4375,
        297628.8125,
        145609.578125
    ],
    "3": [
        183028.6875,
        334597.34375,
        101926.703125
    ],
    "4": [
        214612.734375,
        318719.03125,
        61156.0234375
    ],
    "5": [
        237380,
        324765.1875,
        30578.01171875
    ],
    "6": [
        231805.953125,
        327237.21875,
        15289.005859375
    ],
    "7": [
        229804.84375,
        332429.59375,
        7644.5029296875
    ]
}