{
    "0": [
        202387.5,
        202387.5,
        291219.15625
    ],
    "1": [
        202387.5,
        202387.5,
        291219.15625
    ],
    "2": [
        145555.03125,
        172420.203125,
        145609.578125
    ],
    "3": [
        180126.8125,
        157373.796875,
        101926.703125
    ],
    "4": [
        154808.375,
        146611.09375,
        61156.0234375
    ],
    "5": [
        166943.46875,
        151480.6875,
        30578.01171875
    ],
    "6": [
        166250.515625,
        153407.296875,
        15289.005859375
    ],
    "7": [
        161354.796875,
        155748.78125,
        7644.5029296875
    ],
    "8": [
        159988.65625,
        156509.703125,
        3822.25146484375
    ]
}