{
    "0": [
        202387.5,
        202387.5,
        291219.15625
    ],
    "1": [
        202387.5,
        202387.5,
        291219.15625
    ],
    "2": [
        131094.671875,
        151775.546875,
        145609.578125
    ],
    "3": [
        98730.9609375,
        180069.25,
        101926.703125
    ],
    "4": [
        94822.7890625,
        140139.046875,
        61156.0234375
    ],
    "5": [
        80527.5703125,
        121961.2421875,
        30578.01171875
    ],
    "6": [
        86197.109375,
        130957.046875,
        15289.005859375
    ],
    "7": [
        82162.28125,
        132706.203125,
        7644.5029296875
    ]
}