{
    "0": [
        202387.5,
        202387.5,
        291219.15625
    ],
    "1": [
        202387.5,
        202387.5,
        291219.15625
    ],
    "2": [
        307013.1875,
        196456.546875,
        145609.578125
    ],
    "3": [
        308359.3125,
        171781.28125,
        101926.703125
    ],
    "4": [
        288001.90625,
        160277.234375,
        61156.0234375
    ],
    "5": [
        278260.71875,
        154191.5625,
        30578.01171875
    ],
    "6": [
        275438.46875,
        160885.546875,
        15289.005859375
    ],
    "7": [
        281571.75,
        161542.515625,
        7644.5029296875
    ]
}