{
    "0": [
        202387.5,
        202387.5,
        291219.15625
    ],
    "1": [
        202387.5,
        202387.5,
        291219.15625
    ],
    "2": [
        149556.59375,
        197026.921875,
        145609.578125
    ],
    "3": [
        149615.21875,
        179763,
        101926.703125
    ],
    "4": [
        188319.28125,
        188923.6875,
        61156.0234375
    ],
    "5": [
        196981.109375,
        202265.9375,
        30578.01171875
    ],
    "6": [
        210018.4375,
        200791.09375,
        15289.005859375
    ]
}