{
    "0": [
        202387.5,
        202387.5,
        291219.15625
    ],
    "1": [
        202387.5,
        202387.5,
        291219.15625
    ],
    "2": [
        172972.4375,
        119146.25,
        145609.578125
    ],
    "3": [
        159434.625,
        110922.875,
        101926.703125
    ],
    "4": [
        132544.90625,
        128096.1875,
        61156.0234375
    ],
    "5": [
        113456.7109375,
        128617.1875,
        30578.01171875
    ],
    "6": [
        105223.265625,
        133424.3125,
        15289.005859375
    ],
    "7": [
        103417.8671875,
        131418.046875,
        7644.5029296875
    ]
}