{
    "0": [
        202387.5,
        202387.5,
        291219.15625
    ],
    "1": [
        202387.5,
        202387.5,
        291219.15625
    ],
    "2": [
        113806.7734375,
        220537.140625,
        145609.578125
    ],
    "3": [
        139346.625,
        244679.796875,
        101926.703125
    ],
    "4": [
        142871.1875,
        230698.5,
        61156.0234375
    ],
    "5": [
        137450.6875,
        206641.765625,
        30578.01171875
    ],
    "6": [
        134108.65625,
        200014.921875,
        15289.005859375
    ],
    "7": [
        133625.84375,
        192608.828125,
        7644.5029296875
    ]
}