{
    "0": [
        202387.5,
        202387.5,
        291219.15625
    ],
    "1": [
        202387.5,
        202387.5,
        291219.15625
    ],
    "2": [
        270578.125,
        295357.71875,
        145609.578125
    ],
    "3": [
        296952.34375,
        288064.53125,
        101926.703125
    ],
    "4": [
        264698.09375,
        279025.34375,
        61156.0234375
    ],
    "5": [
        270386.34375,
        304846.375,
        30578.01171875
    ],
    "6": [
        258668.875,
        306171.46875,
        15289.005859375
    ],
    "7": [
        260472.609375,
        308883.3125,
        7644.5029296875
    ],
    "8": [
        257867.796875,
        309607.6875,
        3822.25146484375
    ]
}