{
    "0": [
        202387.5,
        202387.5,
        291219.15625
    ],
    "1": [
        202387.5,
        202387.5,
        291219.15625
    ],
    "2": [
        118241.9609375,
        186127.28125,
        145609.578125
    ],
    "3": [
        79291.4140625,
        197468.4375,
        101926.703125
    ],
    "4": [
        114460.71875,
        218061.078125,
        61156.0234375
    ],
    "5": [
        104224.640625,
        204432.625,
        30578.01171875
    ],
    "6": [
        104767.6328125,
        219546.609375,
        15289.005859375
    ],
    "7": [
        99256.890625,
        223587.890625,
        7644.5029296875
    ],
    "8": [
        96979.609375,
        221014.265625,
        3822.25146484375
    ]
}