{
    "0": [
        202387.5,
        202387.5,
        291219.15625
    ],
    "1": [
        202387.5,
        202387.5,
        291219.15625
    ],
    "2": [
        282497.71875,
        167976.59375,
        145609.578125
    ],
    "3": [
        260524.09375,
        163196.03125,
        101926.703125
    ],
    "4": [
        230466.9375,
        176696.984375,
        61156.0234375
    ],
    "5": [
        217206.421875,
        201682.15625,
        30578.01171875
    ]
}