{
    "0": [
        202387.5,
        202387.5,
        291219.15625
    ],
    "1": [
        202387.5,
        202387.5,
        291219.15625
    ],
    "2": [
        124871.828125,
        148400.6875,
        145609.578125
    ],
    "3": [
        142299.265625,
        162528.359375,
        101926.703125
    ],
    "4": [
        128924.4140625,
        132875.6875,
        61156.0234375
    ],
    "5": [
        113626.9375,
        131914.671875,
        30578.01171875
    ],
    "6": [
        111095.296875,
        117610.734375,
        15289.005859375
    ],
    "7": [
        109670.484375,
        118334.90625,
        7644.5029296875
    ],
    "8": [
        109892.8203125,
        116810.75,
        3822.25146484375
    ]
}