{
    "0": [
        202387.5,
        202387.5,
        291219.15625
    ],
    "1": [
        202387.5,
        202387.5,
        291219.15625
    ],
    "2": [
        248160.078125,
        227356.75,
        145609.578125
    ],
    "3": [
        270359.25,
        191859.6875,
        101926.703125
    ],
    "4": [
        273324.5625,
        166435.453125,
        61156.0234375
    ],
    "5": [
        273398.15625,
        196103.4375,
        30578.01171875
    ],
    "6": [
        264600.96875,
        188309.421875,
        15289.005859375
    ],
    "7": [
        265150.65625,
        192742.90625,
        7644.5029296875
    ],
    "8": [
        264110.6875,
        194911.921875,
        3822.25146484375
    ]
}