{
    "0": [
        202387.5,
        202387.5,
        291219.15625
    ],
    "1": [
        202387.5,
        202387.5,
        291219.15625
    ],
    "2": [
        164789.53125,
        305329.34375,
        145609.578125
    ],
    "3": [
        177453.8125,
        330149.59375,
        101926.703125
    ],
    "4": [
        202143.890625,
        302286.96875,
        61156.0234375
    ],
    "5": [
        206442.34375,
        329566.84375,
        30578.01171875
    ],
    "6": [
        214494.265625,
        340640.34375,
        15289.005859375
    ],
    "7": [
        213738.953125,
        333877.21875,
        7644.5029296875
    ],
    "8": [
        215634.203125,
        335515.21875,
        3822.25146484375
    ]
}