{
    "0": [
        202387.5,
        202387.5,
        291219.15625
    ],
    "1": [
        202387.5,
        202387.5,
        291219.15625
    ],
    "2": [
        151495.234375,
        227947.546875,
        145609.578125
    ],
    "3": [
        134712.828125,
        225370.53125,
        101926.703125
    ],
    "4": [
        134414.703125,
        248657.171875,
        61156.0234375
    ],
    "5": [
        150189.3125,
        246496.8125,
        30578.01171875
    ]
}