{
    "0": [
        202387.5,
        202387.5,
        291219.15625
    ],
    "1": [
        202387.5,
        202387.5,
        291219.15625
    ],
    "2": [
        151958.265625,
        191023.328125,
        145609.578125
    ],
    "3": [
        135444.625,
        174334.890625,
        101926.703125
    ],
    "4": [
        139288.015625,
        196563.5,
        61156.0234375
    ],
    "5": [
        158523.28125,
        197997.390625,
        30578.01171875
    ],
    "6": [
        152136.703125,
        198990.515625,
        15289.005859375
    ],
    "7": [
        150463.40625,
        203756.359375,
        7644.5029296875
    ],
    "8": [
        151520,
        202210.1875,
        3822.25146484375
    ]
}