{
    "0": [
        202387.5,
        202387.5,
        291219.15625
    ],
    "1": [
        202387.5,
        202387.5,
        291219.15625
    ],
    "2": [
        302232.1875,
        182765.296875,
        145609.578125
    ],
    "3": [
        290262.0625,
        216296.6875,
        101926.703125
    ],
    "4": [
        277065.40625,
        201637.28125,
        61156.0234375
    ],
    "5": [
        267844.53125,
        188792.828125,
        30578.01171875
    ],
    "6": [
        267233.40625,
        203100.640625,
        15289.005859375
    ],
    "7": [
        272718.09375,
        206687.984375,
        7644.5029296875
    ],
    "8": [
        274606.0625,
        206984,
        3822.25146484375
    ]
}