{
    "0": [
        202387.5,
        202387.5,
        291219.15625
    ],
    "1": [
        202387.5,
        202387.5,
        291219.15625
    ],
    "2": [
        220312.203125,
        277023.625,
        145609.578125
    ],
    "3": [
        213733.9375,
        258905.453125,
        101926.703125
    ],
    "4": [
        249444.28125,
        248954.078125,
        61156.0234375
    ],
    "5": [
        251109.21875,
        231491.3125,
        30578.01171875
    ],
    "6": [
        261246.046875,
        235580.546875,
        15289.005859375
    ],
    "7": [
        266881.0625,
        237657.28125,
        7644.5029296875
    ]
}