{
    "0": [
        202387.5,
        202387.5,
        291219.15625
    ],
    "1": [
        202387.5,
        202387.5,
        291219.15625
    ],
    "2": [
        236220.453125,
        143210.0625,
        145609.578125
    ],
    "3": [
        203347.09375,
        122706.5703125,
        101926.703125
    ],
    "4": [
        190776.484375,
        93855.4453125,
        61156.0234375
    ],
    "5": [
        188367.46875,
        85021.6640625,
        30578.01171875
    ],
    "6": [
        174322.890625,
        89731.734375,
        15289.005859375
    ],
    "7": [
        168760.625,
        86954.328125,
        7644.5029296875
    ],
    "8": [
        170217.328125,
        87398.0546875,
        3822.25146484375
    ]
}