{
    "0": [
        202387.5,
        202387.5,
        291219.15625
    ],
    "1": [
        202387.5,
        202387.5,
        291219.15625
    ],
    "2": [
        218691.484375,
        116115.265625,
        145609.578125
    ],
    "3": [
        239402.96875,
        92340.0078125,
        101926.703125
    ],
    "4": [
        249516.625,
        65902,
        61156.0234375
    ],
    "5": [
        245134.625,
        68821.171875,
        30578.01171875
    ],
    "6": [
        244252.3125,
        55219.23046875,
        15289.005859375
    ],
    "7": [
        245242.03125,
        59223.125,
        7644.5029296875
    ]
}