{
    "0": [
        202387.5,
        202387.5,
        291219.15625
    ],
    "1": [
        202387.5,
        202387.5,
        291219.15625
    ],
    "2": [
        213891.515625,
        257685.359375,
        145609.578125
    ],
    "3": [
        252610.640625,
        248533.375,
        101926.703125
    ],
    "4": [
        232716.328125,
        226952.390625,
        61156.0234375
    ],
    "5": [
        236372.125,
        221146.71875,
        30578.01171875
    ],
    "6": [
        227208.734375,
        221155.671875,
        15289.005859375
    ],
    "7": [
        229860.953125,
        218643.984375,
        7644.5029296875
    ],
    "8": [
        229363.015625,
        218088.71875,
        3822.25146484375
    ]
}