{
    "0": [
        202387.5,
        202387.5,
        291219.15625
    ],
    "1": [
        202387.5,
        202387.5,
        291219.15625
    ],
    "2": [
        155267.96875,
        192378.71875,
        145609.578125
    ],
    "3": [
        173739.140625,
        208608.359375,
        101926.703125
    ],
    "4": [
        157310.828125,
        237168.296875,
        61156.0234375
    ],
    "5": [
        142062.625,
        249007.796875,
        30578.01171875
    ],
    "6": [
        141172.703125,
        236143.15625,
        15289.005859375
    ],
    "7": [
        140310.859375,
        234079.4375,
        7644.5029296875
    ],
    "8": [
        137713.765625,
        233756.65625,
        3822.25146484375
    ]
}