{
    "0": [
        202387.5,
        202387.5,
        291219.15625
    ],
    "1": [
        202387.5,
        202387.5,
        291219.15625
    ],
    "2": [
        259833.75,
        107012.3125,
        145609.578125
    ],
    "3": [
        258040.53125,
        90036.75,
        101926.703125
    ],
    "4": [
        287036.40625,
        82855,
        61156.0234375
    ],
    "5": [
        285706.625,
        78285.1953125,
        30578.01171875
    ],
    "6": [
        282721.59375,
        81087.2734375,
        15289.005859375
    ],
    "7": [
        284484.5625,
        73835,
        7644.5029296875
    ]
}