{
    "0": [
        202387.5,
        202387.5,
        291219.15625
    ],
    "1": [
        202387.5,
        202387.5,
        291219.15625
    ],
    "2": [
        226985.4375,
        226623.390625,
        145609.578125
    ],
    "3": [
        231560.21875,
        253037.625,
        101926.703125
    ],
    "4": [
        229878.03125,
        281322.625,
        61156.0234375
    ],
    "5": [
        222622.1875,
        295537.5625,
        30578.01171875
    ],
    "6": [
        218090.75,
        309479.1875,
        15289.005859375
    ],
    "7": [
        213781.34375,
        307585.53125,
        7644.5029296875
    ],
    "8": [
        214095.140625,
        310471.375,
        3822.25146484375
    ]
}