{
    "0": [
        202387.5,
        202387.5,
        291219.15625
    ],
    "1": [
        202387.5,
        202387.5,
        291219.15625
    ],
    "2": [
        293612.34375,
        256349.296875,
        145609.578125
    ],
    "3": [
        266713.28125,
        276626.6875,
        101926.703125
    ],
    "4": [
        286036.1875,
        293834.8125,
        61156.0234375
    ],
    "5": [
        275188.90625,
        280190.6875,
        30578.01171875
    ],
    "6": [
        281366,
        290342.15625,
        15289.005859375
    ]
}