{
    "0": [
        202387.5,
        202387.5,
        291219.15625
    ],
    "1": [
        202387.5,
        202387.5,
        291219.15625
    ],
    "2": [
        222065.4375,
        222764.859375,
        145609.578125
    ],
    "3": [
        228129.28125,
        183527.59375,
        101926.703125
    ],
    "4": [
        246117.3125,
        151579.34375,
        61156.0234375
    ],
    "5": [
        218959.84375,
        148892.09375,
        30578.01171875
    ],
    "6": [
        223842.90625,
        153038.40625,
        15289.005859375
    ],
    "7": [
        220450.484375,
        158279.96875,
        7644.5029296875
    ],
    "8": [
        223656.96875,
        158892.578125,
        3822.25146484375
    ]
}