{
    "0": [
        202387.5,
        202387.5,
        291219.15625
    ],
    "1": [
        202387.5,
        202387.5,
        291219.15625
    ],
    "2": [
        204464.734375,
        147285.78125,
        145609.578125
    ],
    "3": [
        227396.46875,
        115830.828125,
        101926.703125
    ],
    "4": [
        225242.734375,
        131337.546875,
        61156.0234375
    ],
    "5": [
        200556.84375,
        147717.71875,
        30578.01171875
    ],
    "6": [
        199696.40625,
        160005.09375,
        15289.005859375
    ],
    "7": [
        200129.09375,
        161482.859375,
        7644.5029296875
    ],
    "8": [
        201513.484375,
        162139.8125,
        3822.25146484375
    ],
    "9": [
        201141.40625,
        162610.53125,
        1911.125732421875
    ]
}