{
    "0": [
        202387.5,
        202387.5,
        291219.15625
    ],
    "1": [
        202387.5,
        202387.5,
        291219.15625
    ],
    "2": [
        139927.8125,
        195281.96875,
        145609.578125
    ],
    "3": [
        132178.0625,
        156870.171875,
        101926.703125
    ],
    "4": [
        139987.28125,
        158422.515625,
        61156.0234375
    ],
    "5": [
        139979.859375,
        156229.21875,
        30578.01171875
    ],
    "6": [
        125687.546875,
        161406.734375,
        15289.005859375
    ]
}