{
    "0": [
        202387.5,
        202387.5,
        291219.15625
    ],
    "1": [
        202387.5,
        202387.5,
        291219.15625
    ],
    "2": [
        205827.75,
        178310.390625,
        145609.578125
    ],
    "3": [
        203575.65625,
        168635.5625,
        101926.703125
    ],
    "4": [
        233679.140625,
        178256.46875,
        61156.0234375
    ],
    "5": [
        249279.625,
        166093.890625,
        30578.01171875
    ],
    "6": [
        250565.328125,
        176229.125,
        15289.005859375
    ],
    "7": [
        248193.984375,
        170175.625,
        7644.5029296875
    ],
    "8": [
        247107.5,
        166966.609375,
        3822.25146484375
    ]
}