{
    "0": [
        202387.5,
        202387.5,
        291219.15625
    ],
    "1": [
        202387.5,
        202387.5,
        291219.15625
    ],
    "2": [
        247191.84375,
        289406.75,
        145609.578125
    ],
    "3": [
        256337.390625,
        306580.1875,
        101926.703125
    ],
    "4": [
        225919.28125,
        284145.9375,
        61156.0234375
    ],
    "5": [
        217520.15625,
        276006.84375,
        30578.01171875
    ],
    "6": [
        217550.28125,
        275840.125,
        15289.005859375
    ],
    "7": [
        220278.609375,
        269710.78125,
        7644.5029296875
    ]
}