{
    "0": [
        202387.5,
        202387.5,
        291219.15625
    ],
    "1": [
        202387.5,
        202387.5,
        291219.15625
    ],
    "2": [
        149347.78125,
        113378.1171875,
        145609.578125
    ],
    "3": [
        150403.609375,
        151344.453125,
        101926.703125
    ],
    "4": [
        156239.84375,
        168904.03125,
        61156.0234375
    ],
    "5": [
        153524.984375,
        138534.921875,
        30578.01171875
    ],
    "6": [
        140979.375,
        146293.6875,
        15289.005859375
    ],
    "7": [
        143857.5625,
        146053.9375,
        7644.5029296875
    ]
}