{
    "0": [
        202387.5,
        202387.5,
        291219.15625
    ],
    "1": [
        202387.5,
        202387.5,
        291219.15625
    ],
    "2": [
        104979.953125,
        200530.484375,
        145609.578125
    ],
    "3": [
        129766.984375,
        176551.1875,
        101926.703125
    ],
    "4": [
        110784.0390625,
        140735.390625,
        61156.0234375
    ],
    "5": [
        133339.015625,
        134687.828125,
        30578.01171875
    ],
    "6": [
        125581.3984375,
        133259.296875,
        15289.005859375
    ]
}