{
    "0": [
        202387.5,
        202387.5,
        291219.15625
    ],
    "1": [
        202387.5,
        202387.5,
        291219.15625
    ],
    "2": [
        146025.828125,
        247592,
        145609.578125
    ],
    "3": [
        150348.265625,
        249919.578125,
        101926.703125
    ],
    "4": [
        146947.171875,
        229465.984375,
        61156.0234375
    ],
    "5": [
        139243.046875,
        247774.390625,
        30578.01171875
    ],
    "6": [
        138742.984375,
        255901.265625,
        15289.005859375
    ],
    "7": [
        134516.640625,
        260346.5625,
        7644.5029296875
    ]
}