{
    "0": [
        202387.5,
        202387.5,
        291219.15625
    ],
    "1": [
        202387.5,
        202387.5,
        291219.15625
    ],
    "2": [
        93995.5859375,
        223727.65625,
        145609.578125
    ],
    "3": [
        121535.21875,
        193482.984375,
        101926.703125
    ],
    "4": [
        149874.71875,
        189771.40625,
        61156.0234375
    ],
    "5": [
        148695.0625,
        198787.390625,
        30578.01171875
    ],
    "6": [
        138840.671875,
        200687.4375,
        15289.005859375
    ],
    "7": [
        139068.625,
        200727.5625,
        7644.5029296875
    ]
}