{
    "0": [
        202387.5,
        202387.5,
        291219.15625
    ],
    "1": [
        202387.5,
        202387.5,
        291219.15625
    ],
    "2": [
        234201.296875,
        138274.78125,
        145609.578125
    ],
    "3": [
        254933.21875,
        112365.140625,
        101926.703125
    ],
    "4": [
        245095.359375,
        73853.515625,
        61156.0234375
    ],
    "5": [
        244069.515625,
        86764.390625,
        30578.01171875
    ],
    "6": [
        243829.265625,
        72647.5234375,
        15289.005859375
    ],
    "7": [
        248491.421875,
        74951.234375,
        7644.5029296875
    ],
    "8": [
        247487.859375,
        71362.6171875,
        3822.25146484375
    ]
}