{
    "0": [
        202387.5,
        202387.5,
        291219.15625
    ],
    "1": [
        202387.5,
        202387.5,
        291219.15625
    ],
    "2": [
        244323.9375,
        218994.625,
        145609.578125
    ],
    "3": [
        218903.390625,
        224008.984375,
        101926.703125
    ],
    "4": [
        205233.390625,
        209508.390625,
        61156.0234375
    ],
    "5": [
        209021.90625,
        180209.171875,
        30578.01171875
    ],
    "6": [
        204094.515625,
        169646.515625,
        15289.005859375
    ],
    "7": [
        205737.484375,
        163904.015625,
        7644.5029296875
    ]
}