{
    "0": [
        202387.5,
        202387.5,
        291219.15625
    ],
    "1": [
        202387.5,
        202387.5,
        291219.15625
    ],
    "2": [
        260193.296875,
        263558.9375,
        145609.578125
    ],
    "3": [
        283731.1875,
        287707.5,
        101926.703125
    ],
    "4": [
        298987.90625,
        287042.625,
        61156.0234375
    ],
    "5": [
        322515.59375,
        272492.4375,
        30578.01171875
    ],
    "6": [
        325358.09375,
        282754.40625,
        15289.005859375
    ],
    "7": [
        330021.71875,
        280881.8125,
        7644.5029296875
    ],
    "8": [
        326654.78125,
        279610.84375,
        3822.25146484375
    ]
}