{
    "0": [
        202387.5,
        202387.5,
        291219.15625
    ],
    "1": [
        202387.5,
        202387.5,
        291219.15625
    ],
    "2": [
        229789.671875,
        301830.25,
        145609.578125
    ],
    "3": [
        238334.0625,
        336060.25,
        101926.703125
    ],
    "4": [
        241628.59375,
        342885.3125,
        61156.0234375
    ],
    "5": [
        222435.515625,
        349951.65625,
        30578.01171875
    ],
    "6": [
        213323.84375,
        358627.375,
        15289.005859375
    ]
}