{
    "0": [
        202387.5,
        202387.5,
        291219.15625
    ],
    "1": [
        202387.5,
        202387.5,
        291219.15625
    ],
    "2": [
        193095.453125,
        212543.71875,
        145609.578125
    ],
    "3": [
        212964.90625,
        201643.3125,
        101926.703125
    ],
    "4": [
        178672.53125,
        206917.421875,
        61156.0234375
    ],
    "5": [
        151616.8125,
        202112.765625,
        30578.01171875
    ],
    "6": [
        147437.875,
        202976.40625,
        15289.005859375
    ],
    "7": [
        151447.09375,
        202184.359375,
        7644.5029296875
    ],
    "8": [
        151248.90625,
        201658.390625,
        3822.25146484375
    ]
}