{
    "0": [
        202387.5,
        202387.5,
        291219.15625
    ],
    "1": [
        202387.5,
        202387.5,
        291219.15625
    ],
    "2": [
        302542.9375,
        231119.765625,
        145609.578125
    ],
    "3": [
        300931.03125,
        249220.3125,
        101926.703125
    ],
    "4": [
        332680.5625,
        227230.5,
        61156.0234375
    ],
    "5": [
        314466.0625,
        241808.8125,
        30578.01171875
    ],
    "6": [
        323628.9375,
        240573.453125,
        15289.005859375
    ]
}