{
    "0": [
        202387.5,
        202387.5,
        291219.15625
    ],
    "1": [
        202387.5,
        202387.5,
        291219.15625
    ],
    "2": [
        87736.921875,
        209714.15625,
        145609.578125
    ],
    "3": [
        112346.7265625,
        179704.171875,
        101926.703125
    ],
    "4": [
        135447.953125,
        150322.515625,
        61156.0234375
    ],
    "5": [
        111747.1015625,
        165332.625,
        30578.01171875
    ],
    "6": [
        110545.6640625,
        156896.296875,
        15289.005859375
    ],
    "7": [
        107804.28125,
        154078.59375,
        7644.5029296875
    ],
    "8": [
        107067.2734375,
        156057.703125,
        3822.25146484375
    ]
}