{
    "0": [
        202387.5,
        202387.5,
        291219.15625
    ],
    "1": [
        202387.5,
        202387.5,
        291219.15625
    ],
    "2": [
        184587.09375,
        198231.5625,
        145609.578125
    ],
    "3": [
        170234.9375,
        216657.703125,
        101926.703125
    ],
    "4": [
        187271.828125,
        242639.109375,
        61156.0234375
    ],
    "5": [
        209832.75,
        254920.140625,
        30578.01171875
    ],
    "6": [
        208333.140625,
        263128.65625,
        15289.005859375
    ]
}