{
    "0": [
        202387.5,
        202387.5,
        291219.15625
    ],
    "1": [
        202387.5,
        202387.5,
        291219.15625
    ],
    "2": [
        199832.90625,
        313371,
        145609.578125
    ],
    "3": [
        191414.453125,
        287990.15625,
        101926.703125
    ],
    "4": [
        182816.515625,
        288439.59375,
        61156.0234375
    ],
    "5": [
        165668.3125,
        281546.3125,
        30578.01171875
    ],
    "6": [
        152464.96875,
        274783.90625,
        15289.005859375
    ],
    "7": [
        150527.390625,
        276133.0625,
        7644.5029296875
    ]
}