{
    "0": [
        202387.5,
        202387.5,
        291219.15625
    ],
    "1": [
        202387.5,
        202387.5,
        291219.15625
    ],
    "2": [
        288491.03125,
        139835.421875,
        145609.578125
    ],
    "3": [
        295173.09375,
        177608.96875,
        101926.703125
    ],
    "4": [
        298195.1875,
        206718.40625,
        61156.0234375
    ],
    "5": [
        304286.59375,
        228195.4375,
        30578.01171875
    ],
    "6": [
        307230.6875,
        213295.6875,
        15289.005859375
    ],
    "7": [
        304690.90625,
        219133,
        7644.5029296875
    ],
    "8": [
        305847.125,
        220354.859375,
        3822.25146484375
    ]
}