{
    "0": [
        202387.5,
        202387.5,
        291219.15625
    ],
    "1": [
        202387.5,
        202387.5,
        291219.15625
    ],
    "2": [
        127892.5546875,
        291803.375,
        145609.578125
    ],
    "3": [
        151083.78125,
        300846,
        101926.703125
    ],
    "4": [
        152897.734375,
        320680.46875,
        61156.0234375
    ],
    "5": [
        133557.765625,
        312688.1875,
        30578.01171875
    ],
    "6": [
        143633.53125,
        307693.5,
        15289.005859375
    ]
}