{
    "0": [
        202387.5,
        202387.5,
        291219.15625
    ],
    "1": [
        202387.5,
        202387.5,
        291219.15625
    ],
    "2": [
        128839.9140625,
        181373.546875,
        145609.578125
    ],
    "3": [
        103587.609375,
        172896.515625,
        101926.703125
    ],
    "4": [
        71004.875,
        156381.296875,
        61156.0234375
    ],
    "5": [
        57301.078125,
        141989.71875,
        30578.01171875
    ],
    "6": [
        56211.86328125,
        134633.375,
        15289.005859375
    ],
    "7": [
        57244.11328125,
        135433.21875,
        7644.5029296875
    ]
}