{
    "0": [
        202387.5,
        202387.5,
        291219.15625
    ],
    "1": [
        202387.5,
        202387.5,
        291219.15625
    ],
    "2": [
        301340.6875,
        233099.125,
        145609.578125
    ],
    "3": [
        263603.5,
        216712.671875,
        101926.703125
    ],
    "4": [
        251888.5625,
        230723.5,
        61156.0234375
    ],
    "5": [
        273982.46875,
        219526.984375,
        30578.01171875
    ],
    "6": [
        274600.375,
        208750.9375,
        15289.005859375
    ]
}