{
    "0": [
        202387.5,
        202387.5,
        291219.15625
    ],
    "1": [
        202387.5,
        202387.5,
        291219.15625
    ],
    "2": [
        180685.140625,
        264791.59375,
        145609.578125
    ],
    "3": [
        178751.859375,
        288341,
        101926.703125
    ],
    "4": [
        186235.96875,
        277490.84375,
        61156.0234375
    ],
    "5": [
        168321.71875,
        263623.46875,
        30578.01171875
    ],
    "6": [
        162692.78125,
        261622.46875,
        15289.005859375
    ],
    "7": [
        163310.28125,
        262082.734375,
        7644.5029296875
    ]
}