{
    "0": [
        202387.5,
        202387.5,
        291219.15625
    ],
    "1": [
        202387.5,
        202387.5,
        291219.15625
    ],
    "2": [
        229470.109375,
        226992.71875,
        145609.578125
    ],
    "3": [
        259134.796875,
        225095.234375,
        101926.703125
    ],
    "4": [
        268621.71875,
        216107.796875,
        61156.0234375
    ],
    "5": [
        283496.75,
        234506.984375,
        30578.01171875
    ],
    "6": [
        274627.9375,
        227543.390625,
        15289.005859375
    ],
    "7": [
        278287.03125,
        230098.953125,
        7644.5029296875
    ],
    "8": [
        278474.3125,
        232809.625,
        3822.25146484375
    ]
}