{
    "0": [
        202387.5,
        202387.5,
        291219.15625
    ],
    "1": [
        202387.5,
        202387.5,
        291219.15625
    ],
    "2": [
        143655.40625,
        190016.828125,
        145609.578125
    ],
    "3": [
        117656.96875,
        169899.1875,
        101926.703125
    ],
    "4": [
        136126.0625,
        141426.1875,
        61156.0234375
    ],
    "5": [
        135817.484375,
        119164.7421875,
        30578.01171875
    ],
    "6": [
        124905.1640625,
        125047.21875,
        15289.005859375
    ],
    "7": [
        129403.4609375,
        121037.53125,
        7644.5029296875
    ],
    "8": [
        127834.34375,
        124219.2109375,
        3822.25146484375
    ]
}