{
    "0": [
        202387.5,
        202387.5,
        291219.15625
    ],
    "1": [
        202387.5,
        202387.5,
        291219.15625
    ],
    "2": [
        139087.484375,
        167648.828125,
        145609.578125
    ],
    "3": [
        138760.28125,
        162736.078125,
        101926.703125
    ],
    "4": [
        147494.359375,
        143158.859375,
        61156.0234375
    ],
    "5": [
        154961.515625,
        145256,
        30578.01171875
    ],
    "6": [
        163191.8125,
        153477.078125,
        15289.005859375
    ],
    "7": [
        156428.6875,
        151722.890625,
        7644.5029296875
    ],
    "8": [
        158815.328125,
        151062.421875,
        3822.25146484375
    ]
}