{
    "0": [
        202387.5,
        202387.5,
        291219.15625
    ],
    "1": [
        202387.5,
        202387.5,
        291219.15625
    ],
    "2": [
        134691.125,
        284123.5,
        145609.578125
    ],
    "3": [
        113560.6328125,
        279648.78125,
        101926.703125
    ],
    "4": [
        130701.96875,
        305709.9375,
        61156.0234375
    ],
    "5": [
        108212.15625,
        291272.03125,
        30578.01171875
    ],
    "6": [
        105625.5,
        303129.34375,
        15289.005859375
    ]
}