{
    "0": [
        202387.5,
        202387.5,
        291219.15625
    ],
    "1": [
        202387.5,
        202387.5,
        291219.15625
    ],
    "2": [
        281350.625,
        274119.78125,
        145609.578125
    ],
    "3": [
        277594.34375,
        236360.28125,
        101926.703125
    ],
    "4": [
        286317.9375,
        266217.0625,
        61156.0234375
    ],
    "5": [
        296968.09375,
        238161.625,
        30578.01171875
    ],
    "6": [
        290912.5,
        235869.84375,
        15289.005859375
    ],
    "7": [
        286894.46875,
        235815.75,
        7644.5029296875
    ]
}