{
    "0": [
        202387.5,
        202387.5,
        291219.15625
    ],
    "1": [
        202387.5,
        202387.5,
        291219.15625
    ],
    "2": [
        213666.125,
        309626.125,
        145609.578125
    ],
    "3": [
        208248.84375,
        301621.40625,
        101926.703125
    ],
    "4": [
        234971.28125,
        285591.875,
        61156.0234375
    ],
    "5": [
        254471.40625,
        272606.15625,
        30578.01171875
    ],
    "6": [
        262178.78125,
        276411.46875,
        15289.005859375
    ],
    "7": [
        261287.40625,
        275615.03125,
        7644.5029296875
    ],
    "8": [
        261732.828125,
        274583.28125,
        3822.25146484375
    ]
}