{
    "0": [
        202387.5,
        202387.5,
        291219.15625
    ],
    "1": [
        202387.5,
        202387.5,
        291219.15625
    ],
    "2": [
        167695.296875,
        299978.5625,
        145609.578125
    ],
    "3": [
        175475.609375,
        262325.21875,
        101926.703125
    ],
    "4": [
        187556.4375,
        254231.78125,
        61156.0234375
    ],
    "5": [
        202084.1875,
        273838.3125,
        30578.01171875
    ],
    "6": [
        207733.1875,
        264221.0625,
        15289.005859375
    ],
    "7": [
        208906.953125,
        271121.78125,
        7644.5029296875
    ],
    "8": [
        211575,
        273110.03125,
        3822.25146484375
    ]
}