{
    "0": [
        202387.5,
        202387.5,
        291219.15625
    ],
    "1": [
        202387.5,
        202387.5,
        291219.15625
    ],
    "2": [
        212937.328125,
        313229.5625,
        145609.578125
    ],
    "3": [
        186199.90625,
        305410.65625,
        101926.703125
    ],
    "4": [
        166586.21875,
        302023.84375,
        61156.0234375
    ],
    "5": [
        174644.890625,
        314510.875,
        30578.01171875
    ],
    "6": [
        186278.40625,
        308437.46875,
        15289.005859375
    ],
    "7": [
        182654.828125,
        302810.09375,
        7644.5029296875
    ],
    "8": [
        183986.859375,
        303994.34375,
        3822.25146484375
    ]
}