{
    "0": [
        202387.5,
        202387.5,
        291219.15625
    ],
    "1": [
        202387.5,
        202387.5,
        291219.15625
    ],
    "2": [
        262848.8125,
        157547.625,
        145609.578125
    ],
    "3": [
        268746.03125,
        181386.375,
        101926.703125
    ],
    "4": [
        298529,
        157290.796875,
        61156.0234375
    ],
    "5": [
        324022.34375,
        159683.421875,
        30578.01171875
    ],
    "6": [
        319663.5,
        145489.125,
        15289.005859375
    ],
    "7": [
        316538.21875,
        142514.1875,
        7644.5029296875
    ],
    "8": [
        317296.9375,
        143704.40625,
        3822.25146484375
    ]
}