{
    "0": [
        202387.5,
        202387.5,
        291219.15625
    ],
    "1": [
        202387.5,
        202387.5,
        291219.15625
    ],
    "2": [
        105327.8671875,
        182576.0625,
        145609.578125
    ],
    "3": [
        68805.1875,
        189906.484375,
        101926.703125
    ],
    "4": [
        81219.53125,
        198517.90625,
        61156.0234375
    ],
    "5": [
        67543.6875,
        184826.796875,
        30578.01171875
    ],
    "6": [
        64825.5234375,
        195423.84375,
        15289.005859375
    ],
    "7": [
        60475.265625,
        193255.640625,
        7644.5029296875
    ],
    "8": [
        57195.77734375,
        192580.125,
        3822.25146484375
    ]
}