{
    "0": [
        202387.5,
        202387.5,
        291219.15625
    ],
    "1": [
        202387.5,
        202387.5,
        291219.15625
    ],
    "2": [
        229180.796875,
        236953.859375,
        145609.578125
    ],
    "3": [
        188057.78125,
        235208.015625,
        101926.703125
    ],
    "4": [
        150561.25,
        223542.390625,
        61156.0234375
    ],
    "5": [
        137957,
        203902.5625,
        30578.01171875
    ],
    "6": [
        146967.8125,
        200502.21875,
        15289.005859375
    ]
}