{
    "0": [
        202387.5,
        202387.5,
        291219.15625
    ],
    "1": [
        202387.5,
        202387.5,
        291219.15625
    ],
    "2": [
        152085.015625,
        246039.3125,
        145609.578125
    ],
    "3": [
        166359.03125,
        259150.265625,
        101926.703125
    ],
    "4": [
        141895.015625,
        231800,
        61156.0234375
    ],
    "5": [
        135558.578125,
        252911.078125,
        30578.01171875
    ],
    "6": [
        125240.515625,
        257007.828125,
        15289.005859375
    ]
}