{
    "0": [
        202387.5,
        202387.5,
        291219.15625
    ],
    "1": [
        202387.5,
        202387.5,
        291219.15625
    ],
    "2": [
        273404.625,
        111855.4609375,
        145609.578125
    ],
    "3": [
        264035.34375,
        91894.1328125,
        101926.703125
    ],
    "4": [
        259218.359375,
        116762.2421875,
        61156.0234375
    ],
    "5": [
        269118.125,
        125973.3984375,
        30578.01171875
    ],
    "6": [
        267034.90625,
        137432.9375,
        15289.005859375
    ],
    "7": [
        262880.90625,
        135761.4375,
        7644.5029296875
    ],
    "8": [
        264321.46875,
        134018.375,
        3822.25146484375
    ]
}