{
    "0": [
        202387.5,
        202387.5,
        291219.15625
    ],
    "1": [
        202387.5,
        202387.5,
        291219.15625
    ],
    "2": [
        286818.84375,
        195796.796875,
        145609.578125
    ],
    "3": [
        295865.25,
        174323.59375,
        101926.703125
    ],
    "4": [
        306406.625,
        177959.21875,
        61156.0234375
    ],
    "5": [
        302695.9375,
        158226.71875,
        30578.01171875
    ],
    "6": [
        292994.375,
        163939.03125,
        15289.005859375
    ]
}