{
    "0": [
        202387.5,
        202387.5,
        291219.15625
    ],
    "1": [
        202387.5,
        202387.5,
        291219.15625
    ],
    "2": [
        251041.96875,
        289051.75,
        145609.578125
    ],
    "3": [
        224297.25,
        274966.84375,
        101926.703125
    ],
    "4": [
        194976.390625,
        248180.390625,
        61156.0234375
    ],
    "5": [
        214588.3125,
        263640.875,
        30578.01171875
    ],
    "6": [
        210569.75,
        268812.53125,
        15289.005859375
    ],
    "7": [
        212620.171875,
        272445.46875,
        7644.5029296875
    ]
}