{
    "0": [
        202387.5,
        202387.5,
        291219.15625
    ],
    "1": [
        202387.5,
        202387.5,
        291219.15625
    ],
    "2": [
        303865.8125,
        162906.234375,
        145609.578125
    ],
    "3": [
        284622.8125,
        155608.140625,
        101926.703125
    ],
    "4": [
        292364.9375,
        184740.78125,
        61156.0234375
    ],
    "5": [
        287983.59375,
        207317.453125,
        30578.01171875
    ],
    "6": [
        291973.46875,
        217172.625,
        15289.005859375
    ]
}