{
    "0": [
        202387.5,
        202387.5,
        291219.15625
    ],
    "1": [
        202387.5,
        202387.5,
        291219.15625
    ],
    "2": [
        184476.859375,
        270862.3125,
        145609.578125
    ],
    "3": [
        221672.1875,
        264131.375,
        101926.703125
    ],
    "4": [
        257089.328125,
        254320.234375,
        61156.0234375
    ],
    "5": [
        258160.15625,
        251954.5625,
        30578.01171875
    ],
    "6": [
        261138.625,
        256761.859375,
        15289.005859375
    ],
    "7": [
        261714.734375,
        255185.734375,
        7644.5029296875
    ]
}