{
    "0": [
        202387.5,
        202387.5,
        291219.15625
    ],
    "1": [
        202387.5,
        202387.5,
        291219.15625
    ],
    "2": [
        262045.34375,
        226349.265625,
        145609.578125
    ],
    "3": [
        272267.0625,
        214357.0625,
        101926.703125
    ],
    "4": [
        311718.5625,
        214319.5625,
        61156.0234375
    ],
    "5": [
        286229.28125,
        205596.578125,
        30578.01171875
    ],
    "6": [
        277853.9375,
        214203.375,
        15289.005859375
    ],
    "7": [
        276540.15625,
        213271.015625,
        7644.5029296875
    ]
}