{
    "0": [
        202387.5,
        202387.5,
        291219.15625
    ],
    "1": [
        202387.5,
        202387.5,
        291219.15625
    ],
    "2": [
        176166.84375,
        200075.953125,
        145609.578125
    ],
    "3": [
        172531.96875,
        242090.1875,
        101926.703125
    ],
    "4": [
        179284.28125,
        228330.3125,
        61156.0234375
    ],
    "5": [
        203061.765625,
        217203.375,
        30578.01171875
    ],
    "6": [
        209928.890625,
        229883.9375,
        15289.005859375
    ],
    "7": [
        209644.859375,
        226718.953125,
        7644.5029296875
    ]
}