{
    "0": [
        202387.5,
        202387.5,
        291219.15625
    ],
    "1": [
        202387.5,
        202387.5,
        291219.15625
    ],
    "2": [
        244112.78125,
        128158.953125,
        145609.578125
    ],
    "3": [
        239285.6875,
        166607.46875,
        101926.703125
    ],
    "4": [
        260929.21875,
        142415.90625,
        61156.0234375
    ],
    "5": [
        271032,
        152981.078125,
        30578.01171875
    ],
    "6": [
        277777.21875,
        151547.65625,
        15289.005859375
    ]
}