{
    "0": [
        202387.5,
        202387.5,
        291219.15625
    ],
    "1": [
        202387.5,
        202387.5,
        291219.15625
    ],
    "2": [
        179064.671875,
        118401.765625,
        145609.578125
    ],
    "3": [
        199355.484375,
        102602.8359375,
        101926.703125
    ],
    "4": [
        211608.890625,
        125575.09375,
        61156.0234375
    ],
    "5": [
        210633.15625,
        129545.890625,
        30578.01171875
    ],
    "6": [
        211398.53125,
        142772.921875,
        15289.005859375
    ],
    "7": [
        217899.96875,
        144183.734375,
        7644.5029296875
    ],
    "8": [
        216386.4375,
        146459.875,
        3822.25146484375
    ]
}