{
    "0": [
        202387.5,
        202387.5,
        291219.15625
    ],
    "1": [
        202387.5,
        202387.5,
        291219.15625
    ],
    "2": [
        156510.859375,
        290009.96875,
        145609.578125
    ],
    "3": [
        133379.859375,
        256651.390625,
        101926.703125
    ],
    "4": [
        119131.0625,
        274648.65625,
        61156.0234375
    ],
    "5": [
        93730.7578125,
        278545.5625,
        30578.01171875
    ],
    "6": [
        97497.5390625,
        269504.6875,
        15289.005859375
    ],
    "7": [
        93995.859375,
        275401.6875,
        7644.5029296875
    ]
}