{
    "0": [
        202387.5,
        202387.5,
        291219.15625
    ],
    "1": [
        202387.5,
        202387.5,
        291219.15625
    ],
    "2": [
        252780.90625,
        185337.0625,
        145609.578125
    ],
    "3": [
        286815.9375,
        205403.65625,
        101926.703125
    ],
    "4": [
        246880.734375,
        208658.3125,
        61156.0234375
    ],
    "5": [
        261182.953125,
        191575.28125,
        30578.01171875
    ],
    "6": [
        253629.515625,
        193045.890625,
        15289.005859375
    ],
    "7": [
        253949.25,
        197706.109375,
        7644.5029296875
    ],
    "8": [
        255356.609375,
        199366.1875,
        3822.25146484375
    ]
}