{
    "0": [
        202387.5,
        202387.5,
        291219.15625
    ],
    "1": [
        202387.5,
        202387.5,
        291219.15625
    ],
    "2": [
        194401.484375,
        313620.4375,
        145609.578125
    ],
    "3": [
        222552.53125,
        284736.71875,
        101926.703125
    ],
    "4": [
        221103.734375,
        253924.140625,
        61156.0234375
    ],
    "5": [
        209652.84375,
        243066.59375,
        30578.01171875
    ],
    "6": [
        196859.828125,
        250887.78125,
        15289.005859375
    ],
    "7": [
        198401.640625,
        243856.953125,
        7644.5029296875
    ]
}