{
    "0": [
        202387.5,
        202387.5,
        291219.15625
    ],
    "1": [
        202387.5,
        202387.5,
        291219.15625
    ],
    "2": [
        257389.875,
        115366.1015625,
        145609.578125
    ],
    "3": [
        275530.4375,
        106920.625,
        101926.703125
    ],
    "4": [
        257586.28125,
        110801.3046875,
        61156.0234375
    ],
    "5": [
        268122.75,
        114013.578125,
        30578.01171875
    ],
    "6": [
        254794.359375,
        108203.90625,
        15289.005859375
    ],
    "7": [
        259222.5625,
        111554.65625,
        7644.5029296875
    ]
}