{
    "0": [
        202387.5,
        202387.5,
        291219.15625
    ],
    "1": [
        202387.5,
        202387.5,
        291219.15625
    ],
    "2": [
        176975.078125,
        191729.96875,
        145609.578125
    ],
    "3": [
        150404.5625,
        205406.015625,
        101926.703125
    ],
    "4": [
        140136.015625,
        202235.3125,
        61156.0234375
    ],
    "5": [
        165714.28125,
        195948.0625,
        30578.01171875
    ],
    "6": [
        158585.65625,
        198327.25,
        15289.005859375
    ],
    "7": [
        157560.5625,
        194072.65625,
        7644.5029296875
    ]
}