{
    "0": [
        202387.5,
        202387.5,
        291219.15625
    ],
    "1": [
        202387.5,
        202387.5,
        291219.15625
    ],
    "2": [
        244074.546875,
        258051.34375,
        145609.578125
    ],
    "3": [
        207305.234375,
        239492.4375,
        101926.703125
    ],
    "4": [
        202261.625,
        215564.875,
        61156.0234375
    ],
    "5": [
        202223.15625,
        211743,
        30578.01171875
    ],
    "6": [
        207985.421875,
        215766.578125,
        15289.005859375
    ],
    "7": [
        206921.46875,
        219506.671875,
        7644.5029296875
    ],
    "8": [
        205569.21875,
        215993.1875,
        3822.25146484375
    ]
}