{
    "0": [
        202387.5,
        202387.5,
        291219.15625
    ],
    "1": [
        202387.5,
        202387.5,
        291219.15625
    ],
    "2": [
        159494.03125,
        289569,
        145609.578125
    ],
    "3": [
        152882.453125,
        263439.34375,
        101926.703125
    ],
    "4": [
        183983.09375,
        253481.515625,
        61156.0234375
    ],
    "5": [
        168404.890625,
        255825.25,
        30578.01171875
    ],
    "6": [
        158670.96875,
        248516.265625,
        15289.005859375
    ]
}