{
    "0": [
        202387.5,
        202387.5,
        291219.15625
    ],
    "1": [
        202387.5,
        202387.5,
        291219.15625
    ],
    "2": [
        222743.203125,
        265684.375,
        145609.578125
    ],
    "3": [
        246861.875,
        280829.46875,
        101926.703125
    ],
    "4": [
        219441.625,
        273440.53125,
        61156.0234375
    ],
    "5": [
        217424.015625,
        266833.78125,
        30578.01171875
    ],
    "6": [
        213588.71875,
        264035.25,
        15289.005859375
    ],
    "7": [
        211582.484375,
        261742.953125,
        7644.5029296875
    ],
    "8": [
        214673.921875,
        261304.734375,
        3822.25146484375
    ]
}