{
    "0": [
        202387.5,
        202387.5,
        291219.15625
    ],
    "1": [
        202387.5,
        202387.5,
        291219.15625
    ],
    "2": [
        198129.5,
        202076.09375,
        145609.578125
    ],
    "3": [
        208981.25,
        194206.921875,
        101926.703125
    ],
    "4": [
        194378.734375,
        185519.078125,
        61156.0234375
    ],
    "5": [
        216426.203125,
        190976.15625,
        30578.01171875
    ],
    "6": [
        212877.28125,
        193560.453125,
        15289.005859375
    ],
    "7": [
        210657.546875,
        192404.453125,
        7644.5029296875
    ]
}