{
    "0": [
        202387.5,
        202387.5,
        291219.15625
    ],
    "1": [
        202387.5,
        202387.5,
        291219.15625
    ],
    "2": [
        209734.40625,
        280271,
        145609.578125
    ],
    "3": [
        199050.265625,
        299161.9375,
        101926.703125
    ],
    "4": [
        224777.171875,
        267919.875,
        61156.0234375
    ],
    "5": [
        234315.484375,
        247979.40625,
        30578.01171875
    ],
    "6": [
        223839.953125,
        241041.734375,
        15289.005859375
    ],
    "7": [
        224580.90625,
        241899.84375,
        7644.5029296875
    ],
    "8": [
        226690.5625,
        244205.203125,
        3822.25146484375
    ]
}