{
    "0": [
        202387.5,
        202387.5,
        291219.15625
    ],
    "1": [
        202387.5,
        202387.5,
        291219.15625
    ],
    "2": [
        179389.609375,
        122293,
        145609.578125
    ],
    "3": [
        162188.96875,
        87630.984375,
        101926.703125
    ],
    "4": [
        140903.65625,
        100135.0234375,
        61156.0234375
    ],
    "5": [
        112570.5625,
        104810.3046875,
        30578.01171875
    ],
    "6": [
        115737.7265625,
        112370.7109375,
        15289.005859375
    ],
    "7": [
        118837.5234375,
        111373.8359375,
        7644.5029296875
    ],
    "8": [
        119505.0859375,
        111520.3515625,
        3822.25146484375
    ]
}