{
    "0": [
        202387.5,
        202387.5,
        291219.15625
    ],
    "1": [
        202387.5,
        202387.5,
        291219.15625
    ],
    "2": [
        119577.5859375,
        145524.59375,
        145609.578125
    ],
    "3": [
        135543.859375,
        179188.140625,
        101926.703125
    ],
    "4": [
        154530.125,
        174414.4375,
        61156.0234375
    ],
    "5": [
        164172.953125,
        145677.734375,
        30578.01171875
    ],
    "6": [
        164435.625,
        147616.171875,
        15289.005859375
    ],
    "7": [
        166160.09375,
        143471.984375,
        7644.5029296875
    ]
}