{
    "0": [
        202387.5,
        202387.5,
        291219.15625
    ],
    "1": [
        202387.5,
        202387.5,
        291219.15625
    ],
    "2": [
        135327.375,
        184511.796875,
        145609.578125
    ],
    "3": [
        123534.1875,
        153942.375,
        101926.703125
    ],
    "4": [
        102618.28125,
        171498.609375,
        61156.0234375
    ],
    "5": [
        85913.359375,
        145965.015625,
        30578.01171875
    ],
    "6": [
        90810.6484375,
        154770.265625,
        15289.005859375
    ],
    "7": [
        86280.3515625,
        157300.609375,
        7644.5029296875
    ]
}