{
    "0": [
        202387.5,
        202387.5,
        291219.15625
    ],
    "1": [
        202387.5,
        202387.5,
        291219.15625
    ],
    "2": [
        203951.328125,
        312686.03125,
        145609.578125
    ],
    "3": [
        211576.453125,
        311995.875,
        101926.703125
    ],
    "4": [
        224335.53125,
        340468.25,
        61156.0234375
    ],
    "5": [
        209535.734375,
        319672.34375,
        30578.01171875
    ],
    "6": [
        207315.875,
        318261.71875,
        15289.005859375
    ],
    "7": [
        211144.390625,
        320236.9375,
        7644.5029296875
    ]
}