{
    "0": [
        202387.5,
        202387.5,
        291219.15625
    ],
    "1": [
        202387.5,
        202387.5,
        291219.15625
    ],
    "2": [
        268348.4375,
        177840.921875,
        145609.578125
    ],
    "3": [
        229152.71875,
        176658.21875,
        101926.703125
    ],
    "4": [
        267893.1875,
        174491.03125,
        61156.0234375
    ],
    "5": [
        252366.40625,
        165033.890625,
        30578.01171875
    ],
    "6": [
        262527,
        166044.609375,
        15289.005859375
    ],
    "7": [
        261682.71875,
        168969.796875,
        7644.5029296875
    ],
    "8": [
        259946.546875,
        172139.28125,
        3822.25146484375
    ]
}