{
    "0": [
        202387.5,
        202387.5,
        291219.15625
    ],
    "1": [
        202387.5,
        202387.5,
        291219.15625
    ],
    "2": [
        203811.265625,
        96104.546875,
        145609.578125
    ],
    "3": [
        226932.109375,
        128090.8671875,
        101926.703125
    ],
    "4": [
        210942.4375,
        93312.703125,
        61156.0234375
    ],
    "5": [
        187618.921875,
        87338.375,
        30578.01171875
    ],
    "6": [
        187299.21875,
        88328.7578125,
        15289.005859375
    ]
}