{
    "0": [
        202387.5,
        202387.5,
        291219.15625
    ],
    "1": [
        202387.5,
        202387.5,
        291219.15625
    ],
    "2": [
        125670.234375,
        289090.34375,
        145609.578125
    ],
    "3": [
        108743.3515625,
        267028.53125,
        101926.703125
    ],
    "4": [
        91204.2109375,
        284790.3125,
        61156.0234375
    ],
    "5": [
        89538.640625,
        267111.53125,
        30578.01171875
    ],
    "6": [
        99807.9609375,
        276353.875,
        15289.005859375
    ],
    "7": [
        94076.5078125,
        276152.59375,
        7644.5029296875
    ]
}