{
    "0": [
        202387.5,
        202387.5,
        291219.15625
    ],
    "1": [
        202387.5,
        202387.5,
        291219.15625
    ],
    "2": [
        181071.390625,
        93313.015625,
        145609.578125
    ],
    "3": [
        140396.84375,
        92908.0390625,
        101926.703125
    ],
    "4": [
        171399.578125,
        91095.03125,
        61156.0234375
    ],
    "5": [
        153002.734375,
        94171.4296875,
        30578.01171875
    ],
    "6": [
        161225.671875,
        91146.2421875,
        15289.005859375
    ]
}