{
    "0": [
        202387.5,
        202387.5,
        291219.15625
    ],
    "1": [
        202387.5,
        202387.5,
        291219.15625
    ],
    "2": [
        245864.09375,
        259742.28125,
        145609.578125
    ],
    "3": [
        240425.671875,
        296186.78125,
        101926.703125
    ],
    "4": [
        258549.4375,
        326464.53125,
        61156.0234375
    ],
    "5": [
        247821.53125,
        353465.375,
        30578.01171875
    ],
    "6": [
        242963.84375,
        348809.4375,
        15289.005859375
    ],
    "7": [
        246118.796875,
        355411.4375,
        7644.5029296875
    ],
    "8": [
        244505.96875,
        352610.28125,
        3822.25146484375
    ]
}