{
    "0": [
        202387.5,
        202387.5,
        291219.15625
    ],
    "1": [
        202387.5,
        202387.5,
        291219.15625
    ],
    "2": [
        155543.0625,
        260523,
        145609.578125
    ],
    "3": [
        185255.046875,
        290093.15625,
        101926.703125
    ],
    "4": [
        160149.46875,
        296430.40625,
        61156.0234375
    ],
    "5": [
        173749.15625,
        285966.59375,
        30578.01171875
    ],
    "6": [
        180336.8125,
        275990.0625,
        15289.005859375
    ],
    "7": [
        182262.359375,
        269109.65625,
        7644.5029296875
    ]
}