{
    "0": [
        202387.5,
        202387.5,
        291219.15625
    ],
    "1": [
        202387.5,
        202387.5,
        291219.15625
    ],
    "2": [
        286872.96875,
        135122.34375,
        145609.578125
    ],
    "3": [
        315928.28125,
        108820.1328125,
        101926.703125
    ],
    "4": [
        306994.6875,
        78407.3203125,
        61156.0234375
    ],
    "5": [
        302511.5625,
        79826.359375,
        30578.01171875
    ],
    "6": [
        296786.5625,
        82435.8203125,
        15289.005859375
    ],
    "7": [
        291889,
        82902.4140625,
        7644.5029296875
    ],
    "8": [
        294332.75,
        84697.3515625,
        3822.25146484375
    ]
}