{
    "0": [
        202387.5,
        202387.5,
        291219.15625
    ],
    "1": [
        202387.5,
        202387.5,
        291219.15625
    ],
    "2": [
        159294.140625,
        271549.34375,
        145609.578125
    ],
    "3": [
        185058.890625,
        275494.4375,
        101926.703125
    ],
    "4": [
        166686.0625,
        277243.65625,
        61156.0234375
    ],
    "5": [
        137061.703125,
        280656.375,
        30578.01171875
    ],
    "6": [
        145194.484375,
        274696.21875,
        15289.005859375
    ],
    "7": [
        146257.25,
        269257.3125,
        7644.5029296875
    ]
}