{
    "0": [
        202387.5,
        202387.5,
        291219.15625
    ],
    "1": [
        202387.5,
        202387.5,
        291219.15625
    ],
    "2": [
        164135.6875,
        194668.234375,
        145609.578125
    ],
    "3": [
        160681.078125,
        173879.265625,
        101926.703125
    ],
    "4": [
        178477.21875,
        209157.59375,
        61156.0234375
    ],
    "5": [
        151497.6875,
        201109.390625,
        30578.01171875
    ],
    "6": [
        145593.28125,
        202452.875,
        15289.005859375
    ],
    "7": [
        141391.40625,
        208814.71875,
        7644.5029296875
    ]
}