{
    "0": [
        202387.5,
        202387.5,
        291219.15625
    ],
    "1": [
        202387.5,
        202387.5,
        291219.15625
    ],
    "2": [
        186076.40625,
        184711,
        145609.578125
    ],
    "3": [
        174075.578125,
        195620.453125,
        101926.703125
    ],
    "4": [
        167798.90625,
        214816.046875,
        61156.0234375
    ],
    "5": [
        171612.578125,
        232740.546875,
        30578.01171875
    ],
    "6": [
        173635.359375,
        219124.40625,
        15289.005859375
    ],
    "7": [
        179058.9375,
        215485.375,
        7644.5029296875
    ],
    "8": [
        177208.921875,
        217272.9375,
        3822.25146484375
    ]
}