{
    "0": [
        202387.5,
        202387.5,
        291219.15625
    ],
    "1": [
        202387.5,
        202387.5,
        291219.15625
    ],
    "2": [
        201811.65625,
        168533.609375,
        145609.578125
    ],
    "3": [
        229805.9375,
        192577.90625,
        101926.703125
    ],
    "4": [
        246742.125,
        196961.125,
        61156.0234375
    ],
    "5": [
        275472.5625,
        205236.046875,
        30578.01171875
    ],
    "6": [
        274685.75,
        206098.890625,
        15289.005859375
    ],
    "7": [
        270800.09375,
        201767.6875,
        7644.5029296875
    ]
}