{
    "0": [
        202387.5,
        202387.5,
        291219.15625
    ],
    "1": [
        202387.5,
        202387.5,
        291219.15625
    ],
    "2": [
        154630.8125,
        187851.484375,
        145609.578125
    ],
    "3": [
        119206.6328125,
        199262.359375,
        101926.703125
    ],
    "4": [
        145173.390625,
        223794.65625,
        61156.0234375
    ],
    "5": [
        153127.390625,
        248792.03125,
        30578.01171875
    ],
    "6": [
        160236.03125,
        252184.453125,
        15289.005859375
    ],
    "7": [
        162382.359375,
        245446.15625,
        7644.5029296875
    ],
    "8": [
        164060.59375,
        248123.828125,
        3822.25146484375
    ]
}