{
    "0": [
        202387.5,
        202387.5,
        291219.15625
    ],
    "1": [
        202387.5,
        202387.5,
        291219.15625
    ],
    "2": [
        283278.6875,
        127512.546875,
        145609.578125
    ],
    "3": [
        298701.65625,
        119540.15625,
        101926.703125
    ],
    "4": [
        319982.59375,
        103145.703125,
        61156.0234375
    ],
    "5": [
        325965.625,
        113559.78125,
        30578.01171875
    ],
    "6": [
        328112.375,
        113936.8125,
        15289.005859375
    ],
    "7": [
        325936.90625,
        119355.9453125,
        7644.5029296875
    ]
}