{
    "0": [
        202387.5,
        202387.5,
        291219.15625
    ],
    "1": [
        202387.5,
        202387.5,
        291219.15625
    ],
    "2": [
        212860.765625,
        126169.859375,
        145609.578125
    ],
    "3": [
        232576.921875,
        161897.609375,
        101926.703125
    ],
    "4": [
        210171.375,
        164691.515625,
        61156.0234375
    ],
    "5": [
        204876.046875,
        184750.8125,
        30578.01171875
    ],
    "6": [
        217835.515625,
        179992.625,
        15289.005859375
    ],
    "7": [
        220106.4375,
        179783.90625,
        7644.5029296875
    ],
    "8": [
        219902.796875,
        176115.953125,
        3822.25146484375
    ]
}