{
    "0": [
        202387.5,
        202387.5,
        291219.15625
    ],
    "1": [
        202387.5,
        202387.5,
        291219.15625
    ],
    "2": [
        317654.5625,
        189989.140625,
        145609.578125
    ],
    "3": [
        323501.8125,
        158951.84375,
        101926.703125
    ],
    "4": [
        363997.28125,
        160692.09375,
        61156.0234375
    ],
    "5": [
        382513.5,
        161508.28125,
        30578.01171875
    ],
    "6": [
        377167.46875,
        155601.65625,
        15289.005859375
    ],
    "7": [
        376907.75,
        155168,
        7644.5029296875
    ]
}