{
    "0": [
        202387.5,
        202387.5,
        291219.15625
    ],
    "1": [
        202387.5,
        202387.5,
        291219.15625
    ],
    "2": [
        296432.8125,
        236651.65625,
        145609.578125
    ],
    "3": [
        303868.96875,
        236776.421875,
        101926.703125
    ],
    "4": [
        311413.40625,
        237329.8125,
        61156.0234375
    ],
    "5": [
        305845.34375,
        214319.171875,
        30578.01171875
    ],
    "6": [
        292584,
        207908.359375,
        15289.005859375
    ],
    "7": [
        285834.40625,
        211140.75,
        7644.5029296875
    ]
}