{
    "0": [
        202387.5,
        202387.5,
        291219.15625
    ],
    "1": [
        202387.5,
        202387.5,
        291219.15625
    ],
    "2": [
        204678.203125,
        237475.71875,
        145609.578125
    ],
    "3": [
        203936.75,
        270314.96875,
        101926.703125
    ],
    "4": [
        242171.859375,
        269402.15625,
        61156.0234375
    ],
    "5": [
        247380.953125,
        240948.328125,
        30578.01171875
    ],
    "6": [
        251508.390625,
        241243.09375,
        15289.005859375
    ],
    "7": [
        252890.328125,
        244915.96875,
        7644.5029296875
    ],
    "8": [
        254452.40625,
        243702.46875,
        3822.25146484375
    ]
}