{
    "0": [
        202387.5,
        202387.5,
        291219.15625
    ],
    "1": [
        202387.5,
        202387.5,
        291219.15625
    ],
    "2": [
        142264.3125,
        164427.375,
        145609.578125
    ],
    "3": [
        122765.1875,
        141940.359375,
        101926.703125
    ],
    "4": [
        128597.828125,
        176136.96875,
        61156.0234375
    ],
    "5": [
        113628.6328125,
        193476.984375,
        30578.01171875
    ],
    "6": [
        124039.0625,
        193778.140625,
        15289.005859375
    ],
    "7": [
        130605.5546875,
        193744.515625,
        7644.5029296875
    ],
    "8": [
        133345.3125,
        195670.453125,
        3822.25146484375
    ]
}