{
    "0": [
        202387.5,
        202387.5,
        291219.15625
    ],
    "1": [
        202387.5,
        202387.5,
        291219.15625
    ],
    "2": [
        243620.890625,
        218885.296875,
        145609.578125
    ],
    "3": [
        228690.609375,
        225654.953125,
        101926.703125
    ],
    "4": [
        210118.328125,
        205964.34375,
        61156.0234375
    ],
    "5": [
        190785.078125,
        185883.125,
        30578.01171875
    ],
    "6": [
        199389.359375,
        182584.71875,
        15289.005859375
    ],
    "7": [
        200419.484375,
        187502.5625,
        7644.5029296875
    ]
}