{
    "0": [
        202387.5,
        202387.5,
        291219.15625
    ],
    "1": [
        202387.5,
        202387.5,
        291219.15625
    ],
    "2": [
        222812.484375,
        132844.21875,
        145609.578125
    ],
    "3": [
        212706.34375,
        154174.078125,
        101926.703125
    ],
    "4": [
        230302,
        189391.46875,
        61156.0234375
    ],
    "5": [
        228081.03125,
        212815.546875,
        30578.01171875
    ],
    "6": [
        219614,
        215300.234375,
        15289.005859375
    ],
    "7": [
        218650.625,
        209715.15625,
        7644.5029296875
    ]
}