{
    "0": [
        202387.5,
        202387.5,
        291219.15625
    ],
    "1": [
        202387.5,
        202387.5,
        291219.15625
    ],
    "2": [
        224863.390625,
        189694.3125,
        145609.578125
    ],
    "3": [
        230893.4375,
        182067.234375,
        101926.703125
    ],
    "4": [
        237159.5625,
        208680,
        61156.0234375
    ],
    "5": [
        231652.625,
        197561.4375,
        30578.01171875
    ],
    "6": [
        232370.34375,
        205374.71875,
        15289.005859375
    ],
    "7": [
        229169.984375,
        210878.578125,
        7644.5029296875
    ]
}