{
    "0": [
        202387.5,
        202387.5,
        291219.15625
    ],
    "1": [
        202387.5,
        202387.5,
        291219.15625
    ],
    "2": [
        123797.6015625,
        185000.171875,
        145609.578125
    ],
    "3": [
        142057.28125,
        148306.53125,
        101926.703125
    ],
    "4": [
        150382.984375,
        173111.265625,
        61156.0234375
    ],
    "5": [
        137706.359375,
        188480.53125,
        30578.01171875
    ],
    "6": [
        140183.53125,
        179312.515625,
        15289.005859375
    ],
    "7": [
        141312.6875,
        184888,
        7644.5029296875
    ]
}