{
    "0": [
        202387.5,
        202387.5,
        291219.15625
    ],
    "1": [
        202387.5,
        202387.5,
        291219.15625
    ],
    "2": [
        274608.4375,
        193943.984375,
        145609.578125
    ],
    "3": [
        290193.09375,
        218128.125,
        101926.703125
    ],
    "4": [
        259950.953125,
        207599.890625,
        61156.0234375
    ],
    "5": [
        284694.4375,
        195948.671875,
        30578.01171875
    ],
    "6": [
        294450.375,
        194933.296875,
        15289.005859375
    ],
    "7": [
        296157.5,
        198460.796875,
        7644.5029296875
    ],
    "8": [
        296694.8125,
        202076.3125,
        3822.25146484375
    ]
}