{
    "0": [
        202387.5,
        202387.5,
        291219.15625
    ],
    "1": [
        202387.5,
        202387.5,
        291219.15625
    ],
    "2": [
        235767.625,
        226502.296875,
        145609.578125
    ],
    "3": [
        231102.53125,
        232716.203125,
        101926.703125
    ],
    "4": [
        241146.640625,
        238598.046875,
        61156.0234375
    ],
    "5": [
        222193.109375,
        224983.53125,
        30578.01171875
    ],
    "6": [
        227938.09375,
        219967.6875,
        15289.005859375
    ],
    "7": [
        225599.34375,
        224373.078125,
        7644.5029296875
    ]
}