{
    "0": [
        202387.5,
        202387.5,
        291219.15625
    ],
    "1": [
        202387.5,
        202387.5,
        291219.15625
    ],
    "2": [
        146054.71875,
        243621.609375,
        145609.578125
    ],
    "3": [
        177845.125,
        220866.8125,
        101926.703125
    ],
    "4": [
        152248.40625,
        239240.5,
        61156.0234375
    ],
    "5": [
        149626.84375,
        214751.9375,
        30578.01171875
    ],
    "6": [
        143229.171875,
        214827.25,
        15289.005859375
    ],
    "7": [
        144187.953125,
        217019.21875,
        7644.5029296875
    ]
}