{
    "0": [
        202387.5,
        202387.5,
        291219.15625
    ],
    "1": [
        202387.5,
        202387.5,
        291219.15625
    ],
    "2": [
        106800.734375,
        165735.53125,
        145609.578125
    ],
    "3": [
        70241.078125,
        164004.609375,
        101926.703125
    ],
    "4": [
        51347.19140625,
        154076.1875,
        61156.0234375
    ],
    "5": [
        58156.3125,
        151049.390625,
        30578.01171875
    ],
    "6": [
        66678.9375,
        147204,
        15289.005859375
    ],
    "7": [
        65041.66796875,
        142472.921875,
        7644.5029296875
    ]
}