{
    "0": [
        202387.5,
        202387.5,
        291219.15625
    ],
    "1": [
        202387.5,
        202387.5,
        291219.15625
    ],
    "2": [
        209583.078125,
        196649.421875,
        145609.578125
    ],
    "3": [
        243708.34375,
        216671.671875,
        101926.703125
    ],
    "4": [
        215643.21875,
        198435.296875,
        61156.0234375
    ],
    "5": [
        211724.859375,
        184276.296875,
        30578.01171875
    ],
    "6": [
        198095.90625,
        189799.390625,
        15289.005859375
    ],
    "7": [
        196238.828125,
        186499.34375,
        7644.5029296875
    ],
    "8": [
        197598.703125,
        186582.984375,
        3822.25146484375
    ]
}