{
    "0": [
        202387.5,
        202387.5,
        291219.15625
    ],
    "1": [
        202387.5,
        202387.5,
        291219.15625
    ],
    "2": [
        285444.75,
        261721.1875,
        145609.578125
    ],
    "3": [
        317755.15625,
        237862.0625,
        101926.703125
    ],
    "4": [
        308722.90625,
        238679.34375,
        61156.0234375
    ],
    "5": [
        327284.125,
        255515.625,
        30578.01171875
    ],
    "6": [
        338723.625,
        251849.078125,
        15289.005859375
    ]
}