{
    "0": [
        202387.5,
        202387.5,
        291219.15625
    ],
    "1": [
        202387.5,
        202387.5,
        291219.15625
    ],
    "2": [
        145464.546875,
        129714.5625,
        145609.578125
    ],
    "3": [
        119157.328125,
        162209.84375,
        101926.703125
    ],
    "4": [
        90921.359375,
        189687.296875,
        61156.0234375
    ],
    "5": [
        102161.5546875,
        185737.84375,
        30578.01171875
    ],
    "6": [
        98366.8359375,
        188419.921875,
        15289.005859375
    ],
    "7": [
        96660.4296875,
        185736.375,
        7644.5029296875
    ],
    "8": [
        97351.3203125,
        185320.890625,
        3822.25146484375
    ]
}