{
    "0": [
        202387.5,
        202387.5,
        291219.15625
    ],
    "1": [
        202387.5,
        202387.5,
        291219.15625
    ],
    "2": [
        121785.1015625,
        202581.859375,
        145609.578125
    ],
    "3": [
        85169.15625,
        215798.109375,
        101926.703125
    ],
    "4": [
        54426.9375,
        226532.96875,
        61156.0234375
    ],
    "5": [
        42279.98046875,
        208467.296875,
        30578.01171875
    ],
    "6": [
        52532.30078125,
        202380.53125,
        15289.005859375
    ],
    "7": [
        49098.25,
        204141.125,
        7644.5029296875
    ]
}