{
    "0": [
        202387.5,
        202387.5,
        291219.15625
    ],
    "1": [
        202387.5,
        202387.5,
        291219.15625
    ],
    "2": [
        193098.59375,
        285557.625,
        145609.578125
    ],
    "3": [
        225925.875,
        277045.8125,
        101926.703125
    ],
    "4": [
        214076.125,
        250920.234375,
        61156.0234375
    ],
    "5": [
        234748.25,
        237228.25,
        30578.01171875
    ],
    "6": [
        247076.359375,
        239461.78125,
        15289.005859375
    ],
    "7": [
        248677.125,
        241130.34375,
        7644.5029296875
    ]
}