{
    "0": [
        202387.5,
        202387.5,
        291219.15625
    ],
    "1": [
        202387.5,
        202387.5,
        291219.15625
    ],
    "2": [
        175440.96875,
        121784.28125,
        145609.578125
    ],
    "3": [
        138866.546875,
        144742.9375,
        101926.703125
    ],
    "4": [
        128391.0859375,
        112224.2421875,
        61156.0234375
    ],
    "5": [
        132645.4375,
        112560.40625,
        30578.01171875
    ],
    "6": [
        128117.828125,
        118452.546875,
        15289.005859375
    ],
    "7": [
        125917.5859375,
        118851.796875,
        7644.5029296875
    ]
}