{
    "0": [
        202387.5,
        202387.5,
        291219.15625
    ],
    "1": [
        202387.5,
        202387.5,
        291219.15625
    ],
    "2": [
        194743.75,
        169933.421875,
        145609.578125
    ],
    "3": [
        197012.3125,
        127161.78125,
        101926.703125
    ],
    "4": [
        210567.359375,
        96429.96875,
        61156.0234375
    ],
    "5": [
        220931.671875,
        110204.890625,
        30578.01171875
    ],
    "6": [
        229635.25,
        109925.3984375,
        15289.005859375
    ],
    "7": [
        235609.578125,
        113391.8046875,
        7644.5029296875
    ],
    "8": [
        236811.109375,
        112264.484375,
        3822.25146484375
    ]
}