{
    "0": [
        202387.5,
        202387.5,
        291219.15625
    ],
    "1": [
        202387.5,
        202387.5,
        291219.15625
    ],
    "2": [
        113381.34375,
        144179.875,
        145609.578125
    ],
    "3": [
        145814.171875,
        125965.203125,
        101926.703125
    ],
    "4": [
        175858.6875,
        110668.5703125,
        61156.0234375
    ],
    "5": [
        172361.296875,
        87367.25,
        30578.01171875
    ],
    "6": [
        178987.296875,
        84564.1015625,
        15289.005859375
    ]
}