{
    "0": [
        202387.5,
        202387.5,
        291219.15625
    ],
    "1": [
        202387.5,
        202387.5,
        291219.15625
    ],
    "2": [
        87825.2734375,
        188328.875,
        145609.578125
    ],
    "3": [
        57456.9375,
        198469.53125,
        101926.703125
    ],
    "4": [
        50677.15234375,
        215283.515625,
        61156.0234375
    ],
    "5": [
        61410.3828125,
        203557.03125,
        30578.01171875
    ],
    "6": [
        60392.05859375,
        215679.578125,
        15289.005859375
    ],
    "7": [
        61648.00390625,
        211442.484375,
        7644.5029296875
    ]
}