{
    "0": [
        202387.5,
        202387.5,
        291219.15625
    ],
    "1": [
        202387.5,
        202387.5,
        291219.15625
    ],
    "2": [
        142432.90625,
        221415.0625,
        145609.578125
    ],
    "3": [
        172066.03125,
        196507.96875,
        101926.703125
    ],
    "4": [
        145734.703125,
        166500.96875,
        61156.0234375
    ],
    "5": [
        142567.375,
        151885.875,
        30578.01171875
    ],
    "6": [
        132199.46875,
        140932.8125,
        15289.005859375
    ]
}