{
    "0": [
        202387.5,
        202387.5,
        291219.15625
    ],
    "1": [
        202387.5,
        202387.5,
        291219.15625
    ],
    "2": [
        137578.46875,
        220869.3125,
        145609.578125
    ],
    "3": [
        152843.1875,
        238660.671875,
        101926.703125
    ],
    "4": [
        181044.3125,
        235210.53125,
        61156.0234375
    ],
    "5": [
        159193.890625,
        245164.640625,
        30578.01171875
    ],
    "6": [
        172395.921875,
        241772.96875,
        15289.005859375
    ],
    "7": [
        172853.5,
        239839.703125,
        7644.5029296875
    ],
    "8": [
        173671.671875,
        240288.84375,
        3822.25146484375
    ]
}