{
    "0": [
        202387.5,
        202387.5,
        291219.15625
    ],
    "1": [
        202387.5,
        202387.5,
        291219.15625
    ],
    "2": [
        241503.671875,
        134804.625,
        145609.578125
    ],
    "3": [
        223152.265625,
        100684.3125,
        101926.703125
    ],
    "4": [
        249317.375,
        120927.453125,
        61156.0234375
    ],
    "5": [
        253123.71875,
        129692.7265625,
        30578.01171875
    ],
    "6": [
        249155.1875,
        133422.15625,
        15289.005859375
    ],
    "7": [
        244214.796875,
        130963.9140625,
        7644.5029296875
    ],
    "8": [
        246633.640625,
        129248.9296875,
        3822.25146484375
    ]
}