{
    "0": [
        202387.5,
        202387.5,
        291219.15625
    ],
    "1": [
        202387.5,
        202387.5,
        291219.15625
    ],
    "2": [
        251727.875,
        117620.9140625,
        145609.578125
    ],
    "3": [
        209897.375,
        118585.09375,
        101926.703125
    ],
    "4": [
        222802.359375,
        104345.34375,
        61156.0234375
    ],
    "5": [
        232280.890625,
        125662.734375,
        30578.01171875
    ],
    "6": [
        225195.90625,
        118412.7109375,
        15289.005859375
    ],
    "7": [
        225863.265625,
        120114.9921875,
        7644.5029296875
    ]
}