{
    "0": [
        202387.5,
        202387.5,
        291219.15625
    ],
    "1": [
        202387.5,
        202387.5,
        291219.15625
    ],
    "2": [
        165223.40625,
        229473.3125,
        145609.578125
    ],
    "3": [
        153458.203125,
        196593.5625,
        101926.703125
    ],
    "4": [
        160320.1875,
        227429.96875,
        61156.0234375
    ],
    "5": [
        153522.640625,
        241781.359375,
        30578.01171875
    ],
    "6": [
        150195.578125,
        233185.609375,
        15289.005859375
    ],
    "7": [
        154199.265625,
        234424.375,
        7644.5029296875
    ]
}