{
    "0": [
        202387.5,
        202387.5,
        291219.15625
    ],
    "1": [
        202387.5,
        202387.5,
        291219.15625
    ],
    "2": [
        200775.859375,
        247266.78125,
        145609.578125
    ],
    "3": [
        206882.34375,
        236550.3125,
        101926.703125
    ],
    "4": [
        219231.015625,
        232105.984375,
        61156.0234375
    ],
    "5": [
        224716.421875,
        208923.359375,
        30578.01171875
    ],
    "6": [
        232055.765625,
        218443.953125,
        15289.005859375
    ],
    "7": [
        232603.0625,
        221975.578125,
        7644.5029296875
    ]
}