{
    "0": [
        202387.5,
        202387.5,
        291219.15625
    ],
    "1": [
        202387.5,
        202387.5,
        291219.15625
    ],
    "2": [
        186059.265625,
        124256.21875,
        145609.578125
    ],
    "3": [
        145083.921875,
        117990.1640625,
        101926.703125
    ],
    "4": [
        153177.3125,
        87922.171875,
        61156.0234375
    ],
    "5": [
        142849.90625,
        116030.5078125,
        30578.01171875
    ],
    "6": [
        147778.5625,
        125335.3046875,
        15289.005859375
    ],
    "7": [
        150170.125,
        122294.2265625,
        7644.5029296875
    ]
}