{
    "0": [
        202387.5,
        202387.5,
        291219.15625
    ],
    "1": [
        202387.5,
        202387.5,
        291219.15625
    ],
    "2": [
        270158.125,
        295926.65625,
        145609.578125
    ],
    "3": [
        250026.453125,
        324095.78125,
        101926.703125
    ],
    "4": [
        253795.46875,
        298505.09375,
        61156.0234375
    ],
    "5": [
        223676.171875,
        294026.96875,
        30578.01171875
    ],
    "6": [
        233163.625,
        287337.78125,
        15289.005859375
    ]
}