{
    "0": [
        202387.5,
        202387.5,
        291219.15625
    ],
    "1": [
        202387.5,
        202387.5,
        291219.15625
    ],
    "2": [
        227008.453125,
        311729.5625,
        145609.578125
    ],
    "3": [
        235036.40625,
        332066.5,
        101926.703125
    ],
    "4": [
        261414.265625,
        326515.625,
        61156.0234375
    ],
    "5": [
        249678.6875,
        351502.875,
        30578.01171875
    ],
    "6": [
        245864.515625,
        352446.84375,
        15289.005859375
    ],
    "7": [
        241303.4375,
        352469.5,
        7644.5029296875
    ],
    "8": [
        241692.859375,
        351530.75,
        3822.25146484375
    ],
    "9": [
        242253.875,
        351205.90625,
        1911.125732421875
    ]
}