{
    "0": [
        202387.5,
        202387.5,
        291219.15625
    ],
    "1": [
        202387.5,
        202387.5,
        291219.15625
    ],
    "2": [
        273996.65625,
        110603.3515625,
        145609.578125
    ],
    "3": [
        247090.984375,
        94931.4765625,
        101926.703125
    ],
    "4": [
        258311.59375,
        104636.203125,
        61156.0234375
    ],
    "5": [
        279541.875,
        105495.5390625,
        30578.01171875
    ],
    "6": [
        283079.84375,
        110509.1015625,
        15289.005859375
    ],
    "7": [
        284042.34375,
        111317.0625,
        7644.5029296875
    ]
}