{
    "0": [
        202387.5,
        202387.5,
        291219.15625
    ],
    "1": [
        202387.5,
        202387.5,
        291219.15625
    ],
    "2": [
        280453.75,
        243925.921875,
        145609.578125
    ],
    "3": [
        244444.046875,
        258585.71875,
        101926.703125
    ],
    "4": [
        256346.890625,
        243447.578125,
        61156.0234375
    ],
    "5": [
        270144.5625,
        222486.46875,
        30578.01171875
    ],
    "6": [
        271835.375,
        222061.28125,
        15289.005859375
    ],
    "7": [
        272726.5625,
        219323.125,
        7644.5029296875
    ]
}