{
    "0": [
        202387.5,
        202387.5,
        291219.15625
    ],
    "1": [
        202387.5,
        202387.5,
        291219.15625
    ],
    "2": [
        282148.3125,
        232224,
        145609.578125
    ],
    "3": [
        247976.34375,
        222565.890625,
        101926.703125
    ],
    "4": [
        242699.28125,
        225581.1875,
        61156.0234375
    ],
    "5": [
        258617.625,
        227758.015625,
        30578.01171875
    ],
    "6": [
        247784.59375,
        229686.8125,
        15289.005859375
    ],
    "7": [
        253505.5625,
        226533.734375,
        7644.5029296875
    ],
    "8": [
        256475.890625,
        228663.171875,
        3822.25146484375
    ],
    "9": [
        256905.84375,
        228221.640625,
        1911.125732421875
    ]
}