{
    "0": [
        202387.5,
        202387.5,
        291219.15625
    ],
    "1": [
        202387.5,
        202387.5,
        291219.15625
    ],
    "2": [
        241170.53125,
        218590.03125,
        145609.578125
    ],
    "3": [
        226110.890625,
        233504.5,
        101926.703125
    ],
    "4": [
        214449.578125,
        260191.125,
        61156.0234375
    ],
    "5": [
        196278.703125,
        268940.9375,
        30578.01171875
    ],
    "6": [
        196572.203125,
        274978.5,
        15289.005859375
    ],
    "7": [
        192925.625,
        268931.125,
        7644.5029296875
    ],
    "8": [
        195537.21875,
        270924.21875,
        3822.25146484375
    ]
}