{
    "0": [
        202387.5,
        202387.5,
        291219.15625
    ],
    "1": [
        202387.5,
        202387.5,
        291219.15625
    ],
    "2": [
        305778.03125,
        229273.375,
        145609.578125
    ],
    "3": [
        296844.1875,
        205252.890625,
        101926.703125
    ],
    "4": [
        281547.03125,
        226142.046875,
        61156.0234375
    ],
    "5": [
        278275.0625,
        215590.390625,
        30578.01171875
    ],
    "6": [
        273489.15625,
        211533.125,
        15289.005859375
    ],
    "7": [
        269218.53125,
        209095.734375,
        7644.5029296875
    ],
    "8": [
        269004.8125,
        208471.796875,
        3822.25146484375
    ]
}