{
    "0": [
        202387.5,
        202387.5,
        291219.15625
    ],
    "1": [
        202387.5,
        202387.5,
        291219.15625
    ],
    "2": [
        98173.6953125,
        161139.796875,
        145609.578125
    ],
    "3": [
        76592.0234375,
        132923.484375,
        101926.703125
    ],
    "4": [
        84475.765625,
        155231.21875,
        61156.0234375
    ],
    "5": [
        69707.5390625,
        169427.09375,
        30578.01171875
    ],
    "6": [
        59576.62109375,
        159384.78125,
        15289.005859375
    ],
    "7": [
        58613.00390625,
        156305.15625,
        7644.5029296875
    ]
}