{
    "0": [
        202387.5,
        202387.5,
        291219.15625
    ],
    "1": [
        202387.5,
        202387.5,
        291219.15625
    ],
    "2": [
        247309.859375,
        149900.0625,
        145609.578125
    ],
    "3": [
        268861.875,
        186792.4375,
        101926.703125
    ],
    "4": [
        276306.34375,
        180115.46875,
        61156.0234375
    ],
    "5": [
        274223.1875,
        170163.546875,
        30578.01171875
    ],
    "6": [
        262736.5,
        177188.484375,
        15289.005859375
    ],
    "7": [
        266104.3125,
        174325.34375,
        7644.5029296875
    ]
}