{
    "0": [
        202387.5,
        202387.5,
        291219.15625
    ],
    "1": [
        202387.5,
        202387.5,
        291219.15625
    ],
    "2": [
        118845.9921875,
        192260.46875,
        145609.578125
    ],
    "3": [
        130370.6484375,
        188742.578125,
        101926.703125
    ],
    "4": [
        106642.671875,
        198312.859375,
        61156.0234375
    ],
    "5": [
        120498.90625,
        171787.65625,
        30578.01171875
    ],
    "6": [
        123251.1796875,
        159568.1875,
        15289.005859375
    ],
    "7": [
        123972.5546875,
        161775.65625,
        7644.5029296875
    ],
    "8": [
        123992.515625,
        160499.28125,
        3822.25146484375
    ],
    "9": [
        124407.4375,
        160077.234375,
        1911.125732421875
    ]
}