{
    "0": [
        202387.5,
        202387.5,
        291219.15625
    ],
    "1": [
        202387.5,
        202387.5,
        291219.15625
    ],
    "2": [
        253778.265625,
        149394.34375,
        145609.578125
    ],
    "3": [
        261423.484375,
        114322.671875,
        101926.703125
    ],
    "4": [
        266450.15625,
        141044.390625,
        61156.0234375
    ],
    "5": [
        276513.59375,
        138034.640625,
        30578.01171875
    ],
    "6": [
        279700.53125,
        131606.546875,
        15289.005859375
    ],
    "7": [
        276665.71875,
        138097.46875,
        7644.5029296875
    ],
    "8": [
        276272.6875,
        140153.46875,
        3822.25146484375
    ]
}