{
    "0": [
        202387.5,
        202387.5,
        291219.15625
    ],
    "1": [
        202387.5,
        202387.5,
        291219.15625
    ],
    "2": [
        181924.703125,
        291517.5625,
        145609.578125
    ],
    "3": [
        165018.34375,
        280027.9375,
        101926.703125
    ],
    "4": [
        201366.578125,
        283823.9375,
        61156.0234375
    ],
    "5": [
        223800.859375,
        275658.25,
        30578.01171875
    ],
    "6": [
        225017.9375,
        287751.3125,
        15289.005859375
    ],
    "7": [
        220357.390625,
        289193,
        7644.5029296875
    ]
}