{
    "0": [
        202387.5,
        202387.5,
        291219.15625
    ],
    "1": [
        202387.5,
        202387.5,
        291219.15625
    ],
    "2": [
        256652.578125,
        112174.1953125,
        145609.578125
    ],
    "3": [
        249826.265625,
        93652.2734375,
        101926.703125
    ],
    "4": [
        259486.4375,
        76154.5625,
        61156.0234375
    ],
    "5": [
        233724.765625,
        66073.1796875,
        30578.01171875
    ],
    "6": [
        235333.875,
        79445.6640625,
        15289.005859375
    ],
    "7": [
        238511.65625,
        77100.8515625,
        7644.5029296875
    ]
}