{
    "0": [
        202387.5,
        202387.5,
        291219.15625
    ],
    "1": [
        202387.5,
        202387.5,
        291219.15625
    ],
    "2": [
        216250.828125,
        282740,
        145609.578125
    ],
    "3": [
        259518.875,
        282828.71875,
        101926.703125
    ],
    "4": [
        252360.125,
        317704.25,
        61156.0234375
    ],
    "5": [
        245876.671875,
        298433.6875,
        30578.01171875
    ],
    "6": [
        249501.234375,
        302567.40625,
        15289.005859375
    ]
}