{
    "0": [
        202387.5,
        202387.5,
        291219.15625
    ],
    "1": [
        202387.5,
        202387.5,
        291219.15625
    ],
    "2": [
        242448.34375,
        289247.5,
        145609.578125
    ],
    "3": [
        231278.09375,
        328999.03125,
        101926.703125
    ],
    "4": [
        225832.21875,
        338982.65625,
        61156.0234375
    ],
    "5": [
        245299.59375,
        338870.15625,
        30578.01171875
    ],
    "6": [
        257402.46875,
        345865.625,
        15289.005859375
    ]
}