{
    "0": [
        202387.5,
        202387.5,
        291219.15625
    ],
    "1": [
        202387.5,
        202387.5,
        291219.15625
    ],
    "2": [
        151789.390625,
        257171.3125,
        145609.578125
    ],
    "3": [
        147313.390625,
        268610.21875,
        101926.703125
    ],
    "4": [
        139361.15625,
        265014.875,
        61156.0234375
    ],
    "5": [
        165993.734375,
        259921.25,
        30578.01171875
    ],
    "6": [
        169264.359375,
        258202.4375,
        15289.005859375
    ],
    "7": [
        173180.90625,
        264278.84375,
        7644.5029296875
    ]
}