{
    "0": [
        202387.5,
        202387.5,
        291219.15625
    ],
    "1": [
        202387.5,
        202387.5,
        291219.15625
    ],
    "2": [
        108886.8125,
        236072,
        145609.578125
    ],
    "3": [
        144139.171875,
        250738.6875,
        101926.703125
    ],
    "4": [
        147948.921875,
        276019.375,
        61156.0234375
    ],
    "5": [
        121470.390625,
        277750.65625,
        30578.01171875
    ],
    "6": [
        131598.34375,
        276941.125,
        15289.005859375
    ],
    "7": [
        136079.09375,
        279437.0625,
        7644.5029296875
    ]
}