{
    "0": [
        202387.5,
        202387.5,
        291219.15625
    ],
    "1": [
        202387.5,
        202387.5,
        291219.15625
    ],
    "2": [
        244116.765625,
        109151.0859375,
        145609.578125
    ],
    "3": [
        216710.71875,
        131654.296875,
        101926.703125
    ],
    "4": [
        233756.59375,
        110909.0859375,
        61156.0234375
    ],
    "5": [
        216815.0625,
        105367.7109375,
        30578.01171875
    ],
    "6": [
        203728.1875,
        110548.953125,
        15289.005859375
    ],
    "7": [
        206394.921875,
        103489.5625,
        7644.5029296875
    ]
}