{
    "0": [
        202387.5,
        202387.5,
        291219.15625
    ],
    "1": [
        202387.5,
        202387.5,
        291219.15625
    ],
    "2": [
        159135.890625,
        163948.125,
        145609.578125
    ],
    "3": [
        124257.6328125,
        149576.4375,
        101926.703125
    ],
    "4": [
        146385.671875,
        130807.609375,
        61156.0234375
    ],
    "5": [
        140843.296875,
        149708.34375,
        30578.01171875
    ],
    "6": [
        137966.484375,
        142282.4375,
        15289.005859375
    ]
}