{
    "0": [
        202387.5,
        202387.5,
        291219.15625
    ],
    "1": [
        202387.5,
        202387.5,
        291219.15625
    ],
    "2": [
        214406.390625,
        269198,
        145609.578125
    ],
    "3": [
        241265.25,
        261381.640625,
        101926.703125
    ],
    "4": [
        225232.546875,
        281525.34375,
        61156.0234375
    ],
    "5": [
        218689.1875,
        278809.90625,
        30578.01171875
    ],
    "6": [
        222231.359375,
        270992.40625,
        15289.005859375
    ],
    "7": [
        221504.65625,
        276302,
        7644.5029296875
    ]
}