{
    "0": [
        202387.5,
        202387.5,
        291219.15625
    ],
    "1": [
        202387.5,
        202387.5,
        291219.15625
    ],
    "2": [
        243795.078125,
        290379.75,
        145609.578125
    ],
    "3": [
        267100.28125,
        307025.875,
        101926.703125
    ],
    "4": [
        296229.71875,
        323314.84375,
        61156.0234375
    ],
    "5": [
        322243.46875,
        322907.90625,
        30578.01171875
    ],
    "6": [
        317697.96875,
        331463.28125,
        15289.005859375
    ]
}