{
    "0": [
        202387.5,
        202387.5,
        291219.15625
    ],
    "1": [
        202387.5,
        202387.5,
        291219.15625
    ],
    "2": [
        232215.921875,
        265316.90625,
        145609.578125
    ],
    "3": [
        204936.28125,
        261543.1875,
        101926.703125
    ],
    "4": [
        226509.828125,
        243436.90625,
        61156.0234375
    ],
    "5": [
        240715.84375,
        218506.96875,
        30578.01171875
    ],
    "6": [
        230064.390625,
        213602.859375,
        15289.005859375
    ],
    "7": [
        235673.78125,
        216263.328125,
        7644.5029296875
    ],
    "8": [
        235903.03125,
        215702.4375,
        3822.25146484375
    ]
}