{
    "0": [
        202387.5,
        202387.5,
        291219.15625
    ],
    "1": [
        202387.5,
        202387.5,
        291219.15625
    ],
    "2": [
        156481.03125,
        174775.765625,
        145609.578125
    ],
    "3": [
        147291.640625,
        176257,
        101926.703125
    ],
    "4": [
        142346.328125,
        208875.875,
        61156.0234375
    ],
    "5": [
        155789.984375,
        193358.46875,
        30578.01171875
    ],
    "6": [
        152219.671875,
        197574.921875,
        15289.005859375
    ]
}