{
    "0": [
        202387.5,
        202387.5,
        291219.15625
    ],
    "1": [
        202387.5,
        202387.5,
        291219.15625
    ],
    "2": [
        191143.671875,
        236838.046875,
        145609.578125
    ],
    "3": [
        188333.3125,
        229217.796875,
        101926.703125
    ],
    "4": [
        180156.71875,
        199069.25,
        61156.0234375
    ],
    "5": [
        204131.71875,
        186115.84375,
        30578.01171875
    ],
    "6": [
        200813.21875,
        173589.609375,
        15289.005859375
    ],
    "7": [
        205739.296875,
        172000.265625,
        7644.5029296875
    ]
}