{
    "0": [
        202387.5,
        202387.5,
        291219.15625
    ],
    "1": [
        202387.5,
        202387.5,
        291219.15625
    ],
    "2": [
        192837.125,
        228066.40625,
        145609.578125
    ],
    "3": [
        203821.859375,
        220466.6875,
        101926.703125
    ],
    "4": [
        229380.4375,
        193717.953125,
        61156.0234375
    ],
    "5": [
        221454.328125,
        187121.046875,
        30578.01171875
    ],
    "6": [
        219276.640625,
        184814.96875,
        15289.005859375
    ],
    "7": [
        221572.28125,
        188853.96875,
        7644.5029296875
    ]
}