{
    "0": [
        202387.5,
        202387.5,
        291219.15625
    ],
    "1": [
        202387.5,
        202387.5,
        291219.15625
    ],
    "2": [
        220924.640625,
        290002.125,
        145609.578125
    ],
    "3": [
        220100.046875,
        329217.8125,
        101926.703125
    ],
    "4": [
        220932.53125,
        342027.78125,
        61156.0234375
    ],
    "5": [
        212169.9375,
        348652.6875,
        30578.01171875
    ],
    "6": [
        210323.203125,
        358651.53125,
        15289.005859375
    ],
    "7": [
        208250.765625,
        365893.09375,
        7644.5029296875
    ],
    "8": [
        205099.328125,
        367155.28125,
        3822.25146484375
    ]
}