{
    "0": [
        202387.5,
        202387.5,
        291219.15625
    ],
    "1": [
        202387.5,
        202387.5,
        291219.15625
    ],
    "2": [
        208688.140625,
        208039.046875,
        145609.578125
    ],
    "3": [
        190824.09375,
        201860.078125,
        101926.703125
    ],
    "4": [
        174531.8125,
        212189.796875,
        61156.0234375
    ],
    "5": [
        170724.078125,
        232333.375,
        30578.01171875
    ],
    "6": [
        182946.6875,
        235679.5625,
        15289.005859375
    ],
    "7": [
        187033.8125,
        239592.890625,
        7644.5029296875
    ]
}