{
    "0": [
        202387.5,
        202387.5,
        291219.15625
    ],
    "1": [
        202387.5,
        202387.5,
        291219.15625
    ],
    "2": [
        198753.25,
        243986.359375,
        145609.578125
    ],
    "3": [
        168992.640625,
        232718.78125,
        101926.703125
    ],
    "4": [
        181320.78125,
        207046,
        61156.0234375
    ],
    "5": [
        183524.6875,
        193610.734375,
        30578.01171875
    ],
    "6": [
        170304.796875,
        192119.546875,
        15289.005859375
    ],
    "7": [
        172749.640625,
        198700.671875,
        7644.5029296875
    ]
}