{
    "0": [
        202387.5,
        202387.5,
        291219.15625
    ],
    "1": [
        202387.5,
        202387.5,
        291219.15625
    ],
    "2": [
        218121.921875,
        251727.59375,
        145609.578125
    ],
    "3": [
        212424.78125,
        246466.4375,
        101926.703125
    ],
    "4": [
        203960.484375,
        245497.546875,
        61156.0234375
    ],
    "5": [
        186050.390625,
        251748.953125,
        30578.01171875
    ],
    "6": [
        187124.171875,
        242877.109375,
        15289.005859375
    ],
    "7": [
        187331.703125,
        243036.125,
        7644.5029296875
    ]
}