{
    "0": [
        202387.5,
        202387.5,
        291219.15625
    ],
    "1": [
        202387.5,
        202387.5,
        291219.15625
    ],
    "2": [
        252288.890625,
        169553.828125,
        145609.578125
    ],
    "3": [
        268620.6875,
        151620.203125,
        101926.703125
    ],
    "4": [
        249461.734375,
        156600.578125,
        61156.0234375
    ],
    "5": [
        253482.140625,
        145307.28125,
        30578.01171875
    ],
    "6": [
        246328.390625,
        133256.609375,
        15289.005859375
    ]
}