{
    "0": [
        202387.5,
        202387.5,
        291219.15625
    ],
    "1": [
        202387.5,
        202387.5,
        291219.15625
    ],
    "2": [
        131096.9375,
        277430.46875,
        145609.578125
    ],
    "3": [
        170049.9375,
        283025.0625,
        101926.703125
    ],
    "4": [
        185395.078125,
        316511,
        61156.0234375
    ],
    "5": [
        176773.46875,
        318012.90625,
        30578.01171875
    ],
    "6": [
        181824.734375,
        316499.125,
        15289.005859375
    ]
}