{
    "0": [
        202387.5,
        202387.5,
        291219.15625
    ],
    "1": [
        202387.5,
        202387.5,
        291219.15625
    ],
    "2": [
        153911.09375,
        150764.6875,
        145609.578125
    ],
    "3": [
        164516.03125,
        158836.203125,
        101926.703125
    ],
    "4": [
        142376.484375,
        190183.15625,
        61156.0234375
    ],
    "5": [
        145131.765625,
        196823.171875,
        30578.01171875
    ],
    "6": [
        137930.375,
        205840.234375,
        15289.005859375
    ],
    "7": [
        133734.765625,
        206423.4375,
        7644.5029296875
    ]
}