{
    "0": [
        202387.5,
        202387.5,
        291219.15625
    ],
    "1": [
        202387.5,
        202387.5,
        291219.15625
    ],
    "2": [
        158264.78125,
        198898.21875,
        145609.578125
    ],
    "3": [
        194574.6875,
        181569.515625,
        101926.703125
    ],
    "4": [
        217549.75,
        158026.546875,
        61156.0234375
    ],
    "5": [
        200123.859375,
        138525.390625,
        30578.01171875
    ],
    "6": [
        203826.890625,
        129122.234375,
        15289.005859375
    ],
    "7": [
        209988.46875,
        127093.8515625,
        7644.5029296875
    ]
}