{
    "0": [
        202387.5,
        202387.5,
        291219.15625
    ],
    "1": [
        202387.5,
        202387.5,
        291219.15625
    ],
    "2": [
        171208.25,
        102253.4921875,
        145609.578125
    ],
    "3": [
        157148.875,
        138648.96875,
        101926.703125
    ],
    "4": [
        140650.28125,
        158037.828125,
        61156.0234375
    ],
    "5": [
        145469.5,
        135950.21875,
        30578.01171875
    ],
    "6": [
        146699.625,
        131508.890625,
        15289.005859375
    ],
    "7": [
        141041.296875,
        128063.828125,
        7644.5029296875
    ]
}