{
    "0": [
        202387.5,
        202387.5,
        291219.15625
    ],
    "1": [
        202387.5,
        202387.5,
        291219.15625
    ],
    "2": [
        235814.140625,
        121617.75,
        145609.578125
    ],
    "3": [
        220223.125,
        108775.859375,
        101926.703125
    ],
    "4": [
        188268.75,
        133107.5,
        61156.0234375
    ],
    "5": [
        187245.84375,
        154761.265625,
        30578.01171875
    ],
    "6": [
        194142.203125,
        161010.46875,
        15289.005859375
    ],
    "7": [
        193132.96875,
        168188.390625,
        7644.5029296875
    ]
}