{
    "0": [
        202387.5,
        202387.5,
        291219.15625
    ],
    "1": [
        202387.5,
        202387.5,
        291219.15625
    ],
    "2": [
        271909.875,
        277456.0625,
        145609.578125
    ],
    "3": [
        235851.78125,
        282811.78125,
        101926.703125
    ],
    "4": [
        212512.046875,
        304420.21875,
        61156.0234375
    ],
    "5": [
        209451.9375,
        283421.53125,
        30578.01171875
    ],
    "6": [
        198991.171875,
        277562.21875,
        15289.005859375
    ]
}