{
    "0": [
        202387.5,
        202387.5,
        291219.15625
    ],
    "1": [
        202387.5,
        202387.5,
        291219.15625
    ],
    "2": [
        212669.8125,
        301711.4375,
        145609.578125
    ],
    "3": [
        188349.625,
        318823.96875,
        101926.703125
    ],
    "4": [
        214260.96875,
        287459.0625,
        61156.0234375
    ],
    "5": [
        224979.5625,
        309445.78125,
        30578.01171875
    ],
    "6": [
        228773.75,
        294787.75,
        15289.005859375
    ],
    "7": [
        230100.484375,
        293785.25,
        7644.5029296875
    ],
    "8": [
        230064.484375,
        294093.28125,
        3822.25146484375
    ]
}