{
    "0": [
        202387.5,
        202387.5,
        291219.15625
    ],
    "1": [
        202387.5,
        202387.5,
        291219.15625
    ],
    "2": [
        135173.6875,
        296807.8125,
        145609.578125
    ],
    "3": [
        115280.109375,
        321396.65625,
        101926.703125
    ],
    "4": [
        112672.625,
        282721.9375,
        61156.0234375
    ],
    "5": [
        139772.265625,
        270229.25,
        30578.01171875
    ],
    "6": [
        139781.90625,
        255409.546875,
        15289.005859375
    ],
    "7": [
        135687.796875,
        249234.875,
        7644.5029296875
    ]
}