{
    "0": [
        202387.5,
        202387.5,
        291219.15625
    ],
    "1": [
        202387.5,
        202387.5,
        291219.15625
    ],
    "2": [
        168855.3125,
        113416.046875,
        145609.578125
    ],
    "3": [
        202407.375,
        108681.2578125,
        101926.703125
    ],
    "4": [
        170169.75,
        105595.34375,
        61156.0234375
    ],
    "5": [
        159929.515625,
        93327.4609375,
        30578.01171875
    ],
    "6": [
        164789.765625,
        85988.53125,
        15289.005859375
    ]
}