{
    "0": [
        202387.5,
        202387.5,
        291219.15625
    ],
    "1": [
        202387.5,
        202387.5,
        291219.15625
    ],
    "2": [
        263268.4375,
        196447.5625,
        145609.578125
    ],
    "3": [
        293057.40625,
        166103.65625,
        101926.703125
    ],
    "4": [
        274674.84375,
        139004.125,
        61156.0234375
    ],
    "5": [
        250189.28125,
        124839.2890625,
        30578.01171875
    ],
    "6": [
        249567.25,
        117441.34375,
        15289.005859375
    ],
    "7": [
        252030.296875,
        117462.625,
        7644.5029296875
    ]
}