{
    "0": [
        202387.5,
        202387.5,
        291219.15625
    ],
    "1": [
        202387.5,
        202387.5,
        291219.15625
    ],
    "2": [
        164134.15625,
        263394.46875,
        145609.578125
    ],
    "3": [
        147236.171875,
        245520.546875,
        101926.703125
    ],
    "4": [
        109498.0859375,
        236144.421875,
        61156.0234375
    ],
    "5": [
        115523.25,
        240130.21875,
        30578.01171875
    ],
    "6": [
        108506.3515625,
        249674.984375,
        15289.005859375
    ],
    "7": [
        104695.4453125,
        248939.921875,
        7644.5029296875
    ]
}