{
    "0": [
        202387.5,
        202387.5,
        291219.15625
    ],
    "1": [
        202387.5,
        202387.5,
        291219.15625
    ],
    "2": [
        192327.703125,
        89910.1015625,
        145609.578125
    ],
    "3": [
        184178.609375,
        122121.046875,
        101926.703125
    ],
    "4": [
        162717.625,
        140564.40625,
        61156.0234375
    ],
    "5": [
        179034.75,
        130462.1875,
        30578.01171875
    ],
    "6": [
        176315.09375,
        139863.796875,
        15289.005859375
    ],
    "7": [
        182418.21875,
        140583.25,
        7644.5029296875
    ],
    "8": [
        178898.609375,
        140285.375,
        3822.25146484375
    ]
}