{
    "0": [
        202387.5,
        202387.5,
        291219.15625
    ],
    "1": [
        202387.5,
        202387.5,
        291219.15625
    ],
    "2": [
        118244.78125,
        148798.984375,
        145609.578125
    ],
    "3": [
        138470,
        174945.578125,
        101926.703125
    ],
    "4": [
        137083.234375,
        135344.984375,
        61156.0234375
    ],
    "5": [
        120406.515625,
        149880.15625,
        30578.01171875
    ],
    "6": [
        126804.9609375,
        151738.828125,
        15289.005859375
    ],
    "7": [
        126196.171875,
        148580.390625,
        7644.5029296875
    ],
    "8": [
        127664.703125,
        146911.96875,
        3822.25146484375
    ]
}