{
    "0": [
        202387.5,
        202387.5,
        291219.15625
    ],
    "1": [
        202387.5,
        202387.5,
        291219.15625
    ],
    "2": [
        231447.390625,
        149492.265625,
        145609.578125
    ],
    "3": [
        198311.265625,
        174558.765625,
        101926.703125
    ],
    "4": [
        219229.90625,
        153478.28125,
        61156.0234375
    ],
    "5": [
        225893.046875,
        170972.578125,
        30578.01171875
    ],
    "6": [
        215857.59375,
        180646.046875,
        15289.005859375
    ],
    "7": [
        220719.6875,
        177886.625,
        7644.5029296875
    ]
}