{
    "0": [
        202387.5,
        202387.5,
        291219.15625
    ],
    "1": [
        202387.5,
        202387.5,
        291219.15625
    ],
    "2": [
        219111.84375,
        204066.875,
        145609.578125
    ],
    "3": [
        201952.828125,
        242689,
        101926.703125
    ],
    "4": [
        217425.328125,
        274122.3125,
        61156.0234375
    ],
    "5": [
        237210.234375,
        270661,
        30578.01171875
    ],
    "6": [
        228068.8125,
        275547.9375,
        15289.005859375
    ],
    "7": [
        222395.203125,
        279982.8125,
        7644.5029296875
    ]
}