{
    "0": [
        202387.5,
        202387.5,
        291219.15625
    ],
    "1": [
        202387.5,
        202387.5,
        291219.15625
    ],
    "2": [
        214176.296875,
        106301.34375,
        145609.578125
    ],
    "3": [
        230371.21875,
        127352.9375,
        101926.703125
    ],
    "4": [
        205975.296875,
        144548.375,
        61156.0234375
    ],
    "5": [
        225576.171875,
        124074.96875,
        30578.01171875
    ],
    "6": [
        233685.375,
        129997.859375,
        15289.005859375
    ],
    "7": [
        230779.03125,
        134670.9375,
        7644.5029296875
    ]
}