{
    "0": [
        202387.5,
        202387.5,
        291219.15625
    ],
    "1": [
        202387.5,
        202387.5,
        291219.15625
    ],
    "2": [
        192706.78125,
        187219.828125,
        145609.578125
    ],
    "3": [
        192188.140625,
        147474.859375,
        101926.703125
    ],
    "4": [
        200139.171875,
        121560.4375,
        61156.0234375
    ],
    "5": [
        177022.09375,
        109617.4375,
        30578.01171875
    ],
    "6": [
        166193.921875,
        118472.1796875,
        15289.005859375
    ],
    "7": [
        171673.109375,
        114514.6015625,
        7644.5029296875
    ],
    "8": [
        172536.171875,
        116502.28125,
        3822.25146484375
    ]
}