{
    "0": [
        202387.5,
        202387.5,
        291219.15625
    ],
    "1": [
        202387.5,
        202387.5,
        291219.15625
    ],
    "2": [
        250299.421875,
        249464.609375,
        145609.578125
    ],
    "3": [
        241229.8125,
        269677.75,
        101926.703125
    ],
    "4": [
        211542.46875,
        266810.46875,
        61156.0234375
    ],
    "5": [
        199245.421875,
        245731.53125,
        30578.01171875
    ],
    "6": [
        184867.28125,
        245774.65625,
        15289.005859375
    ],
    "7": [
        182358.28125,
        249254.296875,
        7644.5029296875
    ],
    "8": [
        179187.65625,
        247778.125,
        3822.25146484375
    ]
}