{
    "0": [
        202387.5,
        202387.5,
        291219.15625
    ],
    "1": [
        202387.5,
        202387.5,
        291219.15625
    ],
    "2": [
        163643.265625,
        307935.5,
        145609.578125
    ],
    "3": [
        185158.921875,
        314487.125,
        101926.703125
    ],
    "4": [
        153379.296875,
        339727.15625,
        61156.0234375
    ],
    "5": [
        136450.546875,
        364059.1875,
        30578.01171875
    ]
}