{
    "0": [
        202387.5,
        202387.5,
        291219.15625
    ],
    "1": [
        202387.5,
        202387.5,
        291219.15625
    ],
    "2": [
        136307.28125,
        273279.15625,
        145609.578125
    ],
    "3": [
        153373.3125,
        245617.625,
        101926.703125
    ],
    "4": [
        158175.65625,
        283332.25,
        61156.0234375
    ],
    "5": [
        178067.390625,
        269823.875,
        30578.01171875
    ],
    "6": [
        169957.125,
        281916.40625,
        15289.005859375
    ],
    "7": [
        165200.9375,
        280700.90625,
        7644.5029296875
    ],
    "8": [
        165673.71875,
        283577.78125,
        3822.25146484375
    ]
}