{
    "0": [
        202387.5,
        202387.5,
        291219.15625
    ],
    "1": [
        202387.5,
        202387.5,
        291219.15625
    ],
    "2": [
        226922.890625,
        120668.890625,
        145609.578125
    ],
    "3": [
        225867.640625,
        158235.828125,
        101926.703125
    ],
    "4": [
        257617.0625,
        154735.96875,
        61156.0234375
    ],
    "5": [
        248102.046875,
        150654.046875,
        30578.01171875
    ],
    "6": [
        243948.859375,
        141911.171875,
        15289.005859375
    ],
    "7": [
        244964.46875,
        136236.328125,
        7644.5029296875
    ],
    "8": [
        242546.171875,
        136033.328125,
        3822.25146484375
    ]
}