{
    "0": [
        202387.5,
        202387.5,
        291219.15625
    ],
    "1": [
        202387.5,
        202387.5,
        291219.15625
    ],
    "2": [
        135120.875,
        267666.625,
        145609.578125
    ],
    "3": [
        109555.421875,
        300970.09375,
        101926.703125
    ],
    "4": [
        123583.0546875,
        308744.625,
        61156.0234375
    ],
    "5": [
        133392.609375,
        324458.09375,
        30578.01171875
    ],
    "6": [
        136027.859375,
        319659.28125,
        15289.005859375
    ],
    "7": [
        129036.8125,
        322324.75,
        7644.5029296875
    ]
}