{
    "0": [
        202387.5,
        202387.5,
        291219.15625
    ],
    "1": [
        202387.5,
        202387.5,
        291219.15625
    ],
    "2": [
        236563.515625,
        163669.71875,
        145609.578125
    ],
    "3": [
        258912.3125,
        157172.453125,
        101926.703125
    ],
    "4": [
        266365.375,
        120381.171875,
        61156.0234375
    ],
    "5": [
        246578.40625,
        116995.03125,
        30578.01171875
    ],
    "6": [
        246487.484375,
        114244.1796875,
        15289.005859375
    ],
    "7": [
        242638.703125,
        117227.8828125,
        7644.5029296875
    ]
}