{
    "0": [
        202387.5,
        202387.5,
        291219.15625
    ],
    "1": [
        202387.5,
        202387.5,
        291219.15625
    ],
    "2": [
        146472.71875,
        303886.375,
        145609.578125
    ],
    "3": [
        141127.015625,
        301193.21875,
        101926.703125
    ],
    "4": [
        143308.296875,
        316618.15625,
        61156.0234375
    ],
    "5": [
        144957.078125,
        313130.03125,
        30578.01171875
    ],
    "6": [
        157157.296875,
        318198.5,
        15289.005859375
    ],
    "7": [
        154671.125,
        321651,
        7644.5029296875
    ]
}