{
    "0": [
        202387.5,
        202387.5,
        291219.15625
    ],
    "1": [
        202387.5,
        202387.5,
        291219.15625
    ],
    "2": [
        248814.046875,
        146719,
        145609.578125
    ],
    "3": [
        227093.1875,
        159532.828125,
        101926.703125
    ],
    "4": [
        225222.109375,
        172868.109375,
        61156.0234375
    ],
    "5": [
        199777.375,
        173005.875,
        30578.01171875
    ],
    "6": [
        188804.234375,
        171994.453125,
        15289.005859375
    ],
    "7": [
        187657.421875,
        172827.28125,
        7644.5029296875
    ],
    "8": [
        186466.90625,
        171742.9375,
        3822.25146484375
    ]
}