{
    "0": [
        202387.5,
        202387.5,
        291219.15625
    ],
    "1": [
        202387.5,
        202387.5,
        291219.15625
    ],
    "2": [
        188955.671875,
        293478.84375,
        145609.578125
    ],
    "3": [
        165545.078125,
        283349.0625,
        101926.703125
    ],
    "4": [
        166842.0625,
        322232.65625,
        61156.0234375
    ],
    "5": [
        173435.359375,
        321940.375,
        30578.01171875
    ],
    "6": [
        177322,
        331817.34375,
        15289.005859375
    ],
    "7": [
        180933.421875,
        326311.65625,
        7644.5029296875
    ],
    "8": [
        182516.640625,
        327768.21875,
        3822.25146484375
    ]
}