{
    "0": [
        202387.5,
        202387.5,
        291219.15625
    ],
    "1": [
        202387.5,
        202387.5,
        291219.15625
    ],
    "2": [
        150099.3125,
        283128.8125,
        145609.578125
    ],
    "3": [
        125843.4375,
        259731.546875,
        101926.703125
    ],
    "4": [
        153372.4375,
        264818.09375,
        61156.0234375
    ],
    "5": [
        150735.15625,
        269631.84375,
        30578.01171875
    ],
    "6": [
        150645.6875,
        279533.1875,
        15289.005859375
    ]
}