{
    "0": [
        202387.5,
        202387.5,
        291219.15625
    ],
    "1": [
        202387.5,
        202387.5,
        291219.15625
    ],
    "2": [
        259599.109375,
        162526.515625,
        145609.578125
    ],
    "3": [
        284007.0625,
        180147.78125,
        101926.703125
    ],
    "4": [
        294824.03125,
        212481.09375,
        61156.0234375
    ],
    "5": [
        273093.1875,
        196094.921875,
        30578.01171875
    ],
    "6": [
        274171.4375,
        200495.734375,
        15289.005859375
    ],
    "7": [
        270195.15625,
        202223.3125,
        7644.5029296875
    ]
}