{
    "0": [
        202387.5,
        202387.5,
        291219.15625
    ],
    "1": [
        202387.5,
        202387.5,
        291219.15625
    ],
    "2": [
        236182.984375,
        268276.71875,
        145609.578125
    ],
    "3": [
        200115.421875,
        266828.53125,
        101926.703125
    ],
    "4": [
        172833.28125,
        270623.03125,
        61156.0234375
    ],
    "5": [
        171838.5,
        296678.84375,
        30578.01171875
    ],
    "6": [
        166829.609375,
        310429.40625,
        15289.005859375
    ],
    "7": [
        169262.546875,
        306011.59375,
        7644.5029296875
    ],
    "8": [
        171690.453125,
        303293.125,
        3822.25146484375
    ]
}