{
    "0": [
        202387.5,
        202387.5,
        291219.15625
    ],
    "1": [
        202387.5,
        202387.5,
        291219.15625
    ],
    "2": [
        116961.5234375,
        189639.046875,
        145609.578125
    ],
    "3": [
        126482.671875,
        155281.96875,
        101926.703125
    ],
    "4": [
        127997.2734375,
        174185.65625,
        61156.0234375
    ],
    "5": [
        117340.5390625,
        156422.6875,
        30578.01171875
    ],
    "6": [
        122343.484375,
        164572.078125,
        15289.005859375
    ],
    "7": [
        127696.1875,
        161527.671875,
        7644.5029296875
    ],
    "8": [
        130408.2421875,
        162518.015625,
        3822.25146484375
    ]
}