{
    "0": [
        202387.5,
        202387.5,
        291219.15625
    ],
    "1": [
        202387.5,
        202387.5,
        291219.15625
    ],
    "2": [
        269838.1875,
        205410.484375,
        145609.578125
    ],
    "3": [
        302647.71875,
        220031.671875,
        101926.703125
    ],
    "4": [
        274080.53125,
        215923.59375,
        61156.0234375
    ],
    "5": [
        293066.9375,
        233381.765625,
        30578.01171875
    ],
    "6": [
        307854.8125,
        234817.109375,
        15289.005859375
    ],
    "7": [
        314800.84375,
        233505.734375,
        7644.5029296875
    ],
    "8": [
        311601,
        233825.984375,
        3822.25146484375
    ]
}