{
    "0": [
        202387.5,
        202387.5,
        291219.15625
    ],
    "1": [
        202387.5,
        202387.5,
        291219.15625
    ],
    "2": [
        128293.3125,
        235095.5625,
        145609.578125
    ],
    "3": [
        154140.515625,
        264244.96875,
        101926.703125
    ],
    "4": [
        147197.484375,
        282093.5,
        61156.0234375
    ],
    "5": [
        165367.5625,
        267915.75,
        30578.01171875
    ],
    "6": [
        169609.40625,
        274410.1875,
        15289.005859375
    ],
    "7": [
        175070.9375,
        276772.3125,
        7644.5029296875
    ],
    "8": [
        172527.328125,
        275143.625,
        3822.25146484375
    ]
}