{
    "0": [
        202387.5,
        202387.5,
        291219.15625
    ],
    "1": [
        202387.5,
        202387.5,
        291219.15625
    ],
    "2": [
        211943.40625,
        306989.75,
        145609.578125
    ],
    "3": [
        201783.265625,
        308727.78125,
        101926.703125
    ],
    "4": [
        206179.546875,
        321016.8125,
        61156.0234375
    ],
    "5": [
        195772.84375,
        328308.78125,
        30578.01171875
    ],
    "6": [
        187490.5,
        329763.28125,
        15289.005859375
    ],
    "7": [
        188172.109375,
        330467.8125,
        7644.5029296875
    ]
}