{
    "0": [
        202387.5,
        202387.5,
        291219.15625
    ],
    "1": [
        202387.5,
        202387.5,
        291219.15625
    ],
    "2": [
        303609.53125,
        151493.34375,
        145609.578125
    ],
    "3": [
        267673.96875,
        136934.1875,
        101926.703125
    ],
    "4": [
        244312.109375,
        137421.328125,
        61156.0234375
    ],
    "5": [
        224320.34375,
        143807.484375,
        30578.01171875
    ],
    "6": [
        220777.828125,
        143568.796875,
        15289.005859375
    ],
    "7": [
        220542.453125,
        150895.90625,
        7644.5029296875
    ],
    "8": [
        218138.578125,
        153142.484375,
        3822.25146484375
    ]
}