{
    "0": [
        202387.5,
        202387.5,
        291219.15625
    ],
    "1": [
        202387.5,
        202387.5,
        291219.15625
    ],
    "2": [
        295859.71875,
        241271.03125,
        145609.578125
    ],
    "3": [
        271147.96875,
        258903.15625,
        101926.703125
    ],
    "4": [
        281826.59375,
        245679.296875,
        61156.0234375
    ],
    "5": [
        278858.6875,
        219168.9375,
        30578.01171875
    ],
    "6": [
        285291.84375,
        228695.265625,
        15289.005859375
    ],
    "7": [
        284880.5625,
        231187.90625,
        7644.5029296875
    ],
    "8": [
        283758.84375,
        232768.078125,
        3822.25146484375
    ]
}