{
    "0": [
        202387.5,
        202387.5,
        291219.15625
    ],
    "1": [
        202387.5,
        202387.5,
        291219.15625
    ],
    "2": [
        235466.6875,
        204495.3125,
        145609.578125
    ],
    "3": [
        270759.75,
        225890.71875,
        101926.703125
    ],
    "4": [
        271534.15625,
        200386.015625,
        61156.0234375
    ],
    "5": [
        253397.984375,
        202892.78125,
        30578.01171875
    ],
    "6": [
        265164.1875,
        203447.515625,
        15289.005859375
    ],
    "7": [
        259347.703125,
        201957.765625,
        7644.5029296875
    ],
    "8": [
        257668.34375,
        200814.171875,
        3822.25146484375
    ]
}