{
    "0": [
        202387.5,
        202387.5,
        291219.15625
    ],
    "1": [
        202387.5,
        202387.5,
        291219.15625
    ],
    "2": [
        280059.78125,
        132465.125,
        145609.578125
    ],
    "3": [
        244981.40625,
        126278.375,
        101926.703125
    ],
    "4": [
        237796.5625,
        148487.375,
        61156.0234375
    ],
    "5": [
        252325.984375,
        151701.25,
        30578.01171875
    ],
    "6": [
        267261.75,
        154472.390625,
        15289.005859375
    ],
    "7": [
        264709.625,
        157333.609375,
        7644.5029296875
    ],
    "8": [
        265389,
        155141.84375,
        3822.25146484375
    ]
}