{
    "0": [
        202387.5,
        202387.5,
        291219.15625
    ],
    "1": [
        202387.5,
        202387.5,
        291219.15625
    ],
    "2": [
        92241.7265625,
        200063.4375,
        145609.578125
    ],
    "3": [
        80167.0625,
        209565.296875,
        101926.703125
    ],
    "4": [
        42191.390625,
        198648.84375,
        61156.0234375
    ],
    "5": [
        51053.09375,
        196909.59375,
        30578.01171875
    ],
    "6": [
        48243.8515625,
        192967.390625,
        15289.005859375
    ],
    "7": [
        48710.76953125,
        189052.578125,
        7644.5029296875
    ],
    "8": [
        49989.55078125,
        187781,
        3822.25146484375
    ]
}