{
    "0": [
        202387.5,
        202387.5,
        291219.15625
    ],
    "1": [
        202387.5,
        202387.5,
        291219.15625
    ],
    "2": [
        118801.9765625,
        154671.671875,
        145609.578125
    ],
    "3": [
        137660.28125,
        161988.375,
        101926.703125
    ],
    "4": [
        174547.984375,
        161566.96875,
        61156.0234375
    ],
    "5": [
        163239.453125,
        146973.015625,
        30578.01171875
    ],
    "6": [
        154189.671875,
        135271.421875,
        15289.005859375
    ],
    "7": [
        156614.296875,
        134937.71875,
        7644.5029296875
    ],
    "8": [
        154977.59375,
        134845.296875,
        3822.25146484375
    ]
}