{
    "0": [
        202387.5,
        202387.5,
        291219.15625
    ],
    "1": [
        202387.5,
        202387.5,
        291219.15625
    ],
    "2": [
        180760.5,
        316293.75,
        145609.578125
    ],
    "3": [
        163139.296875,
        313806,
        101926.703125
    ],
    "4": [
        158950.34375,
        314244.0625,
        61156.0234375
    ],
    "5": [
        169716.1875,
        302022.09375,
        30578.01171875
    ],
    "6": [
        175835.578125,
        298178.1875,
        15289.005859375
    ],
    "7": [
        171721.640625,
        297822.875,
        7644.5029296875
    ]
}