{
    "0": [
        202387.5,
        202387.5,
        291219.15625
    ],
    "1": [
        202387.5,
        202387.5,
        291219.15625
    ],
    "2": [
        264477.75,
        126324.0078125,
        145609.578125
    ],
    "3": [
        242001.875,
        103259.46875,
        101926.703125
    ],
    "4": [
        208398.59375,
        101841.6328125,
        61156.0234375
    ],
    "5": [
        196232.1875,
        109613.6640625,
        30578.01171875
    ],
    "6": [
        205043.96875,
        97502.921875,
        15289.005859375
    ],
    "7": [
        206268.625,
        93193.15625,
        7644.5029296875
    ]
}