{
    "0": [
        202387.5,
        202387.5,
        291219.15625
    ],
    "1": [
        202387.5,
        202387.5,
        291219.15625
    ],
    "2": [
        269620.375,
        151168.015625,
        145609.578125
    ],
    "3": [
        261466.53125,
        189725.546875,
        101926.703125
    ],
    "4": [
        296161.3125,
        175133.265625,
        61156.0234375
    ],
    "5": [
        281071.625,
        160279.9375,
        30578.01171875
    ],
    "6": [
        279301.21875,
        154534.625,
        15289.005859375
    ]
}