{
    "0": [
        202387.5,
        202387.5,
        291219.15625
    ],
    "1": [
        202387.5,
        202387.5,
        291219.15625
    ],
    "2": [
        155784.625,
        185182.65625,
        145609.578125
    ],
    "3": [
        123020.5625,
        158537.265625,
        101926.703125
    ],
    "4": [
        119490.8671875,
        197976.5,
        61156.0234375
    ],
    "5": [
        89926.375,
        205460.984375,
        30578.01171875
    ],
    "6": [
        76580.765625,
        203971.65625,
        15289.005859375
    ],
    "7": [
        78219.2265625,
        199198.515625,
        7644.5029296875
    ],
    "8": [
        75939.109375,
        201080.15625,
        3822.25146484375
    ]
}