{
    "0": [
        202387.5,
        202387.5,
        291219.15625
    ],
    "1": [
        202387.5,
        202387.5,
        291219.15625
    ],
    "2": [
        176970.59375,
        285982.25,
        145609.578125
    ],
    "3": [
        158972.984375,
        277486.59375,
        101926.703125
    ],
    "4": [
        156090.078125,
        247390.90625,
        61156.0234375
    ],
    "5": [
        152846.984375,
        231605.15625,
        30578.01171875
    ],
    "6": [
        167593.515625,
        229172.421875,
        15289.005859375
    ],
    "7": [
        170081.984375,
        233393.109375,
        7644.5029296875
    ],
    "8": [
        170639.1875,
        230133.9375,
        3822.25146484375
    ]
}