{
    "0": [
        202387.5,
        202387.5,
        291219.15625
    ],
    "1": [
        202387.5,
        202387.5,
        291219.15625
    ],
    "2": [
        99048.4765625,
        152430.390625,
        145609.578125
    ],
    "3": [
        73666.90625,
        179627.796875,
        101926.703125
    ],
    "4": [
        46428.9453125,
        190264.453125,
        61156.0234375
    ],
    "5": [
        50329.0234375,
        181689.8125,
        30578.01171875
    ],
    "6": [
        61515.73046875,
        177325.65625,
        15289.005859375
    ],
    "7": [
        61817.66015625,
        173049.5625,
        7644.5029296875
    ]
}