{
    "0": [
        202387.5,
        202387.5,
        291219.15625
    ],
    "1": [
        202387.5,
        202387.5,
        291219.15625
    ],
    "2": [
        190120.234375,
        152647.6875,
        145609.578125
    ],
    "3": [
        223900.890625,
        166036.09375,
        101926.703125
    ],
    "4": [
        247999.71875,
        135764.984375,
        61156.0234375
    ],
    "5": [
        240551.515625,
        118007.78125,
        30578.01171875
    ],
    "6": [
        246913.359375,
        117435.8984375,
        15289.005859375
    ]
}