{
    "0": [
        202387.5,
        202387.5,
        291219.15625
    ],
    "1": [
        202387.5,
        202387.5,
        291219.15625
    ],
    "2": [
        168596.9375,
        199474.4375,
        145609.578125
    ],
    "3": [
        149614.78125,
        228759.84375,
        101926.703125
    ],
    "4": [
        123373.84375,
        243748.109375,
        61156.0234375
    ],
    "5": [
        144870.53125,
        222408.75,
        30578.01171875
    ],
    "6": [
        150791.640625,
        228421.46875,
        15289.005859375
    ]
}