{
    "0": [
        202387.5,
        202387.5,
        291219.15625
    ],
    "1": [
        202387.5,
        202387.5,
        291219.15625
    ],
    "2": [
        210838.25,
        308797.09375,
        145609.578125
    ],
    "3": [
        206499.21875,
        313354.03125,
        101926.703125
    ],
    "4": [
        218946.5,
        280707.53125,
        61156.0234375
    ],
    "5": [
        201138.5,
        258362.71875,
        30578.01171875
    ],
    "6": [
        197107.078125,
        272300.375,
        15289.005859375
    ],
    "7": [
        195599.046875,
        272087.40625,
        7644.5029296875
    ],
    "8": [
        192652.453125,
        271919.21875,
        3822.25146484375
    ],
    "9": [
        192252.46875,
        271073.15625,
        1911.125732421875
    ]
}