{
    "0": [
        202387.5,
        202387.5,
        291219.15625
    ],
    "1": [
        202387.5,
        202387.5,
        291219.15625
    ],
    "2": [
        122783.9921875,
        133507.15625,
        145609.578125
    ],
    "3": [
        101928.8359375,
        158561.25,
        101926.703125
    ],
    "4": [
        93048.09375,
        122343.453125,
        61156.0234375
    ],
    "5": [
        122841.5078125,
        123709.3984375,
        30578.01171875
    ],
    "6": [
        111352.8828125,
        126523.2421875,
        15289.005859375
    ],
    "7": [
        106860.3515625,
        121815.1875,
        7644.5029296875
    ],
    "8": [
        105661.28125,
        119338.171875,
        3822.25146484375
    ]
}