{
    "0": [
        202387.5,
        202387.5,
        291219.15625
    ],
    "1": [
        202387.5,
        202387.5,
        291219.15625
    ],
    "2": [
        296143.125,
        210247.65625,
        145609.578125
    ],
    "3": [
        324984.71875,
        201928.984375,
        101926.703125
    ],
    "4": [
        331620.9375,
        237979.21875,
        61156.0234375
    ],
    "5": [
        327285.375,
        265292.28125,
        30578.01171875
    ],
    "6": [
        336446.78125,
        271236.875,
        15289.005859375
    ],
    "7": [
        334744.25,
        275443.6875,
        7644.5029296875
    ]
}