{
    "0": [
        202387.5,
        202387.5,
        291219.15625
    ],
    "1": [
        202387.5,
        202387.5,
        291219.15625
    ],
    "2": [
        98331.8203125,
        197340.390625,
        145609.578125
    ],
    "3": [
        113613.484375,
        171533.859375,
        101926.703125
    ],
    "4": [
        124059.59375,
        203739.890625,
        61156.0234375
    ],
    "5": [
        132876.703125,
        184955.375,
        30578.01171875
    ],
    "6": [
        124724.140625,
        185789.65625,
        15289.005859375
    ],
    "7": [
        128156.8359375,
        183440.453125,
        7644.5029296875
    ]
}