{
    "0": [
        202387.5,
        202387.5,
        291219.15625
    ],
    "1": [
        202387.5,
        202387.5,
        291219.15625
    ],
    "2": [
        246654.4375,
        108354.21875,
        145609.578125
    ],
    "3": [
        218102.78125,
        84792.5703125,
        101926.703125
    ],
    "4": [
        221981.25,
        77166.9765625,
        61156.0234375
    ],
    "5": [
        213921.5625,
        100958.25,
        30578.01171875
    ],
    "6": [
        203274.203125,
        101507.65625,
        15289.005859375
    ],
    "7": [
        204994.359375,
        100689.0859375,
        7644.5029296875
    ],
    "8": [
        207104.359375,
        100490.3125,
        3822.25146484375
    ],
    "9": [
        206548.953125,
        101157.0078125,
        1911.125732421875
    ]
}