{
    "0": [
        202387.5,
        202387.5,
        291219.15625
    ],
    "1": [
        202387.5,
        202387.5,
        291219.15625
    ],
    "2": [
        117761.4296875,
        133530.4375,
        145609.578125
    ],
    "3": [
        155683.578125,
        151344.625,
        101926.703125
    ],
    "4": [
        120166.03125,
        167874.515625,
        61156.0234375
    ],
    "5": [
        143483.265625,
        175878.0625,
        30578.01171875
    ],
    "6": [
        132409.375,
        175022.578125,
        15289.005859375
    ],
    "7": [
        138575.125,
        171452.09375,
        7644.5029296875
    ]
}