{
    "0": [
        202387.5,
        202387.5,
        291219.15625
    ],
    "1": [
        202387.5,
        202387.5,
        291219.15625
    ],
    "2": [
        108314.046875,
        161181.9375,
        145609.578125
    ],
    "3": [
        84915.6328125,
        153212.671875,
        101926.703125
    ],
    "4": [
        96070.8984375,
        161541,
        61156.0234375
    ],
    "5": [
        88752.5546875,
        190155.90625,
        30578.01171875
    ],
    "6": [
        77691.9609375,
        193584.984375,
        15289.005859375
    ],
    "7": [
        76676.6484375,
        188248.359375,
        7644.5029296875
    ]
}