{
    "0": [
        202387.5,
        202387.5,
        291219.15625
    ],
    "1": [
        202387.5,
        202387.5,
        291219.15625
    ],
    "2": [
        164941.71875,
        147735.90625,
        145609.578125
    ],
    "3": [
        122261.234375,
        142217.65625,
        101926.703125
    ],
    "4": [
        86010.5390625,
        132331.296875,
        61156.0234375
    ],
    "5": [
        88183.2734375,
        158544.71875,
        30578.01171875
    ],
    "6": [
        92583.4296875,
        160185.84375,
        15289.005859375
    ],
    "7": [
        90391.3046875,
        153179.609375,
        7644.5029296875
    ]
}