{
    "0": [
        202387.5,
        202387.5,
        291219.15625
    ],
    "1": [
        202387.5,
        202387.5,
        291219.15625
    ],
    "2": [
        116944.3203125,
        181785.484375,
        145609.578125
    ],
    "3": [
        101082.125,
        157261.015625,
        101926.703125
    ],
    "4": [
        112792.46875,
        118783.328125,
        61156.0234375
    ],
    "5": [
        84801.09375,
        106673.125,
        30578.01171875
    ],
    "6": [
        89520.3984375,
        109826.25,
        15289.005859375
    ]
}