{
    "0": [
        202387.5,
        202387.5,
        291219.15625
    ],
    "1": [
        202387.5,
        202387.5,
        291219.15625
    ],
    "2": [
        192144.140625,
        99921.7734375,
        145609.578125
    ],
    "3": [
        169434.515625,
        82475.3125,
        101926.703125
    ],
    "4": [
        191124.03125,
        77912.7421875,
        61156.0234375
    ],
    "5": [
        209627.828125,
        78880.09375,
        30578.01171875
    ],
    "6": [
        205750.625,
        91600.5703125,
        15289.005859375
    ]
}