{
    "0": [
        202387.5,
        202387.5,
        291219.15625
    ],
    "1": [
        202387.5,
        202387.5,
        291219.15625
    ],
    "2": [
        254236.15625,
        241033.96875,
        145609.578125
    ],
    "3": [
        260952.125,
        240890.40625,
        101926.703125
    ],
    "4": [
        263938.84375,
        215222.828125,
        61156.0234375
    ],
    "5": [
        271145.9375,
        231436.25,
        30578.01171875
    ],
    "6": [
        267994.4375,
        221459.0625,
        15289.005859375
    ],
    "7": [
        263360.34375,
        216134.453125,
        7644.5029296875
    ]
}