{
    "0": [
        202387.5,
        202387.5,
        291219.15625
    ],
    "1": [
        202387.5,
        202387.5,
        291219.15625
    ],
    "2": [
        155650.375,
        286841.1875,
        145609.578125
    ],
    "3": [
        181520.5625,
        275617.71875,
        101926.703125
    ],
    "4": [
        212917.546875,
        251006.5,
        61156.0234375
    ],
    "5": [
        196717.421875,
        272583.0625,
        30578.01171875
    ],
    "6": [
        191243.953125,
        259247.625,
        15289.005859375
    ],
    "7": [
        196136.046875,
        263389.71875,
        7644.5029296875
    ]
}