{
    "0": [
        202387.5,
        202387.5,
        291219.15625
    ],
    "1": [
        202387.5,
        202387.5,
        291219.15625
    ],
    "2": [
        178235.5625,
        304513.40625,
        145609.578125
    ],
    "3": [
        179198.421875,
        280960.125,
        101926.703125
    ],
    "4": [
        150809.0625,
        304025.1875,
        61156.0234375
    ],
    "5": [
        137684.53125,
        295001.1875,
        30578.01171875
    ],
    "6": [
        129385.5078125,
        285346.40625,
        15289.005859375
    ],
    "7": [
        131554.015625,
        285136.84375,
        7644.5029296875
    ],
    "8": [
        133002.921875,
        282332.375,
        3822.25146484375
    ]
}