{
    "0": [
        202387.5,
        202387.5,
        291219.15625
    ],
    "1": [
        202387.5,
        202387.5,
        291219.15625
    ],
    "2": [
        199937.96875,
        278599.90625,
        145609.578125
    ],
    "3": [
        210846.875,
        259765.96875,
        101926.703125
    ],
    "4": [
        197161.375,
        281171.15625,
        61156.0234375
    ],
    "5": [
        178224.8125,
        279410,
        30578.01171875
    ],
    "6": [
        165892.53125,
        284441.5625,
        15289.005859375
    ],
    "7": [
        163842.375,
        285096.21875,
        7644.5029296875
    ]
}