{
    "0": [
        202387.5,
        202387.5,
        291219.15625
    ],
    "1": [
        202387.5,
        202387.5,
        291219.15625
    ],
    "2": [
        243417.828125,
        173708.0625,
        145609.578125
    ],
    "3": [
        235704.078125,
        140276.84375,
        101926.703125
    ],
    "4": [
        250253.09375,
        109684.5546875,
        61156.0234375
    ],
    "5": [
        247601.234375,
        124035.2734375,
        30578.01171875
    ],
    "6": [
        253225.171875,
        115450.59375,
        15289.005859375
    ],
    "7": [
        251787.4375,
        117141.0234375,
        7644.5029296875
    ]
}