{
    "0": [
        202387.5,
        202387.5,
        291219.15625
    ],
    "1": [
        202387.5,
        202387.5,
        291219.15625
    ],
    "2": [
        272000.71875,
        244637.046875,
        145609.578125
    ],
    "3": [
        261484.9375,
        284664.875,
        101926.703125
    ],
    "4": [
        238308.953125,
        280961.34375,
        61156.0234375
    ],
    "5": [
        249022.046875,
        254253.625,
        30578.01171875
    ],
    "6": [
        251653.625,
        247893.921875,
        15289.005859375
    ],
    "7": [
        256625.84375,
        250997.40625,
        7644.5029296875
    ]
}