{
    "0": [
        202387.5,
        202387.5,
        291219.15625
    ],
    "1": [
        202387.5,
        202387.5,
        291219.15625
    ],
    "2": [
        279486.78125,
        278036.125,
        145609.578125
    ],
    "3": [
        274718.65625,
        302813.59375,
        101926.703125
    ],
    "4": [
        257629.59375,
        271010.96875,
        61156.0234375
    ],
    "5": [
        258267.9375,
        282644.25,
        30578.01171875
    ],
    "6": [
        246058.140625,
        276308.40625,
        15289.005859375
    ]
}