{
    "0": [
        202387.5,
        202387.5,
        291219.15625
    ],
    "1": [
        202387.5,
        202387.5,
        291219.15625
    ],
    "2": [
        211191.5,
        304450.8125,
        145609.578125
    ],
    "3": [
        226575.796875,
        324470.5,
        101926.703125
    ],
    "4": [
        194784.296875,
        317180.46875,
        61156.0234375
    ],
    "5": [
        216557.96875,
        325454.84375,
        30578.01171875
    ],
    "6": [
        220126.78125,
        336153.375,
        15289.005859375
    ],
    "7": [
        215521.96875,
        331488,
        7644.5029296875
    ],
    "8": [
        218128.640625,
        328760.28125,
        3822.25146484375
    ],
    "9": [
        217002.53125,
        328741.6875,
        1911.125732421875
    ]
}