{
    "0": [
        202387.5,
        202387.5,
        291219.15625
    ],
    "1": [
        202387.5,
        202387.5,
        291219.15625
    ],
    "2": [
        219354.71875,
        261683.65625,
        145609.578125
    ],
    "3": [
        223013.0625,
        258019.96875,
        101926.703125
    ],
    "4": [
        237910.78125,
        279653.8125,
        61156.0234375
    ],
    "5": [
        227577.890625,
        291711.78125,
        30578.01171875
    ],
    "6": [
        236626.3125,
        291301.25,
        15289.005859375
    ],
    "7": [
        236518.265625,
        289831.34375,
        7644.5029296875
    ]
}