{
    "0": [
        202387.5,
        202387.5,
        291219.15625
    ],
    "1": [
        202387.5,
        202387.5,
        291219.15625
    ],
    "2": [
        234687.65625,
        130554.9765625,
        145609.578125
    ],
    "3": [
        205765.3125,
        119331.4453125,
        101926.703125
    ],
    "4": [
        180802.34375,
        99347.8984375,
        61156.0234375
    ],
    "5": [
        209306.546875,
        96959.4375,
        30578.01171875
    ],
    "6": [
        208576.078125,
        102821.9140625,
        15289.005859375
    ],
    "7": [
        202904.265625,
        104241.4765625,
        7644.5029296875
    ]
}