{
    "0": [
        202387.5,
        202387.5,
        291219.15625
    ],
    "1": [
        202387.5,
        202387.5,
        291219.15625
    ],
    "2": [
        259733.140625,
        221402.734375,
        145609.578125
    ],
    "3": [
        288810,
        226648.6875,
        101926.703125
    ],
    "4": [
        287296.84375,
        254073.984375,
        61156.0234375
    ],
    "5": [
        296411.03125,
        269734.125,
        30578.01171875
    ],
    "6": [
        289986.96875,
        276228.5625,
        15289.005859375
    ],
    "7": [
        287326.28125,
        275562.21875,
        7644.5029296875
    ]
}