{
    "0": [
        202387.5,
        202387.5,
        291219.15625
    ],
    "1": [
        202387.5,
        202387.5,
        291219.15625
    ],
    "2": [
        172905.3125,
        97842.078125,
        145609.578125
    ],
    "3": [
        208470.1875,
        89505.8671875,
        101926.703125
    ],
    "4": [
        211999.796875,
        102519.3046875,
        61156.0234375
    ],
    "5": [
        193121.546875,
        109374.2734375,
        30578.01171875
    ],
    "6": [
        188931.90625,
        118378.203125,
        15289.005859375
    ],
    "7": [
        193604.703125,
        118626.203125,
        7644.5029296875
    ]
}