{
    "0": [
        202387.5,
        202387.5,
        291219.15625
    ],
    "1": [
        202387.5,
        202387.5,
        291219.15625
    ],
    "2": [
        215172.8125,
        267205.6875,
        145609.578125
    ],
    "3": [
        227161.828125,
        269048.25,
        101926.703125
    ],
    "4": [
        197724.15625,
        295772.5,
        61156.0234375
    ],
    "5": [
        181691.34375,
        272717.90625,
        30578.01171875
    ],
    "6": [
        186459.140625,
        280247.78125,
        15289.005859375
    ],
    "7": [
        184684.984375,
        285655.5625,
        7644.5029296875
    ]
}