{
    "0": [
        202387.5,
        202387.5,
        291219.15625
    ],
    "1": [
        202387.5,
        202387.5,
        291219.15625
    ],
    "2": [
        242019.34375,
        294933.1875,
        145609.578125
    ],
    "3": [
        232210.890625,
        294952.375,
        101926.703125
    ],
    "4": [
        247342.078125,
        303284.03125,
        61156.0234375
    ],
    "5": [
        252021.78125,
        332119.5,
        30578.01171875
    ],
    "6": [
        244352.140625,
        342166,
        15289.005859375
    ],
    "7": [
        242904.78125,
        344514.625,
        7644.5029296875
    ],
    "8": [
        242036.265625,
        343594.5,
        3822.25146484375
    ]
}