{
    "0": [
        202387.5,
        202387.5,
        291219.15625
    ],
    "1": [
        202387.5,
        202387.5,
        291219.15625
    ],
    "2": [
        213697.671875,
        186748.078125,
        145609.578125
    ],
    "3": [
        213403.609375,
        150226.546875,
        101926.703125
    ],
    "4": [
        209380.4375,
        161221.59375,
        61156.0234375
    ],
    "5": [
        221571.875,
        176942.046875,
        30578.01171875
    ],
    "6": [
        218478.953125,
        165365.171875,
        15289.005859375
    ],
    "7": [
        217121.890625,
        169775.421875,
        7644.5029296875
    ]
}