{
    "0": [
        202387.5,
        202387.5,
        291219.15625
    ],
    "1": [
        202387.5,
        202387.5,
        291219.15625
    ],
    "2": [
        286574.0625,
        188223.96875,
        145609.578125
    ],
    "3": [
        329047.6875,
        191188.234375,
        101926.703125
    ],
    "4": [
        328656.78125,
        207078.15625,
        61156.0234375
    ],
    "5": [
        310321.59375,
        192544,
        30578.01171875
    ],
    "6": [
        318379.28125,
        186351.484375,
        15289.005859375
    ]
}