{
    "0": [
        202387.5,
        202387.5,
        291219.15625
    ],
    "1": [
        202387.5,
        202387.5,
        291219.15625
    ],
    "2": [
        240310.25,
        214811.234375,
        145609.578125
    ],
    "3": [
        228634.265625,
        207576.640625,
        101926.703125
    ],
    "4": [
        243371.0625,
        242773.03125,
        61156.0234375
    ],
    "5": [
        255699.5625,
        260062.53125,
        30578.01171875
    ],
    "6": [
        266007.8125,
        264036.65625,
        15289.005859375
    ],
    "7": [
        269452.84375,
        258998.609375,
        7644.5029296875
    ]
}