{
    "0": [
        202387.5,
        202387.5,
        291219.15625
    ],
    "1": [
        202387.5,
        202387.5,
        291219.15625
    ],
    "2": [
        286767.59375,
        267504.625,
        145609.578125
    ],
    "3": [
        271294.875,
        280361.75,
        101926.703125
    ],
    "4": [
        252960.421875,
        316742.15625,
        61156.0234375
    ],
    "5": [
        263164.71875,
        324686.625,
        30578.01171875
    ],
    "6": [
        264127.59375,
        318157.75,
        15289.005859375
    ],
    "7": [
        261907.671875,
        322933.8125,
        7644.5029296875
    ],
    "8": [
        260535.359375,
        324473.3125,
        3822.25146484375
    ]
}