{
    "0": [
        202387.5,
        202387.5,
        291219.15625
    ],
    "1": [
        202387.5,
        202387.5,
        291219.15625
    ],
    "2": [
        209265.578125,
        178994.5,
        145609.578125
    ],
    "3": [
        229796.109375,
        204358.90625,
        101926.703125
    ],
    "4": [
        200389.71875,
        229045.65625,
        61156.0234375
    ],
    "5": [
        193365.484375,
        202340.109375,
        30578.01171875
    ],
    "6": [
        185550.75,
        211377.484375,
        15289.005859375
    ],
    "7": [
        192156.46875,
        212226.234375,
        7644.5029296875
    ]
}