{
    "0": [
        202387.5,
        202387.5,
        291219.15625
    ],
    "1": [
        202387.5,
        202387.5,
        291219.15625
    ],
    "2": [
        256305.265625,
        262834.28125,
        145609.578125
    ],
    "3": [
        226628.125,
        289308.3125,
        101926.703125
    ],
    "4": [
        253638.390625,
        263234.5,
        61156.0234375
    ],
    "5": [
        251728.125,
        277229.9375,
        30578.01171875
    ],
    "6": [
        255258.84375,
        283420.65625,
        15289.005859375
    ],
    "7": [
        250293.640625,
        280185.40625,
        7644.5029296875
    ],
    "8": [
        248669.8125,
        277565.46875,
        3822.25146484375
    ]
}