{
    "0": [
        202387.5,
        202387.5,
        291219.15625
    ],
    "1": [
        202387.5,
        202387.5,
        291219.15625
    ],
    "2": [
        197724.8125,
        124572.1796875,
        145609.578125
    ],
    "3": [
        177527.1875,
        133500.1875,
        101926.703125
    ],
    "4": [
        185265.390625,
        156538.1875,
        61156.0234375
    ],
    "5": [
        191637.40625,
        184891.40625,
        30578.01171875
    ],
    "6": [
        202700.34375,
        194451.390625,
        15289.005859375
    ],
    "7": [
        203435.96875,
        194519.453125,
        7644.5029296875
    ]
}