{
    "0": [
        202387.5,
        202387.5,
        291219.15625
    ],
    "1": [
        202387.5,
        202387.5,
        291219.15625
    ],
    "2": [
        206202.125,
        90602.046875,
        145609.578125
    ],
    "3": [
        194631.71875,
        78538.8515625,
        101926.703125
    ],
    "4": [
        197783.90625,
        93048.421875,
        61156.0234375
    ],
    "5": [
        180343.6875,
        104716.453125,
        30578.01171875
    ],
    "6": [
        173831.796875,
        102000.890625,
        15289.005859375
    ],
    "7": [
        180826.421875,
        100767.1171875,
        7644.5029296875
    ]
}