{
    "0": [
        202387.5,
        202387.5,
        291219.15625
    ],
    "1": [
        202387.5,
        202387.5,
        291219.15625
    ],
    "2": [
        310158.46875,
        231189.90625,
        145609.578125
    ],
    "3": [
        268956.21875,
        227290.5,
        101926.703125
    ],
    "4": [
        246240.390625,
        240568.25,
        61156.0234375
    ],
    "5": [
        220739.65625,
        255608.390625,
        30578.01171875
    ],
    "6": [
        214842.28125,
        255359.203125,
        15289.005859375
    ]
}