{
    "0": [
        202387.5,
        202387.5,
        291219.15625
    ],
    "1": [
        202387.5,
        202387.5,
        291219.15625
    ],
    "2": [
        198233.625,
        189212.78125,
        145609.578125
    ],
    "3": [
        203885.453125,
        200139.984375,
        101926.703125
    ],
    "4": [
        183811.109375,
        215766.03125,
        61156.0234375
    ],
    "5": [
        185390.359375,
        243398.71875,
        30578.01171875
    ],
    "6": [
        190445.859375,
        248811.3125,
        15289.005859375
    ],
    "7": [
        193669.953125,
        252598.703125,
        7644.5029296875
    ]
}