{
    "0": [
        202387.5,
        202387.5,
        291219.15625
    ],
    "1": [
        202387.5,
        202387.5,
        291219.15625
    ],
    "2": [
        127422.25,
        210719.046875,
        145609.578125
    ],
    "3": [
        151429.953125,
        236679.015625,
        101926.703125
    ],
    "4": [
        146273.96875,
        200748.96875,
        61156.0234375
    ],
    "5": [
        125473.859375,
        198236.8125,
        30578.01171875
    ],
    "6": [
        123783.3671875,
        189430.328125,
        15289.005859375
    ],
    "7": [
        117322.28125,
        189315.140625,
        7644.5029296875
    ]
}