{
    "0": [
        202387.5,
        202387.5,
        291219.15625
    ],
    "1": [
        202387.5,
        202387.5,
        291219.15625
    ],
    "2": [
        207127,
        300026.1875,
        145609.578125
    ],
    "3": [
        186716.703125,
        287819.375,
        101926.703125
    ],
    "4": [
        147681.25,
        283136.21875,
        61156.0234375
    ],
    "5": [
        132028.078125,
        293837.46875,
        30578.01171875
    ],
    "6": [
        138692.828125,
        293625,
        15289.005859375
    ],
    "7": [
        140853.59375,
        292547.28125,
        7644.5029296875
    ]
}