{
    "0": [
        202387.5,
        202387.5,
        291219.15625
    ],
    "1": [
        202387.5,
        202387.5,
        291219.15625
    ],
    "2": [
        242509.8125,
        214753.546875,
        145609.578125
    ],
    "3": [
        272183,
        234896.328125,
        101926.703125
    ],
    "4": [
        308914.75,
        251361.875,
        61156.0234375
    ],
    "5": [
        332120.3125,
        240936.234375,
        30578.01171875
    ],
    "6": [
        341265.34375,
        248777.078125,
        15289.005859375
    ]
}