{
    "0": [
        202387.5,
        202387.5,
        291219.15625
    ],
    "1": [
        202387.5,
        202387.5,
        291219.15625
    ],
    "2": [
        134130.875,
        282315.40625,
        145609.578125
    ],
    "3": [
        165106.328125,
        252699.609375,
        101926.703125
    ],
    "4": [
        133150.28125,
        259579.234375,
        61156.0234375
    ],
    "5": [
        138407.28125,
        282285.90625,
        30578.01171875
    ],
    "6": [
        149162.6875,
        271665.84375,
        15289.005859375
    ],
    "7": [
        149835.9375,
        265583.84375,
        7644.5029296875
    ]
}