{
    "0": [
        202387.5,
        202387.5,
        291219.15625
    ],
    "1": [
        202387.5,
        202387.5,
        291219.15625
    ],
    "2": [
        257738.484375,
        240193.921875,
        145609.578125
    ],
    "3": [
        250315.625,
        214321.484375,
        101926.703125
    ],
    "4": [
        245653.078125,
        229991.453125,
        61156.0234375
    ],
    "5": [
        249592.984375,
        256020.71875,
        30578.01171875
    ],
    "6": [
        239542.890625,
        258188.515625,
        15289.005859375
    ],
    "7": [
        239826.796875,
        257531.265625,
        7644.5029296875
    ]
}