{
    "0": [
        202387.5,
        202387.5,
        291219.15625
    ],
    "1": [
        202387.5,
        202387.5,
        291219.15625
    ],
    "2": [
        161232.984375,
        279798.78125,
        145609.578125
    ],
    "3": [
        153157.0625,
        252761.34375,
        101926.703125
    ],
    "4": [
        136043.75,
        264810.3125,
        61156.0234375
    ],
    "5": [
        150454.984375,
        281821.25,
        30578.01171875
    ]
}