{
    "0": [
        202387.5,
        202387.5,
        291219.15625
    ],
    "1": [
        202387.5,
        202387.5,
        291219.15625
    ],
    "2": [
        203979.828125,
        211866.609375,
        145609.578125
    ],
    "3": [
        236159.15625,
        211396.734375,
        101926.703125
    ],
    "4": [
        244779.421875,
        247006.21875,
        61156.0234375
    ],
    "5": [
        258796.453125,
        227234.4375,
        30578.01171875
    ],
    "6": [
        263542.15625,
        214484.484375,
        15289.005859375
    ],
    "7": [
        267373.03125,
        219946.953125,
        7644.5029296875
    ]
}