{
    "0": [
        202387.5,
        202387.5,
        291219.15625
    ],
    "1": [
        202387.5,
        202387.5,
        291219.15625
    ],
    "2": [
        117733.359375,
        128641.8359375,
        145609.578125
    ],
    "3": [
        77951.421875,
        125249.0625,
        101926.703125
    ],
    "4": [
        89774.4296875,
        152009.78125,
        61156.0234375
    ],
    "5": [
        98301.4140625,
        148348.59375,
        30578.01171875
    ],
    "6": [
        92418.578125,
        136937.203125,
        15289.005859375
    ],
    "7": [
        94313.671875,
        135240.484375,
        7644.5029296875
    ]
}