{
    "0": [
        202387.5,
        202387.5,
        291219.15625
    ],
    "1": [
        202387.5,
        202387.5,
        291219.15625
    ],
    "2": [
        240551.5625,
        213729.453125,
        145609.578125
    ],
    "3": [
        236485.28125,
        206973.78125,
        101926.703125
    ],
    "4": [
        266790.71875,
        230653.5625,
        61156.0234375
    ],
    "5": [
        261251.078125,
        243064.234375,
        30578.01171875
    ],
    "6": [
        265328.4375,
        228398.3125,
        15289.005859375
    ],
    "7": [
        265825,
        229905.390625,
        7644.5029296875
    ],
    "8": [
        264770.375,
        228280.53125,
        3822.25146484375
    ]
}