{
    "0": [
        202387.5,
        202387.5,
        291219.15625
    ],
    "1": [
        202387.5,
        202387.5,
        291219.15625
    ],
    "2": [
        234355.828125,
        263268.96875,
        145609.578125
    ],
    "3": [
        244061.75,
        298114.25,
        101926.703125
    ],
    "4": [
        273821.5,
        278802.34375,
        61156.0234375
    ],
    "5": [
        247373.3125,
        266707.25,
        30578.01171875
    ],
    "6": [
        260221.03125,
        273812.28125,
        15289.005859375
    ],
    "7": [
        255714.71875,
        274964.1875,
        7644.5029296875
    ],
    "8": [
        254814.875,
        275827.15625,
        3822.25146484375
    ]
}