{
    "0": [
        202387.5,
        202387.5,
        291219.15625
    ],
    "1": [
        202387.5,
        202387.5,
        291219.15625
    ],
    "2": [
        151726.703125,
        271647.9375,
        145609.578125
    ],
    "3": [
        181954.828125,
        297665.65625,
        101926.703125
    ],
    "4": [
        155638.21875,
        284293.15625,
        61156.0234375
    ],
    "5": [
        155483.28125,
        267610.96875,
        30578.01171875
    ],
    "6": [
        146359.921875,
        269749.40625,
        15289.005859375
    ],
    "7": [
        141867.625,
        272209.71875,
        7644.5029296875
    ]
}