{
    "0": [
        202387.5,
        202387.5,
        291219.15625
    ],
    "1": [
        202387.5,
        202387.5,
        291219.15625
    ],
    "2": [
        285348.96875,
        261243.78125,
        145609.578125
    ],
    "3": [
        322430.125,
        272173.4375,
        101926.703125
    ],
    "4": [
        311226.625,
        287984,
        61156.0234375
    ],
    "5": [
        285093.125,
        275556.59375,
        30578.01171875
    ],
    "6": [
        281884.1875,
        271205.34375,
        15289.005859375
    ],
    "7": [
        278212.65625,
        275719.75,
        7644.5029296875
    ]
}