{
    "0": [
        202387.5,
        202387.5,
        291219.15625
    ],
    "1": [
        202387.5,
        202387.5,
        291219.15625
    ],
    "2": [
        280018,
        260991.3125,
        145609.578125
    ],
    "3": [
        271054,
        248007.6875,
        101926.703125
    ],
    "4": [
        251492.5625,
        269410.09375,
        61156.0234375
    ],
    "5": [
        263017.75,
        289698.8125,
        30578.01171875
    ],
    "6": [
        248656.625,
        291810.25,
        15289.005859375
    ]
}