{
    "0": [
        202387.5,
        202387.5,
        291219.15625
    ],
    "1": [
        202387.5,
        202387.5,
        291219.15625
    ],
    "2": [
        211359.96875,
        117156.7265625,
        145609.578125
    ],
    "3": [
        211249.40625,
        95326.7734375,
        101926.703125
    ],
    "4": [
        224812.421875,
        104777.6015625,
        61156.0234375
    ],
    "5": [
        230218.78125,
        109171.6875,
        30578.01171875
    ],
    "6": [
        220002.171875,
        114459.015625,
        15289.005859375
    ],
    "7": [
        221104.625,
        113977.5234375,
        7644.5029296875
    ],
    "8": [
        219650.625,
        113249.203125,
        3822.25146484375
    ]
}