{
    "0": [
        202387.5,
        202387.5,
        291219.15625
    ],
    "1": [
        202387.5,
        202387.5,
        291219.15625
    ],
    "2": [
        260934.546875,
        137694.515625,
        145609.578125
    ],
    "3": [
        222166.890625,
        148483.015625,
        101926.703125
    ],
    "4": [
        224797.390625,
        166051.875,
        61156.0234375
    ],
    "5": [
        201801.34375,
        174007.546875,
        30578.01171875
    ],
    "6": [
        201277.6875,
        163596.515625,
        15289.005859375
    ]
}