{
    "0": [
        202387.5,
        202387.5,
        291219.15625
    ],
    "1": [
        202387.5,
        202387.5,
        291219.15625
    ],
    "2": [
        154878,
        255842.5,
        145609.578125
    ],
    "3": [
        167194.140625,
        281458.09375,
        101926.703125
    ],
    "4": [
        203495.5625,
        266099.84375,
        61156.0234375
    ],
    "5": [
        200373.671875,
        249616.6875,
        30578.01171875
    ],
    "6": [
        187520.8125,
        243287.53125,
        15289.005859375
    ]
}