{
    "0": [
        202387.5,
        202387.5,
        291219.15625
    ],
    "1": [
        202387.5,
        202387.5,
        291219.15625
    ],
    "2": [
        176203.84375,
        126732.21875,
        145609.578125
    ],
    "3": [
        147805.03125,
        111429.3359375,
        101926.703125
    ],
    "4": [
        111846.328125,
        111599.5234375,
        61156.0234375
    ],
    "5": [
        120561.2734375,
        109350.40625,
        30578.01171875
    ],
    "6": [
        113645.765625,
        108247.9765625,
        15289.005859375
    ],
    "7": [
        115761.21875,
        108574.890625,
        7644.5029296875
    ]
}