{
    "0": [
        202387.5,
        202387.5,
        291219.15625
    ],
    "1": [
        202387.5,
        202387.5,
        291219.15625
    ],
    "2": [
        179497.9375,
        307861.5,
        145609.578125
    ],
    "3": [
        204428.53125,
        306321.34375,
        101926.703125
    ],
    "4": [
        173661.390625,
        292337.09375,
        61156.0234375
    ],
    "5": [
        178540.09375,
        311968.375,
        30578.01171875
    ],
    "6": [
        168492.1875,
        303587.03125,
        15289.005859375
    ],
    "7": [
        169992.484375,
        299856.96875,
        7644.5029296875
    ]
}