{
    "0": [
        202387.5,
        202387.5,
        291219.15625
    ],
    "1": [
        202387.5,
        202387.5,
        291219.15625
    ],
    "2": [
        241102.125,
        193867.4375,
        145609.578125
    ],
    "3": [
        271094.53125,
        177601.984375,
        101926.703125
    ],
    "4": [
        291207,
        145396.328125,
        61156.0234375
    ],
    "5": [
        282501.875,
        151291.34375,
        30578.01171875
    ],
    "6": [
        282004.4375,
        137868.203125,
        15289.005859375
    ],
    "7": [
        283310.28125,
        134341.28125,
        7644.5029296875
    ],
    "8": [
        283514.3125,
        134787.421875,
        3822.25146484375
    ]
}