{
    "0": [
        202387.5,
        202387.5,
        291219.15625
    ],
    "1": [
        202387.5,
        202387.5,
        291219.15625
    ],
    "2": [
        245052.25,
        208303.703125,
        145609.578125
    ],
    "3": [
        233571.546875,
        241449.515625,
        101926.703125
    ],
    "4": [
        249152.984375,
        252116.59375,
        61156.0234375
    ],
    "5": [
        244424.9375,
        271475.03125,
        30578.01171875
    ],
    "6": [
        247038,
        282807.59375,
        15289.005859375
    ],
    "7": [
        243077.234375,
        281006.09375,
        7644.5029296875
    ],
    "8": [
        243503.890625,
        279988.59375,
        3822.25146484375
    ],
    "9": [
        243353.96875,
        279049.5625,
        1911.125732421875
    ]
}