{
    "0": [
        202387.5,
        202387.5,
        291219.15625
    ],
    "1": [
        202387.5,
        202387.5,
        291219.15625
    ],
    "2": [
        227217.109375,
        96532.6015625,
        145609.578125
    ],
    "3": [
        262500.875,
        79704.578125,
        101926.703125
    ],
    "4": [
        279410.375,
        87897.796875,
        61156.0234375
    ],
    "5": [
        305334.875,
        91651.671875,
        30578.01171875
    ],
    "6": [
        314904.625,
        87627.859375,
        15289.005859375
    ]
}