{
    "0": [
        202387.5,
        202387.5,
        291219.15625
    ],
    "1": [
        202387.5,
        202387.5,
        291219.15625
    ],
    "2": [
        133493.40625,
        255972.09375,
        145609.578125
    ],
    "3": [
        118508.015625,
        258000.65625,
        101926.703125
    ],
    "4": [
        144724.640625,
        245025.046875,
        61156.0234375
    ],
    "5": [
        143692.15625,
        251302.234375,
        30578.01171875
    ],
    "6": [
        146803.265625,
        262380.46875,
        15289.005859375
    ],
    "7": [
        144937.703125,
        260807.84375,
        7644.5029296875
    ]
}