{
    "0": [
        202387.5,
        202387.5,
        291219.15625
    ],
    "1": [
        202387.5,
        202387.5,
        291219.15625
    ],
    "2": [
        250642.71875,
        304595.9375,
        145609.578125
    ],
    "3": [
        241067.5,
        267662.0625,
        101926.703125
    ],
    "4": [
        223777.390625,
        233237.09375,
        61156.0234375
    ],
    "5": [
        226613.84375,
        254881.5,
        30578.01171875
    ],
    "6": [
        216899.46875,
        262524.09375,
        15289.005859375
    ]
}