{
    "0": [
        202387.5,
        202387.5,
        291219.15625
    ],
    "1": [
        202387.5,
        202387.5,
        291219.15625
    ],
    "2": [
        166626.953125,
        258038.71875,
        145609.578125
    ],
    "3": [
        148136.828125,
        236009.96875,
        101926.703125
    ],
    "4": [
        187711.9375,
        243430.46875,
        61156.0234375
    ],
    "5": [
        204278.671875,
        260973.375,
        30578.01171875
    ],
    "6": [
        207309.421875,
        274952.25,
        15289.005859375
    ],
    "7": [
        207326.75,
        277376.3125,
        7644.5029296875
    ],
    "8": [
        207166.3125,
        276709.3125,
        3822.25146484375
    ]
}