{
    "0": [
        202387.5,
        202387.5,
        291219.15625
    ],
    "1": [
        202387.5,
        202387.5,
        291219.15625
    ],
    "2": [
        220812.921875,
        271994.125,
        145609.578125
    ],
    "3": [
        206804.84375,
        254368.1875,
        101926.703125
    ],
    "4": [
        219729.640625,
        261041.734375,
        61156.0234375
    ],
    "5": [
        222075.4375,
        231879.140625,
        30578.01171875
    ],
    "6": [
        223210.453125,
        233033.46875,
        15289.005859375
    ],
    "7": [
        221963.875,
        238978.828125,
        7644.5029296875
    ]
}