{
    "0": [
        202387.5,
        202387.5,
        291219.15625
    ],
    "1": [
        202387.5,
        202387.5,
        291219.15625
    ],
    "2": [
        188855.234375,
        231416.046875,
        145609.578125
    ],
    "3": [
        223957.78125,
        228205.1875,
        101926.703125
    ],
    "4": [
        243383.890625,
        245710.296875,
        61156.0234375
    ],
    "5": [
        243498.328125,
        257449.265625,
        30578.01171875
    ],
    "6": [
        240464.515625,
        261247.515625,
        15289.005859375
    ],
    "7": [
        240414.921875,
        259483.171875,
        7644.5029296875
    ]
}