{
    "0": [
        202387.5,
        202387.5,
        291219.15625
    ],
    "1": [
        202387.5,
        202387.5,
        291219.15625
    ],
    "2": [
        280529.6875,
        149728.15625,
        145609.578125
    ],
    "3": [
        262269.5625,
        175986.921875,
        101926.703125
    ],
    "4": [
        262546.8125,
        153889.203125,
        61156.0234375
    ],
    "5": [
        288899.46875,
        163008.578125,
        30578.01171875
    ],
    "6": [
        294534.8125,
        154963.234375,
        15289.005859375
    ],
    "7": [
        293569.9375,
        158462.171875,
        7644.5029296875
    ]
}