{
    "0": [
        202387.5,
        202387.5,
        291219.15625
    ],
    "1": [
        202387.5,
        202387.5,
        291219.15625
    ],
    "2": [
        116811.765625,
        270039.1875,
        145609.578125
    ],
    "3": [
        102582.078125,
        305681.53125,
        101926.703125
    ],
    "4": [
        124262.453125,
        288689.34375,
        61156.0234375
    ],
    "5": [
        146845.234375,
        303729.03125,
        30578.01171875
    ],
    "6": [
        143035.75,
        307435.75,
        15289.005859375
    ],
    "7": [
        142319.609375,
        303162.21875,
        7644.5029296875
    ]
}