{
    "0": [
        202387.5,
        202387.5,
        291219.15625
    ],
    "1": [
        202387.5,
        202387.5,
        291219.15625
    ],
    "2": [
        249928.5,
        151207.5625,
        145609.578125
    ],
    "3": [
        271238.1875,
        122646.1015625,
        101926.703125
    ],
    "4": [
        286037.3125,
        116258.5390625,
        61156.0234375
    ],
    "5": [
        264096.1875,
        110858.6640625,
        30578.01171875
    ],
    "6": [
        251091.09375,
        104185.2109375,
        15289.005859375
    ],
    "7": [
        246873.734375,
        101551.3515625,
        7644.5029296875
    ]
}