{
    "0": [
        202387.5,
        202387.5,
        291219.15625
    ],
    "1": [
        202387.5,
        202387.5,
        291219.15625
    ],
    "2": [
        88342.765625,
        224726.46875,
        145609.578125
    ],
    "3": [
        115547.140625,
        203480.90625,
        101926.703125
    ],
    "4": [
        130999.15625,
        226315.171875,
        61156.0234375
    ],
    "5": [
        107980.984375,
        211595.5625,
        30578.01171875
    ],
    "6": [
        117909.125,
        203597.0625,
        15289.005859375
    ],
    "7": [
        117734.3671875,
        203641.78125,
        7644.5029296875
    ],
    "8": [
        121229.1640625,
        202473.171875,
        3822.25146484375
    ]
}