{
    "0": [
        202387.5,
        202387.5,
        291219.15625
    ],
    "1": [
        202387.5,
        202387.5,
        291219.15625
    ],
    "2": [
        204748.140625,
        297771,
        145609.578125
    ],
    "3": [
        181191.828125,
        265372.0625,
        101926.703125
    ],
    "4": [
        211488.703125,
        269933.84375,
        61156.0234375
    ],
    "5": [
        210201.640625,
        249405.609375,
        30578.01171875
    ],
    "6": [
        200115.140625,
        248746.3125,
        15289.005859375
    ]
}