{
    "0": [
        202387.5,
        202387.5,
        291219.15625
    ],
    "1": [
        202387.5,
        202387.5,
        291219.15625
    ],
    "2": [
        260151.1875,
        206356.40625,
        145609.578125
    ],
    "3": [
        285895.84375,
        195003.21875,
        101926.703125
    ],
    "4": [
        276354.875,
        196508.765625,
        61156.0234375
    ],
    "5": [
        263942.21875,
        197923.40625,
        30578.01171875
    ],
    "6": [
        255116.109375,
        189668.046875,
        15289.005859375
    ],
    "7": [
        262000.96875,
        187834.625,
        7644.5029296875
    ]
}