{
    "0": [
        202387.5,
        202387.5,
        291219.15625
    ],
    "1": [
        202387.5,
        202387.5,
        291219.15625
    ],
    "2": [
        169622.375,
        112453.7421875,
        145609.578125
    ],
    "3": [
        160011.75,
        105216.8046875,
        101926.703125
    ],
    "4": [
        120871.390625,
        105897.484375,
        61156.0234375
    ],
    "5": [
        109252.015625,
        116573.1640625,
        30578.01171875
    ],
    "6": [
        108718.1953125,
        113416.2265625,
        15289.005859375
    ],
    "7": [
        101584.4765625,
        112242.078125,
        7644.5029296875
    ]
}