{
    "0": [
        202387.5,
        202387.5,
        291219.15625
    ],
    "1": [
        202387.5,
        202387.5,
        291219.15625
    ],
    "2": [
        254835.46875,
        176066.765625,
        145609.578125
    ],
    "3": [
        232596.21875,
        157127.265625,
        101926.703125
    ],
    "4": [
        225162.65625,
        135153.90625,
        61156.0234375
    ],
    "5": [
        214552.40625,
        162075.875,
        30578.01171875
    ],
    "6": [
        206079.09375,
        159646.390625,
        15289.005859375
    ],
    "7": [
        205760.484375,
        159719.875,
        7644.5029296875
    ]
}