{
    "0": [
        202387.5,
        202387.5,
        291219.15625
    ],
    "1": [
        202387.5,
        202387.5,
        291219.15625
    ],
    "2": [
        122530.3359375,
        268268.4375,
        145609.578125
    ],
    "3": [
        121434.484375,
        255956.265625,
        101926.703125
    ],
    "4": [
        150556.421875,
        253486.671875,
        61156.0234375
    ],
    "5": [
        129402.953125,
        272335.25,
        30578.01171875
    ],
    "6": [
        121501.59375,
        285106.65625,
        15289.005859375
    ],
    "7": [
        122206.046875,
        283195.59375,
        7644.5029296875
    ],
    "8": [
        124543.21875,
        284686.3125,
        3822.25146484375
    ]
}