{
    "0": [
        202387.5,
        202387.5,
        291219.15625
    ],
    "1": [
        202387.5,
        202387.5,
        291219.15625
    ],
    "2": [
        256961.734375,
        201786.140625,
        145609.578125
    ],
    "3": [
        287662.84375,
        184117.90625,
        101926.703125
    ],
    "4": [
        306192.90625,
        199130.90625,
        61156.0234375
    ],
    "5": [
        305395.28125,
        203158.09375,
        30578.01171875
    ],
    "6": [
        313303.125,
        207029.265625,
        15289.005859375
    ],
    "7": [
        317303.65625,
        202111.90625,
        7644.5029296875
    ]
}