{
    "0": [
        202387.5,
        202387.5,
        291219.15625
    ],
    "1": [
        202387.5,
        202387.5,
        291219.15625
    ],
    "2": [
        197810.9375,
        119340.984375,
        145609.578125
    ],
    "3": [
        199371.828125,
        146312.390625,
        101926.703125
    ],
    "4": [
        214959.734375,
        161380.15625,
        61156.0234375
    ],
    "5": [
        197438.046875,
        143529.25,
        30578.01171875
    ],
    "6": [
        193201.40625,
        138658.5625,
        15289.005859375
    ],
    "7": [
        190228.953125,
        133974.78125,
        7644.5029296875
    ],
    "8": [
        189229.078125,
        137302.375,
        3822.25146484375
    ]
}