{
    "0": [
        202387.5,
        202387.5,
        291219.15625
    ],
    "1": [
        202387.5,
        202387.5,
        291219.15625
    ],
    "2": [
        156566.859375,
        233371.140625,
        145609.578125
    ],
    "3": [
        183292.1875,
        208592.84375,
        101926.703125
    ],
    "4": [
        188930.546875,
        205268.03125,
        61156.0234375
    ],
    "5": [
        195502.015625,
        186037.390625,
        30578.01171875
    ],
    "6": [
        192604.53125,
        183340.453125,
        15289.005859375
    ],
    "7": [
        196447.59375,
        177007.125,
        7644.5029296875
    ],
    "8": [
        196936.09375,
        179279.3125,
        3822.25146484375
    ],
    "9": [
        196939.65625,
        179058.515625,
        1911.125732421875
    ]
}