{
    "0": [
        202387.5,
        202387.5,
        291219.15625
    ],
    "1": [
        202387.5,
        202387.5,
        291219.15625
    ],
    "2": [
        251090.296875,
        183298.625,
        145609.578125
    ],
    "3": [
        240476.78125,
        142778.46875,
        101926.703125
    ],
    "4": [
        273251.15625,
        147946.40625,
        61156.0234375
    ],
    "5": [
        285768.75,
        122119.9765625,
        30578.01171875
    ],
    "6": [
        292205.21875,
        135285.78125,
        15289.005859375
    ],
    "7": [
        290773.3125,
        137425.5,
        7644.5029296875
    ],
    "8": [
        288301.3125,
        138996.984375,
        3822.25146484375
    ],
    "9": [
        288568.59375,
        138674.609375,
        1911.125732421875
    ]
}