{
    "0": [
        202387.5,
        202387.5,
        291219.15625
    ],
    "1": [
        202387.5,
        202387.5,
        291219.15625
    ],
    "2": [
        226990.125,
        282930.9375,
        145609.578125
    ],
    "3": [
        207884.75,
        252891.859375,
        101926.703125
    ],
    "4": [
        204134.34375,
        233944.015625,
        61156.0234375
    ],
    "5": [
        197740.484375,
        226176.25,
        30578.01171875
    ],
    "6": [
        189083.78125,
        237313.953125,
        15289.005859375
    ],
    "7": [
        194580.09375,
        236774.734375,
        7644.5029296875
    ],
    "8": [
        196388.5625,
        236823.046875,
        3822.25146484375
    ]
}