{
    "0": [
        202387.5,
        202387.5,
        291219.15625
    ],
    "1": [
        202387.5,
        202387.5,
        291219.15625
    ],
    "2": [
        176746.3125,
        243448.40625,
        145609.578125
    ],
    "3": [
        160181.734375,
        226774.28125,
        101926.703125
    ],
    "4": [
        194550.96875,
        224511.96875,
        61156.0234375
    ],
    "5": [
        205825.375,
        228192.1875,
        30578.01171875
    ],
    "6": [
        207825.015625,
        228669.390625,
        15289.005859375
    ],
    "7": [
        207397.84375,
        234912.046875,
        7644.5029296875
    ],
    "8": [
        208670.875,
        233125.96875,
        3822.25146484375
    ]
}