{
    "0": [
        202387.5,
        202387.5,
        291219.15625
    ],
    "1": [
        202387.5,
        202387.5,
        291219.15625
    ],
    "2": [
        145448.96875,
        284943.75,
        145609.578125
    ],
    "3": [
        163922.171875,
        250140.1875,
        101926.703125
    ],
    "4": [
        166708,
        261349.203125,
        61156.0234375
    ],
    "5": [
        178305.953125,
        273559.71875,
        30578.01171875
    ],
    "6": [
        180213.5,
        287068.6875,
        15289.005859375
    ],
    "7": [
        177644.578125,
        287790.9375,
        7644.5029296875
    ]
}