{
    "0": [
        202387.5,
        202387.5,
        291219.15625
    ],
    "1": [
        202387.5,
        202387.5,
        291219.15625
    ],
    "2": [
        207869.015625,
        165259,
        145609.578125
    ],
    "3": [
        221491.890625,
        159635.84375,
        101926.703125
    ],
    "4": [
        251686.84375,
        150808.390625,
        61156.0234375
    ],
    "5": [
        239217.59375,
        165112.6875,
        30578.01171875
    ],
    "6": [
        229603.203125,
        175022.65625,
        15289.005859375
    ]
}