{
    "0": [
        202387.5,
        202387.5,
        291219.15625
    ],
    "1": [
        202387.5,
        202387.5,
        291219.15625
    ],
    "2": [
        220503.78125,
        91392.953125,
        145609.578125
    ],
    "3": [
        238610.203125,
        67965.828125,
        101926.703125
    ],
    "4": [
        259770.46875,
        58498.8203125,
        61156.0234375
    ],
    "5": [
        230915.625,
        53636.15234375,
        30578.01171875
    ],
    "6": [
        231785.046875,
        47604.28515625,
        15289.005859375
    ]
}