{
    "0": [
        202387.5,
        202387.5,
        291219.15625
    ],
    "1": [
        202387.5,
        202387.5,
        291219.15625
    ],
    "2": [
        294252.09375,
        156035.96875,
        145609.578125
    ],
    "3": [
        320292.15625,
        169480.390625,
        101926.703125
    ],
    "4": [
        287222.28125,
        172188.609375,
        61156.0234375
    ],
    "5": [
        312260.0625,
        173777.921875,
        30578.01171875
    ],
    "6": [
        301161.5625,
        178634.75,
        15289.005859375
    ],
    "7": [
        305905.625,
        183008.4375,
        7644.5029296875
    ]
}