{
    "0": [
        202387.5,
        202387.5,
        291219.15625
    ],
    "1": [
        202387.5,
        202387.5,
        291219.15625
    ],
    "2": [
        177116.625,
        238883.453125,
        145609.578125
    ],
    "3": [
        160479.078125,
        275745,
        101926.703125
    ],
    "4": [
        163194.484375,
        302845.15625,
        61156.0234375
    ],
    "5": [
        144553.671875,
        295573.0625,
        30578.01171875
    ],
    "6": [
        144459.28125,
        295311.4375,
        15289.005859375
    ],
    "7": [
        147874.734375,
        293752.84375,
        7644.5029296875
    ],
    "8": [
        148030.1875,
        292037.6875,
        3822.25146484375
    ]
}