{
    "0": [
        202387.5,
        202387.5,
        291219.15625
    ],
    "1": [
        202387.5,
        202387.5,
        291219.15625
    ],
    "2": [
        188777.25,
        141280.65625,
        145609.578125
    ],
    "3": [
        186776.984375,
        132087.46875,
        101926.703125
    ],
    "4": [
        211241.890625,
        155532.734375,
        61156.0234375
    ],
    "5": [
        213007.28125,
        130967.3359375,
        30578.01171875
    ],
    "6": [
        211905.640625,
        127064.2421875,
        15289.005859375
    ],
    "7": [
        211943.421875,
        127237.6484375,
        7644.5029296875
    ],
    "8": [
        211443.875,
        128299.34375,
        3822.25146484375
    ]
}