{
    "0": [
        202387.5,
        202387.5,
        291219.15625
    ],
    "1": [
        202387.5,
        202387.5,
        291219.15625
    ],
    "2": [
        307546.25,
        220875.015625,
        145609.578125
    ],
    "3": [
        315900.875,
        237066.984375,
        101926.703125
    ],
    "4": [
        345088.78125,
        236489.0625,
        61156.0234375
    ],
    "5": [
        321877.3125,
        251307.1875,
        30578.01171875
    ],
    "6": [
        327873.3125,
        242737.875,
        15289.005859375
    ]
}