{
    "0": [
        202387.5,
        202387.5,
        291219.15625
    ],
    "1": [
        202387.5,
        202387.5,
        291219.15625
    ],
    "2": [
        275331.59375,
        203887.515625,
        145609.578125
    ],
    "3": [
        253432.5,
        239012.03125,
        101926.703125
    ],
    "4": [
        284053.125,
        218342.03125,
        61156.0234375
    ],
    "5": [
        279672.59375,
        205592.65625,
        30578.01171875
    ],
    "6": [
        290550.8125,
        199213.640625,
        15289.005859375
    ],
    "7": [
        289462.90625,
        198323.484375,
        7644.5029296875
    ],
    "8": [
        288558.65625,
        197530.59375,
        3822.25146484375
    ]
}