{
    "0": [
        202387.5,
        202387.5,
        291219.15625
    ],
    "1": [
        202387.5,
        202387.5,
        291219.15625
    ],
    "2": [
        313144,
        212275.640625,
        145609.578125
    ],
    "3": [
        324846.8125,
        205010.140625,
        101926.703125
    ],
    "4": [
        289572.09375,
        201385.21875,
        61156.0234375
    ],
    "5": [
        268838.25,
        205011.53125,
        30578.01171875
    ],
    "6": [
        255440.4375,
        199515.859375,
        15289.005859375
    ],
    "7": [
        250926.734375,
        197114.640625,
        7644.5029296875
    ],
    "8": [
        249308.140625,
        197865.265625,
        3822.25146484375
    ]
}