{
    "0": [
        202387.5,
        202387.5,
        291219.15625
    ],
    "1": [
        202387.5,
        202387.5,
        291219.15625
    ],
    "2": [
        296518.15625,
        214625.953125,
        145609.578125
    ],
    "3": [
        332700.4375,
        225049.390625,
        101926.703125
    ],
    "4": [
        353384.5,
        193381.90625,
        61156.0234375
    ],
    "5": [
        368992.21875,
        200264.015625,
        30578.01171875
    ],
    "6": [
        370459.15625,
        203390.5625,
        15289.005859375
    ],
    "7": [
        364202.875,
        205857.03125,
        7644.5029296875
    ]
}