{
    "0": [
        202387.5,
        202387.5,
        291219.15625
    ],
    "1": [
        202387.5,
        202387.5,
        291219.15625
    ],
    "2": [
        209889.1875,
        109512.4140625,
        145609.578125
    ],
    "3": [
        188934.90625,
        89094.6875,
        101926.703125
    ],
    "4": [
        198402.625,
        116205,
        61156.0234375
    ],
    "5": [
        190380.484375,
        122101.1015625,
        30578.01171875
    ],
    "6": [
        188842.40625,
        115436.1171875,
        15289.005859375
    ]
}