{
    "0": [
        202387.5,
        202387.5,
        291219.15625
    ],
    "1": [
        202387.5,
        202387.5,
        291219.15625
    ],
    "2": [
        216031.0625,
        188941.328125,
        145609.578125
    ],
    "3": [
        231850.953125,
        165475.359375,
        101926.703125
    ],
    "4": [
        253833.140625,
        192388.421875,
        61156.0234375
    ],
    "5": [
        249914.3125,
        202078.28125,
        30578.01171875
    ],
    "6": [
        241319.390625,
        209096.640625,
        15289.005859375
    ],
    "7": [
        241740.421875,
        203054.296875,
        7644.5029296875
    ],
    "8": [
        242302.15625,
        199664.984375,
        3822.25146484375
    ]
}