{
    "0": [
        202387.5,
        202387.5,
        291219.15625
    ],
    "1": [
        202387.5,
        202387.5,
        291219.15625
    ],
    "2": [
        184332.0625,
        226925.1875,
        145609.578125
    ],
    "3": [
        225466.0625,
        213395.390625,
        101926.703125
    ],
    "4": [
        246238.5,
        208051.34375,
        61156.0234375
    ],
    "5": [
        253795.96875,
        190693.15625,
        30578.01171875
    ],
    "6": [
        240352.265625,
        194131.5625,
        15289.005859375
    ],
    "7": [
        234444.046875,
        191694.9375,
        7644.5029296875
    ]
}