{
    "0": [
        202387.5,
        202387.5,
        291219.15625
    ],
    "1": [
        202387.5,
        202387.5,
        291219.15625
    ],
    "2": [
        109774.421875,
        251651.828125,
        145609.578125
    ],
    "3": [
        98024.6484375,
        282055.59375,
        101926.703125
    ],
    "4": [
        122462.671875,
        274769.8125,
        61156.0234375
    ],
    "5": [
        120809.2109375,
        277044.40625,
        30578.01171875
    ],
    "6": [
        134331.3125,
        279734.53125,
        15289.005859375
    ],
    "7": [
        133002.046875,
        285072.40625,
        7644.5029296875
    ],
    "8": [
        134443.375,
        282985.34375,
        3822.25146484375
    ]
}