{
    "0": [
        202387.5,
        202387.5,
        291219.15625
    ],
    "1": [
        202387.5,
        202387.5,
        291219.15625
    ],
    "2": [
        313191.875,
        198639.609375,
        145609.578125
    ],
    "3": [
        340112.40625,
        195778.03125,
        101926.703125
    ],
    "4": [
        316568.8125,
        174866.984375,
        61156.0234375
    ],
    "5": [
        311349.375,
        156415.984375,
        30578.01171875
    ],
    "6": [
        307497.78125,
        154085.3125,
        15289.005859375
    ],
    "7": [
        301344.34375,
        151333.6875,
        7644.5029296875
    ]
}