{
    "0": [
        202387.5,
        202387.5,
        291219.15625
    ],
    "1": [
        202387.5,
        202387.5,
        291219.15625
    ],
    "2": [
        189236,
        117320.703125,
        145609.578125
    ],
    "3": [
        223087.6875,
        99681.2265625,
        101926.703125
    ],
    "4": [
        257424.03125,
        102939.171875,
        61156.0234375
    ],
    "5": [
        248696.421875,
        90855.4375,
        30578.01171875
    ],
    "6": [
        251655.171875,
        99246.5546875,
        15289.005859375
    ],
    "7": [
        246141.171875,
        101660.3515625,
        7644.5029296875
    ]
}