{
    "0": [
        202387.5,
        202387.5,
        291219.15625
    ],
    "1": [
        202387.5,
        202387.5,
        291219.15625
    ],
    "2": [
        237773.875,
        174988.875,
        145609.578125
    ],
    "3": [
        212774.671875,
        183537.359375,
        101926.703125
    ],
    "4": [
        180920.171875,
        181745.640625,
        61156.0234375
    ],
    "5": [
        190365.171875,
        205039.15625,
        30578.01171875
    ],
    "6": [
        202029.4375,
        213298.21875,
        15289.005859375
    ],
    "7": [
        198914.4375,
        212995.609375,
        7644.5029296875
    ]
}