{
    "0": [
        202387.5,
        202387.5,
        291219.15625
    ],
    "1": [
        202387.5,
        202387.5,
        291219.15625
    ],
    "2": [
        215390.0625,
        188512.859375,
        145609.578125
    ],
    "3": [
        194565.921875,
        208684.171875,
        101926.703125
    ],
    "4": [
        203914.9375,
        194916.90625,
        61156.0234375
    ],
    "5": [
        221150.46875,
        203507.078125,
        30578.01171875
    ],
    "6": [
        224065.46875,
        193702.875,
        15289.005859375
    ],
    "7": [
        227904.140625,
        198988.625,
        7644.5029296875
    ]
}