{
    "0": [
        202387.5,
        202387.5,
        291219.15625
    ],
    "1": [
        202387.5,
        202387.5,
        291219.15625
    ],
    "2": [
        312237.03125,
        185381,
        145609.578125
    ],
    "3": [
        284666.46875,
        213717.015625,
        101926.703125
    ],
    "4": [
        258081.53125,
        228447.34375,
        61156.0234375
    ],
    "5": [
        236608.578125,
        231963.375,
        30578.01171875
    ],
    "6": [
        232338.359375,
        240794,
        15289.005859375
    ],
    "7": [
        231873.3125,
        241503.125,
        7644.5029296875
    ],
    "8": [
        228875.5625,
        243387.890625,
        3822.25146484375
    ]
}