{
    "0": [
        202387.5,
        202387.5,
        291219.15625
    ],
    "1": [
        202387.5,
        202387.5,
        291219.15625
    ],
    "2": [
        257656.078125,
        302614.53125,
        145609.578125
    ],
    "3": [
        294420.96875,
        292270,
        101926.703125
    ],
    "4": [
        325373.28125,
        280197.0625,
        61156.0234375
    ],
    "5": [
        330166.03125,
        295250.1875,
        30578.01171875
    ],
    "6": [
        344891.9375,
        292456.84375,
        15289.005859375
    ],
    "7": [
        349601.8125,
        287396.96875,
        7644.5029296875
    ]
}