{
    "0": [
        202387.5,
        202387.5,
        291219.15625
    ],
    "1": [
        202387.5,
        202387.5,
        291219.15625
    ],
    "2": [
        100843.515625,
        238114.296875,
        145609.578125
    ],
    "3": [
        129849.515625,
        206552.5625,
        101926.703125
    ],
    "4": [
        100525.453125,
        215118.96875,
        61156.0234375
    ],
    "5": [
        81629.09375,
        227177.4375,
        30578.01171875
    ],
    "6": [
        75108.9921875,
        214066.25,
        15289.005859375
    ]
}