{
    "0": [
        202387.5,
        202387.5,
        291219.15625
    ],
    "1": [
        202387.5,
        202387.5,
        291219.15625
    ],
    "2": [
        247757.09375,
        126673.234375,
        145609.578125
    ],
    "3": [
        287982.03125,
        125836.8125,
        101926.703125
    ],
    "4": [
        315013.34375,
        138021.90625,
        61156.0234375
    ],
    "5": [
        317296,
        150490.953125,
        30578.01171875
    ],
    "6": [
        315550.1875,
        137655.96875,
        15289.005859375
    ],
    "7": [
        318730.34375,
        131488.453125,
        7644.5029296875
    ]
}