{
    "0": [
        202387.5,
        202387.5,
        291219.15625
    ],
    "1": [
        202387.5,
        202387.5,
        291219.15625
    ],
    "2": [
        196134.890625,
        227686.8125,
        145609.578125
    ],
    "3": [
        186556.265625,
        204076.78125,
        101926.703125
    ],
    "4": [
        195233.0625,
        238246.3125,
        61156.0234375
    ],
    "5": [
        175482.015625,
        244218.390625,
        30578.01171875
    ],
    "6": [
        182381.765625,
        239008.46875,
        15289.005859375
    ],
    "7": [
        176083.390625,
        235887.03125,
        7644.5029296875
    ]
}