{
    "0": [
        202387.5,
        202387.5,
        291219.15625
    ],
    "1": [
        202387.5,
        202387.5,
        291219.15625
    ],
    "2": [
        243260.28125,
        212156.40625,
        145609.578125
    ],
    "3": [
        262537.375,
        245607.46875,
        101926.703125
    ],
    "4": [
        259000.234375,
        276581.8125,
        61156.0234375
    ],
    "5": [
        249376.234375,
        302341.875,
        30578.01171875
    ],
    "6": [
        237568.6875,
        300185.15625,
        15289.005859375
    ]
}