{
    "0": [
        202387.5,
        202387.5,
        291219.15625
    ],
    "1": [
        202387.5,
        202387.5,
        291219.15625
    ],
    "2": [
        110270.59375,
        265073.625,
        145609.578125
    ],
    "3": [
        92663.703125,
        253666.84375,
        101926.703125
    ],
    "4": [
        68245.5703125,
        226697.21875,
        61156.0234375
    ],
    "5": [
        71343.6015625,
        227904.640625,
        30578.01171875
    ],
    "6": [
        73045.734375,
        216767.46875,
        15289.005859375
    ],
    "7": [
        71040.953125,
        209406.625,
        7644.5029296875
    ],
    "8": [
        73076.7890625,
        210043.484375,
        3822.25146484375
    ]
}