{
    "0": [
        202387.5,
        202387.5,
        291219.15625
    ],
    "1": [
        202387.5,
        202387.5,
        291219.15625
    ],
    "2": [
        161585.0625,
        155495.46875,
        145609.578125
    ],
    "3": [
        151743.34375,
        188263.5,
        101926.703125
    ],
    "4": [
        141726.203125,
        194796.984375,
        61156.0234375
    ],
    "5": [
        138748.390625,
        173477.109375,
        30578.01171875
    ],
    "6": [
        140124.0625,
        160619.1875,
        15289.005859375
    ]
}