{
    "0": [
        202387.5,
        202387.5,
        291219.15625
    ],
    "1": [
        202387.5,
        202387.5,
        291219.15625
    ],
    "2": [
        176620.921875,
        93196.2734375,
        145609.578125
    ],
    "3": [
        149496.84375,
        126965.9921875,
        101926.703125
    ],
    "4": [
        140625.78125,
        142083.59375,
        61156.0234375
    ],
    "5": [
        163810.09375,
        142634.21875,
        30578.01171875
    ],
    "6": [
        154220.375,
        146733.578125,
        15289.005859375
    ],
    "7": [
        158353.171875,
        140654.1875,
        7644.5029296875
    ]
}