{
    "0": [
        202387.5,
        202387.5,
        291219.15625
    ],
    "1": [
        202387.5,
        202387.5,
        291219.15625
    ],
    "2": [
        199329.578125,
        249333.046875,
        145609.578125
    ],
    "3": [
        187726.96875,
        266745.59375,
        101926.703125
    ],
    "4": [
        160250.734375,
        270684.96875,
        61156.0234375
    ],
    "5": [
        139143.109375,
        279396.375,
        30578.01171875
    ],
    "6": [
        131855.21875,
        277475.375,
        15289.005859375
    ],
    "7": [
        127281.28125,
        283365.75,
        7644.5029296875
    ],
    "8": [
        125754.9296875,
        285809.25,
        3822.25146484375
    ]
}