{
    "0": [
        202387.5,
        202387.5,
        291219.15625
    ],
    "1": [
        202387.5,
        202387.5,
        291219.15625
    ],
    "2": [
        142932.703125,
        186694.046875,
        145609.578125
    ],
    "3": [
        115152.015625,
        189006.125,
        101926.703125
    ],
    "4": [
        126242.6015625,
        179592.921875,
        61156.0234375
    ],
    "5": [
        114033.4765625,
        178819.140625,
        30578.01171875
    ],
    "6": [
        105543.0078125,
        190997.015625,
        15289.005859375
    ],
    "7": [
        100448.3984375,
        194942.59375,
        7644.5029296875
    ]
}