{
    "0": [
        202387.5,
        202387.5,
        291219.15625
    ],
    "1": [
        202387.5,
        202387.5,
        291219.15625
    ],
    "2": [
        185657.328125,
        176887.109375,
        145609.578125
    ],
    "3": [
        179530.921875,
        178171.59375,
        101926.703125
    ],
    "4": [
        210796.71875,
        168174.359375,
        61156.0234375
    ]
}