{
    "0": [
        202387.5,
        202387.5,
        291219.15625
    ],
    "1": [
        202387.5,
        202387.5,
        291219.15625
    ],
    "2": [
        298396.71875,
        152686.171875,
        145609.578125
    ],
    "3": [
        334465.75,
        140436.4375,
        101926.703125
    ],
    "4": [
        341855.8125,
        101726.34375,
        61156.0234375
    ],
    "5": [
        320539.65625,
        80589.4375,
        30578.01171875
    ],
    "6": [
        319850.3125,
        66063.6875,
        15289.005859375
    ],
    "7": [
        317646.1875,
        63418.44921875,
        7644.5029296875
    ],
    "8": [
        319590.25,
        64324.83984375,
        3822.25146484375
    ]
}