{
    "0": [
        202387.5,
        202387.5,
        291219.15625
    ],
    "1": [
        202387.5,
        202387.5,
        291219.15625
    ],
    "2": [
        108265.125,
        270617.96875,
        145609.578125
    ],
    "3": [
        91678.9375,
        271621.375,
        101926.703125
    ],
    "4": [
        90027.96875,
        255159.40625,
        61156.0234375
    ],
    "5": [
        99786.8125,
        256805.828125,
        30578.01171875
    ]
}