{
    "0": [
        202387.5,
        202387.5,
        291219.15625
    ],
    "1": [
        202387.5,
        202387.5,
        291219.15625
    ],
    "2": [
        118498.8203125,
        244074.921875,
        145609.578125
    ],
    "3": [
        123808.375,
        207775.484375,
        101926.703125
    ],
    "4": [
        135817.046875,
        184986.984375,
        61156.0234375
    ],
    "5": [
        151972.875,
        170255.34375,
        30578.01171875
    ],
    "6": [
        139065.046875,
        170141.5625,
        15289.005859375
    ],
    "7": [
        133356.4375,
        170396.765625,
        7644.5029296875
    ],
    "8": [
        131752.28125,
        168173.265625,
        3822.25146484375
    ],
    "9": [
        132273.59375,
        169057.859375,
        1911.125732421875
    ]
}