{
    "0": [
        202387.5,
        202387.5,
        291219.15625
    ],
    "1": [
        202387.5,
        202387.5,
        291219.15625
    ],
    "2": [
        155935.96875,
        259182.796875,
        145609.578125
    ],
    "3": [
        132829.734375,
        295641.1875,
        101926.703125
    ],
    "4": [
        103891.859375,
        291842.84375,
        61156.0234375
    ],
    "5": [
        83743.34375,
        293646.03125,
        30578.01171875
    ],
    "6": [
        85217.953125,
        296497.90625,
        15289.005859375
    ],
    "7": [
        92050.3203125,
        299709.875,
        7644.5029296875
    ]
}