{
    "0": [
        202387.5,
        202387.5,
        291219.15625
    ],
    "1": [
        202387.5,
        202387.5,
        291219.15625
    ],
    "2": [
        142628.40625,
        188615.515625,
        145609.578125
    ],
    "3": [
        149358.71875,
        147696.75,
        101926.703125
    ],
    "4": [
        164754.9375,
        179801.921875,
        61156.0234375
    ],
    "5": [
        139814.265625,
        164259.65625,
        30578.01171875
    ],
    "6": [
        142710.140625,
        161308.6875,
        15289.005859375
    ],
    "7": [
        145278.421875,
        156626.890625,
        7644.5029296875
    ]
}