{
    "0": [
        202387.5,
        202387.5,
        291219.15625
    ],
    "1": [
        202387.5,
        202387.5,
        291219.15625
    ],
    "2": [
        244842.75,
        99714.8359375,
        145609.578125
    ],
    "3": [
        236601.625,
        74124.671875,
        101926.703125
    ],
    "4": [
        231106.890625,
        85617.8828125,
        61156.0234375
    ],
    "5": [
        220575.578125,
        89878.8203125,
        30578.01171875
    ],
    "6": [
        215406.21875,
        97053.4375,
        15289.005859375
    ],
    "7": [
        215983.421875,
        101391,
        7644.5029296875
    ]
}