{
    "0": [
        202387.5,
        202387.5,
        291219.15625
    ],
    "1": [
        202387.5,
        202387.5,
        291219.15625
    ],
    "2": [
        265164.46875,
        274459.3125,
        145609.578125
    ],
    "3": [
        296417.3125,
        268397.53125,
        101926.703125
    ],
    "4": [
        305147.5625,
        239082.046875,
        61156.0234375
    ],
    "5": [
        301311,
        226670.65625,
        30578.01171875
    ],
    "6": [
        298961.25,
        225437.40625,
        15289.005859375
    ],
    "7": [
        296650.8125,
        225585.59375,
        7644.5029296875
    ]
}