{
    "0": [
        202387.5,
        202387.5,
        291219.15625
    ],
    "1": [
        202387.5,
        202387.5,
        291219.15625
    ],
    "2": [
        178102.65625,
        141532.078125,
        145609.578125
    ],
    "3": [
        138261.765625,
        146016.546875,
        101926.703125
    ],
    "4": [
        142155.6875,
        106788,
        61156.0234375
    ],
    "5": [
        170913.6875,
        100094.53125,
        30578.01171875
    ],
    "6": [
        161775.75,
        110006.875,
        15289.005859375
    ]
}