{
    "0": [
        202387.5,
        202387.5,
        291219.15625
    ],
    "1": [
        202387.5,
        202387.5,
        291219.15625
    ],
    "2": [
        287187.34375,
        233944,
        145609.578125
    ],
    "3": [
        251604.25,
        255155.5625,
        101926.703125
    ],
    "4": [
        277517.875,
        254226.328125,
        61156.0234375
    ],
    "5": [
        267377.78125,
        266512.0625,
        30578.01171875
    ],
    "6": [
        269524.84375,
        267131.46875,
        15289.005859375
    ],
    "7": [
        267110.8125,
        263564.78125,
        7644.5029296875
    ],
    "8": [
        265838.65625,
        265145.65625,
        3822.25146484375
    ]
}