{
    "0": [
        202387.5,
        202387.5,
        291219.15625
    ],
    "1": [
        202387.5,
        202387.5,
        291219.15625
    ],
    "2": [
        213235.46875,
        247705.1875,
        145609.578125
    ],
    "3": [
        192002.625,
        283722.46875,
        101926.703125
    ],
    "4": [
        197778,
        263155.78125,
        61156.0234375
    ],
    "5": [
        205843.6875,
        245365.4375,
        30578.01171875
    ],
    "6": [
        195096.828125,
        251173.109375,
        15289.005859375
    ],
    "7": [
        199166.015625,
        246712.03125,
        7644.5029296875
    ],
    "8": [
        201021.140625,
        244881.3125,
        3822.25146484375
    ]
}