{
    "0": [
        202387.5,
        202387.5,
        291219.15625
    ],
    "1": [
        202387.5,
        202387.5,
        291219.15625
    ],
    "2": [
        262828.3125,
        182880.1875,
        145609.578125
    ],
    "3": [
        276996.5625,
        144293.0625,
        101926.703125
    ],
    "4": [
        306083.3125,
        159507.625,
        61156.0234375
    ],
    "5": [
        297874.875,
        136005.078125,
        30578.01171875
    ],
    "6": [
        289576.59375,
        135587.625,
        15289.005859375
    ],
    "7": [
        294623.6875,
        133938.4375,
        7644.5029296875
    ],
    "8": [
        291332.6875,
        133055.234375,
        3822.25146484375
    ],
    "9": [
        291272.75,
        134185.421875,
        1911.125732421875
    ]
}