{
    "0": [
        202387.5,
        202387.5,
        291219.15625
    ],
    "1": [
        202387.5,
        202387.5,
        291219.15625
    ],
    "2": [
        253626.09375,
        266938.8125,
        145609.578125
    ],
    "3": [
        276997.96875,
        258067.96875,
        101926.703125
    ],
    "4": [
        255399.828125,
        255627.5,
        61156.0234375
    ],
    "5": [
        260127.09375,
        238171.671875,
        30578.01171875
    ],
    "6": [
        256416.265625,
        239292.734375,
        15289.005859375
    ],
    "7": [
        262084.734375,
        241157.375,
        7644.5029296875
    ]
}