{
    "0": [
        202387.5,
        202387.5,
        291219.15625
    ],
    "1": [
        202387.5,
        202387.5,
        291219.15625
    ],
    "2": [
        125421.1484375,
        151493.734375,
        145609.578125
    ],
    "3": [
        110135.0859375,
        175695.28125,
        101926.703125
    ],
    "4": [
        107061.546875,
        161692.75,
        61156.0234375
    ],
    "5": [
        109347.65625,
        190974.46875,
        30578.01171875
    ],
    "6": [
        118839.375,
        200469.0625,
        15289.005859375
    ],
    "7": [
        114734.515625,
        203930.5625,
        7644.5029296875
    ],
    "8": [
        113958.0390625,
        202053.796875,
        3822.25146484375
    ]
}