{
    "0": [
        202387.5,
        202387.5,
        291219.15625
    ],
    "1": [
        202387.5,
        202387.5,
        291219.15625
    ],
    "2": [
        303933.625,
        258629.5,
        145609.578125
    ],
    "3": [
        305029.1875,
        297165.9375,
        101926.703125
    ],
    "4": [
        308476.5625,
        273553.15625,
        61156.0234375
    ],
    "5": [
        287706.46875,
        291959.59375,
        30578.01171875
    ],
    "6": [
        300165.5625,
        286472.03125,
        15289.005859375
    ],
    "7": [
        306925.78125,
        289313.46875,
        7644.5029296875
    ]
}