{
    "0": [
        202387.5,
        202387.5,
        291219.15625
    ],
    "1": [
        202387.5,
        202387.5,
        291219.15625
    ],
    "2": [
        209444.59375,
        186718.546875,
        145609.578125
    ],
    "3": [
        201857.953125,
        166138.65625,
        101926.703125
    ],
    "4": [
        181008.65625,
        188961.15625,
        61156.0234375
    ],
    "5": [
        191266.34375,
        192234.796875,
        30578.01171875
    ],
    "6": [
        184529.59375,
        194550.515625,
        15289.005859375
    ],
    "7": [
        190448.390625,
        192472.96875,
        7644.5029296875
    ],
    "8": [
        189288.875,
        195477.953125,
        3822.25146484375
    ]
}