{
    "0": [
        202387.5,
        202387.5,
        291219.15625
    ],
    "1": [
        202387.5,
        202387.5,
        291219.15625
    ],
    "2": [
        110621.6796875,
        273463.625,
        145609.578125
    ],
    "3": [
        149746.71875,
        286762.96875,
        101926.703125
    ],
    "4": [
        188468.21875,
        293257.0625,
        61156.0234375
    ],
    "5": [
        190715.140625,
        282854.5,
        30578.01171875
    ],
    "6": [
        194689.109375,
        278177,
        15289.005859375
    ],
    "7": [
        196060.296875,
        280252.9375,
        7644.5029296875
    ]
}