{
    "0": [
        202387.5,
        202387.5,
        291219.15625
    ],
    "1": [
        202387.5,
        202387.5,
        291219.15625
    ],
    "2": [
        133827.28125,
        131318.15625,
        145609.578125
    ],
    "3": [
        101323.375,
        154858.328125,
        101926.703125
    ],
    "4": [
        65515.98828125,
        149330.875,
        61156.0234375
    ],
    "5": [
        75630.0234375,
        142175.109375,
        30578.01171875
    ],
    "6": [
        75124.5625,
        141228.515625,
        15289.005859375
    ],
    "7": [
        78385.828125,
        144924.671875,
        7644.5029296875
    ],
    "8": [
        78698.0234375,
        142792.890625,
        3822.25146484375
    ],
    "9": [
        78003.828125,
        142012.859375,
        1911.125732421875
    ]
}