{
    "0": [
        202387.5,
        202387.5,
        291219.15625
    ],
    "1": [
        202387.5,
        202387.5,
        291219.15625
    ],
    "2": [
        218056.359375,
        287471.65625,
        145609.578125
    ],
    "3": [
        215493.015625,
        286723.71875,
        101926.703125
    ],
    "4": [
        214925.4375,
        263204.40625,
        61156.0234375
    ],
    "5": [
        197414.703125,
        238161.15625,
        30578.01171875
    ],
    "6": [
        202607.1875,
        225811.921875,
        15289.005859375
    ],
    "7": [
        196628.828125,
        228411.984375,
        7644.5029296875
    ]
}