{
    "0": [
        202387.5,
        202387.5,
        291219.15625
    ],
    "1": [
        202387.5,
        202387.5,
        291219.15625
    ],
    "2": [
        279557.96875,
        240792.828125,
        145609.578125
    ],
    "3": [
        302101.3125,
        263867.28125,
        101926.703125
    ],
    "4": [
        263602.59375,
        259364.671875,
        61156.0234375
    ],
    "5": [
        247789.40625,
        265895.875,
        30578.01171875
    ],
    "6": [
        253585.078125,
        278719,
        15289.005859375
    ],
    "7": [
        256679.671875,
        278763.0625,
        7644.5029296875
    ]
}