{
    "0": [
        202387.5,
        202387.5,
        291219.15625
    ],
    "1": [
        202387.5,
        202387.5,
        291219.15625
    ],
    "2": [
        142870.625,
        255292.203125,
        145609.578125
    ],
    "3": [
        145562.15625,
        256332.484375,
        101926.703125
    ],
    "4": [
        137367.234375,
        220679.3125,
        61156.0234375
    ],
    "5": [
        152754.078125,
        198375.796875,
        30578.01171875
    ],
    "6": [
        155811.53125,
        200517.890625,
        15289.005859375
    ],
    "7": [
        158477.046875,
        198509.109375,
        7644.5029296875
    ]
}