{
    "0": [
        202387.5,
        202387.5,
        291219.15625
    ],
    "1": [
        202387.5,
        202387.5,
        291219.15625
    ],
    "2": [
        198052.5625,
        220389.875,
        145609.578125
    ],
    "3": [
        173092.703125,
        244833.15625,
        101926.703125
    ],
    "4": [
        183268.703125,
        259025.921875,
        61156.0234375
    ],
    "5": [
        191962.71875,
        242166.3125,
        30578.01171875
    ],
    "6": [
        194725.828125,
        256457.109375,
        15289.005859375
    ]
}