{
    "0": [
        202387.5,
        202387.5,
        291219.15625
    ],
    "1": [
        202387.5,
        202387.5,
        291219.15625
    ],
    "2": [
        260448.984375,
        129113.890625,
        145609.578125
    ],
    "3": [
        293948.25,
        151848.84375,
        101926.703125
    ],
    "4": [
        278359.6875,
        149733.078125,
        61156.0234375
    ],
    "5": [
        299563.59375,
        132204.03125,
        30578.01171875
    ],
    "6": [
        306167.4375,
        141881.59375,
        15289.005859375
    ],
    "7": [
        300920.5,
        137691.96875,
        7644.5029296875
    ],
    "8": [
        302039.4375,
        137529.75,
        3822.25146484375
    ]
}