{
    "0": [
        202387.5,
        202387.5,
        291219.15625
    ],
    "1": [
        202387.5,
        202387.5,
        291219.15625
    ],
    "2": [
        291407.21875,
        138620.09375,
        145609.578125
    ],
    "3": [
        274846.59375,
        148637.578125,
        101926.703125
    ],
    "4": [
        273023,
        143269.734375,
        61156.0234375
    ],
    "5": [
        265215.75,
        142817.5625,
        30578.01171875
    ],
    "6": [
        260698.75,
        146968.765625,
        15289.005859375
    ],
    "7": [
        262091.171875,
        149132.53125,
        7644.5029296875
    ]
}