{
    "0": [
        202387.5,
        202387.5,
        291219.15625
    ],
    "1": [
        202387.5,
        202387.5,
        291219.15625
    ],
    "2": [
        97148.984375,
        209509.5,
        145609.578125
    ],
    "3": [
        119658.046875,
        193364.0625,
        101926.703125
    ],
    "4": [
        80457.0703125,
        188363.953125,
        61156.0234375
    ],
    "5": [
        80625.6328125,
        173250.65625,
        30578.01171875
    ],
    "6": [
        70748.703125,
        176955.453125,
        15289.005859375
    ],
    "7": [
        76098.25,
        182149.21875,
        7644.5029296875
    ],
    "8": [
        72909.25,
        181538.4375,
        3822.25146484375
    ]
}