{
    "0": [
        202387.5,
        202387.5,
        291219.15625
    ],
    "1": [
        202387.5,
        202387.5,
        291219.15625
    ],
    "2": [
        167361.0625,
        305964.71875,
        145609.578125
    ],
    "3": [
        139690.625,
        313889,
        101926.703125
    ],
    "4": [
        139003.1875,
        331553.78125,
        61156.0234375
    ],
    "5": [
        131174.546875,
        327556.34375,
        30578.01171875
    ],
    "6": [
        134528.875,
        327809.6875,
        15289.005859375
    ]
}