{
    "0": [
        202387.5,
        202387.5,
        291219.15625
    ],
    "1": [
        202387.5,
        202387.5,
        291219.15625
    ],
    "2": [
        140884.90625,
        259101.859375,
        145609.578125
    ],
    "3": [
        133272.015625,
        280762.0625,
        101926.703125
    ],
    "4": [
        163802.21875,
        278769.8125,
        61156.0234375
    ],
    "5": [
        169861.734375,
        261639.21875,
        30578.01171875
    ],
    "6": [
        173373.25,
        267975.1875,
        15289.005859375
    ],
    "7": [
        171527.40625,
        263697.1875,
        7644.5029296875
    ]
}