{
    "0": [
        202387.5,
        202387.5,
        291219.15625
    ],
    "1": [
        202387.5,
        202387.5,
        291219.15625
    ],
    "2": [
        193507.6875,
        229416.203125,
        145609.578125
    ],
    "3": [
        202757.734375,
        224071.390625,
        101926.703125
    ],
    "4": [
        198546.625,
        242452.3125,
        61156.0234375
    ],
    "5": [
        228136.578125,
        245614.515625,
        30578.01171875
    ],
    "6": [
        219163.3125,
        248264.390625,
        15289.005859375
    ],
    "7": [
        225572.71875,
        249945.03125,
        7644.5029296875
    ]
}