{
    "0": [
        202387.5,
        202387.5,
        291219.15625
    ],
    "1": [
        202387.5,
        202387.5,
        291219.15625
    ],
    "2": [
        167661.390625,
        97840.7734375,
        145609.578125
    ],
    "3": [
        159572.34375,
        87529.046875,
        101926.703125
    ],
    "4": [
        161439.703125,
        86793.015625,
        61156.0234375
    ],
    "5": [
        175694.40625,
        91761.8984375,
        30578.01171875
    ],
    "6": [
        175389.984375,
        86534.125,
        15289.005859375
    ],
    "7": [
        176833.375,
        84501.7109375,
        7644.5029296875
    ]
}