{
    "0": [
        202387.5,
        202387.5,
        291219.15625
    ],
    "1": [
        202387.5,
        202387.5,
        291219.15625
    ],
    "2": [
        196012.609375,
        109328.1015625,
        145609.578125
    ],
    "3": [
        156094.484375,
        100119.7578125,
        101926.703125
    ],
    "4": [
        156739.65625,
        129891.625,
        61156.0234375
    ],
    "5": [
        148082.65625,
        109115.4765625,
        30578.01171875
    ],
    "6": [
        158269.15625,
        109045.078125,
        15289.005859375
    ],
    "7": [
        161543.03125,
        109609.9375,
        7644.5029296875
    ]
}