{
    "0": [
        202387.5,
        202387.5,
        291219.15625
    ],
    "1": [
        202387.5,
        202387.5,
        291219.15625
    ],
    "2": [
        289827.1875,
        194801.046875,
        145609.578125
    ],
    "3": [
        311768.71875,
        202101.09375,
        101926.703125
    ],
    "4": [
        285071.6875,
        205264.984375,
        61156.0234375
    ],
    "5": [
        301280.40625,
        202492.375,
        30578.01171875
    ],
    "6": [
        302491.25,
        195613.21875,
        15289.005859375
    ]
}