{
    "0": [
        202387.5,
        202387.5,
        291219.15625
    ],
    "1": [
        202387.5,
        202387.5,
        291219.15625
    ],
    "2": [
        176996.203125,
        105864.5390625,
        145609.578125
    ],
    "3": [
        158518.203125,
        134085.078125,
        101926.703125
    ],
    "4": [
        139431.40625,
        114871.46875,
        61156.0234375
    ],
    "5": [
        140427.265625,
        112863.9296875,
        30578.01171875
    ],
    "6": [
        148759.609375,
        116996.8515625,
        15289.005859375
    ],
    "7": [
        149315.703125,
        121997.859375,
        7644.5029296875
    ],
    "8": [
        148424.90625,
        122128.0703125,
        3822.25146484375
    ]
}