{
    "0": [
        202387.5,
        202387.5,
        291219.15625
    ],
    "1": [
        202387.5,
        202387.5,
        291219.15625
    ],
    "2": [
        213847.796875,
        205176.6875,
        145609.578125
    ],
    "3": [
        229705.828125,
        190363.640625,
        101926.703125
    ],
    "4": [
        230778.78125,
        188921.59375,
        61156.0234375
    ],
    "5": [
        223644.609375,
        207172.796875,
        30578.01171875
    ],
    "6": [
        211685.140625,
        209923.421875,
        15289.005859375
    ]
}