{
    "0": [
        202387.5,
        202387.5,
        291219.15625
    ],
    "1": [
        202387.5,
        202387.5,
        291219.15625
    ],
    "2": [
        173182.1875,
        98324.71875,
        145609.578125
    ],
    "3": [
        201152.6875,
        73615.75,
        101926.703125
    ],
    "4": [
        237357.421875,
        66793.609375,
        61156.0234375
    ],
    "5": [
        262551.90625,
        65407.21484375,
        30578.01171875
    ],
    "6": [
        268227.90625,
        77839.75,
        15289.005859375
    ],
    "7": [
        266395.34375,
        81929.9921875,
        7644.5029296875
    ]
}