{
    "0": [
        202387.5,
        202387.5,
        291219.15625
    ],
    "1": [
        202387.5,
        202387.5,
        291219.15625
    ],
    "2": [
        186402.984375,
        231977.734375,
        145609.578125
    ],
    "3": [
        198333.453125,
        257011.015625,
        101926.703125
    ],
    "4": [
        184594.640625,
        229348,
        61156.0234375
    ],
    "5": [
        196560.25,
        240507.453125,
        30578.01171875
    ],
    "6": [
        202382,
        246507.3125,
        15289.005859375
    ]
}