{
    "0": [
        202387.5,
        202387.5,
        291219.15625
    ],
    "1": [
        202387.5,
        202387.5,
        291219.15625
    ],
    "2": [
        253182.75,
        121242.3984375,
        145609.578125
    ],
    "3": [
        245155.390625,
        83592.453125,
        101926.703125
    ],
    "4": [
        240678.125,
        73284.140625,
        61156.0234375
    ],
    "5": [
        249954.5625,
        59395.328125,
        30578.01171875
    ],
    "6": [
        258132.671875,
        71082.1953125,
        15289.005859375
    ],
    "7": [
        262913.09375,
        70334.4453125,
        7644.5029296875
    ]
}