{
    "0": [
        202387.5,
        202387.5,
        291219.15625
    ],
    "1": [
        202387.5,
        202387.5,
        291219.15625
    ],
    "2": [
        216257.59375,
        220737.921875,
        145609.578125
    ],
    "3": [
        217514.96875,
        244266.1875,
        101926.703125
    ],
    "4": [
        217288.546875,
        233503.515625,
        61156.0234375
    ],
    "5": [
        214476.328125,
        203268.84375,
        30578.01171875
    ],
    "6": [
        208754,
        207501.484375,
        15289.005859375
    ],
    "7": [
        202786.875,
        207624.03125,
        7644.5029296875
    ]
}