{
    "0": [
        202387.5,
        202387.5,
        291219.15625
    ],
    "1": [
        202387.5,
        202387.5,
        291219.15625
    ],
    "2": [
        187431.515625,
        263845.25,
        145609.578125
    ],
    "3": [
        192674.390625,
        234762.078125,
        101926.703125
    ],
    "4": [
        229447.90625,
        234364.96875,
        61156.0234375
    ],
    "5": [
        247421.5,
        223303.5625,
        30578.01171875
    ],
    "6": [
        259582.4375,
        232475.625,
        15289.005859375
    ]
}