{
    "0": [
        202387.5,
        202387.5,
        291219.15625
    ],
    "1": [
        202387.5,
        202387.5,
        291219.15625
    ],
    "2": [
        263372.75,
        135828.59375,
        145609.578125
    ],
    "3": [
        250527.578125,
        108149.28125,
        101926.703125
    ],
    "4": [
        274177.9375,
        110394.359375,
        61156.0234375
    ],
    "5": [
        274710.90625,
        111318.328125,
        30578.01171875
    ],
    "6": [
        274296.96875,
        111736.765625,
        15289.005859375
    ],
    "7": [
        275031.03125,
        111191.3125,
        7644.5029296875
    ],
    "8": [
        275888.65625,
        114588.75,
        3822.25146484375
    ]
}