{
    "0": [
        202387.5,
        202387.5,
        291219.15625
    ],
    "1": [
        202387.5,
        202387.5,
        291219.15625
    ],
    "2": [
        211540.234375,
        307712.46875,
        145609.578125
    ],
    "3": [
        241250.171875,
        336430.1875,
        101926.703125
    ],
    "4": [
        229748.0625,
        374357.40625,
        61156.0234375
    ],
    "5": [
        222049.078125,
        354414.40625,
        30578.01171875
    ],
    "6": [
        230254.484375,
        353491.8125,
        15289.005859375
    ],
    "7": [
        235940.890625,
        354331.09375,
        7644.5029296875
    ],
    "8": [
        239177.03125,
        354865.28125,
        3822.25146484375
    ]
}