{
    "0": [
        202387.5,
        202387.5,
        291219.15625
    ],
    "1": [
        202387.5,
        202387.5,
        291219.15625
    ],
    "2": [
        220048.265625,
        193687.765625,
        145609.578125
    ],
    "3": [
        204676.375,
        200612.125,
        101926.703125
    ],
    "4": [
        240790.890625,
        215703.265625,
        61156.0234375
    ],
    "5": [
        262166.34375,
        193883.109375,
        30578.01171875
    ],
    "6": [
        257027.390625,
        192314.21875,
        15289.005859375
    ],
    "7": [
        262546.9375,
        188894.140625,
        7644.5029296875
    ]
}