{
    "0": [
        202387.5,
        202387.5,
        291219.15625
    ],
    "1": [
        202387.5,
        202387.5,
        291219.15625
    ],
    "2": [
        160114.734375,
        272901.78125,
        145609.578125
    ],
    "3": [
        134121.4375,
        287133.625,
        101926.703125
    ],
    "4": [
        110375.40625,
        287297.78125,
        61156.0234375
    ],
    "5": [
        131684.140625,
        296517.84375,
        30578.01171875
    ],
    "6": [
        134556.34375,
        303588.0625,
        15289.005859375
    ],
    "7": [
        133967.96875,
        305393.75,
        7644.5029296875
    ]
}