{
    "0": [
        202387.5,
        202387.5,
        291219.15625
    ],
    "1": [
        202387.5,
        202387.5,
        291219.15625
    ],
    "2": [
        197146.375,
        245493.609375,
        145609.578125
    ],
    "3": [
        159094.140625,
        252949.0625,
        101926.703125
    ],
    "4": [
        155461.421875,
        286520.8125,
        61156.0234375
    ],
    "5": [
        148765.46875,
        297461.375,
        30578.01171875
    ],
    "6": [
        146080.203125,
        299496.0625,
        15289.005859375
    ],
    "7": [
        141578.109375,
        304153.125,
        7644.5029296875
    ]
}