{
    "0": [
        202387.5,
        202387.5,
        291219.15625
    ],
    "1": [
        202387.5,
        202387.5,
        291219.15625
    ],
    "2": [
        189889.9375,
        200953.328125,
        145609.578125
    ],
    "3": [
        208281.734375,
        206745.265625,
        101926.703125
    ],
    "4": [
        209242.140625,
        215168.859375,
        61156.0234375
    ],
    "5": [
        192480.59375,
        192450.03125,
        30578.01171875
    ],
    "6": [
        190455.28125,
        185180.796875,
        15289.005859375
    ],
    "7": [
        186696.421875,
        179307.09375,
        7644.5029296875
    ],
    "8": [
        185825.734375,
        181654.78125,
        3822.25146484375
    ]
}