{
    "0": [
        202387.5,
        202387.5,
        291219.15625
    ],
    "1": [
        202387.5,
        202387.5,
        291219.15625
    ],
    "2": [
        198963.015625,
        130939.6484375,
        145609.578125
    ],
    "3": [
        173735.015625,
        166079.59375,
        101926.703125
    ],
    "4": [
        208444.09375,
        153728.515625,
        61156.0234375
    ],
    "5": [
        192772.953125,
        133440.53125,
        30578.01171875
    ],
    "6": [
        182968.296875,
        129227.1484375,
        15289.005859375
    ],
    "7": [
        182996.390625,
        132315.984375,
        7644.5029296875
    ],
    "8": [
        181979.703125,
        132162.4375,
        3822.25146484375
    ]
}