{
    "0": [
        202387.5,
        202387.5,
        291219.15625
    ],
    "1": [
        202387.5,
        202387.5,
        291219.15625
    ],
    "2": [
        216911.34375,
        134993.421875,
        145609.578125
    ],
    "3": [
        196073.21875,
        123920.40625,
        101926.703125
    ],
    "4": [
        232558.734375,
        123196.953125,
        61156.0234375
    ],
    "5": [
        258642,
        127693.734375,
        30578.01171875
    ],
    "6": [
        263956.21875,
        123822.8671875,
        15289.005859375
    ],
    "7": [
        262402.65625,
        120550.3203125,
        7644.5029296875
    ]
}