{
    "0": [
        202387.5,
        202387.5,
        291219.15625
    ],
    "1": [
        202387.5,
        202387.5,
        291219.15625
    ],
    "2": [
        174753.0625,
        107240.25,
        145609.578125
    ],
    "3": [
        154969.921875,
        95357.421875,
        101926.703125
    ],
    "4": [
        185560.90625,
        80278.859375,
        61156.0234375
    ],
    "5": [
        163210.421875,
        85070.8046875,
        30578.01171875
    ],
    "6": [
        159936.953125,
        99263.5859375,
        15289.005859375
    ]
}