{
    "0": [
        202387.5,
        202387.5,
        291219.15625
    ],
    "1": [
        202387.5,
        202387.5,
        291219.15625
    ],
    "2": [
        136460.5,
        197947.953125,
        145609.578125
    ],
    "3": [
        151964.75,
        232510.984375,
        101926.703125
    ],
    "4": [
        145089.265625,
        247912.96875,
        61156.0234375
    ],
    "5": [
        134425.234375,
        265528.8125,
        30578.01171875
    ],
    "6": [
        134686.984375,
        264239.40625,
        15289.005859375
    ],
    "7": [
        135490.828125,
        266576.0625,
        7644.5029296875
    ],
    "8": [
        134066.5625,
        264180.625,
        3822.25146484375
    ]
}