{
    "0": [
        202387.5,
        202387.5,
        291219.15625
    ],
    "1": [
        202387.5,
        202387.5,
        291219.15625
    ],
    "2": [
        286921.9375,
        147915.40625,
        145609.578125
    ],
    "3": [
        302535.75,
        161487.15625,
        101926.703125
    ],
    "4": [
        286498.34375,
        148708.890625,
        61156.0234375
    ],
    "5": [
        293867.71875,
        157564.734375,
        30578.01171875
    ],
    "6": [
        287950.34375,
        148065.859375,
        15289.005859375
    ],
    "7": [
        285701.28125,
        145554.125,
        7644.5029296875
    ]
}