{
    "0": [
        202387.5,
        202387.5,
        291219.15625
    ],
    "1": [
        202387.5,
        202387.5,
        291219.15625
    ],
    "2": [
        140070.53125,
        118294.015625,
        145609.578125
    ],
    "3": [
        112089.5,
        126216.7265625,
        101926.703125
    ],
    "4": [
        103195.2421875,
        113778.6953125,
        61156.0234375
    ],
    "5": [
        130548.21875,
        120289.8359375,
        30578.01171875
    ],
    "6": [
        124328.796875,
        120603.3828125,
        15289.005859375
    ],
    "7": [
        125334.1953125,
        118857.9453125,
        7644.5029296875
    ],
    "8": [
        125140.015625,
        118159.8671875,
        3822.25146484375
    ],
    "9": [
        124936.3359375,
        118968.84375,
        1911.125732421875
    ]
}