{
    "0": [
        202387.5,
        202387.5,
        291219.15625
    ],
    "1": [
        202387.5,
        202387.5,
        291219.15625
    ],
    "2": [
        208246.578125,
        220369.015625,
        145609.578125
    ],
    "3": [
        168859.8125,
        212977.609375,
        101926.703125
    ],
    "4": [
        200612.953125,
        222291.796875,
        61156.0234375
    ],
    "5": [
        180513.984375,
        200000.3125,
        30578.01171875
    ],
    "6": [
        183389.796875,
        191859.6875,
        15289.005859375
    ],
    "7": [
        186859.625,
        196731.265625,
        7644.5029296875
    ],
    "8": [
        186582.46875,
        194289.1875,
        3822.25146484375
    ],
    "9": [
        186582.78125,
        194864.484375,
        1911.125732421875
    ]
}