{
    "0": [
        202387.5,
        202387.5,
        291219.15625
    ],
    "1": [
        202387.5,
        202387.5,
        291219.15625
    ],
    "2": [
        309915.8125,
        233502.5,
        145609.578125
    ],
    "3": [
        345256.84375,
        237454.78125,
        101926.703125
    ],
    "4": [
        333665.90625,
        247497.09375,
        61156.0234375
    ],
    "5": [
        338230.28125,
        258125.578125,
        30578.01171875
    ],
    "6": [
        329168.90625,
        258432.40625,
        15289.005859375
    ],
    "7": [
        326348.09375,
        256117.3125,
        7644.5029296875
    ]
}