{
    "0": [
        202387.5,
        202387.5,
        291219.15625
    ],
    "1": [
        202387.5,
        202387.5,
        291219.15625
    ],
    "2": [
        276196.46875,
        183845.8125,
        145609.578125
    ],
    "3": [
        313919.78125,
        201523.375,
        101926.703125
    ],
    "4": [
        341984.3125,
        208262.6875,
        61156.0234375
    ],
    "5": [
        345564.5625,
        226460.96875,
        30578.01171875
    ],
    "6": [
        335275.03125,
        232276.421875,
        15289.005859375
    ],
    "7": [
        329429.28125,
        231400.5,
        7644.5029296875
    ],
    "8": [
        330510.1875,
        231325.140625,
        3822.25146484375
    ]
}