{
    "0": [
        202387.5,
        202387.5,
        291219.15625
    ],
    "1": [
        202387.5,
        202387.5,
        291219.15625
    ],
    "2": [
        190122.578125,
        303854.65625,
        145609.578125
    ],
    "3": [
        204629.078125,
        308452.4375,
        101926.703125
    ],
    "4": [
        191454.890625,
        271268.03125,
        61156.0234375
    ],
    "5": [
        209266.109375,
        274454.125,
        30578.01171875
    ],
    "6": [
        205617.75,
        275479.6875,
        15289.005859375
    ],
    "7": [
        201117.59375,
        276283.6875,
        7644.5029296875
    ],
    "8": [
        197897.765625,
        274613.375,
        3822.25146484375
    ]
}