{
    "0": [
        202387.5,
        202387.5,
        291219.15625
    ],
    "1": [
        202387.5,
        202387.5,
        291219.15625
    ],
    "2": [
        237371.875,
        111094.9296875,
        145609.578125
    ],
    "3": [
        212728.640625,
        103538.8828125,
        101926.703125
    ],
    "4": [
        207398.921875,
        143245.9375,
        61156.0234375
    ],
    "5": [
        206983.4375,
        153563.9375,
        30578.01171875
    ],
    "6": [
        203665.609375,
        143387.53125,
        15289.005859375
    ],
    "7": [
        199645.171875,
        147896.71875,
        7644.5029296875
    ]
}