{
    "0": [
        202387.5,
        202387.5,
        291219.15625
    ],
    "1": [
        202387.5,
        202387.5,
        291219.15625
    ],
    "2": [
        217404.875,
        251276.203125,
        145609.578125
    ],
    "3": [
        183940.09375,
        231432.03125,
        101926.703125
    ],
    "4": [
        186742.625,
        260218.3125,
        61156.0234375
    ],
    "5": [
        190298.03125,
        289085.84375,
        30578.01171875
    ],
    "6": [
        187140.34375,
        284549.625,
        15289.005859375
    ],
    "7": [
        185276.6875,
        283474.15625,
        7644.5029296875
    ],
    "8": [
        183645.625,
        280912.84375,
        3822.25146484375
    ]
}