{
    "0": [
        202387.5,
        202387.5,
        291219.15625
    ],
    "1": [
        202387.5,
        202387.5,
        291219.15625
    ],
    "2": [
        182378.265625,
        255797.8125,
        145609.578125
    ],
    "3": [
        209242.421875,
        274768.4375,
        101926.703125
    ],
    "4": [
        228426.6875,
        267933.8125,
        61156.0234375
    ],
    "5": [
        224065.40625,
        284936,
        30578.01171875
    ],
    "6": [
        238718.625,
        280927.34375,
        15289.005859375
    ],
    "7": [
        235491.375,
        281215.65625,
        7644.5029296875
    ]
}