{
    "0": [
        202387.5,
        202387.5,
        291219.15625
    ],
    "1": [
        202387.5,
        202387.5,
        291219.15625
    ],
    "2": [
        177161.625,
        289587.8125,
        145609.578125
    ],
    "3": [
        215752.625,
        287622.4375,
        101926.703125
    ],
    "4": [
        231448.171875,
        261751.25,
        61156.0234375
    ],
    "5": [
        236511.46875,
        290351,
        30578.01171875
    ],
    "6": [
        237164.046875,
        291178.65625,
        15289.005859375
    ],
    "7": [
        230653.203125,
        294742.78125,
        7644.5029296875
    ],
    "8": [
        228879.84375,
        291945.65625,
        3822.25146484375
    ]
}