{
    "0": [
        202387.5,
        202387.5,
        291219.15625
    ],
    "1": [
        202387.5,
        202387.5,
        291219.15625
    ],
    "2": [
        195821,
        220155.890625,
        145609.578125
    ],
    "3": [
        221962.40625,
        190181.671875,
        101926.703125
    ],
    "4": [
        244109.296875,
        208884.75,
        61156.0234375
    ],
    "5": [
        219224.03125,
        202545.015625,
        30578.01171875
    ],
    "6": [
        210759.6875,
        200948.875,
        15289.005859375
    ]
}