{
    "0": [
        202387.5,
        202387.5,
        291219.15625
    ],
    "1": [
        202387.5,
        202387.5,
        291219.15625
    ],
    "2": [
        152155.734375,
        163822.09375,
        145609.578125
    ],
    "3": [
        188278.75,
        184072.8125,
        101926.703125
    ],
    "4": [
        193333.734375,
        171487.453125,
        61156.0234375
    ],
    "5": [
        200695.953125,
        190632.109375,
        30578.01171875
    ],
    "6": [
        200527.5,
        183662.328125,
        15289.005859375
    ],
    "7": [
        204793.671875,
        187398.3125,
        7644.5029296875
    ],
    "8": [
        205490.15625,
        186262.671875,
        3822.25146484375
    ]
}