{
    "0": [
        202387.5,
        202387.5,
        291219.15625
    ],
    "1": [
        202387.5,
        202387.5,
        291219.15625
    ],
    "2": [
        153986.609375,
        122403.0078125,
        145609.578125
    ],
    "3": [
        125622.4375,
        121583.3515625,
        101926.703125
    ],
    "4": [
        87307.6484375,
        110207.984375,
        61156.0234375
    ],
    "5": [
        82759,
        140082.203125,
        30578.01171875
    ],
    "6": [
        71008.6796875,
        139798.859375,
        15289.005859375
    ],
    "7": [
        66485.484375,
        139467.203125,
        7644.5029296875
    ]
}