{
    "0": [
        202387.5,
        202387.5,
        291219.15625
    ],
    "1": [
        202387.5,
        202387.5,
        291219.15625
    ],
    "2": [
        91445.4921875,
        216768.734375,
        145609.578125
    ],
    "3": [
        121714.5859375,
        185591.046875,
        101926.703125
    ],
    "4": [
        136287.609375,
        219994.078125,
        61156.0234375
    ],
    "5": [
        115300.78125,
        210984.953125,
        30578.01171875
    ],
    "6": [
        112292.640625,
        209179.296875,
        15289.005859375
    ],
    "7": [
        107333.9453125,
        210635.046875,
        7644.5029296875
    ]
}