{
    "0": [
        202387.5,
        202387.5,
        291219.15625
    ],
    "1": [
        202387.5,
        202387.5,
        291219.15625
    ],
    "2": [
        186420.25,
        141587.34375,
        145609.578125
    ],
    "3": [
        208363,
        115723.6640625,
        101926.703125
    ],
    "4": [
        222380.390625,
        124817.4453125,
        61156.0234375
    ],
    "5": [
        208979.03125,
        122519.4921875,
        30578.01171875
    ],
    "6": [
        197421.015625,
        124599.78125,
        15289.005859375
    ],
    "7": [
        198566.359375,
        123639.375,
        7644.5029296875
    ],
    "8": [
        197546.5625,
        123010.1484375,
        3822.25146484375
    ]
}