{
    "0": [
        202387.5,
        202387.5,
        291219.15625
    ],
    "1": [
        202387.5,
        202387.5,
        291219.15625
    ],
    "2": [
        270658.90625,
        225338.0625,
        145609.578125
    ],
    "3": [
        267193.71875,
        256059.28125,
        101926.703125
    ],
    "4": [
        241536.859375,
        239803.40625,
        61156.0234375
    ],
    "5": [
        220753.625,
        220936.84375,
        30578.01171875
    ],
    "6": [
        225877.40625,
        224306.5625,
        15289.005859375
    ],
    "7": [
        231346.296875,
        223724.28125,
        7644.5029296875
    ],
    "8": [
        231511.234375,
        225390.609375,
        3822.25146484375
    ]
}