{
    "0": [
        202387.5,
        202387.5,
        291219.15625
    ],
    "1": [
        202387.5,
        202387.5,
        291219.15625
    ],
    "2": [
        135477.71875,
        146013.765625,
        145609.578125
    ],
    "3": [
        149643.03125,
        187131.34375,
        101926.703125
    ],
    "4": [
        118260.859375,
        170272.984375,
        61156.0234375
    ],
    "5": [
        142314.078125,
        160000.953125,
        30578.01171875
    ],
    "6": [
        143672.28125,
        159240.3125,
        15289.005859375
    ]
}