{
    "0": [
        202387.5,
        202387.5,
        291219.15625
    ],
    "1": [
        202387.5,
        202387.5,
        291219.15625
    ],
    "2": [
        117472.15625,
        167946.84375,
        145609.578125
    ],
    "3": [
        154292.15625,
        174249.96875,
        101926.703125
    ],
    "4": [
        151922.109375,
        204247.46875,
        61156.0234375
    ],
    "5": [
        153336.984375,
        221803.8125,
        30578.01171875
    ],
    "6": [
        150992.234375,
        220816.890625,
        15289.005859375
    ],
    "7": [
        147016.125,
        214725.765625,
        7644.5029296875
    ]
}