{
    "0": [
        202387.5,
        202387.5,
        291219.15625
    ],
    "1": [
        202387.5,
        202387.5,
        291219.15625
    ],
    "2": [
        294099.0625,
        248661.34375,
        145609.578125
    ],
    "3": [
        316806.53125,
        283712.96875,
        101926.703125
    ],
    "4": [
        307473.5,
        306688.3125,
        61156.0234375
    ],
    "5": [
        306213.15625,
        293758.25,
        30578.01171875
    ],
    "6": [
        311046.40625,
        292120.59375,
        15289.005859375
    ]
}