{
    "0": [
        202387.5,
        202387.5,
        291219.15625
    ],
    "1": [
        202387.5,
        202387.5,
        291219.15625
    ],
    "2": [
        152471.5,
        240981.65625,
        145609.578125
    ],
    "3": [
        125965.046875,
        243921.828125,
        101926.703125
    ],
    "4": [
        141111.203125,
        211238.859375,
        61156.0234375
    ],
    "5": [
        156462.046875,
        199670.25,
        30578.01171875
    ],
    "6": [
        156015.828125,
        213603.5,
        15289.005859375
    ],
    "7": [
        152066.21875,
        218095.59375,
        7644.5029296875
    ]
}