{
    "0": [
        202387.5,
        202387.5,
        291219.15625
    ],
    "1": [
        202387.5,
        202387.5,
        291219.15625
    ],
    "2": [
        281255.375,
        211136.34375,
        145609.578125
    ],
    "3": [
        254667.84375,
        196173.03125,
        101926.703125
    ],
    "4": [
        252690.6875,
        213568.578125,
        61156.0234375
    ],
    "5": [
        234051.0625,
        193477.390625,
        30578.01171875
    ],
    "6": [
        227772.5,
        205558,
        15289.005859375
    ],
    "7": [
        234455.28125,
        202225.515625,
        7644.5029296875
    ],
    "8": [
        232100.8125,
        201480.578125,
        3822.25146484375
    ]
}