{
    "0": [
        202387.5,
        202387.5,
        291219.15625
    ],
    "1": [
        202387.5,
        202387.5,
        291219.15625
    ],
    "2": [
        197924.359375,
        104608.28125,
        145609.578125
    ],
    "3": [
        225216.515625,
        86730.9140625,
        101926.703125
    ],
    "4": [
        259523.375,
        100983.5,
        61156.0234375
    ],
    "5": [
        262835.1875,
        109551.5625,
        30578.01171875
    ],
    "6": [
        264120.6875,
        113472.078125,
        15289.005859375
    ]
}