{
    "0": [
        202387.5,
        202387.5,
        291219.15625
    ],
    "1": [
        202387.5,
        202387.5,
        291219.15625
    ],
    "2": [
        245670.375,
        188830.5,
        145609.578125
    ],
    "3": [
        258379.859375,
        169834.296875,
        101926.703125
    ],
    "4": [
        285715.09375,
        196728.609375,
        61156.0234375
    ],
    "5": [
        284726.15625,
        187048.515625,
        30578.01171875
    ],
    "6": [
        289747.53125,
        182289.484375,
        15289.005859375
    ],
    "7": [
        293594.59375,
        176658.546875,
        7644.5029296875
    ],
    "8": [
        296057.84375,
        176879.234375,
        3822.25146484375
    ]
}