{
    "0": [
        202387.5,
        202387.5,
        291219.15625
    ],
    "1": [
        202387.5,
        202387.5,
        291219.15625
    ],
    "2": [
        200790.421875,
        152184.71875,
        145609.578125
    ],
    "3": [
        221123.390625,
        137823.0625,
        101926.703125
    ],
    "4": [
        258572.0625,
        122742.4140625,
        61156.0234375
    ],
    "5": [
        274741.90625,
        105914.4296875,
        30578.01171875
    ],
    "6": [
        279443.625,
        107467.96875,
        15289.005859375
    ],
    "7": [
        278521.28125,
        106690.3125,
        7644.5029296875
    ]
}