{
    "0": [
        202387.5,
        202387.5,
        291219.15625
    ],
    "1": [
        202387.5,
        202387.5,
        291219.15625
    ],
    "2": [
        220453.5,
        172301.65625,
        145609.578125
    ],
    "3": [
        180725.40625,
        162314.859375,
        101926.703125
    ],
    "4": [
        209829.28125,
        185650.703125,
        61156.0234375
    ],
    "5": [
        199199.875,
        164231.9375,
        30578.01171875
    ],
    "6": [
        210032.296875,
        159143.84375,
        15289.005859375
    ],
    "7": [
        205160.984375,
        161397.265625,
        7644.5029296875
    ]
}