{
    "0": [
        202387.5,
        202387.5,
        291219.15625
    ],
    "1": [
        202387.5,
        202387.5,
        291219.15625
    ],
    "2": [
        108831.671875,
        180901.6875,
        145609.578125
    ],
    "3": [
        148588.6875,
        170522.140625,
        101926.703125
    ],
    "4": [
        138950.421875,
        201333.265625,
        61156.0234375
    ],
    "5": [
        134793.9375,
        222461.5,
        30578.01171875
    ],
    "6": [
        124327.1796875,
        213909.796875,
        15289.005859375
    ],
    "7": [
        119660.5234375,
        212384.921875,
        7644.5029296875
    ],
    "8": [
        119762.0625,
        210829.09375,
        3822.25146484375
    ]
}