{
    "0": [
        202387.5,
        202387.5,
        291219.15625
    ],
    "1": [
        202387.5,
        202387.5,
        291219.15625
    ],
    "2": [
        241100.125,
        101852.46875,
        145609.578125
    ],
    "3": [
        204108.890625,
        91188.921875,
        101926.703125
    ],
    "4": [
        192304.15625,
        106844.0234375,
        61156.0234375
    ],
    "5": [
        197790.875,
        105357.7265625,
        30578.01171875
    ],
    "6": [
        202931.796875,
        115751.25,
        15289.005859375
    ],
    "7": [
        203561.78125,
        108636.34375,
        7644.5029296875
    ]
}