{
    "0": [
        202387.5,
        202387.5,
        291219.15625
    ],
    "1": [
        202387.5,
        202387.5,
        291219.15625
    ],
    "2": [
        134761.03125,
        282448,
        145609.578125
    ],
    "3": [
        115165.1015625,
        316138.5625,
        101926.703125
    ],
    "4": [
        103017.8671875,
        309713.71875,
        61156.0234375
    ],
    "5": [
        91611.3046875,
        300191.5,
        30578.01171875
    ],
    "6": [
        87437.828125,
        292693.71875,
        15289.005859375
    ]
}