{
    "0": [
        202387.5,
        202387.5,
        291219.15625
    ],
    "1": [
        202387.5,
        202387.5,
        291219.15625
    ],
    "2": [
        306386.375,
        250353.140625,
        145609.578125
    ],
    "3": [
        287245.75,
        258166.875,
        101926.703125
    ],
    "4": [
        299460.5625,
        230591.75,
        61156.0234375
    ],
    "5": [
        288217.03125,
        204523.5,
        30578.01171875
    ],
    "6": [
        280862.375,
        196683.21875,
        15289.005859375
    ],
    "7": [
        284024.9375,
        196624.8125,
        7644.5029296875
    ],
    "8": [
        284754.0625,
        195825.90625,
        3822.25146484375
    ]
}