{
    "0": [
        202387.5,
        202387.5,
        291219.15625
    ],
    "1": [
        202387.5,
        202387.5,
        291219.15625
    ],
    "2": [
        123423.359375,
        284003.125,
        145609.578125
    ],
    "3": [
        103548.109375,
        322593.6875,
        101926.703125
    ],
    "4": [
        101070.296875,
        353916.03125,
        61156.0234375
    ],
    "5": [
        108545.1875,
        361376.15625,
        30578.01171875
    ],
    "6": [
        115948.8515625,
        353229.3125,
        15289.005859375
    ],
    "7": [
        118094.8671875,
        355898.3125,
        7644.5029296875
    ],
    "8": [
        120224.625,
        355836.75,
        3822.25146484375
    ]
}