{
    "0": [
        202387.5,
        202387.5,
        291219.15625
    ],
    "1": [
        202387.5,
        202387.5,
        291219.15625
    ],
    "2": [
        281278.375,
        130809.125,
        145609.578125
    ],
    "3": [
        278353.1875,
        97384.859375,
        101926.703125
    ],
    "4": [
        241899.078125,
        82787.0546875,
        61156.0234375
    ],
    "5": [
        230869.96875,
        82538.4453125,
        30578.01171875
    ],
    "6": [
        234856.71875,
        88482.5859375,
        15289.005859375
    ],
    "7": [
        238459.65625,
        92033.109375,
        7644.5029296875
    ]
}