{
    "0": [
        202387.5,
        202387.5,
        291219.15625
    ],
    "1": [
        202387.5,
        202387.5,
        291219.15625
    ],
    "2": [
        136249.75,
        186086.390625,
        145609.578125
    ],
    "3": [
        98347.8671875,
        198373.21875,
        101926.703125
    ],
    "4": [
        83884.890625,
        169800.28125,
        61156.0234375
    ],
    "5": [
        99914.2265625,
        168920.796875,
        30578.01171875
    ],
    "6": [
        108670.4921875,
        176890.3125,
        15289.005859375
    ],
    "7": [
        112890.5390625,
        179920.4375,
        7644.5029296875
    ],
    "8": [
        113051.171875,
        178172.71875,
        3822.25146484375
    ],
    "9": [
        112524.8671875,
        178944.5,
        1911.125732421875
    ]
}