{
    "0": [
        202387.5,
        202387.5,
        291219.15625
    ],
    "1": [
        202387.5,
        202387.5,
        291219.15625
    ],
    "2": [
        276467.625,
        232721.40625,
        145609.578125
    ],
    "3": [
        245957.59375,
        232487.3125,
        101926.703125
    ],
    "4": [
        252687.328125,
        227553.953125,
        61156.0234375
    ],
    "5": [
        244466.03125,
        225688.234375,
        30578.01171875
    ],
    "6": [
        241465.078125,
        212788.4375,
        15289.005859375
    ],
    "7": [
        241790.015625,
        218026.984375,
        7644.5029296875
    ]
}