{
    "0": [
        202387.5,
        202387.5,
        291219.15625
    ],
    "1": [
        202387.5,
        202387.5,
        291219.15625
    ],
    "2": [
        222178.4375,
        178680.234375,
        145609.578125
    ],
    "3": [
        214030.046875,
        161812.859375,
        101926.703125
    ],
    "4": [
        235754.3125,
        132355.96875,
        61156.0234375
    ],
    "5": [
        232699.78125,
        115204.4453125,
        30578.01171875
    ],
    "6": [
        226131.78125,
        103433.5078125,
        15289.005859375
    ]
}