{
    "0": [
        202387.5,
        202387.5,
        291219.15625
    ],
    "1": [
        202387.5,
        202387.5,
        291219.15625
    ],
    "2": [
        268215.15625,
        128922.2109375,
        145609.578125
    ],
    "3": [
        293855.125,
        98787.9453125,
        101926.703125
    ],
    "4": [
        327777.21875,
        99335.8125,
        61156.0234375
    ],
    "5": [
        323034.28125,
        83747.796875,
        30578.01171875
    ],
    "6": [
        328365.96875,
        98033.203125,
        15289.005859375
    ],
    "7": [
        335309.03125,
        100365.2890625,
        7644.5029296875
    ]
}