{
    "0": [
        202387.5,
        202387.5,
        291219.15625
    ],
    "1": [
        202387.5,
        202387.5,
        291219.15625
    ],
    "2": [
        276284.3125,
        190738.6875,
        145609.578125
    ],
    "3": [
        274129.875,
        210199.6875,
        101926.703125
    ],
    "4": [
        239095.546875,
        207946.078125,
        61156.0234375
    ],
    "5": [
        235815.25,
        189580.28125,
        30578.01171875
    ],
    "6": [
        233854.546875,
        204461.6875,
        15289.005859375
    ]
}