{
    "0": [
        202387.5,
        202387.5,
        291219.15625
    ],
    "1": [
        202387.5,
        202387.5,
        291219.15625
    ],
    "2": [
        161985.8125,
        277260.71875,
        145609.578125
    ],
    "3": [
        190015.21875,
        289807.46875,
        101926.703125
    ],
    "4": [
        221659.609375,
        284563.25,
        61156.0234375
    ],
    "5": [
        203527.0625,
        260780.109375,
        30578.01171875
    ],
    "6": [
        200564.90625,
        274913.21875,
        15289.005859375
    ],
    "7": [
        197812.296875,
        273818.03125,
        7644.5029296875
    ]
}