{
    "0": [
        202387.5,
        202387.5,
        291219.15625
    ],
    "1": [
        202387.5,
        202387.5,
        291219.15625
    ],
    "2": [
        298103.0625,
        199487.65625,
        145609.578125
    ],
    "3": [
        275605.53125,
        190634.078125,
        101926.703125
    ],
    "4": [
        250171.984375,
        184466.125,
        61156.0234375
    ],
    "5": [
        258298.109375,
        165029.84375,
        30578.01171875
    ],
    "6": [
        249490.53125,
        167693.984375,
        15289.005859375
    ],
    "7": [
        247468.1875,
        170835.1875,
        7644.5029296875
    ],
    "8": [
        247562.78125,
        171613.609375,
        3822.25146484375
    ]
}