{
    "0": [
        202387.5,
        202387.5,
        291219.15625
    ],
    "1": [
        202387.5,
        202387.5,
        291219.15625
    ],
    "2": [
        186413.25,
        87391.6171875,
        145609.578125
    ],
    "3": [
        168827.53125,
        119018.46875,
        101926.703125
    ],
    "4": [
        189256.671875,
        115679.9765625,
        61156.0234375
    ],
    "5": [
        210083.59375,
        106322.015625,
        30578.01171875
    ],
    "6": [
        213170.359375,
        117730.3515625,
        15289.005859375
    ],
    "7": [
        211836.4375,
        115759.828125,
        7644.5029296875
    ],
    "8": [
        211219.8125,
        117956.125,
        3822.25146484375
    ]
}