{
    "0": [
        202387.5,
        202387.5,
        291219.15625
    ],
    "1": [
        202387.5,
        202387.5,
        291219.15625
    ],
    "2": [
        243131.40625,
        241357.84375,
        145609.578125
    ],
    "3": [
        232272.453125,
        262644.75,
        101926.703125
    ],
    "4": [
        213491.96875,
        278536.1875,
        61156.0234375
    ],
    "5": [
        203911.1875,
        255831.9375,
        30578.01171875
    ],
    "6": [
        199687.5,
        261400.59375,
        15289.005859375
    ],
    "7": [
        198006.34375,
        265130.3125,
        7644.5029296875
    ]
}