{
    "0": [
        202387.5,
        202387.5,
        291219.15625
    ],
    "1": [
        202387.5,
        202387.5,
        291219.15625
    ],
    "2": [
        162321.0625,
        100117.5390625,
        145609.578125
    ],
    "3": [
        136674.25,
        128743.03125,
        101926.703125
    ],
    "4": [
        145335.328125,
        112663.28125,
        61156.0234375
    ],
    "5": [
        156184.25,
        99307.53125,
        30578.01171875
    ],
    "6": [
        156508.640625,
        92482.515625,
        15289.005859375
    ]
}