{
    "0": [
        202387.5,
        202387.5,
        291219.15625
    ],
    "1": [
        202387.5,
        202387.5,
        291219.15625
    ],
    "2": [
        229423.4375,
        296809.125,
        145609.578125
    ],
    "3": [
        252436.796875,
        262943.28125,
        101926.703125
    ],
    "4": [
        287224.28125,
        249388.484375,
        61156.0234375
    ],
    "5": [
        301386.3125,
        231189.78125,
        30578.01171875
    ],
    "6": [
        292507.09375,
        218880.9375,
        15289.005859375
    ],
    "7": [
        294029.5,
        220514.75,
        7644.5029296875
    ]
}