{
    "0": [
        202387.5,
        202387.5,
        291219.15625
    ],
    "1": [
        202387.5,
        202387.5,
        291219.15625
    ],
    "2": [
        261115.4375,
        188297.640625,
        145609.578125
    ],
    "3": [
        279559.40625,
        200690.90625,
        101926.703125
    ],
    "4": [
        291571.40625,
        214932.125,
        61156.0234375
    ],
    "5": [
        296386.84375,
        224349.328125,
        30578.01171875
    ],
    "6": [
        308521.9375,
        225285.296875,
        15289.005859375
    ],
    "7": [
        303596.46875,
        224931.84375,
        7644.5029296875
    ],
    "8": [
        302798.1875,
        225954.171875,
        3822.25146484375
    ]
}