{
    "0": [
        202387.5,
        202387.5,
        291219.15625
    ],
    "1": [
        202387.5,
        202387.5,
        291219.15625
    ],
    "2": [
        241939.25,
        160922,
        145609.578125
    ],
    "3": [
        215483.140625,
        148853,
        101926.703125
    ],
    "4": [
        219223.4375,
        175278.703125,
        61156.0234375
    ],
    "5": [
        197078.4375,
        173584.546875,
        30578.01171875
    ],
    "6": [
        210612.234375,
        177947.765625,
        15289.005859375
    ],
    "7": [
        213612.453125,
        177457.9375,
        7644.5029296875
    ]
}