{
    "0": [
        202387.5,
        202387.5,
        291219.15625
    ],
    "1": [
        202387.5,
        202387.5,
        291219.15625
    ],
    "2": [
        128965.1484375,
        135821.84375,
        145609.578125
    ],
    "3": [
        168115.03125,
        154106.21875,
        101926.703125
    ],
    "4": [
        179284.9375,
        183028.28125,
        61156.0234375
    ],
    "5": [
        208854.21875,
        182870.9375,
        30578.01171875
    ]
}