{
    "0": [
        202387.5,
        202387.5,
        291219.15625
    ],
    "1": [
        202387.5,
        202387.5,
        291219.15625
    ],
    "2": [
        207988.53125,
        99373.7421875,
        145609.578125
    ],
    "3": [
        251379.96875,
        97078.1484375,
        101926.703125
    ],
    "4": [
        218149.34375,
        83762.4375,
        61156.0234375
    ],
    "5": [
        212361.84375,
        81614.4375,
        30578.01171875
    ],
    "6": [
        208452.9375,
        84816.265625,
        15289.005859375
    ]
}