{
    "0": [
        202387.5,
        202387.5,
        291219.15625
    ],
    "1": [
        202387.5,
        202387.5,
        291219.15625
    ],
    "2": [
        121902.7109375,
        194451.75,
        145609.578125
    ],
    "3": [
        100159.5,
        159927.921875,
        101926.703125
    ],
    "4": [
        83927.5703125,
        151643.640625,
        61156.0234375
    ],
    "5": [
        76169.109375,
        160980.234375,
        30578.01171875
    ],
    "6": [
        82399.4375,
        161362.546875,
        15289.005859375
    ],
    "7": [
        79859.53125,
        156953.296875,
        7644.5029296875
    ]
}