{
    "0": [
        202387.5,
        202387.5,
        291219.15625
    ],
    "1": [
        202387.5,
        202387.5,
        291219.15625
    ],
    "2": [
        193167.09375,
        267045.8125,
        145609.578125
    ],
    "3": [
        192637.34375,
        256709.171875,
        101926.703125
    ],
    "4": [
        226935.8125,
        239039.3125,
        61156.0234375
    ],
    "5": [
        235687.25,
        231587.5625,
        30578.01171875
    ],
    "6": [
        239166.484375,
        217117.984375,
        15289.005859375
    ],
    "7": [
        237751.15625,
        214487.859375,
        7644.5029296875
    ]
}