{
    "0": [
        202387.5,
        202387.5,
        291219.15625
    ],
    "1": [
        202387.5,
        202387.5,
        291219.15625
    ],
    "2": [
        280831.75,
        271800.3125,
        145609.578125
    ],
    "3": [
        284241.125,
        235157.625,
        101926.703125
    ],
    "4": [
        318293.4375,
        229158.03125,
        61156.0234375
    ],
    "5": [
        339795.9375,
        250676.09375,
        30578.01171875
    ],
    "6": [
        347096.125,
        249679.34375,
        15289.005859375
    ]
}