{
    "0": [
        202387.5,
        202387.5,
        291219.15625
    ],
    "1": [
        202387.5,
        202387.5,
        291219.15625
    ],
    "2": [
        267955.4375,
        130956.1640625,
        145609.578125
    ],
    "3": [
        275190.6875,
        96523.75,
        101926.703125
    ],
    "4": [
        306788.96875,
        76943.203125,
        61156.0234375
    ],
    "5": [
        303839.65625,
        99400.1875,
        30578.01171875
    ],
    "6": [
        300940.71875,
        92974.4609375,
        15289.005859375
    ],
    "7": [
        298397.65625,
        89570.5,
        7644.5029296875
    ],
    "8": [
        297716,
        88402.3125,
        3822.25146484375
    ]
}