{
    "0": [
        202387.5,
        202387.5,
        291219.15625
    ],
    "1": [
        202387.5,
        202387.5,
        291219.15625
    ],
    "2": [
        296745.96875,
        191299.8125,
        145609.578125
    ],
    "3": [
        280523.0625,
        178618.453125,
        101926.703125
    ],
    "4": [
        264507.6875,
        161835.71875,
        61156.0234375
    ],
    "5": [
        264724.09375,
        164402.828125,
        30578.01171875
    ],
    "6": [
        258233.625,
        164554.84375,
        15289.005859375
    ],
    "7": [
        255893.578125,
        166089.25,
        7644.5029296875
    ],
    "8": [
        254596.0625,
        164672.1875,
        3822.25146484375
    ]
}