{
    "0": [
        202387.5,
        202387.5,
        291219.15625
    ],
    "1": [
        202387.5,
        202387.5,
        291219.15625
    ],
    "2": [
        220510.21875,
        243081.0625,
        145609.578125
    ],
    "3": [
        249432.796875,
        239558.21875,
        101926.703125
    ],
    "4": [
        226632.25,
        240163.9375,
        61156.0234375
    ],
    "5": [
        207910.875,
        253584.390625,
        30578.01171875
    ],
    "6": [
        216674.171875,
        263966.375,
        15289.005859375
    ],
    "7": [
        218089.21875,
        262558.40625,
        7644.5029296875
    ]
}