{
    "0": [
        202387.5,
        202387.5,
        291219.15625
    ],
    "1": [
        202387.5,
        202387.5,
        291219.15625
    ],
    "2": [
        258191.6875,
        172660.640625,
        145609.578125
    ],
    "3": [
        263331.6875,
        164866.21875,
        101926.703125
    ],
    "4": [
        272893.21875,
        178800.265625,
        61156.0234375
    ],
    "5": [
        267670.28125,
        202381.5,
        30578.01171875
    ],
    "6": [
        258352.765625,
        209519.8125,
        15289.005859375
    ],
    "7": [
        263313.34375,
        209624.765625,
        7644.5029296875
    ]
}