{
    "0": [
        202387.5,
        202387.5,
        291219.15625
    ],
    "1": [
        202387.5,
        202387.5,
        291219.15625
    ],
    "2": [
        146970.875,
        144040.75,
        145609.578125
    ],
    "3": [
        167935.609375,
        112296.640625,
        101926.703125
    ],
    "4": [
        134827.46875,
        89106.1484375,
        61156.0234375
    ],
    "5": [
        129086.640625,
        104969.078125,
        30578.01171875
    ],
    "6": [
        120719.6875,
        107340.2734375,
        15289.005859375
    ],
    "7": [
        124470.15625,
        108122.1015625,
        7644.5029296875
    ]
}