{
    "0": [
        202387.5,
        202387.5,
        291219.15625
    ],
    "1": [
        202387.5,
        202387.5,
        291219.15625
    ],
    "2": [
        150290.875,
        271580.875,
        145609.578125
    ],
    "3": [
        157456.125,
        284739.625,
        101926.703125
    ],
    "4": [
        164988.453125,
        277716.71875,
        61156.0234375
    ],
    "5": [
        166755.015625,
        254119.484375,
        30578.01171875
    ],
    "6": [
        165722.015625,
        261147.265625,
        15289.005859375
    ],
    "7": [
        162044.5,
        258957.78125,
        7644.5029296875
    ]
}