{
    "0": [
        202387.5,
        202387.5,
        291219.15625
    ],
    "1": [
        202387.5,
        202387.5,
        291219.15625
    ],
    "2": [
        241498.75,
        187351.796875,
        145609.578125
    ],
    "3": [
        241229.609375,
        178540.765625,
        101926.703125
    ],
    "4": [
        275687.65625,
        171186.515625,
        61156.0234375
    ],
    "5": [
        287221.21875,
        155153.703125,
        30578.01171875
    ],
    "6": [
        299184,
        156436.828125,
        15289.005859375
    ],
    "7": [
        295301.5625,
        161135.21875,
        7644.5029296875
    ],
    "8": [
        291603.84375,
        161743.265625,
        3822.25146484375
    ]
}