{
    "0": [
        202387.5,
        202387.5,
        291219.15625
    ],
    "1": [
        202387.5,
        202387.5,
        291219.15625
    ],
    "2": [
        179460.109375,
        217045.703125,
        145609.578125
    ],
    "3": [
        188670.234375,
        236290.421875,
        101926.703125
    ],
    "4": [
        151054.015625,
        236422.265625,
        61156.0234375
    ],
    "5": [
        137150.828125,
        221213.046875,
        30578.01171875
    ],
    "6": [
        134656.953125,
        222415.265625,
        15289.005859375
    ],
    "7": [
        141330.03125,
        221771.984375,
        7644.5029296875
    ]
}