{
    "0": [
        202387.5,
        202387.5,
        291219.15625
    ],
    "1": [
        202387.5,
        202387.5,
        291219.15625
    ],
    "2": [
        299836,
        158300,
        145609.578125
    ],
    "3": [
        266977.25,
        132002.453125,
        101926.703125
    ],
    "4": [
        275901.9375,
        150749.671875,
        61156.0234375
    ],
    "5": [
        299247.0625,
        147225.1875,
        30578.01171875
    ],
    "6": [
        313524.28125,
        150765.609375,
        15289.005859375
    ],
    "7": [
        314253.375,
        144419.15625,
        7644.5029296875
    ]
}