{
    "0": [
        202387.5,
        202387.5,
        291219.15625
    ],
    "1": [
        202387.5,
        202387.5,
        291219.15625
    ],
    "2": [
        163262,
        308137.5,
        145609.578125
    ],
    "3": [
        176287.421875,
        271785.78125,
        101926.703125
    ],
    "4": [
        198424.203125,
        239936.515625,
        61156.0234375
    ],
    "5": [
        195222.046875,
        234595.40625,
        30578.01171875
    ],
    "6": [
        197500.53125,
        244389.953125,
        15289.005859375
    ],
    "7": [
        199640.890625,
        246121.125,
        7644.5029296875
    ],
    "8": [
        197961.65625,
        243444.21875,
        3822.25146484375
    ]
}