{
    "0": [
        202387.5,
        202387.5,
        291219.15625
    ],
    "1": [
        202387.5,
        202387.5,
        291219.15625
    ],
    "2": [
        117944.859375,
        273499.5,
        145609.578125
    ],
    "3": [
        88432.71875,
        262483.625,
        101926.703125
    ],
    "4": [
        113394.4453125,
        233046.453125,
        61156.0234375
    ],
    "5": [
        124907.3984375,
        236972.890625,
        30578.01171875
    ]
}