{
    "0": [
        202387.5,
        202387.5,
        291219.15625
    ],
    "1": [
        202387.5,
        202387.5,
        291219.15625
    ],
    "2": [
        268539.0625,
        171822.25,
        145609.578125
    ],
    "3": [
        268530.625,
        186038.78125,
        101926.703125
    ],
    "4": [
        244255.234375,
        186879.453125,
        61156.0234375
    ],
    "5": [
        254392.5,
        193127.8125,
        30578.01171875
    ],
    "6": [
        258490.75,
        206187.359375,
        15289.005859375
    ],
    "7": [
        260055.453125,
        210636.046875,
        7644.5029296875
    ],
    "8": [
        262976.65625,
        212396.921875,
        3822.25146484375
    ],
    "9": [
        262718.625,
        212392.671875,
        1911.125732421875
    ]
}