{
    "0": [
        202387.5,
        202387.5,
        291219.15625
    ],
    "1": [
        202387.5,
        202387.5,
        291219.15625
    ],
    "2": [
        241537.6875,
        229721.34375,
        145609.578125
    ],
    "3": [
        209354.109375,
        233181.453125,
        101926.703125
    ],
    "4": [
        221159.5625,
        240731.5625,
        61156.0234375
    ],
    "5": [
        215452.265625,
        233059.078125,
        30578.01171875
    ],
    "6": [
        210823.03125,
        241458.078125,
        15289.005859375
    ]
}