{
    "0": [
        202387.5,
        202387.5,
        291219.15625
    ],
    "1": [
        202387.5,
        202387.5,
        291219.15625
    ],
    "2": [
        305188.8125,
        254697.6875,
        145609.578125
    ],
    "3": [
        327388.25,
        263323.9375,
        101926.703125
    ],
    "4": [
        349387.96875,
        272554.78125,
        61156.0234375
    ],
    "5": [
        322565.625,
        284638.5625,
        30578.01171875
    ],
    "6": [
        310242.59375,
        287938.15625,
        15289.005859375
    ],
    "7": [
        308736.625,
        287630.8125,
        7644.5029296875
    ],
    "8": [
        307176.84375,
        287784.53125,
        3822.25146484375
    ]
}