{
    "0": [
        202387.5,
        202387.5,
        291219.15625
    ],
    "1": [
        202387.5,
        202387.5,
        291219.15625
    ],
    "2": [
        225229.9375,
        98601.828125,
        145609.578125
    ],
    "3": [
        235073.453125,
        139532.046875,
        101926.703125
    ],
    "4": [
        231868.4375,
        159196.03125,
        61156.0234375
    ],
    "5": [
        231785.546875,
        150897.78125,
        30578.01171875
    ],
    "6": [
        226341.484375,
        153477.671875,
        15289.005859375
    ],
    "7": [
        225397.796875,
        156246.3125,
        7644.5029296875
    ]
}