{
    "0": [
        202387.5,
        202387.5,
        291219.15625
    ],
    "1": [
        202387.5,
        202387.5,
        291219.15625
    ],
    "2": [
        249600.59375,
        217787.765625,
        145609.578125
    ],
    "3": [
        240561.125,
        175390.9375,
        101926.703125
    ],
    "4": [
        229267.28125,
        202351.09375,
        61156.0234375
    ],
    "5": [
        243355.484375,
        194554.390625,
        30578.01171875
    ],
    "6": [
        257591.609375,
        190504.625,
        15289.005859375
    ],
    "7": [
        260388.3125,
        184623.953125,
        7644.5029296875
    ]
}