{
    "0": [
        202387.5,
        202387.5,
        291219.15625
    ],
    "1": [
        202387.5,
        202387.5,
        291219.15625
    ],
    "2": [
        270162,
        225250.65625,
        145609.578125
    ],
    "3": [
        290425.125,
        220896.140625,
        101926.703125
    ],
    "4": [
        298528.625,
        242219.09375,
        61156.0234375
    ],
    "5": [
        276669.5,
        221365.421875,
        30578.01171875
    ],
    "6": [
        282407.03125,
        214195.03125,
        15289.005859375
    ],
    "7": [
        282238.5625,
        218956.890625,
        7644.5029296875
    ],
    "8": [
        280438.21875,
        222289.734375,
        3822.25146484375
    ]
}