{
    "0": [
        202387.5,
        202387.5,
        291219.15625
    ],
    "1": [
        202387.5,
        202387.5,
        291219.15625
    ],
    "2": [
        200945.40625,
        94261.265625,
        145609.578125
    ],
    "3": [
        188375.421875,
        92471.8203125,
        101926.703125
    ],
    "4": [
        211031.09375,
        103620.71875,
        61156.0234375
    ],
    "5": [
        209339.78125,
        87793.578125,
        30578.01171875
    ],
    "6": [
        220503.78125,
        82674.9296875,
        15289.005859375
    ],
    "7": [
        218396.890625,
        77142.6484375,
        7644.5029296875
    ]
}