{
    "0": [
        202387.5,
        202387.5,
        291219.15625
    ],
    "1": [
        202387.5,
        202387.5,
        291219.15625
    ],
    "2": [
        250681.25,
        155802.90625,
        145609.578125
    ],
    "3": [
        248815.4375,
        183099.1875,
        101926.703125
    ],
    "4": [
        281224.5,
        194622.546875,
        61156.0234375
    ],
    "5": [
        283082.9375,
        201509.5625,
        30578.01171875
    ],
    "6": [
        280462.46875,
        205333.609375,
        15289.005859375
    ],
    "7": [
        282893.53125,
        208462.390625,
        7644.5029296875
    ],
    "8": [
        284727.71875,
        210708.921875,
        3822.25146484375
    ]
}