{
    "0": [
        202387.5,
        202387.5,
        291219.15625
    ],
    "1": [
        202387.5,
        202387.5,
        291219.15625
    ],
    "2": [
        114893.53125,
        271152.21875,
        145609.578125
    ],
    "3": [
        99492.7421875,
        303170.90625,
        101926.703125
    ],
    "4": [
        119111.640625,
        311365.6875,
        61156.0234375
    ],
    "5": [
        110635.3203125,
        322237.15625,
        30578.01171875
    ],
    "6": [
        116066.7109375,
        314555.46875,
        15289.005859375
    ],
    "7": [
        121386.03125,
        317786.40625,
        7644.5029296875
    ]
}