{
    "0": [
        202387.5,
        202387.5,
        291219.15625
    ],
    "1": [
        202387.5,
        202387.5,
        291219.15625
    ],
    "2": [
        165161.375,
        105559.8515625,
        145609.578125
    ],
    "3": [
        129725.4453125,
        105385.9375,
        101926.703125
    ],
    "4": [
        149141.1875,
        116459.4140625,
        61156.0234375
    ],
    "5": [
        140774.25,
        111078.2421875,
        30578.01171875
    ],
    "6": [
        135557.34375,
        114112.09375,
        15289.005859375
    ],
    "7": [
        135160.828125,
        109754.53125,
        7644.5029296875
    ],
    "8": [
        136535.03125,
        108190.1640625,
        3822.25146484375
    ]
}