{
    "0": [
        202387.5,
        202387.5,
        291219.15625
    ],
    "1": [
        202387.5,
        202387.5,
        291219.15625
    ],
    "2": [
        250932.921875,
        225919.65625,
        145609.578125
    ],
    "3": [
        223445.765625,
        242459.234375,
        101926.703125
    ],
    "4": [
        222343.09375,
        234232.546875,
        61156.0234375
    ],
    "5": [
        224048.3125,
        257114.5,
        30578.01171875
    ],
    "6": [
        219881.234375,
        267626.6875,
        15289.005859375
    ],
    "7": [
        220894.96875,
        267240.90625,
        7644.5029296875
    ],
    "8": [
        219460.84375,
        267183,
        3822.25146484375
    ],
    "9": [
        219572.0625,
        266386.90625,
        1911.125732421875
    ]
}