{
    "0": [
        202387.5,
        202387.5,
        291219.15625
    ],
    "1": [
        202387.5,
        202387.5,
        291219.15625
    ],
    "2": [
        173183.09375,
        187138.765625,
        145609.578125
    ],
    "3": [
        151137.078125,
        185435.046875,
        101926.703125
    ],
    "4": [
        188381.640625,
        187162.625,
        61156.0234375
    ],
    "5": [
        179471.421875,
        202043.390625,
        30578.01171875
    ],
    "6": [
        179834.78125,
        190871.15625,
        15289.005859375
    ],
    "7": [
        177756.0625,
        195304.171875,
        7644.5029296875
    ]
}