{
    "0": [
        202387.5,
        202387.5,
        291219.15625
    ],
    "1": [
        202387.5,
        202387.5,
        291219.15625
    ],
    "2": [
        280526.90625,
        265146.90625,
        145609.578125
    ],
    "3": [
        311039.125,
        234166.28125,
        101926.703125
    ],
    "4": [
        343873.96875,
        248273.5625,
        61156.0234375
    ],
    "5": [
        352541.1875,
        260272.046875,
        30578.01171875
    ],
    "6": [
        356890.28125,
        247830.109375,
        15289.005859375
    ],
    "7": [
        351484.5,
        244240.015625,
        7644.5029296875
    ]
}