{
    "0": [
        202387.5,
        202387.5,
        291219.15625
    ],
    "1": [
        202387.5,
        202387.5,
        291219.15625
    ],
    "2": [
        179977.359375,
        162338.59375,
        145609.578125
    ],
    "3": [
        209042.828125,
        148168.375,
        101926.703125
    ],
    "4": [
        220748.625,
        185484.453125,
        61156.0234375
    ],
    "5": [
        225545.5625,
        207947.546875,
        30578.01171875
    ],
    "6": [
        221208.3125,
        201227.109375,
        15289.005859375
    ]
}