{
    "0": [
        202387.5,
        202387.5,
        291219.15625
    ],
    "1": [
        202387.5,
        202387.5,
        291219.15625
    ],
    "2": [
        299456.34375,
        148127.4375,
        145609.578125
    ],
    "3": [
        261953.921875,
        166934.703125,
        101926.703125
    ],
    "4": [
        222319.234375,
        158061.15625,
        61156.0234375
    ],
    "5": [
        223277.390625,
        158331.65625,
        30578.01171875
    ],
    "6": [
        225975.125,
        166693.125,
        15289.005859375
    ]
}