{
    "0": [
        202387.5,
        202387.5,
        291219.15625
    ],
    "1": [
        202387.5,
        202387.5,
        291219.15625
    ],
    "2": [
        215722.953125,
        249606.375,
        145609.578125
    ],
    "3": [
        235277.1875,
        262068.65625,
        101926.703125
    ],
    "4": [
        220617.390625,
        290421.53125,
        61156.0234375
    ],
    "5": [
        239902.265625,
        291061.96875,
        30578.01171875
    ],
    "6": [
        249468.15625,
        301366.78125,
        15289.005859375
    ],
    "7": [
        253420.453125,
        305892.125,
        7644.5029296875
    ]
}