{
    "0": [
        202387.5,
        202387.5,
        291219.15625
    ],
    "1": [
        202387.5,
        202387.5,
        291219.15625
    ],
    "2": [
        176273.734375,
        195266.109375,
        145609.578125
    ],
    "3": [
        177933.5,
        194494.171875,
        101926.703125
    ],
    "4": [
        139163.375,
        190840.203125,
        61156.0234375
    ],
    "5": [
        163806.734375,
        195766.9375,
        30578.01171875
    ],
    "6": [
        165106.453125,
        197349.78125,
        15289.005859375
    ],
    "7": [
        169499.03125,
        198379.78125,
        7644.5029296875
    ],
    "8": [
        172207.859375,
        199839.5,
        3822.25146484375
    ]
}