{
    "0": [
        202387.5,
        202387.5,
        291219.15625
    ],
    "1": [
        202387.5,
        202387.5,
        291219.15625
    ],
    "2": [
        212210.578125,
        261626.59375,
        145609.578125
    ],
    "3": [
        212346,
        304719.5,
        101926.703125
    ],
    "4": [
        185670.21875,
        274428.03125,
        61156.0234375
    ],
    "5": [
        170362.078125,
        261411.546875,
        30578.01171875
    ],
    "6": [
        161863.46875,
        252861.703125,
        15289.005859375
    ]
}