{
    "0": [
        202387.5,
        202387.5,
        291219.15625
    ],
    "1": [
        202387.5,
        202387.5,
        291219.15625
    ],
    "2": [
        132197.59375,
        111787.3828125,
        145609.578125
    ],
    "3": [
        131899.96875,
        120153.625,
        101926.703125
    ],
    "4": [
        122511.6328125,
        141472.109375,
        61156.0234375
    ],
    "5": [
        116088.921875,
        150716.859375,
        30578.01171875
    ],
    "6": [
        124925.8984375,
        138552.25,
        15289.005859375
    ],
    "7": [
        125382.3671875,
        142810.8125,
        7644.5029296875
    ],
    "8": [
        122934.6015625,
        142431.234375,
        3822.25146484375
    ]
}