{
    "0": [
        202387.5,
        202387.5,
        291219.15625
    ],
    "1": [
        202387.5,
        202387.5,
        291219.15625
    ],
    "2": [
        314358,
        186221.953125,
        145609.578125
    ],
    "3": [
        280444.28125,
        207940.671875,
        101926.703125
    ],
    "4": [
        302968.6875,
        208601.265625,
        61156.0234375
    ],
    "5": [
        287482.9375,
        210418.796875,
        30578.01171875
    ],
    "6": [
        288523.46875,
        201161.21875,
        15289.005859375
    ],
    "7": [
        281516.90625,
        201742.515625,
        7644.5029296875
    ],
    "8": [
        281009.40625,
        205249.71875,
        3822.25146484375
    ]
}