{
    "0": [
        202387.5,
        202387.5,
        291219.15625
    ],
    "1": [
        202387.5,
        202387.5,
        291219.15625
    ],
    "2": [
        180618.625,
        234186.25,
        145609.578125
    ],
    "3": [
        171766.84375,
        249783.921875,
        101926.703125
    ],
    "4": [
        156789.75,
        272302.90625,
        61156.0234375
    ],
    "5": [
        178779.53125,
        284967.15625,
        30578.01171875
    ]
}