{
    "0": [
        202387.5,
        202387.5,
        291219.15625
    ],
    "1": [
        202387.5,
        202387.5,
        291219.15625
    ],
    "2": [
        185190.25,
        189010.078125,
        145609.578125
    ],
    "3": [
        184968.828125,
        223920.15625,
        101926.703125
    ],
    "4": [
        204437.859375,
        204503.90625,
        61156.0234375
    ],
    "5": [
        196399.84375,
        219689.9375,
        30578.01171875
    ],
    "6": [
        198913.890625,
        220842.359375,
        15289.005859375
    ],
    "7": [
        202735.859375,
        220590.640625,
        7644.5029296875
    ]
}