{
    "0": [
        202387.5,
        202387.5,
        291219.15625
    ],
    "1": [
        202387.5,
        202387.5,
        291219.15625
    ],
    "2": [
        240587.21875,
        285850.65625,
        145609.578125
    ],
    "3": [
        248127.515625,
        310543.3125,
        101926.703125
    ],
    "4": [
        240698.640625,
        280267.6875,
        61156.0234375
    ],
    "5": [
        252801.234375,
        289186.5,
        30578.01171875
    ],
    "6": [
        246763.546875,
        278295.34375,
        15289.005859375
    ],
    "7": [
        245131.21875,
        280197,
        7644.5029296875
    ]
}