{
    "0": [
        202387.5,
        202387.5,
        291219.15625
    ],
    "1": [
        202387.5,
        202387.5,
        291219.15625
    ],
    "2": [
        191672.34375,
        143335.640625,
        145609.578125
    ],
    "3": [
        230176.265625,
        145821.046875,
        101926.703125
    ],
    "4": [
        198036.375,
        121931.90625,
        61156.0234375
    ],
    "5": [
        212186.9375,
        132696.390625,
        30578.01171875
    ],
    "6": [
        199902.125,
        135836.015625,
        15289.005859375
    ],
    "7": [
        196505.28125,
        140796.609375,
        7644.5029296875
    ]
}