{
    "0": [
        202387.5,
        202387.5,
        291219.15625
    ],
    "1": [
        202387.5,
        202387.5,
        291219.15625
    ],
    "2": [
        135892.53125,
        225308.328125,
        145609.578125
    ],
    "3": [
        129679.4296875,
        185285.09375,
        101926.703125
    ],
    "4": [
        95324.40625,
        191184.15625,
        61156.0234375
    ],
    "5": [
        91994.6328125,
        199077.203125,
        30578.01171875
    ],
    "6": [
        81694.3828125,
        199889.1875,
        15289.005859375
    ]
}