{
    "0": [
        202387.5,
        202387.5,
        291219.15625
    ],
    "1": [
        202387.5,
        202387.5,
        291219.15625
    ],
    "2": [
        248656.34375,
        278585.28125,
        145609.578125
    ],
    "3": [
        256211.65625,
        254317.71875,
        101926.703125
    ],
    "4": [
        285551.8125,
        244202.796875,
        61156.0234375
    ],
    "5": [
        314244.59375,
        244814.140625,
        30578.01171875
    ],
    "6": [
        306388.28125,
        241750.296875,
        15289.005859375
    ],
    "7": [
        302859.59375,
        247802.875,
        7644.5029296875
    ]
}