{
    "0": [
        202387.5,
        202387.5,
        291219.15625
    ],
    "1": [
        202387.5,
        202387.5,
        291219.15625
    ],
    "2": [
        170661.359375,
        302754.03125,
        145609.578125
    ],
    "3": [
        180720.640625,
        295646.5625,
        101926.703125
    ],
    "4": [
        174086.6875,
        327803.3125,
        61156.0234375
    ],
    "5": [
        197978.25,
        340875.625,
        30578.01171875
    ],
    "6": [
        195175.421875,
        338957.3125,
        15289.005859375
    ],
    "7": [
        199644.46875,
        344529.09375,
        7644.5029296875
    ],
    "8": [
        200546.328125,
        342858.46875,
        3822.25146484375
    ],
    "9": [
        199968.890625,
        343359.90625,
        1911.125732421875
    ]
}