{
    "0": [
        202387.5,
        202387.5,
        291219.15625
    ],
    "1": [
        202387.5,
        202387.5,
        291219.15625
    ],
    "2": [
        138210.53125,
        237618.984375,
        145609.578125
    ],
    "3": [
        110670.59375,
        205226.453125,
        101926.703125
    ],
    "4": [
        140364.078125,
        231335.375,
        61156.0234375
    ],
    "5": [
        159444.5625,
        228408.359375,
        30578.01171875
    ],
    "6": [
        159100.65625,
        240056.09375,
        15289.005859375
    ],
    "7": [
        160726.46875,
        245185.078125,
        7644.5029296875
    ],
    "8": [
        159881.78125,
        242719.171875,
        3822.25146484375
    ]
}