{
    "0": [
        202387.5,
        202387.5,
        291219.15625
    ],
    "1": [
        202387.5,
        202387.5,
        291219.15625
    ],
    "2": [
        294902.65625,
        260632.65625,
        145609.578125
    ],
    "3": [
        319461.8125,
        262918.65625,
        101926.703125
    ],
    "4": [
        322060.6875,
        300122,
        61156.0234375
    ],
    "5": [
        311736.65625,
        274294.0625,
        30578.01171875
    ],
    "6": [
        313479.1875,
        270901.375,
        15289.005859375
    ],
    "7": [
        316973.53125,
        271789.03125,
        7644.5029296875
    ]
}