{
    "0": [
        202387.5,
        202387.5,
        291219.15625
    ],
    "1": [
        202387.5,
        202387.5,
        291219.15625
    ],
    "2": [
        110694.546875,
        203370.375,
        145609.578125
    ],
    "3": [
        133709.65625,
        171360.5,
        101926.703125
    ],
    "4": [
        96188.078125,
        173474.546875,
        61156.0234375
    ],
    "5": [
        105801.296875,
        197810.40625,
        30578.01171875
    ],
    "6": [
        101360.328125,
        193286.8125,
        15289.005859375
    ],
    "7": [
        96966.09375,
        199060.34375,
        7644.5029296875
    ],
    "8": [
        94197.0625,
        197892.984375,
        3822.25146484375
    ]
}