{
    "0": [
        202387.5,
        202387.5,
        291219.15625
    ],
    "1": [
        202387.5,
        202387.5,
        291219.15625
    ],
    "2": [
        218827.9375,
        129633.1171875,
        145609.578125
    ],
    "3": [
        175836.4375,
        123132.6796875,
        101926.703125
    ],
    "4": [
        189149.25,
        99651.515625,
        61156.0234375
    ],
    "5": [
        202167.640625,
        101274.9765625,
        30578.01171875
    ],
    "6": [
        194811.421875,
        104314.2265625,
        15289.005859375
    ],
    "7": [
        196668.703125,
        97916.390625,
        7644.5029296875
    ]
}