{
    "0": [
        202387.5,
        202387.5,
        291219.15625
    ],
    "1": [
        202387.5,
        202387.5,
        291219.15625
    ],
    "2": [
        192013.578125,
        94934.3984375,
        145609.578125
    ],
    "3": [
        167322.40625,
        120493.59375,
        101926.703125
    ],
    "4": [
        193016,
        90472.25,
        61156.0234375
    ],
    "5": [
        181025.96875,
        91735.625,
        30578.01171875
    ],
    "6": [
        190625.46875,
        95943.6015625,
        15289.005859375
    ],
    "7": [
        187813.046875,
        92626.5078125,
        7644.5029296875
    ]
}