{
    "0": [
        202387.5,
        202387.5,
        291219.15625
    ],
    "1": [
        202387.5,
        202387.5,
        291219.15625
    ],
    "2": [
        182693.4375,
        231947.96875,
        145609.578125
    ],
    "3": [
        166617.78125,
        216099.65625,
        101926.703125
    ],
    "4": [
        205331.90625,
        218226.421875,
        61156.0234375
    ],
    "5": [
        211919.921875,
        205901.296875,
        30578.01171875
    ],
    "6": [
        207769.6875,
        209127.6875,
        15289.005859375
    ],
    "7": [
        204347.59375,
        207514.3125,
        7644.5029296875
    ],
    "8": [
        204334.703125,
        207718.15625,
        3822.25146484375
    ]
}