{
    "0": [
        202387.5,
        202387.5,
        291219.15625
    ],
    "1": [
        202387.5,
        202387.5,
        291219.15625
    ],
    "2": [
        90144.6640625,
        197173.515625,
        145609.578125
    ],
    "3": [
        91989.1171875,
        207331.15625,
        101926.703125
    ],
    "4": [
        75551.8203125,
        196427.78125,
        61156.0234375
    ],
    "5": [
        80105.125,
        198266.28125,
        30578.01171875
    ],
    "6": [
        85916.5078125,
        192669.0625,
        15289.005859375
    ],
    "7": [
        85149.953125,
        198004.546875,
        7644.5029296875
    ],
    "8": [
        85208.8359375,
        194672.078125,
        3822.25146484375
    ],
    "9": [
        85407.734375,
        194025.390625,
        1911.125732421875
    ]
}