{
    "0": [
        202387.5,
        202387.5,
        291219.15625
    ],
    "1": [
        202387.5,
        202387.5,
        291219.15625
    ],
    "2": [
        192429.296875,
        114909.7734375,
        145609.578125
    ],
    "3": [
        193357.265625,
        92012.6328125,
        101926.703125
    ],
    "4": [
        189657.03125,
        106650.3203125,
        61156.0234375
    ],
    "5": [
        196582.21875,
        86189.265625,
        30578.01171875
    ],
    "6": [
        196502.140625,
        83526.96875,
        15289.005859375
    ],
    "7": [
        199746.828125,
        87274.234375,
        7644.5029296875
    ]
}