{
    "0": [
        202387.5,
        202387.5,
        291219.15625
    ],
    "1": [
        202387.5,
        202387.5,
        291219.15625
    ],
    "2": [
        195715.5,
        121517.515625,
        145609.578125
    ],
    "3": [
        198208.75,
        108246.015625,
        101926.703125
    ],
    "4": [
        201926.84375,
        140730.6875,
        61156.0234375
    ],
    "5": [
        205477.6875,
        163463.5,
        30578.01171875
    ],
    "6": [
        220375.546875,
        166638.78125,
        15289.005859375
    ],
    "7": [
        216374.234375,
        169404.203125,
        7644.5029296875
    ],
    "8": [
        219220.984375,
        171120.296875,
        3822.25146484375
    ]
}