{
    "0": [
        202387.5,
        202387.5,
        291219.15625
    ],
    "1": [
        202387.5,
        202387.5,
        291219.15625
    ],
    "2": [
        268573.59375,
        140870.15625,
        145609.578125
    ],
    "3": [
        286905.5,
        107591.609375,
        101926.703125
    ],
    "4": [
        274760.75,
        83754.859375,
        61156.0234375
    ],
    "5": [
        259697.4375,
        70970.359375,
        30578.01171875
    ],
    "6": [
        259692.515625,
        63482.98828125,
        15289.005859375
    ],
    "7": [
        265423.4375,
        67019.359375,
        7644.5029296875
    ]
}