{
    "0": [
        202387.5,
        202387.5,
        291219.15625
    ],
    "1": [
        202387.5,
        202387.5,
        291219.15625
    ],
    "2": [
        93686.75,
        209997.671875,
        145609.578125
    ],
    "3": [
        93847.5625,
        208571.328125,
        101926.703125
    ],
    "4": [
        101339.9609375,
        243210.828125,
        61156.0234375
    ],
    "5": [
        73981.328125,
        231225.984375,
        30578.01171875
    ],
    "6": [
        79224.6328125,
        231314.515625,
        15289.005859375
    ],
    "7": [
        77077.9453125,
        232560.0625,
        7644.5029296875
    ]
}