{
    "0": [
        202387.5,
        202387.5,
        291219.15625
    ],
    "1": [
        202387.5,
        202387.5,
        291219.15625
    ],
    "2": [
        281678.9375,
        179913.765625,
        145609.578125
    ],
    "3": [
        268546.75,
        150199.359375,
        101926.703125
    ],
    "4": [
        290139.6875,
        141970.890625,
        61156.0234375
    ],
    "5": [
        287219.90625,
        120833.453125,
        30578.01171875
    ],
    "6": [
        286764.53125,
        119555.78125,
        15289.005859375
    ],
    "7": [
        282593.3125,
        124208.359375,
        7644.5029296875
    ]
}