{
    "0": [
        202387.5,
        202387.5,
        291219.15625
    ],
    "1": [
        202387.5,
        202387.5,
        291219.15625
    ],
    "2": [
        151281.8125,
        204208.59375,
        145609.578125
    ],
    "3": [
        122515.6875,
        176732.46875,
        101926.703125
    ],
    "4": [
        150206.09375,
        194307.625,
        61156.0234375
    ],
    "5": [
        131551.859375,
        209778.578125,
        30578.01171875
    ],
    "6": [
        122370.3828125,
        207240.3125,
        15289.005859375
    ],
    "7": [
        118513.8125,
        203303.03125,
        7644.5029296875
    ]
}