{
    "0": [
        202387.5,
        202387.5,
        291219.15625
    ],
    "1": [
        202387.5,
        202387.5,
        291219.15625
    ],
    "2": [
        164533.125,
        143295.65625,
        145609.578125
    ],
    "3": [
        123142.265625,
        155645.28125,
        101926.703125
    ],
    "4": [
        99843.3828125,
        127801.1875,
        61156.0234375
    ],
    "5": [
        95435.53125,
        130185.09375,
        30578.01171875
    ],
    "6": [
        90309.125,
        120624.1015625,
        15289.005859375
    ],
    "7": [
        92150.1328125,
        119202.859375,
        7644.5029296875
    ]
}