{
    "0": [
        202387.5,
        202387.5,
        291219.15625
    ],
    "1": [
        202387.5,
        202387.5,
        291219.15625
    ],
    "2": [
        142329.953125,
        286521.6875,
        145609.578125
    ],
    "3": [
        113875.765625,
        273555.6875,
        101926.703125
    ],
    "4": [
        142044.625,
        296002.75,
        61156.0234375
    ],
    "5": [
        164604.734375,
        300519.125,
        30578.01171875
    ],
    "6": [
        159216.28125,
        301958.84375,
        15289.005859375
    ],
    "7": [
        161481.25,
        298823.59375,
        7644.5029296875
    ]
}