{
    "0": [
        202387.5,
        202387.5,
        291219.15625
    ],
    "1": [
        202387.5,
        202387.5,
        291219.15625
    ],
    "2": [
        204377.015625,
        124581.4140625,
        145609.578125
    ],
    "3": [
        171826.8125,
        112145.671875,
        101926.703125
    ],
    "4": [
        199163.09375,
        99007.2890625,
        61156.0234375
    ],
    "5": [
        182826.546875,
        92758.9609375,
        30578.01171875
    ],
    "6": [
        193113.234375,
        97668.125,
        15289.005859375
    ]
}