{
    "0": [
        202387.5,
        202387.5,
        291219.15625
    ],
    "1": [
        202387.5,
        202387.5,
        291219.15625
    ],
    "2": [
        137938.984375,
        206799.34375,
        145609.578125
    ],
    "3": [
        131582.09375,
        176387.65625,
        101926.703125
    ],
    "4": [
        128632.1015625,
        172940.671875,
        61156.0234375
    ],
    "5": [
        119681.09375,
        170427.1875,
        30578.01171875
    ],
    "6": [
        134084.109375,
        166369.890625,
        15289.005859375
    ],
    "7": [
        139121.484375,
        163857.03125,
        7644.5029296875
    ],
    "8": [
        138813.28125,
        165932.75,
        3822.25146484375
    ]
}