{
    "0": [
        202387.5,
        202387.5,
        291219.15625
    ],
    "1": [
        202387.5,
        202387.5,
        291219.15625
    ],
    "2": [
        118792.6796875,
        216371.1875,
        145609.578125
    ],
    "3": [
        126540.46875,
        187645.125,
        101926.703125
    ],
    "4": [
        118294.8671875,
        163921.390625,
        61156.0234375
    ],
    "5": [
        134774.125,
        171955.1875,
        30578.01171875
    ],
    "6": [
        132143.65625,
        185021.375,
        15289.005859375
    ],
    "7": [
        134477.375,
        189313.34375,
        7644.5029296875
    ],
    "8": [
        134055.515625,
        186120.375,
        3822.25146484375
    ]
}