{
    "0": [
        202387.5,
        202387.5,
        291219.15625
    ],
    "1": [
        202387.5,
        202387.5,
        291219.15625
    ],
    "2": [
        164928.03125,
        160349.1875,
        145609.578125
    ],
    "3": [
        152197.84375,
        136703.0625,
        101926.703125
    ],
    "4": [
        167225.15625,
        126111.8515625,
        61156.0234375
    ],
    "5": [
        170578.453125,
        108840.421875,
        30578.01171875
    ],
    "6": [
        175178.828125,
        101633.640625,
        15289.005859375
    ],
    "7": [
        167887.359375,
        100605.8671875,
        7644.5029296875
    ]
}