{
    "0": [
        202387.5,
        202387.5,
        291219.15625
    ],
    "1": [
        202387.5,
        202387.5,
        291219.15625
    ],
    "2": [
        210709.25,
        269712.0625,
        145609.578125
    ],
    "3": [
        214747.34375,
        247674.25,
        101926.703125
    ],
    "4": [
        205114.328125,
        228212.96875,
        61156.0234375
    ],
    "5": [
        219824.359375,
        254994.90625,
        30578.01171875
    ],
    "6": [
        215632.421875,
        242771.796875,
        15289.005859375
    ],
    "7": [
        213909.703125,
        249597.953125,
        7644.5029296875
    ]
}