{
    "0": [
        202387.5,
        202387.5,
        291219.15625
    ],
    "1": [
        202387.5,
        202387.5,
        291219.15625
    ],
    "2": [
        267117.40625,
        171630.5625,
        145609.578125
    ],
    "3": [
        268925.28125,
        159637.296875,
        101926.703125
    ],
    "4": [
        242926.125,
        181964.03125,
        61156.0234375
    ],
    "5": [
        247701.421875,
        165318.765625,
        30578.01171875
    ],
    "6": [
        254959.734375,
        169828.921875,
        15289.005859375
    ],
    "7": [
        253073.875,
        168515.15625,
        7644.5029296875
    ]
}