{
    "0": [
        202387.5,
        202387.5,
        291219.15625
    ],
    "1": [
        202387.5,
        202387.5,
        291219.15625
    ],
    "2": [
        302475.21875,
        222268.5,
        145609.578125
    ],
    "3": [
        269616,
        223845.4375,
        101926.703125
    ],
    "4": [
        260653.5,
        256667.84375,
        61156.0234375
    ],
    "5": [
        235631.953125,
        273685.125,
        30578.01171875
    ],
    "6": [
        247974.4375,
        271611.65625,
        15289.005859375
    ]
}