{
    "0": [
        202387.5,
        202387.5,
        291219.15625
    ],
    "1": [
        202387.5,
        202387.5,
        291219.15625
    ],
    "2": [
        154883.078125,
        128308.4921875,
        145609.578125
    ],
    "3": [
        122423.21875,
        126385.4296875,
        101926.703125
    ],
    "4": [
        150263.515625,
        131633.3125,
        61156.0234375
    ],
    "5": [
        145283.921875,
        156721.71875,
        30578.01171875
    ],
    "6": [
        156762.75,
        153637.234375,
        15289.005859375
    ],
    "7": [
        156810.40625,
        158026.84375,
        7644.5029296875
    ],
    "8": [
        153917.078125,
        156113,
        3822.25146484375
    ]
}