{
    "0": [
        202387.5,
        202387.5,
        291219.15625
    ],
    "1": [
        202387.5,
        202387.5,
        291219.15625
    ],
    "2": [
        284027.46875,
        274280.84375,
        145609.578125
    ],
    "3": [
        266061.65625,
        311868,
        101926.703125
    ],
    "4": [
        257436.984375,
        319015.6875,
        61156.0234375
    ],
    "5": [
        273993.875,
        294327.65625,
        30578.01171875
    ],
    "6": [
        273207.53125,
        303199.625,
        15289.005859375
    ],
    "7": [
        268308.34375,
        302181.0625,
        7644.5029296875
    ],
    "8": [
        269559.875,
        303602.96875,
        3822.25146484375
    ],
    "9": [
        268745.5625,
        303458.8125,
        1911.125732421875
    ],
    "10": [
        268744.5,
        303460.40625,
        0.0019111258443444967
    ]
}