{
    "0": [
        202387.5,
        202387.5,
        291219.15625
    ],
    "1": [
        202387.5,
        202387.5,
        291219.15625
    ],
    "2": [
        214516.1875,
        222934.390625,
        145609.578125
    ],
    "3": [
        235039.890625,
        213176.84375,
        101926.703125
    ],
    "4": [
        259862.765625,
        183969.15625,
        61156.0234375
    ],
    "5": [
        287034.59375,
        186486.46875,
        30578.01171875
    ],
    "6": [
        283483.28125,
        188636.484375,
        15289.005859375
    ],
    "7": [
        289047.28125,
        192598.171875,
        7644.5029296875
    ],
    "8": [
        289956.90625,
        194228.015625,
        3822.25146484375
    ]
}