{
    "0": [
        202387.5,
        202387.5,
        291219.15625
    ],
    "1": [
        202387.5,
        202387.5,
        291219.15625
    ],
    "2": [
        154548.96875,
        201304.171875,
        145609.578125
    ],
    "3": [
        195955.6875,
        192169.53125,
        101926.703125
    ],
    "4": [
        158862.828125,
        176729.421875,
        61156.0234375
    ],
    "5": [
        158550.90625,
        173561.34375,
        30578.01171875
    ],
    "6": [
        161700.515625,
        176572.953125,
        15289.005859375
    ],
    "7": [
        162236.0625,
        178384.515625,
        7644.5029296875
    ]
}