{
    "0": [
        202387.5,
        202387.5,
        291219.15625
    ],
    "1": [
        202387.5,
        202387.5,
        291219.15625
    ],
    "2": [
        273768.84375,
        221006.0625,
        145609.578125
    ],
    "3": [
        294179.46875,
        219844.375,
        101926.703125
    ],
    "4": [
        266265.40625,
        200410.84375,
        61156.0234375
    ],
    "5": [
        283469.65625,
        194352.71875,
        30578.01171875
    ],
    "6": [
        280178.8125,
        192110.15625,
        15289.005859375
    ]
}