{
    "0": [
        202387.5,
        202387.5,
        291219.15625
    ],
    "1": [
        202387.5,
        202387.5,
        291219.15625
    ],
    "2": [
        211681,
        197403.5,
        145609.578125
    ],
    "3": [
        184314.25,
        181267.625,
        101926.703125
    ],
    "4": [
        148202.5625,
        182978.4375,
        61156.0234375
    ],
    "5": [
        143329.65625,
        179591.46875,
        30578.01171875
    ],
    "6": [
        132469.78125,
        184791.875,
        15289.005859375
    ],
    "7": [
        126387.203125,
        182396.6875,
        7644.5029296875
    ]
}