{
    "0": [
        202387.5,
        202387.5,
        291219.15625
    ],
    "1": [
        202387.5,
        202387.5,
        291219.15625
    ],
    "2": [
        262957.3125,
        169050.046875,
        145609.578125
    ],
    "3": [
        303659.1875,
        157317.203125,
        101926.703125
    ],
    "4": [
        310828.9375,
        128201.1015625,
        61156.0234375
    ],
    "5": [
        325150.1875,
        147375.109375,
        30578.01171875
    ],
    "6": [
        326167.71875,
        143846.734375,
        15289.005859375
    ],
    "7": [
        326298.53125,
        149500.953125,
        7644.5029296875
    ],
    "8": [
        327512,
        151700.96875,
        3822.25146484375
    ]
}