{
    "0": [
        202387.5,
        202387.5,
        291219.15625
    ],
    "1": [
        202387.5,
        202387.5,
        291219.15625
    ],
    "2": [
        183637.984375,
        227227.359375,
        145609.578125
    ],
    "3": [
        162944.515625,
        263061.15625,
        101926.703125
    ],
    "4": [
        123062.6640625,
        257119.546875,
        61156.0234375
    ],
    "5": [
        93695.15625,
        255818.265625,
        30578.01171875
    ],
    "6": [
        97713.40625,
        251432.71875,
        15289.005859375
    ],
    "7": [
        94065.875,
        253610.59375,
        7644.5029296875
    ]
}