{
    "0": [
        202387.5,
        202387.5,
        291219.15625
    ],
    "1": [
        202387.5,
        202387.5,
        291219.15625
    ],
    "2": [
        197387.140625,
        255757.625,
        145609.578125
    ],
    "3": [
        206294.140625,
        255688.5625,
        101926.703125
    ],
    "4": [
        187232.75,
        219879.9375,
        61156.0234375
    ],
    "5": [
        188247.953125,
        235444.171875,
        30578.01171875
    ],
    "6": [
        185450.828125,
        249118.0625,
        15289.005859375
    ],
    "7": [
        184212.3125,
        251718.984375,
        7644.5029296875
    ]
}