{
    "0": [
        202387.5,
        202387.5,
        291219.15625
    ],
    "1": [
        202387.5,
        202387.5,
        291219.15625
    ],
    "2": [
        299607.59375,
        230196.9375,
        145609.578125
    ],
    "3": [
        322989.59375,
        248057.28125,
        101926.703125
    ],
    "4": [
        332517.34375,
        225875.703125,
        61156.0234375
    ],
    "5": [
        327941.15625,
        255255.921875,
        30578.01171875
    ],
    "6": [
        322731.59375,
        248525.15625,
        15289.005859375
    ],
    "7": [
        325547.84375,
        246518.5625,
        7644.5029296875
    ],
    "8": [
        324076.3125,
        244620.5,
        3822.25146484375
    ]
}