{
    "0": [
        202387.5,
        202387.5,
        291219.15625
    ],
    "1": [
        202387.5,
        202387.5,
        291219.15625
    ],
    "2": [
        239434.90625,
        134101.9375,
        145609.578125
    ],
    "3": [
        217410.640625,
        120454,
        101926.703125
    ],
    "4": [
        211025.921875,
        120714.1953125,
        61156.0234375
    ],
    "5": [
        195683.71875,
        105178.125,
        30578.01171875
    ],
    "6": [
        202579.765625,
        114661.3984375,
        15289.005859375
    ],
    "7": [
        204770.140625,
        113942.359375,
        7644.5029296875
    ],
    "8": [
        204869.8125,
        113205.8046875,
        3822.25146484375
    ]
}