{
    "0": [
        202387.5,
        202387.5,
        291219.15625
    ],
    "1": [
        202387.5,
        202387.5,
        291219.15625
    ],
    "2": [
        177349.890625,
        227046.46875,
        145609.578125
    ],
    "3": [
        218485.125,
        217377.46875,
        101926.703125
    ],
    "4": [
        241039.21875,
        242714.796875,
        61156.0234375
    ],
    "5": [
        237666.03125,
        218675.46875,
        30578.01171875
    ],
    "6": [
        242758.234375,
        219017.078125,
        15289.005859375
    ]
}