{
    "0": [
        202387.5,
        202387.5,
        291219.15625
    ],
    "1": [
        202387.5,
        202387.5,
        291219.15625
    ],
    "2": [
        262692,
        240412.09375,
        145609.578125
    ],
    "3": [
        277212.53125,
        217696.546875,
        101926.703125
    ],
    "4": [
        269389.75,
        240059.5625,
        61156.0234375
    ],
    "5": [
        245295.96875,
        235278.15625,
        30578.01171875
    ],
    "6": [
        251863.328125,
        235832.71875,
        15289.005859375
    ],
    "7": [
        250682.3125,
        243317.1875,
        7644.5029296875
    ]
}