{
    "0": [
        202387.5,
        202387.5,
        291219.15625
    ],
    "1": [
        202387.5,
        202387.5,
        291219.15625
    ],
    "2": [
        223650.71875,
        226035.515625,
        145609.578125
    ],
    "3": [
        218072.5,
        242083.4375,
        101926.703125
    ],
    "4": [
        219978.796875,
        211724.78125,
        61156.0234375
    ],
    "5": [
        227050.53125,
        223378.6875,
        30578.01171875
    ],
    "6": [
        220586.78125,
        232468.078125,
        15289.005859375
    ]
}