{
    "0": [
        202387.5,
        202387.5,
        291219.15625
    ],
    "1": [
        202387.5,
        202387.5,
        291219.15625
    ],
    "2": [
        221481.15625,
        316494.875,
        145609.578125
    ],
    "3": [
        238201.65625,
        335353.375,
        101926.703125
    ],
    "4": [
        226309.59375,
        298948.0625,
        61156.0234375
    ],
    "5": [
        212542.203125,
        286154.0625,
        30578.01171875
    ],
    "6": [
        222081.46875,
        286092.53125,
        15289.005859375
    ],
    "7": [
        218014.234375,
        288149,
        7644.5029296875
    ],
    "8": [
        220459.890625,
        288780.46875,
        3822.25146484375
    ]
}