{
    "0": [
        202387.5,
        202387.5,
        291219.15625
    ],
    "1": [
        202387.5,
        202387.5,
        291219.15625
    ],
    "2": [
        103232.8203125,
        248558.5625,
        145609.578125
    ],
    "3": [
        145627.8125,
        244339.734375,
        101926.703125
    ],
    "4": [
        138795,
        223376.609375,
        61156.0234375
    ],
    "5": [
        153862,
        226972.484375,
        30578.01171875
    ],
    "6": [
        149882.453125,
        217412.90625,
        15289.005859375
    ],
    "7": [
        143977.796875,
        218833.828125,
        7644.5029296875
    ]
}