{
    "0": [
        202387.5,
        202387.5,
        291219.15625
    ],
    "1": [
        202387.5,
        202387.5,
        291219.15625
    ],
    "2": [
        292673.9375,
        207505.703125,
        145609.578125
    ],
    "3": [
        304581.4375,
        170217.3125,
        101926.703125
    ],
    "4": [
        320068.75,
        195152.5,
        61156.0234375
    ],
    "5": [
        347767.6875,
        202713,
        30578.01171875
    ],
    "6": [
        340442.28125,
        192947.921875,
        15289.005859375
    ],
    "7": [
        346035.4375,
        190964.359375,
        7644.5029296875
    ]
}