{
    "0": [
        202387.5,
        202387.5,
        291219.15625
    ],
    "1": [
        202387.5,
        202387.5,
        291219.15625
    ],
    "2": [
        247132.03125,
        155267.28125,
        145609.578125
    ],
    "3": [
        262224.375,
        164560.890625,
        101926.703125
    ],
    "4": [
        277867.03125,
        155992.390625,
        61156.0234375
    ],
    "5": [
        285187.21875,
        152829.21875,
        30578.01171875
    ],
    "6": [
        287621.75,
        150344.265625,
        15289.005859375
    ]
}