{
    "0": [
        202387.5,
        202387.5,
        291219.15625
    ],
    "1": [
        202387.5,
        202387.5,
        291219.15625
    ],
    "2": [
        299870.125,
        221032.859375,
        145609.578125
    ],
    "3": [
        312881.25,
        253678.796875,
        101926.703125
    ],
    "4": [
        337799.8125,
        255971.875,
        61156.0234375
    ],
    "5": [
        326113,
        250089.421875,
        30578.01171875
    ],
    "6": [
        317695.8125,
        249610.390625,
        15289.005859375
    ],
    "7": [
        315278.15625,
        246858.078125,
        7644.5029296875
    ],
    "8": [
        317337.03125,
        249610.296875,
        3822.25146484375
    ]
}