{
    "0": [
        202387.5,
        202387.5,
        291219.15625
    ],
    "1": [
        202387.5,
        202387.5,
        291219.15625
    ],
    "2": [
        97816.75,
        219278.6875,
        145609.578125
    ],
    "3": [
        72145.78125,
        232319.515625,
        101926.703125
    ],
    "4": [
        88014.125,
        252367.328125,
        61156.0234375
    ],
    "5": [
        81484.15625,
        281251.6875,
        30578.01171875
    ],
    "6": [
        86840.4140625,
        275809.46875,
        15289.005859375
    ],
    "7": [
        85895.015625,
        273437.1875,
        7644.5029296875
    ]
}