{
    "0": [
        202387.5,
        202387.5,
        291219.15625
    ],
    "1": [
        202387.5,
        202387.5,
        291219.15625
    ],
    "2": [
        91369.9453125,
        218315.859375,
        145609.578125
    ],
    "3": [
        112581.3125,
        205653.265625,
        101926.703125
    ],
    "4": [
        99996.71875,
        216137.90625,
        61156.0234375
    ],
    "5": [
        101033.046875,
        193814.921875,
        30578.01171875
    ],
    "6": [
        114565.1015625,
        187936.453125,
        15289.005859375
    ],
    "7": [
        114767.9140625,
        194721.625,
        7644.5029296875
    ]
}