{
    "0": [
        202387.5,
        202387.5,
        291219.15625
    ],
    "1": [
        202387.5,
        202387.5,
        291219.15625
    ],
    "2": [
        193262.78125,
        300253.0625,
        145609.578125
    ],
    "3": [
        231358.265625,
        289024.75,
        101926.703125
    ],
    "4": [
        224925.90625,
        261383.796875,
        61156.0234375
    ],
    "5": [
        230416.5,
        262120.578125,
        30578.01171875
    ],
    "6": [
        238165.78125,
        270018.71875,
        15289.005859375
    ],
    "7": [
        236791.09375,
        274245.0625,
        7644.5029296875
    ]
}