{
    "0": [
        202387.5,
        202387.5,
        291219.15625
    ],
    "1": [
        202387.5,
        202387.5,
        291219.15625
    ],
    "2": [
        288356.625,
        145729.15625,
        145609.578125
    ],
    "3": [
        254364.1875,
        133984.828125,
        101926.703125
    ],
    "4": [
        246702.875,
        121194.8984375,
        61156.0234375
    ],
    "5": [
        235494.15625,
        112972.6328125,
        30578.01171875
    ],
    "6": [
        239552.6875,
        112797.28125,
        15289.005859375
    ],
    "7": [
        244452.3125,
        110596.984375,
        7644.5029296875
    ]
}