{
    "0": [
        202387.5,
        202387.5,
        291219.15625
    ],
    "1": [
        202387.5,
        202387.5,
        291219.15625
    ],
    "2": [
        147100.40625,
        268716.59375,
        145609.578125
    ],
    "3": [
        147689.078125,
        251539.640625,
        101926.703125
    ],
    "4": [
        186164.9375,
        255012.09375,
        61156.0234375
    ],
    "5": [
        173458.765625,
        273187.75,
        30578.01171875
    ],
    "6": [
        178986.4375,
        276052.875,
        15289.005859375
    ],
    "7": [
        182052.421875,
        270386.34375,
        7644.5029296875
    ],
    "8": [
        179364.8125,
        271048,
        3822.25146484375
    ]
}