{
    "0": [
        202387.5,
        202387.5,
        291219.15625
    ],
    "1": [
        202387.5,
        202387.5,
        291219.15625
    ],
    "2": [
        235246.03125,
        236742.3125,
        145609.578125
    ],
    "3": [
        237758.078125,
        229462.75,
        101926.703125
    ],
    "4": [
        272100.6875,
        225175.0625,
        61156.0234375
    ],
    "5": [
        258783.109375,
        228002.84375,
        30578.01171875
    ],
    "6": [
        257629.96875,
        233169.015625,
        15289.005859375
    ],
    "7": [
        265048.53125,
        234771.15625,
        7644.5029296875
    ]
}