{
    "0": [
        202387.5,
        202387.5,
        291219.15625
    ],
    "1": [
        202387.5,
        202387.5,
        291219.15625
    ],
    "2": [
        264486.5625,
        181135.65625,
        145609.578125
    ],
    "3": [
        295728.78125,
        174703.109375,
        101926.703125
    ],
    "4": [
        268591.0625,
        202793.359375,
        61156.0234375
    ],
    "5": [
        265376.46875,
        224308.796875,
        30578.01171875
    ],
    "6": [
        279137.40625,
        226522.53125,
        15289.005859375
    ],
    "7": [
        280009.84375,
        226779.765625,
        7644.5029296875
    ]
}