{
    "0": [
        202387.5,
        202387.5,
        291219.15625
    ],
    "1": [
        202387.5,
        202387.5,
        291219.15625
    ],
    "2": [
        165379.25,
        259829.453125,
        145609.578125
    ],
    "3": [
        134351.1875,
        264444.84375,
        101926.703125
    ],
    "4": [
        152264.84375,
        251701.125,
        61156.0234375
    ],
    "5": [
        144873.375,
        269715.9375,
        30578.01171875
    ],
    "6": [
        153268.140625,
        280891.25,
        15289.005859375
    ],
    "7": [
        148622.578125,
        282205.71875,
        7644.5029296875
    ]
}