{
    "0": [
        202387.5,
        202387.5,
        291219.15625
    ],
    "1": [
        202387.5,
        202387.5,
        291219.15625
    ],
    "2": [
        261048.890625,
        278580.65625,
        145609.578125
    ],
    "3": [
        297328.0625,
        258225.515625,
        101926.703125
    ],
    "4": [
        273997.0625,
        289870.4375,
        61156.0234375
    ],
    "5": [
        265792.625,
        311381,
        30578.01171875
    ],
    "6": [
        263229.375,
        310603.34375,
        15289.005859375
    ],
    "7": [
        259072.609375,
        316334.3125,
        7644.5029296875
    ]
}