{
    "0": [
        202387.5,
        202387.5,
        291219.15625
    ],
    "1": [
        202387.5,
        202387.5,
        291219.15625
    ],
    "2": [
        254501.6875,
        184881.5,
        145609.578125
    ],
    "3": [
        283637.1875,
        167418.46875,
        101926.703125
    ],
    "4": [
        273998.375,
        148574.265625,
        61156.0234375
    ],
    "5": [
        279431.71875,
        143702.671875,
        30578.01171875
    ],
    "6": [
        281422.375,
        151515.265625,
        15289.005859375
    ],
    "7": [
        277077.03125,
        149837.34375,
        7644.5029296875
    ],
    "8": [
        279914.34375,
        149875.203125,
        3822.25146484375
    ]
}