{
    "0": [
        202387.5,
        202387.5,
        291219.15625
    ],
    "1": [
        202387.5,
        202387.5,
        291219.15625
    ],
    "2": [
        295128.875,
        139949.375,
        145609.578125
    ],
    "3": [
        259333.9375,
        155987.609375,
        101926.703125
    ],
    "4": [
        260877.078125,
        187082.8125,
        61156.0234375
    ],
    "5": [
        241954.625,
        196524.671875,
        30578.01171875
    ],
    "6": [
        255707.625,
        190943.546875,
        15289.005859375
    ],
    "7": [
        261453.859375,
        189003.71875,
        7644.5029296875
    ],
    "8": [
        263059.625,
        188097.25,
        3822.25146484375
    ]
}