{
    "0": [
        202387.5,
        202387.5,
        291219.15625
    ],
    "1": [
        202387.5,
        202387.5,
        291219.15625
    ],
    "2": [
        214152.671875,
        141357.578125,
        145609.578125
    ],
    "3": [
        203001.375,
        142355.109375,
        101926.703125
    ],
    "4": [
        230851.1875,
        155148.75,
        61156.0234375
    ],
    "5": [
        229395.734375,
        153015.890625,
        30578.01171875
    ],
    "6": [
        231759.03125,
        154148.625,
        15289.005859375
    ],
    "7": [
        227203.921875,
        151922.28125,
        7644.5029296875
    ]
}