{
    "0": [
        202387.5,
        202387.5,
        291219.15625
    ],
    "1": [
        202387.5,
        202387.5,
        291219.15625
    ],
    "2": [
        272781.6875,
        174496.109375,
        145609.578125
    ],
    "3": [
        296054.46875,
        156784.625,
        101926.703125
    ],
    "4": [
        309936.625,
        183298.4375,
        61156.0234375
    ],
    "5": [
        337250.25,
        175426.734375,
        30578.01171875
    ],
    "6": [
        342332.96875,
        187953.03125,
        15289.005859375
    ],
    "7": [
        336332.53125,
        183734.96875,
        7644.5029296875
    ]
}