{
    "0": [
        202387.5,
        202387.5,
        291219.15625
    ],
    "1": [
        202387.5,
        202387.5,
        291219.15625
    ],
    "2": [
        103007.3203125,
        167065.90625,
        145609.578125
    ],
    "3": [
        131524.40625,
        135163.703125,
        101926.703125
    ],
    "4": [
        106061.546875,
        131806.203125,
        61156.0234375
    ],
    "5": [
        101697.8515625,
        111467.0625,
        30578.01171875
    ],
    "6": [
        102786.2265625,
        117997.53125,
        15289.005859375
    ],
    "7": [
        101119.90625,
        117917.7734375,
        7644.5029296875
    ],
    "8": [
        99591.890625,
        116857.53125,
        3822.25146484375
    ]
}