{
    "0": [
        202387.5,
        202387.5,
        291219.15625
    ],
    "1": [
        202387.5,
        202387.5,
        291219.15625
    ],
    "2": [
        88006.6015625,
        180634.859375,
        145609.578125
    ],
    "3": [
        48599.42578125,
        166645.46875,
        101926.703125
    ],
    "4": [
        52839.7578125,
        144509.71875,
        61156.0234375
    ],
    "5": [
        63394.828125,
        128054.2578125,
        30578.01171875
    ],
    "6": [
        65351.48046875,
        133995.734375,
        15289.005859375
    ],
    "7": [
        66806.515625,
        130470.7890625,
        7644.5029296875
    ],
    "8": [
        64830.62109375,
        127667.203125,
        3822.25146484375
    ]
}