{
    "0": [
        202387.5,
        202387.5,
        291219.15625
    ],
    "1": [
        202387.5,
        202387.5,
        291219.15625
    ],
    "2": [
        228337.96875,
        163315.96875,
        145609.578125
    ],
    "3": [
        198487.671875,
        137719.78125,
        101926.703125
    ],
    "4": [
        228947.6875,
        140920.546875,
        61156.0234375
    ],
    "5": [
        220012.203125,
        145449.703125,
        30578.01171875
    ],
    "6": [
        220792.125,
        134073.328125,
        15289.005859375
    ]
}