{
    "0": [
        202387.5,
        202387.5,
        291219.15625
    ],
    "1": [
        202387.5,
        202387.5,
        291219.15625
    ],
    "2": [
        232459.34375,
        213533.546875,
        145609.578125
    ],
    "3": [
        216836.546875,
        221350.734375,
        101926.703125
    ],
    "4": [
        202021.484375,
        217613.140625,
        61156.0234375
    ],
    "5": [
        212469.84375,
        246108.953125,
        30578.01171875
    ],
    "6": [
        217536.515625,
        246904.75,
        15289.005859375
    ],
    "7": [
        224133.546875,
        246747.734375,
        7644.5029296875
    ]
}