{
    "0": [
        202387.5,
        202387.5,
        291219.15625
    ],
    "1": [
        202387.5,
        202387.5,
        291219.15625
    ],
    "2": [
        244669.40625,
        145954.84375,
        145609.578125
    ],
    "3": [
        263691.8125,
        124765.2578125,
        101926.703125
    ],
    "4": [
        257983.4375,
        133206.25,
        61156.0234375
    ],
    "5": [
        257164.6875,
        137974.296875,
        30578.01171875
    ],
    "6": [
        253297.1875,
        140067.0625,
        15289.005859375
    ]
}