{
    "0": [
        202387.5,
        202387.5,
        291219.15625
    ],
    "1": [
        202387.5,
        202387.5,
        291219.15625
    ],
    "2": [
        219268.390625,
        217296.421875,
        145609.578125
    ],
    "3": [
        233209.140625,
        176696.65625,
        101926.703125
    ],
    "4": [
        256372.359375,
        181185.15625,
        61156.0234375
    ],
    "5": [
        236725.8125,
        172628.359375,
        30578.01171875
    ],
    "6": [
        245407.59375,
        166134.9375,
        15289.005859375
    ],
    "7": [
        251683.953125,
        167487.21875,
        7644.5029296875
    ],
    "8": [
        255191.609375,
        168663.90625,
        3822.25146484375
    ]
}