{
    "0": [
        202387.5,
        202387.5,
        291219.15625
    ],
    "1": [
        202387.5,
        202387.5,
        291219.15625
    ],
    "2": [
        187262.265625,
        216479.703125,
        145609.578125
    ],
    "3": [
        216780.1875,
        231522.0625,
        101926.703125
    ],
    "4": [
        192467.484375,
        258340.078125,
        61156.0234375
    ],
    "5": [
        190272.875,
        284659.75,
        30578.01171875
    ]
}