{
    "0": [
        202387.5,
        202387.5,
        291219.15625
    ],
    "1": [
        202387.5,
        202387.5,
        291219.15625
    ],
    "2": [
        235726.859375,
        114478.5546875,
        145609.578125
    ],
    "3": [
        210714.28125,
        83892.359375,
        101926.703125
    ],
    "4": [
        232047.625,
        107022.7109375,
        61156.0234375
    ],
    "5": [
        223461.203125,
        115972.7265625,
        30578.01171875
    ],
    "6": [
        227505.828125,
        127266.265625,
        15289.005859375
    ],
    "7": [
        223225,
        133245.328125,
        7644.5029296875
    ]
}