{
    "0": [
        202387.5,
        202387.5,
        291219.15625
    ],
    "1": [
        202387.5,
        202387.5,
        291219.15625
    ],
    "2": [
        188985.3125,
        250537.796875,
        145609.578125
    ],
    "3": [
        205551.359375,
        213406.90625,
        101926.703125
    ],
    "4": [
        171673.484375,
        195424.9375,
        61156.0234375
    ],
    "5": [
        171770.015625,
        196053.796875,
        30578.01171875
    ],
    "6": [
        184366.921875,
        197950.34375,
        15289.005859375
    ],
    "7": [
        180690.125,
        201218.421875,
        7644.5029296875
    ]
}