{
    "0": [
        202387.5,
        202387.5,
        291219.15625
    ],
    "1": [
        202387.5,
        202387.5,
        291219.15625
    ],
    "2": [
        223549.890625,
        219958.6875,
        145609.578125
    ],
    "3": [
        230072.0625,
        248826.6875,
        101926.703125
    ],
    "4": [
        242239.890625,
        270896.875,
        61156.0234375
    ],
    "5": [
        231904.59375,
        261540.890625,
        30578.01171875
    ],
    "6": [
        226465.078125,
        257668.96875,
        15289.005859375
    ],
    "7": [
        228827.0625,
        259704.234375,
        7644.5029296875
    ]
}