{
    "0": [
        202387.5,
        202387.5,
        291219.15625
    ],
    "1": [
        202387.5,
        202387.5,
        291219.15625
    ],
    "2": [
        178502.203125,
        111655.6015625,
        145609.578125
    ],
    "3": [
        173250.265625,
        152847.75,
        101926.703125
    ],
    "4": [
        184403,
        136124.296875,
        61156.0234375
    ],
    "5": [
        206068.203125,
        140953.28125,
        30578.01171875
    ],
    "6": [
        218997.390625,
        139136.171875,
        15289.005859375
    ],
    "7": [
        224333.34375,
        141365.15625,
        7644.5029296875
    ],
    "8": [
        227877.109375,
        140188.515625,
        3822.25146484375
    ]
}