{
    "0": [
        202387.5,
        202387.5,
        291219.15625
    ],
    "1": [
        202387.5,
        202387.5,
        291219.15625
    ],
    "2": [
        220776.53125,
        265947.21875,
        145609.578125
    ],
    "3": [
        210763.25,
        224668.03125,
        101926.703125
    ],
    "4": [
        215745.203125,
        195814.1875,
        61156.0234375
    ],
    "5": [
        197823.4375,
        194358.203125,
        30578.01171875
    ],
    "6": [
        205308.5,
        198006.765625,
        15289.005859375
    ],
    "7": [
        205440.609375,
        203365.40625,
        7644.5029296875
    ]
}