{
    "0": [
        202387.5,
        202387.5,
        291219.15625
    ],
    "1": [
        202387.5,
        202387.5,
        291219.15625
    ],
    "2": [
        202808.28125,
        98712.140625,
        145609.578125
    ],
    "3": [
        195777.71875,
        83841.3671875,
        101926.703125
    ],
    "4": [
        175741.515625,
        91189.0546875,
        61156.0234375
    ],
    "5": [
        167223.5625,
        112049.03125,
        30578.01171875
    ],
    "6": [
        178731.984375,
        108512.328125,
        15289.005859375
    ],
    "7": [
        173416.921875,
        112041.7421875,
        7644.5029296875
    ],
    "8": [
        171221.0625,
        111556.203125,
        3822.25146484375
    ]
}