{
    "0": [
        202387.5,
        202387.5,
        291219.15625
    ],
    "1": [
        202387.5,
        202387.5,
        291219.15625
    ],
    "2": [
        120428.8828125,
        211667.03125,
        145609.578125
    ],
    "3": [
        105357.984375,
        248280.390625,
        101926.703125
    ],
    "4": [
        112058.546875,
        285691.65625,
        61156.0234375
    ],
    "5": [
        128190.5,
        306021.78125,
        30578.01171875
    ],
    "6": [
        119980.453125,
        294914.1875,
        15289.005859375
    ]
}