{
    "0": [
        202387.5,
        202387.5,
        291219.15625
    ],
    "1": [
        202387.5,
        202387.5,
        291219.15625
    ],
    "2": [
        217649.59375,
        183463.46875,
        145609.578125
    ],
    "3": [
        230831.375,
        211611.109375,
        101926.703125
    ],
    "4": [
        252454,
        231301.046875,
        61156.0234375
    ],
    "5": [
        256792.3125,
        210562.90625,
        30578.01171875
    ],
    "6": [
        251839.46875,
        218808.96875,
        15289.005859375
    ],
    "7": [
        249219.203125,
        221989.234375,
        7644.5029296875
    ]
}