{
    "0": [
        202387.5,
        202387.5,
        291219.15625
    ],
    "1": [
        202387.5,
        202387.5,
        291219.15625
    ],
    "2": [
        256463.671875,
        285081.5,
        145609.578125
    ],
    "3": [
        232295.75,
        268426.8125,
        101926.703125
    ],
    "4": [
        206905.390625,
        263022.15625,
        61156.0234375
    ],
    "5": [
        219616.375,
        235416.03125,
        30578.01171875
    ],
    "6": [
        204703.875,
        232340.375,
        15289.005859375
    ],
    "7": [
        198154.140625,
        228487.46875,
        7644.5029296875
    ],
    "8": [
        199199.515625,
        230886.859375,
        3822.25146484375
    ]
}