{
    "0": [
        202387.5,
        202387.5,
        291219.15625
    ],
    "1": [
        202387.5,
        202387.5,
        291219.15625
    ],
    "2": [
        214816.640625,
        152135.21875,
        145609.578125
    ],
    "3": [
        245030.765625,
        130350.171875,
        101926.703125
    ],
    "4": [
        218662.546875,
        157639.8125,
        61156.0234375
    ],
    "5": [
        212039.671875,
        150364.75,
        30578.01171875
    ],
    "6": [
        218360.15625,
        141793,
        15289.005859375
    ]
}