{
    "0": [
        202387.5,
        202387.5,
        291219.15625
    ],
    "1": [
        202387.5,
        202387.5,
        291219.15625
    ],
    "2": [
        220538.71875,
        281396,
        145609.578125
    ],
    "3": [
        195024.796875,
        247245.078125,
        101926.703125
    ],
    "4": [
        190021.5,
        265211.75,
        61156.0234375
    ],
    "5": [
        160144.328125,
        262905.53125,
        30578.01171875
    ],
    "6": [
        161588.78125,
        249696.828125,
        15289.005859375
    ],
    "7": [
        161165.78125,
        257070.484375,
        7644.5029296875
    ]
}