{
    "0": [
        202387.5,
        202387.5,
        291219.15625
    ],
    "1": [
        202387.5,
        202387.5,
        291219.15625
    ],
    "2": [
        152424.53125,
        176522.5,
        145609.578125
    ],
    "3": [
        193907.546875,
        172242.578125,
        101926.703125
    ],
    "4": [
        173623.8125,
        203051.71875,
        61156.0234375
    ],
    "5": [
        146500.328125,
        205488.234375,
        30578.01171875
    ],
    "6": [
        146078.28125,
        191151.09375,
        15289.005859375
    ],
    "7": [
        139694.359375,
        192183.046875,
        7644.5029296875
    ]
}