{
    "0": [
        202387.5,
        202387.5,
        291219.15625
    ],
    "1": [
        202387.5,
        202387.5,
        291219.15625
    ],
    "2": [
        187900.953125,
        135863.78125,
        145609.578125
    ],
    "3": [
        182129.25,
        159430.15625,
        101926.703125
    ],
    "4": [
        163974.640625,
        179066.90625,
        61156.0234375
    ],
    "5": [
        180655.9375,
        193525.9375,
        30578.01171875
    ],
    "6": [
        176349.75,
        184460.296875,
        15289.005859375
    ],
    "7": [
        178102.1875,
        185297.328125,
        7644.5029296875
    ]
}