{
    "0": [
        202387.5,
        202387.5,
        291219.15625
    ],
    "1": [
        202387.5,
        202387.5,
        291219.15625
    ],
    "2": [
        229497.6875,
        300679.53125,
        145609.578125
    ],
    "3": [
        188413.859375,
        310569.75,
        101926.703125
    ],
    "4": [
        177528.21875,
        289384.1875,
        61156.0234375
    ],
    "5": [
        169526.234375,
        301462.4375,
        30578.01171875
    ],
    "6": [
        167557.015625,
        297800.34375,
        15289.005859375
    ],
    "7": [
        165655.296875,
        291456.84375,
        7644.5029296875
    ],
    "8": [
        169145.8125,
        291436.96875,
        3822.25146484375
    ]
}