{
    "0": [
        202387.5,
        202387.5,
        291219.15625
    ],
    "1": [
        202387.5,
        202387.5,
        291219.15625
    ],
    "2": [
        166081,
        293084.875,
        145609.578125
    ],
    "3": [
        149822.109375,
        281890.78125,
        101926.703125
    ],
    "4": [
        149513.046875,
        253319.34375,
        61156.0234375
    ],
    "5": [
        178574.0625,
        251266.8125,
        30578.01171875
    ],
    "6": [
        183851.265625,
        249809.890625,
        15289.005859375
    ],
    "7": [
        183464.40625,
        247627.484375,
        7644.5029296875
    ],
    "8": [
        182804.953125,
        246710.109375,
        3822.25146484375
    ]
}