{
    "0": [
        202387.5,
        202387.5,
        291219.15625
    ],
    "1": [
        202387.5,
        202387.5,
        291219.15625
    ],
    "2": [
        162376.78125,
        295602.5,
        145609.578125
    ],
    "3": [
        157225.21875,
        295284.75,
        101926.703125
    ],
    "4": [
        164585.84375,
        335332.9375,
        61156.0234375
    ],
    "5": [
        168780.546875,
        341567.53125,
        30578.01171875
    ],
    "6": [
        164339.859375,
        342181.96875,
        15289.005859375
    ],
    "7": [
        161367.953125,
        346582.96875,
        7644.5029296875
    ]
}