{
    "0": [
        202387.5,
        202387.5,
        291219.15625
    ],
    "1": [
        202387.5,
        202387.5,
        291219.15625
    ],
    "2": [
        219350.46875,
        106493.96875,
        145609.578125
    ],
    "3": [
        230306.546875,
        135761.40625,
        101926.703125
    ],
    "4": [
        214594.546875,
        117353.71875,
        61156.0234375
    ],
    "5": [
        218867.375,
        87209.25,
        30578.01171875
    ],
    "6": [
        218758.796875,
        90025.2890625,
        15289.005859375
    ],
    "7": [
        223626.328125,
        91804.5,
        7644.5029296875
    ],
    "8": [
        220547.46875,
        90105.4609375,
        3822.25146484375
    ]
}