{
    "0": [
        202387.5,
        202387.5,
        291219.15625
    ],
    "1": [
        202387.5,
        202387.5,
        291219.15625
    ],
    "2": [
        210340.875,
        311311.71875,
        145609.578125
    ],
    "3": [
        194423.75,
        281233.25,
        101926.703125
    ],
    "4": [
        164508.484375,
        255702.984375,
        61156.0234375
    ],
    "5": [
        175321.171875,
        227118.953125,
        30578.01171875
    ],
    "6": [
        175223.84375,
        212921.90625,
        15289.005859375
    ],
    "7": [
        181342.375,
        209709.890625,
        7644.5029296875
    ]
}