{
    "0": [
        202387.5,
        202387.5,
        291219.15625
    ],
    "1": [
        202387.5,
        202387.5,
        291219.15625
    ],
    "2": [
        178031.796875,
        102575.015625,
        145609.578125
    ],
    "3": [
        190206.890625,
        116903.765625,
        101926.703125
    ],
    "4": [
        166408.09375,
        92319.6328125,
        61156.0234375
    ],
    "5": [
        190952.328125,
        85175.4453125,
        30578.01171875
    ],
    "6": [
        185822.296875,
        94702.609375,
        15289.005859375
    ]
}