{
    "0": [
        202387.5,
        202387.5,
        291219.15625
    ],
    "1": [
        202387.5,
        202387.5,
        291219.15625
    ],
    "2": [
        211823.21875,
        222600.015625,
        145609.578125
    ],
    "3": [
        193966.515625,
        184272.84375,
        101926.703125
    ],
    "4": [
        228536.953125,
        181497.84375,
        61156.0234375
    ],
    "5": [
        237484.96875,
        193948.34375,
        30578.01171875
    ],
    "6": [
        223470.953125,
        194288.8125,
        15289.005859375
    ],
    "7": [
        217138.734375,
        195770.796875,
        7644.5029296875
    ]
}