{
    "0": [
        202387.5,
        202387.5,
        291219.15625
    ],
    "1": [
        202387.5,
        202387.5,
        291219.15625
    ],
    "2": [
        269330,
        160716.21875,
        145609.578125
    ],
    "3": [
        248625.40625,
        147820.484375,
        101926.703125
    ],
    "4": [
        216846.21875,
        133912.953125,
        61156.0234375
    ],
    "5": [
        197748.640625,
        145204.953125,
        30578.01171875
    ],
    "6": [
        200649.578125,
        136720.5625,
        15289.005859375
    ],
    "7": [
        203414.5625,
        143291.90625,
        7644.5029296875
    ],
    "8": [
        204432.875,
        144880.453125,
        3822.25146484375
    ]
}