{
    "0": [
        202387.5,
        202387.5,
        291219.15625
    ],
    "1": [
        202387.5,
        202387.5,
        291219.15625
    ],
    "2": [
        217613.3125,
        171964.203125,
        145609.578125
    ],
    "3": [
        232476.5625,
        135273.5625,
        101926.703125
    ],
    "4": [
        224638.25,
        156518.09375,
        61156.0234375
    ],
    "5": [
        232722.828125,
        182028.484375,
        30578.01171875
    ],
    "6": [
        226383.4375,
        186186.484375,
        15289.005859375
    ],
    "7": [
        224364.734375,
        183259.5625,
        7644.5029296875
    ]
}