{
    "0": [
        202387.5,
        202387.5,
        291219.15625
    ],
    "1": [
        202387.5,
        202387.5,
        291219.15625
    ],
    "2": [
        284787.125,
        226165.203125,
        145609.578125
    ],
    "3": [
        246728.828125,
        210577.90625,
        101926.703125
    ],
    "4": [
        229232.734375,
        220601.9375,
        61156.0234375
    ],
    "5": [
        212508.515625,
        209768.359375,
        30578.01171875
    ],
    "6": [
        210269.328125,
        222139.734375,
        15289.005859375
    ],
    "7": [
        208421.71875,
        222141.5625,
        7644.5029296875
    ],
    "8": [
        211728.640625,
        223148.171875,
        3822.25146484375
    ],
    "9": [
        212543.953125,
        222667.734375,
        1911.125732421875
    ]
}