{
    "0": [
        202387.5,
        202387.5,
        291219.15625
    ],
    "1": [
        202387.5,
        202387.5,
        291219.15625
    ],
    "2": [
        239756.53125,
        242356.40625,
        145609.578125
    ],
    "3": [
        275227.625,
        248255.234375,
        101926.703125
    ],
    "4": [
        275606.75,
        286753.5,
        61156.0234375
    ],
    "5": [
        270926.78125,
        311669.40625,
        30578.01171875
    ],
    "6": [
        269557.1875,
        305130.71875,
        15289.005859375
    ],
    "7": [
        268909.21875,
        308407.15625,
        7644.5029296875
    ],
    "8": [
        270372.5625,
        308483.75,
        3822.25146484375
    ]
}