{
    "0": [
        202387.5,
        202387.5,
        291219.15625
    ],
    "1": [
        202387.5,
        202387.5,
        291219.15625
    ],
    "2": [
        122222.578125,
        147135.109375,
        145609.578125
    ],
    "3": [
        133774.046875,
        152483,
        101926.703125
    ],
    "4": [
        154271.28125,
        122708.125,
        61156.0234375
    ],
    "5": [
        169109.5625,
        114987.2265625,
        30578.01171875
    ],
    "6": [
        174666.125,
        123474.6171875,
        15289.005859375
    ],
    "7": [
        169434.453125,
        119561.2734375,
        7644.5029296875
    ]
}