{
    "0": [
        202387.5,
        202387.5,
        291219.15625
    ],
    "1": [
        202387.5,
        202387.5,
        291219.15625
    ],
    "2": [
        227161.390625,
        237861.5625,
        145609.578125
    ],
    "3": [
        189628.109375,
        223425.5,
        101926.703125
    ],
    "4": [
        155097.328125,
        229841.421875,
        61156.0234375
    ],
    "5": [
        131249.234375,
        227703.125,
        30578.01171875
    ],
    "6": [
        145210.15625,
        221728.078125,
        15289.005859375
    ]
}