{
    "0": [
        202387.5,
        202387.5,
        291219.15625
    ],
    "1": [
        202387.5,
        202387.5,
        291219.15625
    ],
    "2": [
        143457.390625,
        139436.5,
        145609.578125
    ],
    "3": [
        126884.6328125,
        170331.890625,
        101926.703125
    ],
    "4": [
        119762.75,
        143756.625,
        61156.0234375
    ],
    "5": [
        121481.5390625,
        134768.75,
        30578.01171875
    ],
    "6": [
        129183.3046875,
        122668.6484375,
        15289.005859375
    ],
    "7": [
        130502.0546875,
        126070.8671875,
        7644.5029296875
    ],
    "8": [
        127549.7734375,
        125525.53125,
        3822.25146484375
    ]
}