{
    "0": [
        202387.5,
        202387.5,
        291219.15625
    ],
    "1": [
        202387.5,
        202387.5,
        291219.15625
    ],
    "2": [
        246305.9375,
        196215.03125,
        145609.578125
    ],
    "3": [
        233129.625,
        237369.296875,
        101926.703125
    ],
    "4": [
        215700.421875,
        258001.125,
        61156.0234375
    ],
    "5": [
        191846.71875,
        239234.171875,
        30578.01171875
    ],
    "6": [
        178492.296875,
        245147.390625,
        15289.005859375
    ],
    "7": [
        175273.640625,
        246707.953125,
        7644.5029296875
    ]
}