{
    "0": [
        202387.5,
        202387.5,
        291219.15625
    ],
    "1": [
        202387.5,
        202387.5,
        291219.15625
    ],
    "2": [
        306525.4375,
        223184.015625,
        145609.578125
    ],
    "3": [
        334174.125,
        210407.890625,
        101926.703125
    ],
    "4": [
        325230.6875,
        235516.953125,
        61156.0234375
    ],
    "5": [
        311875.3125,
        236187.828125,
        30578.01171875
    ],
    "6": [
        300884.1875,
        232717.1875,
        15289.005859375
    ],
    "7": [
        305590.875,
        228596.5625,
        7644.5029296875
    ]
}