{
    "0": [
        202387.5,
        202387.5,
        291219.15625
    ],
    "1": [
        202387.5,
        202387.5,
        291219.15625
    ],
    "2": [
        301581.1875,
        184745.515625,
        145609.578125
    ],
    "3": [
        330801.5625,
        160546.40625,
        101926.703125
    ],
    "4": [
        335978.65625,
        126802.9140625,
        61156.0234375
    ],
    "5": [
        332097.03125,
        135861.125,
        30578.01171875
    ],
    "6": [
        330439.59375,
        130798.953125,
        15289.005859375
    ],
    "7": [
        333235.6875,
        125262.3515625,
        7644.5029296875
    ],
    "8": [
        331873.9375,
        124201.1171875,
        3822.25146484375
    ]
}