{
    "0": [
        202387.5,
        202387.5,
        291219.15625
    ],
    "1": [
        202387.5,
        202387.5,
        291219.15625
    ],
    "2": [
        261033.5625,
        265367.46875,
        145609.578125
    ],
    "3": [
        232145.953125,
        243600.515625,
        101926.703125
    ],
    "4": [
        218998.015625,
        218012.921875,
        61156.0234375
    ],
    "5": [
        219067.9375,
        211962.203125,
        30578.01171875
    ],
    "6": [
        226687.5625,
        209395.921875,
        15289.005859375
    ]
}