{
    "0": [
        202387.5,
        202387.5,
        291219.15625
    ],
    "1": [
        202387.5,
        202387.5,
        291219.15625
    ],
    "2": [
        187310,
        284718.125,
        145609.578125
    ],
    "3": [
        174113.796875,
        268121.8125,
        101926.703125
    ],
    "4": [
        196749.4375,
        256972.96875,
        61156.0234375
    ],
    "5": [
        180611.109375,
        269702.5625,
        30578.01171875
    ],
    "6": [
        195371.59375,
        271350.46875,
        15289.005859375
    ],
    "7": [
        198404.421875,
        266249.625,
        7644.5029296875
    ]
}