{
    "0": [
        202387.5,
        202387.5,
        291219.15625
    ],
    "1": [
        202387.5,
        202387.5,
        291219.15625
    ],
    "2": [
        138848.71875,
        249881.421875,
        145609.578125
    ],
    "3": [
        172143.65625,
        239910.53125,
        101926.703125
    ],
    "4": [
        195469.375,
        237706.640625,
        61156.0234375
    ],
    "5": [
        220287.953125,
        228125.84375,
        30578.01171875
    ],
    "6": [
        208093.28125,
        234924.34375,
        15289.005859375
    ],
    "7": [
        203341.4375,
        240314.484375,
        7644.5029296875
    ],
    "8": [
        203184.140625,
        238504.359375,
        3822.25146484375
    ]
}