{
    "0": [
        202387.5,
        202387.5,
        291219.15625
    ],
    "1": [
        202387.5,
        202387.5,
        291219.15625
    ],
    "2": [
        97759.7421875,
        242774.265625,
        145609.578125
    ],
    "3": [
        107117.53125,
        217690.65625,
        101926.703125
    ],
    "4": [
        132843.78125,
        230131.609375,
        61156.0234375
    ],
    "5": [
        153686.6875,
        236449.21875,
        30578.01171875
    ],
    "6": [
        154529.34375,
        233801.546875,
        15289.005859375
    ],
    "7": [
        157759.171875,
        232105.84375,
        7644.5029296875
    ]
}