{
    "0": [
        202387.5,
        202387.5,
        291219.15625
    ],
    "1": [
        202387.5,
        202387.5,
        291219.15625
    ],
    "2": [
        177357.984375,
        284180.5625,
        145609.578125
    ],
    "3": [
        199503.71875,
        284073.34375,
        101926.703125
    ],
    "4": [
        199935.1875,
        298798.71875,
        61156.0234375
    ],
    "5": [
        186882.53125,
        324723.71875,
        30578.01171875
    ],
    "6": [
        194697.328125,
        317759.40625,
        15289.005859375
    ],
    "7": [
        198157.890625,
        311298.84375,
        7644.5029296875
    ],
    "8": [
        197784.375,
        312936.96875,
        3822.25146484375
    ]
}