{
    "0": [
        202387.5,
        202387.5,
        291219.15625
    ],
    "1": [
        202387.5,
        202387.5,
        291219.15625
    ],
    "2": [
        228233.8125,
        205819.359375,
        145609.578125
    ],
    "3": [
        197259.15625,
        201001.078125,
        101926.703125
    ],
    "4": [
        184533.421875,
        201343.828125,
        61156.0234375
    ],
    "5": [
        193785.46875,
        183036,
        30578.01171875
    ],
    "6": [
        197556.421875,
        190670.171875,
        15289.005859375
    ],
    "7": [
        194343.53125,
        192626.078125,
        7644.5029296875
    ],
    "8": [
        193293.84375,
        190285.578125,
        3822.25146484375
    ]
}