{
    "0": [
        202387.5,
        202387.5,
        291219.15625
    ],
    "1": [
        202387.5,
        202387.5,
        291219.15625
    ],
    "2": [
        209100.125,
        124161.15625,
        145609.578125
    ],
    "3": [
        189619.984375,
        135523.0625,
        101926.703125
    ],
    "4": [
        155507.84375,
        134383.265625,
        61156.0234375
    ],
    "5": [
        172061.75,
        145899.796875,
        30578.01171875
    ],
    "6": [
        164905.125,
        143353.921875,
        15289.005859375
    ],
    "7": [
        162147.78125,
        144189.5625,
        7644.5029296875
    ]
}