{
    "0": [
        202387.5,
        202387.5,
        291219.15625
    ],
    "1": [
        202387.5,
        202387.5,
        291219.15625
    ],
    "2": [
        188234.109375,
        101077.53125,
        145609.578125
    ],
    "3": [
        187908.484375,
        139454.578125,
        101926.703125
    ],
    "4": [
        209575.296875,
        132123.734375,
        61156.0234375
    ],
    "5": [
        234874.5,
        132532.515625,
        30578.01171875
    ],
    "6": [
        235829.828125,
        139837.09375,
        15289.005859375
    ],
    "7": [
        231028.265625,
        136246.828125,
        7644.5029296875
    ],
    "8": [
        231839.4375,
        138859.140625,
        3822.25146484375
    ]
}