{
    "0": [
        202387.5,
        202387.5,
        291219.15625
    ],
    "1": [
        202387.5,
        202387.5,
        291219.15625
    ],
    "2": [
        126621.09375,
        204851.625,
        145609.578125
    ],
    "3": [
        143184.625,
        240117.390625,
        101926.703125
    ],
    "4": [
        123078.578125,
        260435.03125,
        61156.0234375
    ],
    "5": [
        92559.4375,
        259892.234375,
        30578.01171875
    ],
    "6": [
        90077.578125,
        260428.25,
        15289.005859375
    ],
    "7": [
        85074.328125,
        255345.40625,
        7644.5029296875
    ]
}