{
    "0": [
        202387.5,
        202387.5,
        291219.15625
    ],
    "1": [
        202387.5,
        202387.5,
        291219.15625
    ],
    "2": [
        194860.421875,
        123587.2890625,
        145609.578125
    ],
    "3": [
        196410.96875,
        95843.5078125,
        101926.703125
    ],
    "4": [
        225474.796875,
        114824.2109375,
        61156.0234375
    ],
    "5": [
        240052.96875,
        129776.5,
        30578.01171875
    ],
    "6": [
        238745.953125,
        134203.65625,
        15289.005859375
    ],
    "7": [
        231556.828125,
        136053.5625,
        7644.5029296875
    ]
}