{
    "0": [
        202387.5,
        202387.5,
        291219.15625
    ],
    "1": [
        202387.5,
        202387.5,
        291219.15625
    ],
    "2": [
        234006.53125,
        243263.6875,
        145609.578125
    ],
    "3": [
        198118.84375,
        242949.6875,
        101926.703125
    ],
    "4": [
        233938.234375,
        241526.890625,
        61156.0234375
    ],
    "5": [
        211655.546875,
        259458.453125,
        30578.01171875
    ]
}