{
    "0": [
        202387.5,
        202387.5,
        291219.15625
    ],
    "1": [
        202387.5,
        202387.5,
        291219.15625
    ],
    "2": [
        197810.703125,
        247530.703125,
        145609.578125
    ],
    "3": [
        203583.40625,
        229886.796875,
        101926.703125
    ],
    "4": [
        242461.453125,
        233632.5,
        61156.0234375
    ],
    "5": [
        257298.65625,
        238642.8125,
        30578.01171875
    ],
    "6": [
        250850.015625,
        236511.265625,
        15289.005859375
    ],
    "7": [
        249335.296875,
        242345.875,
        7644.5029296875
    ],
    "8": [
        251944.171875,
        243779.1875,
        3822.25146484375
    ]
}