{
    "0": [
        202387.5,
        202387.5,
        291219.15625
    ],
    "1": [
        202387.5,
        202387.5,
        291219.15625
    ],
    "2": [
        137676.65625,
        198839.15625,
        145609.578125
    ],
    "3": [
        151629.453125,
        165853.03125,
        101926.703125
    ],
    "4": [
        180549.609375,
        158493.78125,
        61156.0234375
    ],
    "5": [
        183809.125,
        157211.890625,
        30578.01171875
    ],
    "6": [
        181398.359375,
        151495.328125,
        15289.005859375
    ],
    "7": [
        179100.53125,
        157800.953125,
        7644.5029296875
    ],
    "8": [
        180665.5625,
        158253.359375,
        3822.25146484375
    ]
}