{
    "0": [
        202387.5,
        202387.5,
        291219.15625
    ],
    "1": [
        202387.5,
        202387.5,
        291219.15625
    ],
    "2": [
        110237.8515625,
        205655.015625,
        145609.578125
    ],
    "3": [
        76439.640625,
        209579.515625,
        101926.703125
    ],
    "4": [
        91104.1640625,
        219606.265625,
        61156.0234375
    ],
    "5": [
        91140.7265625,
        202979.359375,
        30578.01171875
    ],
    "6": [
        98840.375,
        189779.46875,
        15289.005859375
    ]
}