{
    "0": [
        202387.5,
        202387.5,
        291219.15625
    ],
    "1": [
        202387.5,
        202387.5,
        291219.15625
    ],
    "2": [
        131231.6875,
        158549.5625,
        145609.578125
    ],
    "3": [
        149827.703125,
        156594.734375,
        101926.703125
    ],
    "4": [
        143436.40625,
        119680.765625,
        61156.0234375
    ],
    "5": [
        139558.671875,
        130526.453125,
        30578.01171875
    ],
    "6": [
        143236.953125,
        128337.609375,
        15289.005859375
    ],
    "7": [
        136675.765625,
        131675.546875,
        7644.5029296875
    ],
    "8": [
        135137.734375,
        134422.296875,
        3822.25146484375
    ]
}