{
    "0": [
        202387.5,
        202387.5,
        291219.15625
    ],
    "1": [
        202387.5,
        202387.5,
        291219.15625
    ],
    "2": [
        235252,
        195432.984375,
        145609.578125
    ],
    "3": [
        269533.1875,
        192222.03125,
        101926.703125
    ],
    "4": [
        281353.15625,
        229758.109375,
        61156.0234375
    ],
    "5": [
        268446.125,
        226964.15625,
        30578.01171875
    ],
    "6": [
        258201.515625,
        232286.953125,
        15289.005859375
    ],
    "7": [
        258435.359375,
        235904.40625,
        7644.5029296875
    ]
}