{
    "0": [
        202387.5,
        202387.5,
        291219.15625
    ],
    "1": [
        202387.5,
        202387.5,
        291219.15625
    ],
    "2": [
        169825.203125,
        104248.8125,
        145609.578125
    ],
    "3": [
        188496.140625,
        74949.671875,
        101926.703125
    ],
    "4": [
        163545.71875,
        103238.5,
        61156.0234375
    ],
    "5": [
        167426.5,
        85592.6875,
        30578.01171875
    ],
    "6": [
        170056.5,
        88909.609375,
        15289.005859375
    ]
}