{
    "0": [
        202387.5,
        202387.5,
        291219.15625
    ],
    "1": [
        202387.5,
        202387.5,
        291219.15625
    ],
    "2": [
        305391.5625,
        212802.15625,
        145609.578125
    ],
    "3": [
        315844.34375,
        248426.671875,
        101926.703125
    ],
    "4": [
        340227.75,
        243407.296875,
        61156.0234375
    ],
    "5": [
        353180.75,
        243511.140625,
        30578.01171875
    ]
}