{
    "0": [
        202387.5,
        202387.5,
        291219.15625
    ],
    "1": [
        202387.5,
        202387.5,
        291219.15625
    ],
    "2": [
        286911.5,
        168473.015625,
        145609.578125
    ],
    "3": [
        278799,
        184379.640625,
        101926.703125
    ],
    "4": [
        277751.84375,
        188039.296875,
        61156.0234375
    ],
    "5": [
        249990.484375,
        195136.90625,
        30578.01171875
    ],
    "6": [
        240976.359375,
        188603.84375,
        15289.005859375
    ],
    "7": [
        244405.296875,
        187428.1875,
        7644.5029296875
    ],
    "8": [
        243834.1875,
        191017.796875,
        3822.25146484375
    ]
}