{
    "0": [
        202387.5,
        202387.5,
        291219.15625
    ],
    "1": [
        202387.5,
        202387.5,
        291219.15625
    ],
    "2": [
        286965.0625,
        281569.5625,
        145609.578125
    ],
    "3": [
        257455.1875,
        253786.9375,
        101926.703125
    ],
    "4": [
        218850.1875,
        243485.078125,
        61156.0234375
    ],
    "5": [
        223292.546875,
        249586.765625,
        30578.01171875
    ],
    "6": [
        226964.390625,
        264284.375,
        15289.005859375
    ],
    "7": [
        226982.171875,
        264318.5,
        7644.5029296875
    ],
    "8": [
        225112.015625,
        262733.03125,
        3822.25146484375
    ],
    "9": [
        224770.46875,
        261979.703125,
        1911.125732421875
    ]
}