{
    "0": [
        202387.5,
        202387.5,
        291219.15625
    ],
    "1": [
        202387.5,
        202387.5,
        291219.15625
    ],
    "2": [
        116306.15625,
        246360.15625,
        145609.578125
    ],
    "3": [
        90007.15625,
        270112.0625,
        101926.703125
    ],
    "4": [
        102811.8203125,
        307249.84375,
        61156.0234375
    ],
    "5": [
        104016.828125,
        279227.5,
        30578.01171875
    ],
    "6": [
        102207.1015625,
        264148.8125,
        15289.005859375
    ],
    "7": [
        100569.1875,
        265497.28125,
        7644.5029296875
    ],
    "8": [
        97990.046875,
        262919.09375,
        3822.25146484375
    ]
}