{
    "0": [
        202387.5,
        202387.5,
        291219.15625
    ],
    "1": [
        202387.5,
        202387.5,
        291219.15625
    ],
    "2": [
        139133.90625,
        236403.265625,
        145609.578125
    ],
    "3": [
        134178.5625,
        279210.875,
        101926.703125
    ],
    "4": [
        106418.9609375,
        302301.59375,
        61156.0234375
    ],
    "5": [
        105543.3359375,
        310409.09375,
        30578.01171875
    ],
    "6": [
        110718.4375,
        308140.625,
        15289.005859375
    ]
}