{
    "0": [
        202387.5,
        202387.5,
        291219.15625
    ],
    "1": [
        202387.5,
        202387.5,
        291219.15625
    ],
    "2": [
        310823.6875,
        191860.015625,
        145609.578125
    ],
    "3": [
        329609.1875,
        216919.25,
        101926.703125
    ],
    "4": [
        294241.125,
        234709.265625,
        61156.0234375
    ],
    "5": [
        291429.9375,
        224456.125,
        30578.01171875
    ],
    "6": [
        291458.34375,
        225360.328125,
        15289.005859375
    ],
    "7": [
        289957.5625,
        224119.40625,
        7644.5029296875
    ],
    "8": [
        289209.65625,
        223010.390625,
        3822.25146484375
    ],
    "9": [
        290173.9375,
        223445.125,
        1911.125732421875
    ]
}