{
    "0": [
        202387.5,
        202387.5,
        291219.15625
    ],
    "1": [
        202387.5,
        202387.5,
        291219.15625
    ],
    "2": [
        257722.4375,
        214044.09375,
        145609.578125
    ],
    "3": [
        242999.3125,
        207532.09375,
        101926.703125
    ],
    "4": [
        252952.359375,
        204114.3125,
        61156.0234375
    ],
    "5": [
        270625.53125,
        227979.375,
        30578.01171875
    ],
    "6": [
        275275.15625,
        229859.84375,
        15289.005859375
    ]
}