{
    "0": [
        202387.5,
        202387.5,
        291219.15625
    ],
    "1": [
        202387.5,
        202387.5,
        291219.15625
    ],
    "2": [
        129422.3359375,
        276451.03125,
        145609.578125
    ],
    "3": [
        132533.171875,
        280922.125,
        101926.703125
    ],
    "4": [
        115637.484375,
        307141.875,
        61156.0234375
    ],
    "5": [
        86698.2421875,
        298609.71875,
        30578.01171875
    ]
}