{
    "0": [
        202387.5,
        202387.5,
        291219.15625
    ],
    "1": [
        202387.5,
        202387.5,
        291219.15625
    ],
    "2": [
        228195.8125,
        131740.5,
        145609.578125
    ],
    "3": [
        207997.671875,
        147043.8125,
        101926.703125
    ],
    "4": [
        233825.734375,
        157772.6875,
        61156.0234375
    ],
    "5": [
        230992.46875,
        171947.921875,
        30578.01171875
    ],
    "6": [
        234174.859375,
        177354,
        15289.005859375
    ],
    "7": [
        240462.828125,
        175242.609375,
        7644.5029296875
    ]
}