{
    "0": [
        202387.5,
        202387.5,
        291219.15625
    ],
    "1": [
        202387.5,
        202387.5,
        291219.15625
    ],
    "2": [
        118635.0703125,
        179125.984375,
        145609.578125
    ],
    "3": [
        98071.28125,
        141401.234375,
        101926.703125
    ],
    "4": [
        126508.34375,
        162315.125,
        61156.0234375
    ],
    "5": [
        135744.671875,
        153551.234375,
        30578.01171875
    ],
    "6": [
        128006.6640625,
        147666.671875,
        15289.005859375
    ],
    "7": [
        131375.96875,
        146937.546875,
        7644.5029296875
    ]
}