{
    "0": [
        202387.5,
        202387.5,
        291219.15625
    ],
    "1": [
        202387.5,
        202387.5,
        291219.15625
    ],
    "2": [
        141796.625,
        113458.8359375,
        145609.578125
    ],
    "3": [
        119120.9140625,
        113212.515625,
        101926.703125
    ],
    "4": [
        95152.3203125,
        103177.1171875,
        61156.0234375
    ],
    "5": [
        101620.1171875,
        110537.015625,
        30578.01171875
    ],
    "6": [
        92675.421875,
        112564.109375,
        15289.005859375
    ],
    "7": [
        98388.7890625,
        111210.4296875,
        7644.5029296875
    ]
}