{
    "0": [
        202387.5,
        202387.5,
        291219.15625
    ],
    "1": [
        202387.5,
        202387.5,
        291219.15625
    ],
    "2": [
        211658.546875,
        242500.65625,
        145609.578125
    ],
    "3": [
        203439.578125,
        216972.484375,
        101926.703125
    ],
    "4": [
        206263.734375,
        249611.625,
        61156.0234375
    ],
    "5": [
        191991.3125,
        256142.109375,
        30578.01171875
    ],
    "6": [
        190337.734375,
        257691.6875,
        15289.005859375
    ]
}