{
    "0": [
        202387.5,
        202387.5,
        291219.15625
    ],
    "1": [
        202387.5,
        202387.5,
        291219.15625
    ],
    "2": [
        113751.90625,
        141100.03125,
        145609.578125
    ],
    "3": [
        150393.03125,
        120123.3671875,
        101926.703125
    ],
    "4": [
        169200.109375,
        110434.4296875,
        61156.0234375
    ],
    "5": [
        174585.71875,
        96820.0546875,
        30578.01171875
    ],
    "6": [
        168416.59375,
        93386.3984375,
        15289.005859375
    ]
}