{
    "0": [
        202387.5,
        202387.5,
        291219.15625
    ],
    "1": [
        202387.5,
        202387.5,
        291219.15625
    ],
    "2": [
        123260.828125,
        190633.5,
        145609.578125
    ],
    "3": [
        139637.5,
        196021.5625,
        101926.703125
    ],
    "4": [
        156684.375,
        165402.078125,
        61156.0234375
    ],
    "5": [
        132168.0625,
        160948.53125,
        30578.01171875
    ],
    "6": [
        145774.40625,
        154836.421875,
        15289.005859375
    ],
    "7": [
        147729.671875,
        151742.15625,
        7644.5029296875
    ]
}