{
    "0": [
        202387.5,
        202387.5,
        291219.15625
    ],
    "1": [
        202387.5,
        202387.5,
        291219.15625
    ],
    "2": [
        157362.65625,
        284345.28125,
        145609.578125
    ],
    "3": [
        151826.03125,
        262347.6875,
        101926.703125
    ],
    "4": [
        188119.640625,
        249411.984375,
        61156.0234375
    ],
    "5": [
        189462.484375,
        219829.8125,
        30578.01171875
    ],
    "6": [
        181405.859375,
        226789.84375,
        15289.005859375
    ],
    "7": [
        183979.953125,
        231020.359375,
        7644.5029296875
    ]
}