{
    "0": [
        202387.5,
        202387.5,
        291219.15625
    ],
    "1": [
        202387.5,
        202387.5,
        291219.15625
    ],
    "2": [
        255503.703125,
        269094.78125,
        145609.578125
    ],
    "3": [
        233232.71875,
        262736.9375,
        101926.703125
    ],
    "4": [
        227669.359375,
        274976.40625,
        61156.0234375
    ],
    "5": [
        242794.90625,
        284662.1875,
        30578.01171875
    ],
    "6": [
        252357.71875,
        283060.34375,
        15289.005859375
    ],
    "7": [
        254915.78125,
        279855.90625,
        7644.5029296875
    ],
    "8": [
        253025.1875,
        281366.3125,
        3822.25146484375
    ]
}