{
    "0": [
        202387.5,
        202387.5,
        291219.15625
    ],
    "1": [
        202387.5,
        202387.5,
        291219.15625
    ],
    "2": [
        168181.65625,
        293425,
        145609.578125
    ],
    "3": [
        158878.046875,
        264479.9375,
        101926.703125
    ],
    "4": [
        145443.328125,
        234140.484375,
        61156.0234375
    ],
    "5": [
        129911.7109375,
        224606.046875,
        30578.01171875
    ],
    "6": [
        136809.96875,
        228114.5,
        15289.005859375
    ],
    "7": [
        135740.046875,
        228259.84375,
        7644.5029296875
    ],
    "8": [
        138730.640625,
        228762.796875,
        3822.25146484375
    ]
}