{
    "0": [
        202387.5,
        202387.5,
        291219.15625
    ],
    "1": [
        202387.5,
        202387.5,
        291219.15625
    ],
    "2": [
        193090.609375,
        138669.59375,
        145609.578125
    ],
    "3": [
        182958.875,
        102067.4140625,
        101926.703125
    ],
    "4": [
        191068.015625,
        115656.1953125,
        61156.0234375
    ],
    "5": [
        182045.796875,
        142186,
        30578.01171875
    ],
    "6": [
        184900.6875,
        136158.15625,
        15289.005859375
    ],
    "7": [
        181426.875,
        129730.2578125,
        7644.5029296875
    ]
}