{
    "0": [
        202387.5,
        202387.5,
        291219.15625
    ],
    "1": [
        202387.5,
        202387.5,
        291219.15625
    ],
    "2": [
        237234.75,
        177596.5,
        145609.578125
    ],
    "3": [
        208355.796875,
        161005.671875,
        101926.703125
    ],
    "4": [
        236017.453125,
        154421.015625,
        61156.0234375
    ],
    "5": [
        217609.1875,
        174081.625,
        30578.01171875
    ],
    "6": [
        213549.71875,
        170207.03125,
        15289.005859375
    ],
    "7": [
        211332,
        169450.84375,
        7644.5029296875
    ],
    "8": [
        211226.4375,
        166507.859375,
        3822.25146484375
    ]
}