{
    "0": [
        202387.5,
        202387.5,
        291219.15625
    ],
    "1": [
        202387.5,
        202387.5,
        291219.15625
    ],
    "2": [
        166472.96875,
        228859.03125,
        145609.578125
    ],
    "3": [
        163181.1875,
        259243.75,
        101926.703125
    ],
    "4": [
        154776.859375,
        227369.265625,
        61156.0234375
    ],
    "5": [
        179926.109375,
        219946.046875,
        30578.01171875
    ],
    "6": [
        182662.859375,
        231633.125,
        15289.005859375
    ],
    "7": [
        177655.96875,
        230964.71875,
        7644.5029296875
    ],
    "8": [
        180585.421875,
        231144.390625,
        3822.25146484375
    ]
}