{
    "0": [
        202387.5,
        202387.5,
        291219.15625
    ],
    "1": [
        202387.5,
        202387.5,
        291219.15625
    ],
    "2": [
        302387.5,
        198019.375,
        145609.578125
    ],
    "3": [
        307174.03125,
        172037.265625,
        101926.703125
    ],
    "4": [
        296718.625,
        137516.890625,
        61156.0234375
    ],
    "5": [
        303047.1875,
        133035.640625,
        30578.01171875
    ],
    "6": [
        292563.28125,
        127542.1953125,
        15289.005859375
    ]
}