{
    "0": [
        202387.5,
        202387.5,
        291219.15625
    ],
    "1": [
        202387.5,
        202387.5,
        291219.15625
    ],
    "2": [
        110011.3359375,
        213823.953125,
        145609.578125
    ],
    "3": [
        109653.90625,
        237602.28125,
        101926.703125
    ],
    "4": [
        133697.3125,
        236136.875,
        61156.0234375
    ],
    "5": [
        117272.65625,
        255839.03125,
        30578.01171875
    ],
    "6": [
        113705.0234375,
        249093.375,
        15289.005859375
    ],
    "7": [
        119001.7109375,
        244725.390625,
        7644.5029296875
    ],
    "8": [
        120452.0703125,
        246561.234375,
        3822.25146484375
    ]
}