{
    "0": [
        202387.5,
        202387.5,
        291219.15625
    ],
    "1": [
        202387.5,
        202387.5,
        291219.15625
    ],
    "2": [
        308774.0625,
        249712.078125,
        145609.578125
    ],
    "3": [
        293260.21875,
        220726.453125,
        101926.703125
    ],
    "4": [
        331594.1875,
        222056.015625,
        61156.0234375
    ],
    "5": [
        316286.53125,
        204454.796875,
        30578.01171875
    ],
    "6": [
        302868.34375,
        203781.171875,
        15289.005859375
    ],
    "7": [
        309355.3125,
        205952.390625,
        7644.5029296875
    ]
}