{
    "0": [
        202387.5,
        202387.5,
        291219.15625
    ],
    "1": [
        202387.5,
        202387.5,
        291219.15625
    ],
    "2": [
        182957.53125,
        199421.984375,
        145609.578125
    ],
    "3": [
        194189.0625,
        224977.21875,
        101926.703125
    ],
    "4": [
        202094.046875,
        246862.46875,
        61156.0234375
    ],
    "5": [
        231657.734375,
        248833.609375,
        30578.01171875
    ],
    "6": [
        245133.734375,
        253156.578125,
        15289.005859375
    ],
    "7": [
        249265.25,
        247827.515625,
        7644.5029296875
    ]
}