{
    "0": [
        202387.5,
        202387.5,
        291219.15625
    ],
    "1": [
        202387.5,
        202387.5,
        291219.15625
    ],
    "2": [
        243066.78125,
        98488.4296875,
        145609.578125
    ],
    "3": [
        280855.46875,
        95639.375,
        101926.703125
    ],
    "4": [
        260145.765625,
        83244.3828125,
        61156.0234375
    ],
    "5": [
        250143.921875,
        83082.046875,
        30578.01171875
    ],
    "6": [
        249839.953125,
        70279.578125,
        15289.005859375
    ],
    "7": [
        249083.078125,
        72147.6484375,
        7644.5029296875
    ],
    "8": [
        249099.8125,
        71492.28125,
        3822.25146484375
    ]
}