{
    "0": [
        202387.5,
        202387.5,
        291219.15625
    ],
    "1": [
        202387.5,
        202387.5,
        291219.15625
    ],
    "2": [
        298538.5625,
        265136.0625,
        145609.578125
    ],
    "3": [
        338061.65625,
        271054.71875,
        101926.703125
    ],
    "4": [
        346807.75,
        267848.78125,
        61156.0234375
    ],
    "5": [
        355698.78125,
        279266.96875,
        30578.01171875
    ],
    "6": [
        342172.84375,
        273158.1875,
        15289.005859375
    ],
    "7": [
        342321.84375,
        270090.40625,
        7644.5029296875
    ],
    "8": [
        343783.21875,
        270226.90625,
        3822.25146484375
    ]
}