{
    "0": [
        202387.5,
        202387.5,
        291219.15625
    ],
    "1": [
        202387.5,
        202387.5,
        291219.15625
    ],
    "2": [
        152732.3125,
        261843.65625,
        145609.578125
    ],
    "3": [
        136671.28125,
        245910.796875,
        101926.703125
    ],
    "4": [
        117083.5625,
        234924.609375,
        61156.0234375
    ],
    "5": [
        112173.5703125,
        220423.234375,
        30578.01171875
    ],
    "6": [
        104091.4609375,
        220748.828125,
        15289.005859375
    ]
}