{
    "0": [
        202387.5,
        202387.5,
        291219.15625
    ],
    "1": [
        202387.5,
        202387.5,
        291219.15625
    ],
    "2": [
        198689.65625,
        242808.6875,
        145609.578125
    ],
    "3": [
        214111.359375,
        204996.453125,
        101926.703125
    ],
    "4": [
        241526.4375,
        223772.578125,
        61156.0234375
    ],
    "5": [
        227362.359375,
        201337.265625,
        30578.01171875
    ],
    "6": [
        227201.984375,
        203205.3125,
        15289.005859375
    ],
    "7": [
        221663.296875,
        202606.40625,
        7644.5029296875
    ],
    "8": [
        219351.296875,
        203016.6875,
        3822.25146484375
    ]
}