{
    "0": [
        202387.5,
        202387.5,
        291219.15625
    ],
    "1": [
        202387.5,
        202387.5,
        291219.15625
    ],
    "2": [
        235730.71875,
        132343.15625,
        145609.578125
    ],
    "3": [
        273018.625,
        136504.6875,
        101926.703125
    ],
    "4": [
        296513.71875,
        151919.578125,
        61156.0234375
    ],
    "5": [
        284719.21875,
        166839.40625,
        30578.01171875
    ],
    "6": [
        276391.6875,
        171660.875,
        15289.005859375
    ]
}