{
    "0": [
        202387.5,
        202387.5,
        291219.15625
    ],
    "1": [
        202387.5,
        202387.5,
        291219.15625
    ],
    "2": [
        281647.375,
        280881.84375,
        145609.578125
    ],
    "3": [
        285981.25,
        285099.375,
        101926.703125
    ],
    "4": [
        252003.53125,
        292037.71875,
        61156.0234375
    ],
    "5": [
        261007.0625,
        281290.3125,
        30578.01171875
    ],
    "6": [
        267540.3125,
        293017,
        15289.005859375
    ],
    "7": [
        269410.34375,
        299459.125,
        7644.5029296875
    ],
    "8": [
        270577.8125,
        297421.78125,
        3822.25146484375
    ]
}