{
    "0": [
        202387.5,
        202387.5,
        291219.15625
    ],
    "1": [
        202387.5,
        202387.5,
        291219.15625
    ],
    "2": [
        195407.21875,
        257422.265625,
        145609.578125
    ],
    "3": [
        207430.0625,
        228794.84375,
        101926.703125
    ],
    "4": [
        183199.96875,
        254304.484375,
        61156.0234375
    ],
    "5": [
        171406.265625,
        228260.015625,
        30578.01171875
    ],
    "6": [
        182230.4375,
        221977.671875,
        15289.005859375
    ]
}