{
    "0": [
        202387.5,
        202387.5,
        291219.15625
    ],
    "1": [
        202387.5,
        202387.5,
        291219.15625
    ],
    "2": [
        114679.3828125,
        246423.140625,
        145609.578125
    ],
    "3": [
        89513.28125,
        249505.8125,
        101926.703125
    ],
    "4": [
        106738.1484375,
        266881,
        61156.0234375
    ],
    "5": [
        94728.859375,
        289198.5,
        30578.01171875
    ],
    "6": [
        86822.96875,
        294926.0625,
        15289.005859375
    ]
}