{
    "0": [
        202387.5,
        202387.5,
        291219.15625
    ],
    "1": [
        202387.5,
        202387.5,
        291219.15625
    ],
    "2": [
        253656.953125,
        274863.59375,
        145609.578125
    ],
    "3": [
        255489.65625,
        256276.078125,
        101926.703125
    ],
    "4": [
        240641.5,
        225892.3125,
        61156.0234375
    ],
    "5": [
        243589.328125,
        220434.96875,
        30578.01171875
    ],
    "6": [
        240135.671875,
        227549.71875,
        15289.005859375
    ]
}