{
    "0": [
        202387.5,
        202387.5,
        291219.15625
    ],
    "1": [
        202387.5,
        202387.5,
        291219.15625
    ],
    "2": [
        155702.09375,
        135196.421875,
        145609.578125
    ],
    "3": [
        131910.609375,
        142878.5625,
        101926.703125
    ],
    "4": [
        116286.3671875,
        157749.21875,
        61156.0234375
    ],
    "5": [
        106842.9296875,
        184387.734375,
        30578.01171875
    ],
    "6": [
        109053.8984375,
        187784.046875,
        15289.005859375
    ],
    "7": [
        105331.6484375,
        193443.40625,
        7644.5029296875
    ],
    "8": [
        105723.453125,
        195234.390625,
        3822.25146484375
    ]
}