{
    "0": [
        202387.5,
        202387.5,
        291219.15625
    ],
    "1": [
        202387.5,
        202387.5,
        291219.15625
    ],
    "2": [
        307669.1875,
        164091.125,
        145609.578125
    ],
    "3": [
        280374,
        191292.84375,
        101926.703125
    ],
    "4": [
        276265.125,
        218513.8125,
        61156.0234375
    ],
    "5": [
        260587.140625,
        236057.890625,
        30578.01171875
    ],
    "6": [
        261530.140625,
        230477.796875,
        15289.005859375
    ],
    "7": [
        260434.75,
        230918.546875,
        7644.5029296875
    ],
    "8": [
        258227.953125,
        232101.171875,
        3822.25146484375
    ],
    "9": [
        258310.0625,
        231281.34375,
        1911.125732421875
    ]
}