{
    "0": [
        202387.5,
        202387.5,
        291219.15625
    ],
    "1": [
        202387.5,
        202387.5,
        291219.15625
    ],
    "2": [
        120657.4140625,
        261363.671875,
        145609.578125
    ],
    "3": [
        149035.65625,
        262649.3125,
        101926.703125
    ],
    "4": [
        169086.3125,
        283901.09375,
        61156.0234375
    ],
    "5": [
        155899.375,
        282801.1875,
        30578.01171875
    ],
    "6": [
        155844.28125,
        271615.875,
        15289.005859375
    ],
    "7": [
        151490.484375,
        275813.34375,
        7644.5029296875
    ]
}