{
    "0": [
        202387.5,
        202387.5,
        291219.15625
    ],
    "1": [
        202387.5,
        202387.5,
        291219.15625
    ],
    "2": [
        121101.40625,
        233429.9375,
        145609.578125
    ],
    "3": [
        110301.2578125,
        234701.359375,
        101926.703125
    ],
    "4": [
        141092.5625,
        253476.921875,
        61156.0234375
    ],
    "5": [
        160210.71875,
        242963.046875,
        30578.01171875
    ],
    "6": [
        146916.921875,
        244690.796875,
        15289.005859375
    ],
    "7": [
        147009.765625,
        242989.0625,
        7644.5029296875
    ]
}