{
    "0": [
        202387.5,
        202387.5,
        291219.15625
    ],
    "1": [
        202387.5,
        202387.5,
        291219.15625
    ],
    "2": [
        163015.125,
        255217.84375,
        145609.578125
    ],
    "3": [
        175473.96875,
        292892.4375,
        101926.703125
    ],
    "4": [
        180979.28125,
        295840.15625,
        61156.0234375
    ],
    "5": [
        160387.203125,
        279514.09375,
        30578.01171875
    ],
    "6": [
        170949.28125,
        289710,
        15289.005859375
    ],
    "7": [
        170220.296875,
        295995.5625,
        7644.5029296875
    ]
}