{
    "0": [
        202387.5,
        202387.5,
        291219.15625
    ],
    "1": [
        202387.5,
        202387.5,
        291219.15625
    ],
    "2": [
        252392.546875,
        186031.40625,
        145609.578125
    ],
    "3": [
        289163.9375,
        177440.28125,
        101926.703125
    ],
    "4": [
        319021.375,
        150736.65625,
        61156.0234375
    ],
    "5": [
        331003.65625,
        128996.8203125,
        30578.01171875
    ],
    "6": [
        331603.5,
        118845.03125,
        15289.005859375
    ],
    "7": [
        333050.65625,
        125846.421875,
        7644.5029296875
    ],
    "8": [
        334987.90625,
        122630.1875,
        3822.25146484375
    ]
}