{
    "0": [
        202387.5,
        202387.5,
        291219.15625
    ],
    "1": [
        202387.5,
        202387.5,
        291219.15625
    ],
    "2": [
        223907.25,
        189349.546875,
        145609.578125
    ],
    "3": [
        198785.921875,
        175646.046875,
        101926.703125
    ],
    "4": [
        213869.140625,
        150530.0625,
        61156.0234375
    ],
    "5": [
        210409.875,
        175982.515625,
        30578.01171875
    ],
    "6": [
        205803.671875,
        170940.21875,
        15289.005859375
    ],
    "7": [
        205885.46875,
        172616.640625,
        7644.5029296875
    ]
}