{
    "0": [
        202387.5,
        202387.5,
        291219.15625
    ],
    "1": [
        202387.5,
        202387.5,
        291219.15625
    ],
    "2": [
        104612.890625,
        205702.84375,
        145609.578125
    ],
    "3": [
        134660.921875,
        177514.25,
        101926.703125
    ],
    "4": [
        124857.90625,
        148046,
        61156.0234375
    ],
    "5": [
        117372.6796875,
        158155.71875,
        30578.01171875
    ],
    "6": [
        113523.6875,
        155135.640625,
        15289.005859375
    ]
}