{
    "0": [
        202387.5,
        202387.5,
        291219.15625
    ],
    "1": [
        202387.5,
        202387.5,
        291219.15625
    ],
    "2": [
        171268.84375,
        183598.734375,
        145609.578125
    ],
    "3": [
        183510.640625,
        195914.0625,
        101926.703125
    ],
    "4": [
        214282.40625,
        189861.15625,
        61156.0234375
    ],
    "5": [
        234840.625,
        193733.21875,
        30578.01171875
    ],
    "6": [
        234514.453125,
        195625.765625,
        15289.005859375
    ],
    "7": [
        235027.421875,
        192061.890625,
        7644.5029296875
    ],
    "8": [
        236844.375,
        191094.890625,
        3822.25146484375
    ],
    "9": [
        236447.140625,
        190639.28125,
        1911.125732421875
    ]
}