{
    "0": [
        202387.5,
        202387.5,
        291219.15625
    ],
    "1": [
        202387.5,
        202387.5,
        291219.15625
    ],
    "2": [
        213237.5625,
        190324.171875,
        145609.578125
    ],
    "3": [
        203830.578125,
        223715.09375,
        101926.703125
    ],
    "4": [
        223510.515625,
        214155.328125,
        61156.0234375
    ],
    "5": [
        249677.34375,
        218912.65625,
        30578.01171875
    ],
    "6": [
        247132.625,
        228919.109375,
        15289.005859375
    ]
}