{
    "0": [
        202387.5,
        202387.5,
        291219.15625
    ],
    "1": [
        202387.5,
        202387.5,
        291219.15625
    ],
    "2": [
        213632.90625,
        217904.046875,
        145609.578125
    ],
    "3": [
        224383.828125,
        209082.0625,
        101926.703125
    ],
    "4": [
        248275.328125,
        194005.46875,
        61156.0234375
    ],
    "5": [
        239568.21875,
        205314.984375,
        30578.01171875
    ],
    "6": [
        228381.859375,
        209929.328125,
        15289.005859375
    ],
    "7": [
        233350.640625,
        214221.671875,
        7644.5029296875
    ]
}