{
    "0": [
        202387.5,
        202387.5,
        291219.15625
    ],
    "1": [
        202387.5,
        202387.5,
        291219.15625
    ],
    "2": [
        165278.8125,
        295625.25,
        145609.578125
    ],
    "3": [
        172150.78125,
        329713.46875,
        101926.703125
    ],
    "4": [
        198966.015625,
        343098.84375,
        61156.0234375
    ],
    "5": [
        208792.359375,
        345384.8125,
        30578.01171875
    ],
    "6": [
        208888.96875,
        359795.5625,
        15289.005859375
    ],
    "7": [
        208664.125,
        361744.625,
        7644.5029296875
    ]
}