{
    "0": [
        202387.5,
        202387.5,
        291219.15625
    ],
    "1": [
        202387.5,
        202387.5,
        291219.15625
    ],
    "2": [
        171962.265625,
        312059.125,
        145609.578125
    ],
    "3": [
        209506.0625,
        330353.84375,
        101926.703125
    ],
    "4": [
        192473.1875,
        352365.65625,
        61156.0234375
    ],
    "5": [
        165704.265625,
        353182.84375,
        30578.01171875
    ],
    "6": [
        171643.890625,
        363351.84375,
        15289.005859375
    ],
    "7": [
        170189.71875,
        357837.9375,
        7644.5029296875
    ]
}