{
    "0": [
        202387.5,
        202387.5,
        291219.15625
    ],
    "1": [
        202387.5,
        202387.5,
        291219.15625
    ],
    "2": [
        174613.671875,
        195312.859375,
        145609.578125
    ],
    "3": [
        200966.609375,
        182143.359375,
        101926.703125
    ],
    "4": [
        177917.5625,
        213326.484375,
        61156.0234375
    ],
    "5": [
        189493.09375,
        236800.96875,
        30578.01171875
    ],
    "6": [
        186211.9375,
        246029.859375,
        15289.005859375
    ],
    "7": [
        188111.171875,
        246460.171875,
        7644.5029296875
    ],
    "8": [
        187018.078125,
        248088.015625,
        3822.25146484375
    ]
}