{
    "0": [
        202387.5,
        202387.5,
        291219.15625
    ],
    "1": [
        202387.5,
        202387.5,
        291219.15625
    ],
    "2": [
        183876.25,
        176245.953125,
        145609.578125
    ],
    "3": [
        203333.34375,
        140267.640625,
        101926.703125
    ],
    "4": [
        198222.078125,
        174772.28125,
        61156.0234375
    ],
    "5": [
        203993.984375,
        200279.875,
        30578.01171875
    ],
    "6": [
        191900.71875,
        194215.484375,
        15289.005859375
    ],
    "7": [
        186456.75,
        196985.546875,
        7644.5029296875
    ]
}