{
    "0": [
        202387.5,
        202387.5,
        291219.15625
    ],
    "1": [
        202387.5,
        202387.5,
        291219.15625
    ],
    "2": [
        251131.390625,
        152587.96875,
        145609.578125
    ],
    "3": [
        234946.65625,
        183765.15625,
        101926.703125
    ],
    "4": [
        269271.625,
        185789.390625,
        61156.0234375
    ],
    "5": [
        262132.1875,
        189100.046875,
        30578.01171875
    ],
    "6": [
        270987.15625,
        177368.671875,
        15289.005859375
    ]
}