{
    "0": [
        202387.5,
        202387.5,
        291219.15625
    ],
    "1": [
        202387.5,
        202387.5,
        291219.15625
    ],
    "2": [
        200356.8125,
        89725.640625,
        145609.578125
    ],
    "3": [
        238506.65625,
        77707.609375,
        101926.703125
    ],
    "4": [
        246985.6875,
        96211.78125,
        61156.0234375
    ],
    "5": [
        260173.40625,
        114383.03125,
        30578.01171875
    ],
    "6": [
        264021.34375,
        128070.9296875,
        15289.005859375
    ]
}