{
    "0": [
        202387.5,
        202387.5,
        291219.15625
    ],
    "1": [
        202387.5,
        202387.5,
        291219.15625
    ],
    "2": [
        226410.28125,
        191004.40625,
        145609.578125
    ],
    "3": [
        243219.140625,
        230371.078125,
        101926.703125
    ],
    "4": [
        281451.9375,
        239929.21875,
        61156.0234375
    ],
    "5": [
        296642.0625,
        262671.5625,
        30578.01171875
    ],
    "6": [
        292090.5,
        265267.6875,
        15289.005859375
    ]
}