{
    "0": [
        202387.5,
        202387.5,
        291219.15625
    ],
    "1": [
        202387.5,
        202387.5,
        291219.15625
    ],
    "2": [
        107430.2890625,
        191100.75,
        145609.578125
    ],
    "3": [
        142468.09375,
        182317.296875,
        101926.703125
    ],
    "4": [
        164169.53125,
        156005.484375,
        61156.0234375
    ],
    "5": [
        147883.265625,
        160018.703125,
        30578.01171875
    ],
    "6": [
        149156.265625,
        159940.921875,
        15289.005859375
    ],
    "7": [
        151630.890625,
        156327.265625,
        7644.5029296875
    ]
}