{
    "0": [
        202387.5,
        202387.5,
        291219.15625
    ],
    "1": [
        202387.5,
        202387.5,
        291219.15625
    ],
    "2": [
        120687.9609375,
        122334.8359375,
        145609.578125
    ],
    "3": [
        121018.765625,
        115594.640625,
        101926.703125
    ],
    "4": [
        83686.8359375,
        104906.3203125,
        61156.0234375
    ],
    "5": [
        92097.6171875,
        110979.1171875,
        30578.01171875
    ],
    "6": [
        97113.390625,
        106996.46875,
        15289.005859375
    ]
}