{
    "0": [
        202387.5,
        202387.5,
        291219.15625
    ],
    "1": [
        202387.5,
        202387.5,
        291219.15625
    ],
    "2": [
        274089.53125,
        204427.875,
        145609.578125
    ],
    "3": [
        287045.40625,
        192709.640625,
        101926.703125
    ],
    "4": [
        306882.25,
        169748.859375,
        61156.0234375
    ],
    "5": [
        297607.21875,
        198372.921875,
        30578.01171875
    ],
    "6": [
        298261.0625,
        210739.96875,
        15289.005859375
    ],
    "7": [
        304953.9375,
        214429.6875,
        7644.5029296875
    ],
    "8": [
        304097.5625,
        211782.21875,
        3822.25146484375
    ]
}