{
    "0": [
        202387.5,
        202387.5,
        291219.15625
    ],
    "1": [
        202387.5,
        202387.5,
        291219.15625
    ],
    "2": [
        170193.453125,
        211902.828125,
        145609.578125
    ],
    "3": [
        185682.53125,
        236618.5625,
        101926.703125
    ],
    "4": [
        202477.0625,
        201766.046875,
        61156.0234375
    ],
    "5": [
        197086.90625,
        171950.296875,
        30578.01171875
    ],
    "6": [
        208096.65625,
        174239.375,
        15289.005859375
    ],
    "7": [
        211787.390625,
        170809.703125,
        7644.5029296875
    ],
    "8": [
        214642.78125,
        169385.171875,
        3822.25146484375
    ],
    "9": [
        213943.15625,
        168940.078125,
        1911.125732421875
    ]
}