{
    "0": [
        202387.5,
        202387.5,
        291219.15625
    ],
    "1": [
        202387.5,
        202387.5,
        291219.15625
    ],
    "2": [
        281707.0625,
        244727.546875,
        145609.578125
    ],
    "3": [
        302115.625,
        220846.75,
        101926.703125
    ],
    "4": [
        321180.6875,
        208405.203125,
        61156.0234375
    ],
    "5": [
        342211.9375,
        200586.375,
        30578.01171875
    ],
    "6": [
        351063.375,
        198162.375,
        15289.005859375
    ],
    "7": [
        349803.8125,
        201061.9375,
        7644.5029296875
    ],
    "8": [
        351685.15625,
        203074.625,
        3822.25146484375
    ]
}