{
    "0": [
        202387.5,
        202387.5,
        291219.15625
    ],
    "1": [
        202387.5,
        202387.5,
        291219.15625
    ],
    "2": [
        130327.890625,
        177850.71875,
        145609.578125
    ],
    "3": [
        130677.921875,
        213173.515625,
        101926.703125
    ],
    "4": [
        115952.0234375,
        232281.765625,
        61156.0234375
    ],
    "5": [
        124513.3125,
        216951.890625,
        30578.01171875
    ],
    "6": [
        129684.1015625,
        202586,
        15289.005859375
    ],
    "7": [
        133098.796875,
        208809.96875,
        7644.5029296875
    ]
}