{
    "0": [
        202387.5,
        202387.5,
        291219.15625
    ],
    "1": [
        202387.5,
        202387.5,
        291219.15625
    ],
    "2": [
        187455.46875,
        104965.3359375,
        145609.578125
    ],
    "3": [
        173536.078125,
        121168.5078125,
        101926.703125
    ],
    "4": [
        193425.359375,
        96476.5234375,
        61156.0234375
    ],
    "5": [
        175320.921875,
        97525.140625,
        30578.01171875
    ],
    "6": [
        179163.71875,
        90868.609375,
        15289.005859375
    ],
    "7": [
        176493.453125,
        92599.7265625,
        7644.5029296875
    ]
}