{
    "0": [
        202387.5,
        202387.5,
        291219.15625
    ],
    "1": [
        202387.5,
        202387.5,
        291219.15625
    ],
    "2": [
        194946.796875,
        230793.828125,
        145609.578125
    ],
    "3": [
        218447.953125,
        251260.578125,
        101926.703125
    ],
    "4": [
        229748.3125,
        243776.640625,
        61156.0234375
    ],
    "5": [
        230862.84375,
        254130.5625,
        30578.01171875
    ],
    "6": [
        235297,
        245271.84375,
        15289.005859375
    ],
    "7": [
        235996.203125,
        240935.4375,
        7644.5029296875
    ]
}