{
    "0": [
        202387.5,
        202387.5,
        291219.15625
    ],
    "1": [
        202387.5,
        202387.5,
        291219.15625
    ],
    "2": [
        176927.984375,
        296791.9375,
        145609.578125
    ],
    "3": [
        190431.484375,
        297885.75,
        101926.703125
    ],
    "4": [
        225130.53125,
        293419.0625,
        61156.0234375
    ],
    "5": [
        200860.921875,
        307457.0625,
        30578.01171875
    ]
}