{
    "0": [
        202387.5,
        202387.5,
        291219.15625
    ],
    "1": [
        202387.5,
        202387.5,
        291219.15625
    ],
    "2": [
        164458.265625,
        269067.6875,
        145609.578125
    ],
    "3": [
        182107.40625,
        304388,
        101926.703125
    ],
    "4": [
        164292.5625,
        327827.4375,
        61156.0234375
    ],
    "5": [
        178733.46875,
        335829.4375,
        30578.01171875
    ],
    "6": [
        181029.640625,
        350330.625,
        15289.005859375
    ],
    "7": [
        178659.015625,
        354014.59375,
        7644.5029296875
    ],
    "8": [
        175499.3125,
        354981.4375,
        3822.25146484375
    ]
}