{
    "0": [
        202387.5,
        202387.5,
        291219.15625
    ],
    "1": [
        202387.5,
        202387.5,
        291219.15625
    ],
    "2": [
        271750.875,
        253752.71875,
        145609.578125
    ],
    "3": [
        248478.671875,
        289790,
        101926.703125
    ],
    "4": [
        245717.359375,
        252023.09375,
        61156.0234375
    ],
    "5": [
        224516.296875,
        236476.34375,
        30578.01171875
    ],
    "6": [
        238635.375,
        230716.6875,
        15289.005859375
    ],
    "7": [
        245670.609375,
        228092.78125,
        7644.5029296875
    ],
    "8": [
        245152.609375,
        226577.96875,
        3822.25146484375
    ]
}