{
    "0": [
        202387.5,
        202387.5,
        291219.15625
    ],
    "1": [
        202387.5,
        202387.5,
        291219.15625
    ],
    "2": [
        264054.15625,
        210995.796875,
        145609.578125
    ],
    "3": [
        244150.734375,
        198222.359375,
        101926.703125
    ],
    "4": [
        228101.15625,
        204860.46875,
        61156.0234375
    ],
    "5": [
        213558.515625,
        183454.171875,
        30578.01171875
    ],
    "6": [
        216700.5625,
        190377.078125,
        15289.005859375
    ],
    "7": [
        222305.515625,
        189048.828125,
        7644.5029296875
    ],
    "8": [
        224125.140625,
        185715.265625,
        3822.25146484375
    ]
}