{
    "0": [
        202387.5,
        202387.5,
        291219.15625
    ],
    "1": [
        202387.5,
        202387.5,
        291219.15625
    ],
    "2": [
        224108.609375,
        160202.03125,
        145609.578125
    ],
    "3": [
        241321.40625,
        129211.890625,
        101926.703125
    ],
    "4": [
        268616.53125,
        158408.3125,
        61156.0234375
    ],
    "5": [
        246026.796875,
        166444.78125,
        30578.01171875
    ],
    "6": [
        256981.53125,
        161936.625,
        15289.005859375
    ]
}