{
    "0": [
        202387.5,
        202387.5,
        291219.15625
    ],
    "1": [
        202387.5,
        202387.5,
        291219.15625
    ],
    "2": [
        200408.609375,
        232300.65625,
        145609.578125
    ],
    "3": [
        216672.484375,
        211057.75,
        101926.703125
    ],
    "4": [
        246461.171875,
        229688.078125,
        61156.0234375
    ],
    "5": [
        239212.34375,
        215342.03125,
        30578.01171875
    ],
    "6": [
        235332.375,
        224532.765625,
        15289.005859375
    ]
}