{
    "0": [
        202387.5,
        202387.5,
        291219.15625
    ],
    "1": [
        202387.5,
        202387.5,
        291219.15625
    ],
    "2": [
        280473.0625,
        148112.96875,
        145609.578125
    ],
    "3": [
        280591.8125,
        116191.5078125,
        101926.703125
    ],
    "4": [
        273854.65625,
        142464.75,
        61156.0234375
    ],
    "5": [
        244276.015625,
        147124.59375,
        30578.01171875
    ],
    "6": [
        236199.953125,
        156959.34375,
        15289.005859375
    ],
    "7": [
        237212.796875,
        152914.109375,
        7644.5029296875
    ],
    "8": [
        239227.90625,
        155791.53125,
        3822.25146484375
    ]
}