{
    "0": [
        202387.5,
        202387.5,
        291219.15625
    ],
    "1": [
        202387.5,
        202387.5,
        291219.15625
    ],
    "2": [
        112638.796875,
        166515.453125,
        145609.578125
    ],
    "3": [
        108896.046875,
        128682.1484375,
        101926.703125
    ],
    "4": [
        78750.375,
        132827.234375,
        61156.0234375
    ],
    "5": [
        89114.6796875,
        135914.203125,
        30578.01171875
    ],
    "6": [
        89283.046875,
        149042.21875,
        15289.005859375
    ]
}