{
    "0": [
        202387.5,
        202387.5,
        291219.15625
    ],
    "1": [
        202387.5,
        202387.5,
        291219.15625
    ],
    "2": [
        178176.25,
        275131.53125,
        145609.578125
    ],
    "3": [
        181022.28125,
        245279.0625,
        101926.703125
    ],
    "4": [
        197406.375,
        271039.09375,
        61156.0234375
    ],
    "5": [
        198950.4375,
        269337.625,
        30578.01171875
    ],
    "6": [
        195461.375,
        260784.484375,
        15289.005859375
    ],
    "7": [
        196309.484375,
        262180.625,
        7644.5029296875
    ]
}