{
    "0": [
        202387.5,
        202387.5,
        291219.15625
    ],
    "1": [
        202387.5,
        202387.5,
        291219.15625
    ],
    "2": [
        270769.03125,
        229772.140625,
        145609.578125
    ],
    "3": [
        237439.921875,
        204101.890625,
        101926.703125
    ],
    "4": [
        242908.390625,
        171697.421875,
        61156.0234375
    ],
    "5": [
        228500.03125,
        191683.75,
        30578.01171875
    ],
    "6": [
        219511.8125,
        194621.640625,
        15289.005859375
    ],
    "7": [
        217723.375,
        202042.078125,
        7644.5029296875
    ]
}