{
    "0": [
        202387.5,
        202387.5,
        291219.15625
    ],
    "1": [
        202387.5,
        202387.5,
        291219.15625
    ],
    "2": [
        258931.171875,
        230709.609375,
        145609.578125
    ],
    "3": [
        262590.9375,
        208637.328125,
        101926.703125
    ],
    "4": [
        234494.34375,
        195314.375,
        61156.0234375
    ],
    "5": [
        209391.046875,
        190710.578125,
        30578.01171875
    ],
    "6": [
        204258.046875,
        177203.84375,
        15289.005859375
    ],
    "7": [
        207426.078125,
        176194.6875,
        7644.5029296875
    ]
}