{
    "0": [
        202387.5,
        202387.5,
        291219.15625
    ],
    "1": [
        202387.5,
        202387.5,
        291219.15625
    ],
    "2": [
        206724.515625,
        150970.75,
        145609.578125
    ],
    "3": [
        166458.546875,
        153686.546875,
        101926.703125
    ],
    "4": [
        170284.625,
        113209.453125,
        61156.0234375
    ],
    "5": [
        175059.328125,
        105010.578125,
        30578.01171875
    ],
    "6": [
        177281.328125,
        104522.125,
        15289.005859375
    ]
}