{
    "0": [
        202387.5,
        202387.5,
        291219.15625
    ],
    "1": [
        202387.5,
        202387.5,
        291219.15625
    ],
    "2": [
        248391.109375,
        219917.09375,
        145609.578125
    ],
    "3": [
        259238.234375,
        260351.0625,
        101926.703125
    ],
    "4": [
        249026.84375,
        244148.40625,
        61156.0234375
    ],
    "5": [
        245903.03125,
        219028.1875,
        30578.01171875
    ],
    "6": [
        237762.375,
        220703.5625,
        15289.005859375
    ],
    "7": [
        238741.03125,
        214575.796875,
        7644.5029296875
    ]
}