{
    "0": [
        202387.5,
        202387.5,
        291219.15625
    ],
    "1": [
        202387.5,
        202387.5,
        291219.15625
    ],
    "2": [
        227184.421875,
        235695.28125,
        145609.578125
    ],
    "3": [
        201615.65625,
        257033.375,
        101926.703125
    ],
    "4": [
        224144,
        286697.21875,
        61156.0234375
    ],
    "5": [
        203178.921875,
        301689.71875,
        30578.01171875
    ],
    "6": [
        196340.046875,
        312749.28125,
        15289.005859375
    ],
    "7": [
        193524.5,
        315825.46875,
        7644.5029296875
    ],
    "8": [
        195178.34375,
        312787.375,
        3822.25146484375
    ]
}