{
    "0": [
        202387.5,
        202387.5,
        291219.15625
    ],
    "1": [
        202387.5,
        202387.5,
        291219.15625
    ],
    "2": [
        110256.453125,
        244903,
        145609.578125
    ],
    "3": [
        90567.2578125,
        224415.921875,
        101926.703125
    ],
    "4": [
        71868.4296875,
        207406.46875,
        61156.0234375
    ],
    "5": [
        68345.03125,
        194748.1875,
        30578.01171875
    ],
    "6": [
        77322.1171875,
        188399.25,
        15289.005859375
    ],
    "7": [
        82721.78125,
        183603.578125,
        7644.5029296875
    ]
}