{
    "0": [
        202387.5,
        202387.5,
        291219.15625
    ],
    "1": [
        202387.5,
        202387.5,
        291219.15625
    ],
    "2": [
        286974.09375,
        131163.6875,
        145609.578125
    ],
    "3": [
        250796.671875,
        112826.96875,
        101926.703125
    ],
    "4": [
        261631.0625,
        127697.828125,
        61156.0234375
    ],
    "5": [
        242955.453125,
        106451.984375,
        30578.01171875
    ],
    "6": [
        249050.15625,
        95752.4453125,
        15289.005859375
    ],
    "7": [
        246576.328125,
        97208.2578125,
        7644.5029296875
    ]
}