{
    "0": [
        202387.5,
        202387.5,
        291219.15625
    ],
    "1": [
        202387.5,
        202387.5,
        291219.15625
    ],
    "2": [
        108302.1796875,
        159352.71875,
        145609.578125
    ],
    "3": [
        144460.34375,
        155600.75,
        101926.703125
    ],
    "4": [
        135143.828125,
        165008.53125,
        61156.0234375
    ],
    "5": [
        140584.796875,
        186282.609375,
        30578.01171875
    ],
    "6": [
        155395.09375,
        185103.515625,
        15289.005859375
    ],
    "7": [
        156400.46875,
        180694.21875,
        7644.5029296875
    ]
}