{
    "0": [
        202387.5,
        202387.5,
        291219.15625
    ],
    "1": [
        202387.5,
        202387.5,
        291219.15625
    ],
    "2": [
        213581.375,
        116403.6484375,
        145609.578125
    ],
    "3": [
        189596.578125,
        120731.2890625,
        101926.703125
    ],
    "4": [
        208131.9375,
        143853.09375,
        61156.0234375
    ],
    "5": [
        201941.015625,
        152336.46875,
        30578.01171875
    ],
    "6": [
        212833.296875,
        156936.859375,
        15289.005859375
    ],
    "7": [
        212808.84375,
        153945.34375,
        7644.5029296875
    ]
}