{
    "0": [
        202387.5,
        202387.5,
        291219.15625
    ],
    "1": [
        202387.5,
        202387.5,
        291219.15625
    ],
    "2": [
        276090.15625,
        119676.84375,
        145609.578125
    ],
    "3": [
        280108.9375,
        112557.671875,
        101926.703125
    ],
    "4": [
        252263.90625,
        139900.265625,
        61156.0234375
    ],
    "5": [
        262501.09375,
        155513.78125,
        30578.01171875
    ],
    "6": [
        259522.421875,
        144098.171875,
        15289.005859375
    ],
    "7": [
        259612.03125,
        137042,
        7644.5029296875
    ]
}