{
    "0": [
        202387.5,
        202387.5,
        291219.15625
    ],
    "1": [
        202387.5,
        202387.5,
        291219.15625
    ],
    "2": [
        253260.4375,
        238320.53125,
        145609.578125
    ],
    "3": [
        210989.5,
        228408,
        101926.703125
    ],
    "4": [
        211575.140625,
        262836.03125,
        61156.0234375
    ],
    "5": [
        188061.96875,
        245539.390625,
        30578.01171875
    ],
    "6": [
        202948.09375,
        243666.953125,
        15289.005859375
    ],
    "7": [
        200414.3125,
        247338.078125,
        7644.5029296875
    ],
    "8": [
        199526.71875,
        243642.03125,
        3822.25146484375
    ]
}