{
    "0": [
        202387.5,
        202387.5,
        291219.15625
    ],
    "1": [
        202387.5,
        202387.5,
        291219.15625
    ],
    "2": [
        188426.9375,
        101849.5078125,
        145609.578125
    ],
    "3": [
        150554.40625,
        122936.6171875,
        101926.703125
    ],
    "4": [
        140673.265625,
        96321.96875,
        61156.0234375
    ],
    "5": [
        126521.8359375,
        98131.9921875,
        30578.01171875
    ],
    "6": [
        134115.71875,
        108483.9609375,
        15289.005859375
    ]
}