{
    "0": [
        202387.5,
        202387.5,
        291219.15625
    ],
    "1": [
        202387.5,
        202387.5,
        291219.15625
    ],
    "2": [
        220720.828125,
        263726.4375,
        145609.578125
    ],
    "3": [
        202905.390625,
        294969.21875,
        101926.703125
    ],
    "4": [
        178675.84375,
        316994.75,
        61156.0234375
    ],
    "5": [
        163554.59375,
        316793.375,
        30578.01171875
    ],
    "6": [
        170604.984375,
        324348.96875,
        15289.005859375
    ],
    "7": [
        169112.84375,
        324996.78125,
        7644.5029296875
    ],
    "8": [
        168511.71875,
        321627.25,
        3822.25146484375
    ]
}