{
    "0": [
        202387.5,
        202387.5,
        291219.15625
    ],
    "1": [
        202387.5,
        202387.5,
        291219.15625
    ],
    "2": [
        227888.25,
        301029.15625,
        145609.578125
    ],
    "3": [
        256147.90625,
        319834.125,
        101926.703125
    ],
    "4": [
        243100.515625,
        352664.59375,
        61156.0234375
    ],
    "5": [
        223131.734375,
        337873.625,
        30578.01171875
    ],
    "6": [
        237927.953125,
        335974.65625,
        15289.005859375
    ],
    "7": [
        239450.578125,
        338598.875,
        7644.5029296875
    ],
    "8": [
        236971.859375,
        341049.21875,
        3822.25146484375
    ]
}