{
    "0": [
        202387.5,
        202387.5,
        291219.15625
    ],
    "1": [
        202387.5,
        202387.5,
        291219.15625
    ],
    "2": [
        243058.15625,
        239837.40625,
        145609.578125
    ],
    "3": [
        236593.78125,
        271508.65625,
        101926.703125
    ],
    "4": [
        235743.703125,
        274838.53125,
        61156.0234375
    ],
    "5": [
        252250.8125,
        294208.5625,
        30578.01171875
    ],
    "6": [
        253865.359375,
        305944.375,
        15289.005859375
    ],
    "7": [
        247314.65625,
        303765.5625,
        7644.5029296875
    ]
}