{
    "0": [
        202387.5,
        202387.5,
        291219.15625
    ],
    "1": [
        202387.5,
        202387.5,
        291219.15625
    ],
    "2": [
        252882.3125,
        210622.078125,
        145609.578125
    ],
    "3": [
        263580.96875,
        172143.6875,
        101926.703125
    ],
    "4": [
        251506.1875,
        153501.5,
        61156.0234375
    ],
    "5": [
        248296.125,
        134385.078125,
        30578.01171875
    ],
    "6": [
        236710.390625,
        132966.40625,
        15289.005859375
    ]
}