{
    "0": [
        202387.5,
        202387.5,
        291219.15625
    ],
    "1": [
        202387.5,
        202387.5,
        291219.15625
    ],
    "2": [
        282317.375,
        192962.265625,
        145609.578125
    ],
    "3": [
        249396.46875,
        181101.625,
        101926.703125
    ],
    "4": [
        232272.859375,
        166497.90625,
        61156.0234375
    ],
    "5": [
        256414.53125,
        158345.40625,
        30578.01171875
    ],
    "6": [
        263977.59375,
        158358.140625,
        15289.005859375
    ],
    "7": [
        262587.03125,
        151941.71875,
        7644.5029296875
    ],
    "8": [
        264302.9375,
        150780.5625,
        3822.25146484375
    ]
}