{
    "0": [
        202387.5,
        202387.5,
        291219.15625
    ],
    "1": [
        202387.5,
        202387.5,
        291219.15625
    ],
    "2": [
        143751.1875,
        227926.28125,
        145609.578125
    ],
    "3": [
        112788.25,
        205295,
        101926.703125
    ],
    "4": [
        104156.453125,
        166116.28125,
        61156.0234375
    ],
    "5": [
        104032.203125,
        158438.21875,
        30578.01171875
    ],
    "6": [
        109859.65625,
        157064.9375,
        15289.005859375
    ],
    "7": [
        106527.9765625,
        158581.890625,
        7644.5029296875
    ],
    "8": [
        107090.6328125,
        162182.703125,
        3822.25146484375
    ]
}