{
    "0": [
        202387.5,
        202387.5,
        291219.15625
    ],
    "1": [
        202387.5,
        202387.5,
        291219.15625
    ],
    "2": [
        270613.375,
        151990.546875,
        145609.578125
    ],
    "3": [
        305548.0625,
        156633.078125,
        101926.703125
    ],
    "4": [
        316126.5625,
        184827.96875,
        61156.0234375
    ],
    "5": [
        324003,
        207968.96875,
        30578.01171875
    ],
    "6": [
        319574.71875,
        197970.734375,
        15289.005859375
    ],
    "7": [
        314719.5,
        201321.40625,
        7644.5029296875
    ]
}