{
    "0": [
        202387.5,
        202387.5,
        291219.15625
    ],
    "1": [
        202387.5,
        202387.5,
        291219.15625
    ],
    "2": [
        205523.90625,
        164832.578125,
        145609.578125
    ],
    "3": [
        199459.859375,
        166866.734375,
        101926.703125
    ],
    "4": [
        228235.3125,
        183256.90625,
        61156.0234375
    ],
    "5": [
        228766.234375,
        178832.765625,
        30578.01171875
    ],
    "6": [
        218719.828125,
        178540.578125,
        15289.005859375
    ],
    "7": [
        215585.453125,
        175330.859375,
        7644.5029296875
    ]
}