{
    "0": [
        202387.5,
        202387.5,
        291219.15625
    ],
    "1": [
        202387.5,
        202387.5,
        291219.15625
    ],
    "2": [
        101056.1796875,
        184602.09375,
        145609.578125
    ],
    "3": [
        93824.7265625,
        198544.59375,
        101926.703125
    ],
    "4": [
        67471.0625,
        196378.640625,
        61156.0234375
    ],
    "5": [
        76659.375,
        187891.640625,
        30578.01171875
    ],
    "6": [
        77401.3359375,
        177014.3125,
        15289.005859375
    ],
    "7": [
        76084.609375,
        176375.78125,
        7644.5029296875
    ]
}