{
    "0": [
        202387.5,
        202387.5,
        291219.15625
    ],
    "1": [
        202387.5,
        202387.5,
        291219.15625
    ],
    "2": [
        186252.25,
        310904.5,
        145609.578125
    ],
    "3": [
        214532.0625,
        326849.5,
        101926.703125
    ],
    "4": [
        222461.578125,
        319404.125,
        61156.0234375
    ],
    "5": [
        236595.109375,
        323788.4375,
        30578.01171875
    ],
    "6": [
        240685.984375,
        330596.375,
        15289.005859375
    ],
    "7": [
        235024.859375,
        334164.875,
        7644.5029296875
    ],
    "8": [
        233509.953125,
        334575.9375,
        3822.25146484375
    ]
}