{
    "0": [
        202387.5,
        202387.5,
        291219.15625
    ],
    "1": [
        202387.5,
        202387.5,
        291219.15625
    ],
    "2": [
        160959.6875,
        297299.4375,
        145609.578125
    ],
    "3": [
        135592.1875,
        323698.375,
        101926.703125
    ],
    "4": [
        174380.515625,
        327809.40625,
        61156.0234375
    ],
    "5": [
        163184.953125,
        346726.5,
        30578.01171875
    ],
    "6": [
        164782.59375,
        361539.96875,
        15289.005859375
    ]
}