{
    "0": [
        202387.5,
        202387.5,
        291219.15625
    ],
    "1": [
        202387.5,
        202387.5,
        291219.15625
    ],
    "2": [
        158761.40625,
        148432.75,
        145609.578125
    ],
    "3": [
        185258.75,
        130815.2890625,
        101926.703125
    ],
    "4": [
        168244.640625,
        156247.0625,
        61156.0234375
    ],
    "5": [
        138935.328125,
        164390.796875,
        30578.01171875
    ]
}