{
    "0": [
        202387.5,
        202387.5,
        291219.15625
    ],
    "1": [
        202387.5,
        202387.5,
        291219.15625
    ],
    "2": [
        265500.59375,
        228348.609375,
        145609.578125
    ],
    "3": [
        252906.75,
        239781,
        101926.703125
    ],
    "4": [
        261684.484375,
        202116.65625,
        61156.0234375
    ],
    "5": [
        237080.3125,
        208215.078125,
        30578.01171875
    ],
    "6": [
        230654.484375,
        198389.515625,
        15289.005859375
    ]
}