{
    "0": [
        202387.5,
        202387.5,
        291219.15625
    ],
    "1": [
        202387.5,
        202387.5,
        291219.15625
    ],
    "2": [
        292361.8125,
        200952.609375,
        145609.578125
    ],
    "3": [
        309759.125,
        174864.109375,
        101926.703125
    ],
    "4": [
        342785.625,
        193448.171875,
        61156.0234375
    ],
    "5": [
        355700.5625,
        202461.765625,
        30578.01171875
    ],
    "6": [
        350984,
        198216,
        15289.005859375
    ]
}