{
    "0": [
        202387.5,
        202387.5,
        291219.15625
    ],
    "1": [
        202387.5,
        202387.5,
        291219.15625
    ],
    "2": [
        121808.546875,
        181629.203125,
        145609.578125
    ],
    "3": [
        148340.84375,
        158969.1875,
        101926.703125
    ],
    "4": [
        150773.546875,
        120300.53125,
        61156.0234375
    ],
    "5": [
        159526.390625,
        138028.09375,
        30578.01171875
    ],
    "6": [
        165474.78125,
        148072.5,
        15289.005859375
    ],
    "7": [
        166251.96875,
        148760.359375,
        7644.5029296875
    ]
}