{
    "0": [
        202387.5,
        202387.5,
        291219.15625
    ],
    "1": [
        202387.5,
        202387.5,
        291219.15625
    ],
    "2": [
        176465.28125,
        205766.046875,
        145609.578125
    ],
    "3": [
        172587.75,
        242746.03125,
        101926.703125
    ],
    "4": [
        193224.828125,
        228614.84375,
        61156.0234375
    ],
    "5": [
        192243.453125,
        222113.703125,
        30578.01171875
    ],
    "6": [
        188572.90625,
        207903.4375,
        15289.005859375
    ],
    "7": [
        183731.3125,
        210315.9375,
        7644.5029296875
    ],
    "8": [
        181670.015625,
        209717.28125,
        3822.25146484375
    ]
}