{
    "0": [
        202387.5,
        202387.5,
        291219.15625
    ],
    "1": [
        202387.5,
        202387.5,
        291219.15625
    ],
    "2": [
        166977.46875,
        214837.875,
        145609.578125
    ],
    "3": [
        195272.515625,
        230998.390625,
        101926.703125
    ],
    "4": [
        210656.8125,
        195884.3125,
        61156.0234375
    ],
    "5": [
        209902.0625,
        186398.84375,
        30578.01171875
    ],
    "6": [
        204401.296875,
        180038.03125,
        15289.005859375
    ],
    "7": [
        199740.46875,
        185293.25,
        7644.5029296875
    ],
    "8": [
        199386.921875,
        187950.828125,
        3822.25146484375
    ]
}