{
    "0": [
        202387.5,
        202387.5,
        291219.15625
    ],
    "1": [
        202387.5,
        202387.5,
        291219.15625
    ],
    "2": [
        218674.15625,
        312643.03125,
        145609.578125
    ],
    "3": [
        210688.75,
        346808.34375,
        101926.703125
    ],
    "4": [
        228023.4375,
        379456.3125,
        61156.0234375
    ],
    "5": [
        242806.671875,
        354363.21875,
        30578.01171875
    ],
    "6": [
        242758.15625,
        368586.125,
        15289.005859375
    ],
    "7": [
        248060.015625,
        369063.53125,
        7644.5029296875
    ]
}