{
    "0": [
        202387.5,
        202387.5,
        291219.15625
    ],
    "1": [
        202387.5,
        202387.5,
        291219.15625
    ],
    "2": [
        162326.71875,
        264989.21875,
        145609.578125
    ],
    "3": [
        183587.234375,
        274457.21875,
        101926.703125
    ],
    "4": [
        182360.5,
        309679.90625,
        61156.0234375
    ],
    "5": [
        184542.8125,
        311915.125,
        30578.01171875
    ],
    "6": [
        190950.953125,
        311477.21875,
        15289.005859375
    ],
    "7": [
        190955.96875,
        311318.21875,
        7644.5029296875
    ]
}