{
    "0": [
        202387.5,
        202387.5,
        291219.15625
    ],
    "1": [
        202387.5,
        202387.5,
        291219.15625
    ],
    "2": [
        254587.125,
        260807.59375,
        145609.578125
    ],
    "3": [
        217455.765625,
        248255.484375,
        101926.703125
    ],
    "4": [
        238106.3125,
        214360.0625,
        61156.0234375
    ],
    "5": [
        215160.875,
        212403.75,
        30578.01171875
    ],
    "6": [
        221984.671875,
        220846.765625,
        15289.005859375
    ],
    "7": [
        225429.171875,
        217018.375,
        7644.5029296875
    ]
}