{
    "0": [
        202387.5,
        202387.5,
        291219.15625
    ],
    "1": [
        202387.5,
        202387.5,
        291219.15625
    ],
    "2": [
        187546.046875,
        259343.4375,
        145609.578125
    ],
    "3": [
        188627.9375,
        249395.890625,
        101926.703125
    ],
    "4": [
        204812.046875,
        215958.703125,
        61156.0234375
    ],
    "5": [
        209794.140625,
        214822.75,
        30578.01171875
    ],
    "6": [
        207119.40625,
        200140.171875,
        15289.005859375
    ]
}