{
    "0": [
        202387.5,
        202387.5,
        291219.15625
    ],
    "1": [
        202387.5,
        202387.5,
        291219.15625
    ],
    "2": [
        278965.9375,
        171379.96875,
        145609.578125
    ],
    "3": [
        280364.40625,
        176362.46875,
        101926.703125
    ],
    "4": [
        268699.71875,
        184856.421875,
        61156.0234375
    ],
    "5": [
        244972.390625,
        167924.78125,
        30578.01171875
    ],
    "6": [
        253524.359375,
        156564.09375,
        15289.005859375
    ],
    "7": [
        259120.234375,
        158295.296875,
        7644.5029296875
    ]
}