{
    "0": [
        202387.5,
        202387.5,
        291219.15625
    ],
    "1": [
        202387.5,
        202387.5,
        291219.15625
    ],
    "2": [
        303327.65625,
        154193.0625,
        145609.578125
    ],
    "3": [
        308905.375,
        129779.265625,
        101926.703125
    ],
    "4": [
        312167.5,
        123697.0625,
        61156.0234375
    ],
    "5": [
        308907.71875,
        123493.2109375,
        30578.01171875
    ],
    "6": [
        323137.09375,
        126609.4296875,
        15289.005859375
    ],
    "7": [
        326003,
        130072.0234375,
        7644.5029296875
    ]
}