{
    "0": [
        202387.5,
        202387.5,
        291219.15625
    ],
    "1": [
        202387.5,
        202387.5,
        291219.15625
    ],
    "2": [
        244507.0625,
        149602.59375,
        145609.578125
    ],
    "3": [
        249542.578125,
        183519.59375,
        101926.703125
    ],
    "4": [
        233825.25,
        182996.78125,
        61156.0234375
    ],
    "5": [
        234542.84375,
        185148.6875,
        30578.01171875
    ],
    "6": [
        227263.609375,
        182234.203125,
        15289.005859375
    ],
    "7": [
        223743.328125,
        181308.875,
        7644.5029296875
    ]
}