{
    "0": [
        202387.5,
        202387.5,
        291219.15625
    ],
    "1": [
        202387.5,
        202387.5,
        291219.15625
    ],
    "2": [
        197436.890625,
        277064.5,
        145609.578125
    ],
    "3": [
        166997.984375,
        269599.40625,
        101926.703125
    ],
    "4": [
        187271.046875,
        302052.90625,
        61156.0234375
    ],
    "5": [
        173811.390625,
        303876.09375,
        30578.01171875
    ],
    "6": [
        169625.03125,
        308835.46875,
        15289.005859375
    ],
    "7": [
        166840.53125,
        313621.15625,
        7644.5029296875
    ]
}