{
    "0": [
        202387.5,
        202387.5,
        291219.15625
    ],
    "1": [
        202387.5,
        202387.5,
        291219.15625
    ],
    "2": [
        293258.59375,
        247210.28125,
        145609.578125
    ],
    "3": [
        329688.25,
        242171.390625,
        101926.703125
    ],
    "4": [
        356191,
        218796.796875,
        61156.0234375
    ],
    "5": [
        355638.875,
        217890.5625,
        30578.01171875
    ],
    "6": [
        355442.21875,
        219091.03125,
        15289.005859375
    ],
    "7": [
        352351.46875,
        222650.390625,
        7644.5029296875
    ],
    "8": [
        354488.5625,
        223448.546875,
        3822.25146484375
    ]
}