{
    "0": [
        202387.5,
        202387.5,
        291219.15625
    ],
    "1": [
        202387.5,
        202387.5,
        291219.15625
    ],
    "2": [
        153871.28125,
        141356.21875,
        145609.578125
    ],
    "3": [
        191219.296875,
        161151.546875,
        101926.703125
    ],
    "4": [
        162226.390625,
        171933.46875,
        61156.0234375
    ],
    "5": [
        183028.15625,
        158982.96875,
        30578.01171875
    ],
    "6": [
        178936.890625,
        154712.109375,
        15289.005859375
    ],
    "7": [
        184225.109375,
        154088.140625,
        7644.5029296875
    ],
    "8": [
        186109.734375,
        156194.984375,
        3822.25146484375
    ]
}