{
    "0": [
        202387.5,
        202387.5,
        291219.15625
    ],
    "1": [
        202387.5,
        202387.5,
        291219.15625
    ],
    "2": [
        246807.53125,
        201597.0625,
        145609.578125
    ],
    "3": [
        228150.21875,
        222298.640625,
        101926.703125
    ],
    "4": [
        250987.375,
        254896.125,
        61156.0234375
    ],
    "5": [
        231165.15625,
        270686.1875,
        30578.01171875
    ],
    "6": [
        223987.265625,
        261238.1875,
        15289.005859375
    ],
    "7": [
        217663.375,
        261128.5,
        7644.5029296875
    ]
}