{
    "0": [
        202387.5,
        202387.5,
        291219.15625
    ],
    "1": [
        202387.5,
        202387.5,
        291219.15625
    ],
    "2": [
        191092.15625,
        204987.625,
        145609.578125
    ],
    "3": [
        220705.515625,
        220846.640625,
        101926.703125
    ],
    "4": [
        246399.34375,
        203344.5625,
        61156.0234375
    ],
    "5": [
        237287.0625,
        223364.046875,
        30578.01171875
    ],
    "6": [
        225326.09375,
        230113.46875,
        15289.005859375
    ],
    "7": [
        232212.828125,
        227372.953125,
        7644.5029296875
    ]
}