{
    "0": [
        202387.5,
        202387.5,
        291219.15625
    ],
    "1": [
        202387.5,
        202387.5,
        291219.15625
    ],
    "2": [
        255237.78125,
        159448.71875,
        145609.578125
    ],
    "3": [
        258113.046875,
        155781.8125,
        101926.703125
    ],
    "4": [
        283859.9375,
        125810.703125,
        61156.0234375
    ],
    "5": [
        276597.71875,
        96780.0703125,
        30578.01171875
    ],
    "6": [
        269216.4375,
        85588.40625,
        15289.005859375
    ],
    "7": [
        271862.96875,
        84918.4375,
        7644.5029296875
    ],
    "8": [
        271283.875,
        84322.046875,
        3822.25146484375
    ],
    "9": [
        272125.5,
        84661.671875,
        1911.125732421875
    ]
}