{
    "0": [
        202387.5,
        202387.5,
        291219.15625
    ],
    "1": [
        202387.5,
        202387.5,
        291219.15625
    ],
    "2": [
        139999.953125,
        130147.9609375,
        145609.578125
    ],
    "3": [
        170733.96875,
        121753.6171875,
        101926.703125
    ],
    "4": [
        169267.65625,
        123704.9921875,
        61156.0234375
    ],
    "5": [
        152345.78125,
        134359.6875,
        30578.01171875
    ],
    "6": [
        141243.453125,
        125594.46875,
        15289.005859375
    ],
    "7": [
        143431.75,
        130526.59375,
        7644.5029296875
    ]
}