{
    "0": [
        202387.5,
        202387.5,
        291219.15625
    ],
    "1": [
        202387.5,
        202387.5,
        291219.15625
    ],
    "2": [
        207107.046875,
        135357.703125,
        145609.578125
    ],
    "3": [
        222974.21875,
        166846.0625,
        101926.703125
    ],
    "4": [
        216344.765625,
        165443.609375,
        61156.0234375
    ],
    "5": [
        225619.015625,
        185480.890625,
        30578.01171875
    ],
    "6": [
        234105.390625,
        184088.8125,
        15289.005859375
    ],
    "7": [
        231535.109375,
        183471.8125,
        7644.5029296875
    ],
    "8": [
        233935.390625,
        183943.125,
        3822.25146484375
    ]
}