{
    "0": [
        202387.5,
        202387.5,
        291219.15625
    ],
    "1": [
        202387.5,
        202387.5,
        291219.15625
    ],
    "2": [
        175774.453125,
        125630.46875,
        145609.578125
    ],
    "3": [
        210133.125,
        106963.9375,
        101926.703125
    ],
    "4": [
        210043.015625,
        142592.703125,
        61156.0234375
    ],
    "5": [
        186798.859375,
        162270.171875,
        30578.01171875
    ],
    "6": [
        174532.515625,
        166511.4375,
        15289.005859375
    ],
    "7": [
        180548.71875,
        166429.171875,
        7644.5029296875
    ]
}