{
    "0": [
        202387.5,
        202387.5,
        291219.15625
    ],
    "1": [
        202387.5,
        202387.5,
        291219.15625
    ],
    "2": [
        302445.375,
        250999.65625,
        145609.578125
    ],
    "3": [
        278745,
        243711.75,
        101926.703125
    ],
    "4": [
        302064.1875,
        253006.296875,
        61156.0234375
    ],
    "5": [
        312480.375,
        269636.0625,
        30578.01171875
    ],
    "6": [
        318139.125,
        274894.46875,
        15289.005859375
    ],
    "7": [
        318058.21875,
        274407.5625,
        7644.5029296875
    ]
}