{
    "0": [
        202387.5,
        202387.5,
        291219.15625
    ],
    "1": [
        202387.5,
        202387.5,
        291219.15625
    ],
    "2": [
        190941.296875,
        211763.25,
        145609.578125
    ],
    "3": [
        219446.734375,
        219161.765625,
        101926.703125
    ],
    "4": [
        253097.34375,
        228000.328125,
        61156.0234375
    ],
    "5": [
        277775.8125,
        240488.671875,
        30578.01171875
    ],
    "6": [
        276851.1875,
        226684.59375,
        15289.005859375
    ]
}