{
    "0": [
        202387.5,
        202387.5,
        291219.15625
    ],
    "1": [
        202387.5,
        202387.5,
        291219.15625
    ],
    "2": [
        182245.03125,
        94699.4296875,
        145609.578125
    ],
    "3": [
        205391.53125,
        83224.7265625,
        101926.703125
    ],
    "4": [
        211646.203125,
        110062.875,
        61156.0234375
    ],
    "5": [
        220045.171875,
        134281.53125,
        30578.01171875
    ],
    "6": [
        211285.03125,
        131190.875,
        15289.005859375
    ],
    "7": [
        212390.15625,
        132434.078125,
        7644.5029296875
    ],
    "8": [
        212439.015625,
        136239.359375,
        3822.25146484375
    ]
}