{
    "0": [
        202387.5,
        202387.5,
        291219.15625
    ],
    "1": [
        202387.5,
        202387.5,
        291219.15625
    ],
    "2": [
        249557.390625,
        235034.203125,
        145609.578125
    ],
    "3": [
        245084.359375,
        214801.859375,
        101926.703125
    ],
    "4": [
        218081.46875,
        197545.265625,
        61156.0234375
    ],
    "5": [
        194835.296875,
        213618.328125,
        30578.01171875
    ],
    "6": [
        180626.421875,
        217505.53125,
        15289.005859375
    ],
    "7": [
        182758.71875,
        216069.296875,
        7644.5029296875
    ],
    "8": [
        183219.8125,
        216796.875,
        3822.25146484375
    ]
}