{
    "0": [
        202387.5,
        202387.5,
        291219.15625
    ],
    "1": [
        202387.5,
        202387.5,
        291219.15625
    ],
    "2": [
        148707.84375,
        186448.109375,
        145609.578125
    ],
    "3": [
        112894.953125,
        170878.71875,
        101926.703125
    ],
    "4": [
        151257.71875,
        183563.890625,
        61156.0234375
    ],
    "5": [
        157622.015625,
        197551.078125,
        30578.01171875
    ],
    "6": [
        158156.890625,
        189117.171875,
        15289.005859375
    ],
    "7": [
        160099.984375,
        183139.9375,
        7644.5029296875
    ],
    "8": [
        161035.359375,
        180761.796875,
        3822.25146484375
    ]
}