{
    "0": [
        202387.5,
        202387.5,
        291219.15625
    ],
    "1": [
        202387.5,
        202387.5,
        291219.15625
    ],
    "2": [
        195515.796875,
        256353.90625,
        145609.578125
    ],
    "3": [
        227384.953125,
        248205.53125,
        101926.703125
    ],
    "4": [
        199518.75,
        250638.125,
        61156.0234375
    ],
    "5": [
        208046.234375,
        270110.6875,
        30578.01171875
    ],
    "6": [
        209962.859375,
        264851.40625,
        15289.005859375
    ],
    "7": [
        214890.234375,
        263433.78125,
        7644.5029296875
    ]
}