{
    "0": [
        202387.5,
        202387.5,
        291219.15625
    ],
    "1": [
        202387.5,
        202387.5,
        291219.15625
    ],
    "2": [
        236510.28125,
        214594.84375,
        145609.578125
    ],
    "3": [
        239617.484375,
        189046.796875,
        101926.703125
    ],
    "4": [
        235786.046875,
        215047.21875,
        61156.0234375
    ],
    "5": [
        241903.5625,
        239860.78125,
        30578.01171875
    ],
    "6": [
        244698.5,
        236037.96875,
        15289.005859375
    ],
    "7": [
        245752.90625,
        234807.046875,
        7644.5029296875
    ]
}