{
    "0": [
        202387.5,
        202387.5,
        291219.15625
    ],
    "1": [
        202387.5,
        202387.5,
        291219.15625
    ],
    "2": [
        119461.3359375,
        265310.65625,
        145609.578125
    ],
    "3": [
        137384.09375,
        251639.875,
        101926.703125
    ],
    "4": [
        150293.21875,
        230782.203125,
        61156.0234375
    ],
    "5": [
        156391.03125,
        258673.765625,
        30578.01171875
    ],
    "6": [
        163783.546875,
        253107.359375,
        15289.005859375
    ],
    "7": [
        164741.015625,
        254434.8125,
        7644.5029296875
    ]
}