{
    "0": [
        202387.5,
        202387.5,
        291219.15625
    ],
    "1": [
        202387.5,
        202387.5,
        291219.15625
    ],
    "2": [
        105850.7265625,
        179190.421875,
        145609.578125
    ],
    "3": [
        90661.2265625,
        151957.171875,
        101926.703125
    ],
    "4": [
        101122.9296875,
        185497.515625,
        61156.0234375
    ],
    "5": [
        74821.4140625,
        197865.734375,
        30578.01171875
    ],
    "6": [
        66713.5625,
        196968.578125,
        15289.005859375
    ],
    "7": [
        61375.37890625,
        192018.765625,
        7644.5029296875
    ],
    "8": [
        60041.5625,
        191432.75,
        3822.25146484375
    ]
}