{
    "0": [
        202387.5,
        202387.5,
        291219.15625
    ],
    "1": [
        202387.5,
        202387.5,
        291219.15625
    ],
    "2": [
        167005.8125,
        228453.046875,
        145609.578125
    ],
    "3": [
        149013.75,
        265480.9375,
        101926.703125
    ],
    "4": [
        175208.171875,
        270696.84375,
        61156.0234375
    ],
    "5": [
        173829.546875,
        299487.28125,
        30578.01171875
    ],
    "6": [
        179748.28125,
        298306.71875,
        15289.005859375
    ],
    "7": [
        183314.75,
        304621.625,
        7644.5029296875
    ]
}