{
    "0": [
        202387.5,
        202387.5,
        291219.15625
    ],
    "1": [
        202387.5,
        202387.5,
        291219.15625
    ],
    "2": [
        222489.1875,
        240780.578125,
        145609.578125
    ],
    "3": [
        212780.84375,
        202463.484375,
        101926.703125
    ],
    "4": [
        238594.65625,
        204603.234375,
        61156.0234375
    ],
    "5": [
        260499.078125,
        202217.484375,
        30578.01171875
    ],
    "6": [
        268218.84375,
        214507.359375,
        15289.005859375
    ],
    "7": [
        268004.375,
        209876.9375,
        7644.5029296875
    ]
}