{
    "0": [
        202387.5,
        202387.5,
        291219.15625
    ],
    "1": [
        202387.5,
        202387.5,
        291219.15625
    ],
    "2": [
        192716.21875,
        121080.859375,
        145609.578125
    ],
    "3": [
        209342.59375,
        138196.3125,
        101926.703125
    ],
    "4": [
        235515.484375,
        133954.515625,
        61156.0234375
    ],
    "5": [
        249664.609375,
        111714.6796875,
        30578.01171875
    ],
    "6": [
        252310.015625,
        125598.65625,
        15289.005859375
    ],
    "7": [
        251513.578125,
        123040.796875,
        7644.5029296875
    ],
    "8": [
        249376.28125,
        121617.8984375,
        3822.25146484375
    ]
}