{
    "0": [
        202387.5,
        202387.5,
        291219.15625
    ],
    "1": [
        202387.5,
        202387.5,
        291219.15625
    ],
    "2": [
        208906.125,
        317783.1875,
        145609.578125
    ],
    "3": [
        197108.359375,
        335768.34375,
        101926.703125
    ],
    "4": [
        175214.875,
        339043.25,
        61156.0234375
    ],
    "5": [
        180098.09375,
        342521.5625,
        30578.01171875
    ],
    "6": [
        192025.84375,
        337621.3125,
        15289.005859375
    ],
    "7": [
        189800.875,
        338312,
        7644.5029296875
    ]
}