{
    "0": [
        202387.5,
        202387.5,
        291219.15625
    ],
    "1": [
        202387.5,
        202387.5,
        291219.15625
    ],
    "2": [
        291894.1875,
        128676.703125,
        145609.578125
    ],
    "3": [
        288818.625,
        141226.5625,
        101926.703125
    ],
    "4": [
        286969.03125,
        116001.203125,
        61156.0234375
    ],
    "5": [
        285246.75,
        126937.8671875,
        30578.01171875
    ],
    "6": [
        275521.875,
        122013.734375,
        15289.005859375
    ],
    "7": [
        280433.1875,
        124194.5,
        7644.5029296875
    ],
    "8": [
        281229.71875,
        125431.5390625,
        3822.25146484375
    ]
}