{
    "0": [
        202387.5,
        202387.5,
        291219.15625
    ],
    "1": [
        202387.5,
        202387.5,
        291219.15625
    ],
    "2": [
        299791.3125,
        241086.296875,
        145609.578125
    ],
    "3": [
        268296.40625,
        212845.5625,
        101926.703125
    ],
    "4": [
        228307.203125,
        211018.578125,
        61156.0234375
    ],
    "5": [
        233809.625,
        209030.875,
        30578.01171875
    ],
    "6": [
        239849.046875,
        215135.078125,
        15289.005859375
    ],
    "7": [
        244079.671875,
        215666.328125,
        7644.5029296875
    ],
    "8": [
        241379.234375,
        216881.796875,
        3822.25146484375
    ]
}