{
    "0": [
        202387.5,
        202387.5,
        291219.15625
    ],
    "1": [
        202387.5,
        202387.5,
        291219.15625
    ],
    "2": [
        146614.765625,
        144955.640625,
        145609.578125
    ],
    "3": [
        115016.703125,
        174147.59375,
        101926.703125
    ],
    "4": [
        86366.640625,
        190240.046875,
        61156.0234375
    ],
    "5": [
        97289.078125,
        162170.28125,
        30578.01171875
    ],
    "6": [
        96096.8671875,
        156953.28125,
        15289.005859375
    ],
    "7": [
        94885.8984375,
        152467.015625,
        7644.5029296875
    ]
}