{
    "0": [
        202387.5,
        202387.5,
        291219.15625
    ],
    "1": [
        202387.5,
        202387.5,
        291219.15625
    ],
    "2": [
        247968.796875,
        277786.40625,
        145609.578125
    ],
    "3": [
        253709.125,
        311298.4375,
        101926.703125
    ],
    "4": [
        238718.53125,
        308998.6875,
        61156.0234375
    ],
    "5": [
        227427.25,
        325423.46875,
        30578.01171875
    ],
    "6": [
        227096.5625,
        311106.875,
        15289.005859375
    ],
    "7": [
        223297.265625,
        306072.28125,
        7644.5029296875
    ],
    "8": [
        223938.203125,
        308008.28125,
        3822.25146484375
    ]
}