{
    "0": [
        202387.5,
        202387.5,
        291219.15625
    ],
    "1": [
        202387.5,
        202387.5,
        291219.15625
    ],
    "2": [
        130719.4609375,
        229215.484375,
        145609.578125
    ],
    "3": [
        144246.046875,
        207239.1875,
        101926.703125
    ],
    "4": [
        104087.765625,
        205907.734375,
        61156.0234375
    ],
    "5": [
        100258.890625,
        224337.796875,
        30578.01171875
    ],
    "6": [
        106464.96875,
        220289.484375,
        15289.005859375
    ],
    "7": [
        111038.2734375,
        219319.84375,
        7644.5029296875
    ],
    "8": [
        108437.6328125,
        220763.734375,
        3822.25146484375
    ]
}