{
    "0": [
        202387.5,
        202387.5,
        291219.15625
    ],
    "1": [
        202387.5,
        202387.5,
        291219.15625
    ],
    "2": [
        231108.625,
        155162.3125,
        145609.578125
    ],
    "3": [
        248049.5625,
        167786.296875,
        101926.703125
    ],
    "4": [
        214060.390625,
        166871.34375,
        61156.0234375
    ],
    "5": [
        216123.953125,
        193032.21875,
        30578.01171875
    ],
    "6": [
        207845.75,
        196114.03125,
        15289.005859375
    ],
    "7": [
        209841.765625,
        194750.71875,
        7644.5029296875
    ],
    "8": [
        208622.53125,
        191308.921875,
        3822.25146484375
    ]
}