{
    "0": [
        202387.5,
        202387.5,
        291219.15625
    ],
    "1": [
        202387.5,
        202387.5,
        291219.15625
    ],
    "2": [
        114917.265625,
        278896.5,
        145609.578125
    ],
    "3": [
        86908.328125,
        300154.1875,
        101926.703125
    ],
    "4": [
        115631.6953125,
        314542.71875,
        61156.0234375
    ],
    "5": [
        115489.328125,
        329664.75,
        30578.01171875
    ],
    "6": [
        101808.140625,
        330128.1875,
        15289.005859375
    ],
    "7": [
        103058.8671875,
        327180.78125,
        7644.5029296875
    ]
}