{
    "0": [
        202387.5,
        202387.5,
        291219.15625
    ],
    "1": [
        202387.5,
        202387.5,
        291219.15625
    ],
    "2": [
        118060.2578125,
        130449.7421875,
        145609.578125
    ],
    "3": [
        129130.1796875,
        170004.53125,
        101926.703125
    ],
    "4": [
        140790.3125,
        160687.953125,
        61156.0234375
    ],
    "5": [
        157587.75,
        180510.75,
        30578.01171875
    ],
    "6": [
        150646.484375,
        175246.515625,
        15289.005859375
    ]
}