{
    "0": [
        202387.5,
        202387.5,
        291219.15625
    ],
    "1": [
        202387.5,
        202387.5,
        291219.15625
    ],
    "2": [
        179522.8125,
        183791.03125,
        145609.578125
    ],
    "3": [
        148070.28125,
        190689.1875,
        101926.703125
    ],
    "4": [
        136704.78125,
        229317.34375,
        61156.0234375
    ],
    "5": [
        151183.296875,
        228566.125,
        30578.01171875
    ],
    "6": [
        166443.453125,
        228431.203125,
        15289.005859375
    ],
    "7": [
        167322.546875,
        229712.703125,
        7644.5029296875
    ],
    "8": [
        170086.671875,
        231413.21875,
        3822.25146484375
    ]
}