{
    "0": [
        202387.5,
        202387.5,
        291219.15625
    ],
    "1": [
        202387.5,
        202387.5,
        291219.15625
    ],
    "2": [
        177081.390625,
        205405.484375,
        145609.578125
    ],
    "3": [
        201961.828125,
        180312.75,
        101926.703125
    ],
    "4": [
        222591.46875,
        213356.21875,
        61156.0234375
    ],
    "5": [
        212696.5625,
        228062.390625,
        30578.01171875
    ],
    "6": [
        218675.296875,
        225462.421875,
        15289.005859375
    ],
    "7": [
        216649.703125,
        230834.5625,
        7644.5029296875
    ]
}