{
    "0": [
        202387.5,
        202387.5,
        291219.15625
    ],
    "1": [
        202387.5,
        202387.5,
        291219.15625
    ],
    "2": [
        280577.5625,
        161036.125,
        145609.578125
    ],
    "3": [
        305013.375,
        140483.375,
        101926.703125
    ],
    "4": [
        334425.1875,
        132580.515625,
        61156.0234375
    ],
    "5": [
        354717.40625,
        112290.734375,
        30578.01171875
    ],
    "6": [
        343758.03125,
        101757.625,
        15289.005859375
    ]
}