{
    "0": [
        202387.5,
        202387.5,
        291219.15625
    ],
    "1": [
        202387.5,
        202387.5,
        291219.15625
    ],
    "2": [
        129802.6875,
        116356.8828125,
        145609.578125
    ],
    "3": [
        168424.53125,
        97087.6875,
        101926.703125
    ],
    "4": [
        131983.09375,
        113933.515625,
        61156.0234375
    ],
    "5": [
        127975.7890625,
        114715.4453125,
        30578.01171875
    ],
    "6": [
        137552.328125,
        124561.6171875,
        15289.005859375
    ],
    "7": [
        136540.828125,
        120898.671875,
        7644.5029296875
    ],
    "8": [
        134139.453125,
        121582.71875,
        3822.25146484375
    ]
}