{
    "0": [
        202387.5,
        202387.5,
        291219.15625
    ],
    "1": [
        202387.5,
        202387.5,
        291219.15625
    ],
    "2": [
        218349.078125,
        281479.3125,
        145609.578125
    ],
    "3": [
        216381.3125,
        248038.390625,
        101926.703125
    ],
    "4": [
        245654.75,
        244390.3125,
        61156.0234375
    ],
    "5": [
        228855.09375,
        228354.359375,
        30578.01171875
    ],
    "6": [
        226704.671875,
        237865.9375,
        15289.005859375
    ],
    "7": [
        222772.75,
        233098.4375,
        7644.5029296875
    ]
}