{
    "0": [
        202387.5,
        202387.5,
        291219.15625
    ],
    "1": [
        202387.5,
        202387.5,
        291219.15625
    ],
    "2": [
        287741.875,
        171489.96875,
        145609.578125
    ],
    "3": [
        274887.25,
        170964.078125,
        101926.703125
    ],
    "4": [
        298599.34375,
        182803.609375,
        61156.0234375
    ],
    "5": [
        290632.65625,
        177115.71875,
        30578.01171875
    ],
    "6": [
        290855.71875,
        177474.703125,
        15289.005859375
    ]
}