{
    "0": [
        202387.5,
        202387.5,
        291219.15625
    ],
    "1": [
        202387.5,
        202387.5,
        291219.15625
    ],
    "2": [
        296762.46875,
        219214.25,
        145609.578125
    ],
    "3": [
        300468.03125,
        230334.453125,
        101926.703125
    ],
    "4": [
        316442.875,
        194078.40625,
        61156.0234375
    ],
    "5": [
        309999.125,
        176158.78125,
        30578.01171875
    ],
    "6": [
        301775.90625,
        183598.375,
        15289.005859375
    ],
    "7": [
        304827.625,
        182124.4375,
        7644.5029296875
    ],
    "8": [
        305660.15625,
        185308.6875,
        3822.25146484375
    ]
}