{
    "0": [
        202387.5,
        202387.5,
        291219.15625
    ],
    "1": [
        202387.5,
        202387.5,
        291219.15625
    ],
    "2": [
        191960.671875,
        191076.578125,
        145609.578125
    ],
    "3": [
        190098.671875,
        197169.71875,
        101926.703125
    ],
    "4": [
        189289.453125,
        222231.59375,
        61156.0234375
    ],
    "5": [
        197212.09375,
        246210.140625,
        30578.01171875
    ],
    "6": [
        202233.90625,
        235172.25,
        15289.005859375
    ],
    "7": [
        205148.125,
        237715.5625,
        7644.5029296875
    ]
}