{
    "0": [
        202387.5,
        202387.5,
        291219.15625
    ],
    "1": [
        202387.5,
        202387.5,
        291219.15625
    ],
    "2": [
        201090.203125,
        299276.625,
        145609.578125
    ],
    "3": [
        221120.84375,
        315597.34375,
        101926.703125
    ],
    "4": [
        192073.59375,
        317451.625,
        61156.0234375
    ],
    "5": [
        197281.6875,
        344039.28125,
        30578.01171875
    ],
    "6": [
        197528.34375,
        341232.21875,
        15289.005859375
    ]
}