{
    "0": [
        202387.5,
        202387.5,
        291219.15625
    ],
    "1": [
        202387.5,
        202387.5,
        291219.15625
    ],
    "2": [
        101488.7265625,
        170782.0625,
        145609.578125
    ],
    "3": [
        125023.109375,
        178715.296875,
        101926.703125
    ],
    "4": [
        104926.234375,
        174433.515625,
        61156.0234375
    ],
    "5": [
        112751.7265625,
        151456.5625,
        30578.01171875
    ],
    "6": [
        97895.3203125,
        153540.75,
        15289.005859375
    ],
    "7": [
        93318.859375,
        150672.03125,
        7644.5029296875
    ],
    "8": [
        91084.7265625,
        149963.765625,
        3822.25146484375
    ]
}