{
    "0": [
        202387.5,
        202387.5,
        291219.15625
    ],
    "1": [
        202387.5,
        202387.5,
        291219.15625
    ],
    "2": [
        195813.953125,
        197657.546875,
        145609.578125
    ],
    "3": [
        198636.5625,
        182169.703125,
        101926.703125
    ],
    "4": [
        168326.53125,
        156890.78125,
        61156.0234375
    ],
    "5": [
        151375.21875,
        162351.4375,
        30578.01171875
    ],
    "6": [
        159190.28125,
        167227.71875,
        15289.005859375
    ],
    "7": [
        162893.5625,
        172037.78125,
        7644.5029296875
    ]
}