{
    "0": [
        202387.5,
        202387.5,
        291219.15625
    ],
    "1": [
        202387.5,
        202387.5,
        291219.15625
    ],
    "2": [
        138516.03125,
        159556.84375,
        145609.578125
    ],
    "3": [
        124381.46875,
        126017.0390625,
        101926.703125
    ],
    "4": [
        102059.3359375,
        160051.3125,
        61156.0234375
    ],
    "5": [
        86307.328125,
        139221.25,
        30578.01171875
    ],
    "6": [
        97593.6171875,
        141484.90625,
        15289.005859375
    ],
    "7": [
        98975.53125,
        139589.671875,
        7644.5029296875
    ]
}