{
    "0": [
        202387.5,
        202387.5,
        291219.15625
    ],
    "1": [
        202387.5,
        202387.5,
        291219.15625
    ],
    "2": [
        275415.4375,
        229073.34375,
        145609.578125
    ],
    "3": [
        288351.71875,
        224544.515625,
        101926.703125
    ],
    "4": [
        294820.0625,
        264151.4375,
        61156.0234375
    ],
    "5": [
        285879.6875,
        238110.734375,
        30578.01171875
    ],
    "6": [
        285256.46875,
        232514.515625,
        15289.005859375
    ],
    "7": [
        279289.84375,
        234155.53125,
        7644.5029296875
    ],
    "8": [
        277721.4375,
        234493.484375,
        3822.25146484375
    ]
}