{
    "0": [
        202387.5,
        202387.5,
        291219.15625
    ],
    "1": [
        202387.5,
        202387.5,
        291219.15625
    ],
    "2": [
        90224.8515625,
        223535.875,
        145609.578125
    ],
    "3": [
        98236.9140625,
        202632.5,
        101926.703125
    ],
    "4": [
        125261.6875,
        199340.984375,
        61156.0234375
    ],
    "5": [
        147060.40625,
        216359.796875,
        30578.01171875
    ],
    "6": [
        153797.03125,
        223651.296875,
        15289.005859375
    ],
    "7": [
        149411.546875,
        217569.171875,
        7644.5029296875
    ]
}