{
    "0": [
        202387.5,
        202387.5,
        291219.15625
    ],
    "1": [
        202387.5,
        202387.5,
        291219.15625
    ],
    "2": [
        129310.5390625,
        148797.15625,
        145609.578125
    ],
    "3": [
        91987.28125,
        130027.875,
        101926.703125
    ],
    "4": [
        83541.3828125,
        167467.671875,
        61156.0234375
    ],
    "5": [
        90289.40625,
        177535.328125,
        30578.01171875
    ],
    "6": [
        81637.640625,
        172832.953125,
        15289.005859375
    ],
    "7": [
        89220.0390625,
        172377.046875,
        7644.5029296875
    ]
}