{
    "0": [
        202387.5,
        202387.5,
        291219.15625
    ],
    "1": [
        202387.5,
        202387.5,
        291219.15625
    ],
    "2": [
        144368.375,
        234966.265625,
        145609.578125
    ],
    "3": [
        146964.46875,
        269755.4375,
        101926.703125
    ],
    "4": [
        157045.890625,
        307205.0625,
        61156.0234375
    ],
    "5": [
        151604.609375,
        322685.78125,
        30578.01171875
    ],
    "6": [
        147968.328125,
        317339.0625,
        15289.005859375
    ],
    "7": [
        142644.34375,
        322322.0625,
        7644.5029296875
    ]
}