{
    "0": [
        202387.5,
        202387.5,
        291219.15625
    ],
    "1": [
        202387.5,
        202387.5,
        291219.15625
    ],
    "2": [
        196117.5,
        149694.375,
        145609.578125
    ],
    "3": [
        213840.09375,
        174973.28125,
        101926.703125
    ],
    "4": [
        176888.90625,
        168395.6875,
        61156.0234375
    ],
    "5": [
        154962.28125,
        176972.265625,
        30578.01171875
    ],
    "6": [
        148154.96875,
        180285.734375,
        15289.005859375
    ],
    "7": [
        145223.859375,
        180535.625,
        7644.5029296875
    ]
}