{
    "0": [
        202387.5,
        202387.5,
        291219.15625
    ],
    "1": [
        202387.5,
        202387.5,
        291219.15625
    ],
    "2": [
        195226.9375,
        115871.2734375,
        145609.578125
    ],
    "3": [
        198077.671875,
        85782.1796875,
        101926.703125
    ],
    "4": [
        180866.328125,
        119422.25,
        61156.0234375
    ],
    "5": [
        204828.921875,
        114351.4765625,
        30578.01171875
    ],
    "6": [
        208158.921875,
        118203.78125,
        15289.005859375
    ],
    "7": [
        203663.84375,
        118463.5078125,
        7644.5029296875
    ]
}