{
    "0": [
        202387.5,
        202387.5,
        291219.15625
    ],
    "1": [
        202387.5,
        202387.5,
        291219.15625
    ],
    "2": [
        169727.765625,
        297097.5625,
        145609.578125
    ],
    "3": [
        138597.046875,
        290542.84375,
        101926.703125
    ],
    "4": [
        169730.75,
        286676.34375,
        61156.0234375
    ],
    "5": [
        172149.375,
        309970,
        30578.01171875
    ],
    "6": [
        169380.640625,
        310218.53125,
        15289.005859375
    ],
    "7": [
        171773.421875,
        306931.03125,
        7644.5029296875
    ]
}