{
    "0": [
        202387.5,
        202387.5,
        291219.15625
    ],
    "1": [
        202387.5,
        202387.5,
        291219.15625
    ],
    "2": [
        170795.5625,
        120169.125,
        145609.578125
    ],
    "3": [
        156875.515625,
        142665.5,
        101926.703125
    ],
    "4": [
        126788.140625,
        165564.234375,
        61156.0234375
    ],
    "5": [
        131067.78125,
        145603.0625,
        30578.01171875
    ],
    "6": [
        128765.828125,
        153890.125,
        15289.005859375
    ],
    "7": [
        123021.3671875,
        152449.71875,
        7644.5029296875
    ]
}