{
    "0": [
        202387.5,
        202387.5,
        291219.15625
    ],
    "1": [
        202387.5,
        202387.5,
        291219.15625
    ],
    "2": [
        308722.4375,
        186155.265625,
        145609.578125
    ],
    "3": [
        306341.6875,
        161741.65625,
        101926.703125
    ],
    "4": [
        325055.6875,
        149893.421875,
        61156.0234375
    ],
    "5": [
        338232,
        139241.59375,
        30578.01171875
    ],
    "6": [
        343058.40625,
        130554.2890625,
        15289.005859375
    ],
    "7": [
        347963.96875,
        129847.7265625,
        7644.5029296875
    ],
    "8": [
        350859.90625,
        130787.0546875,
        3822.25146484375
    ]
}