{
    "0": [
        202387.5,
        202387.5,
        291219.15625
    ],
    "1": [
        202387.5,
        202387.5,
        291219.15625
    ],
    "2": [
        287919.09375,
        249361.40625,
        145609.578125
    ],
    "3": [
        284101.875,
        205859.171875,
        101926.703125
    ],
    "4": [
        286737.28125,
        232070.8125,
        61156.0234375
    ],
    "5": [
        271327.8125,
        237177.953125,
        30578.01171875
    ],
    "6": [
        260691.03125,
        232435.0625,
        15289.005859375
    ],
    "7": [
        256601.078125,
        231105.21875,
        7644.5029296875
    ],
    "8": [
        258037.296875,
        229534.09375,
        3822.25146484375
    ]
}