{
    "0": [
        202387.5,
        202387.5,
        291219.15625
    ],
    "1": [
        202387.5,
        202387.5,
        291219.15625
    ],
    "2": [
        230057.109375,
        149604.609375,
        145609.578125
    ],
    "3": [
        252323.828125,
        140521.828125,
        101926.703125
    ],
    "4": [
        247932.484375,
        152249.046875,
        61156.0234375
    ],
    "5": [
        249695.6875,
        158336.859375,
        30578.01171875
    ],
    "6": [
        252353.5625,
        155521.78125,
        15289.005859375
    ],
    "7": [
        256222.21875,
        150613.078125,
        7644.5029296875
    ]
}