{
    "0": [
        202387.5,
        202387.5,
        291219.15625
    ],
    "1": [
        202387.5,
        202387.5,
        291219.15625
    ],
    "2": [
        186620.046875,
        244486.5,
        145609.578125
    ],
    "3": [
        195859.46875,
        243293.34375,
        101926.703125
    ],
    "4": [
        171254.046875,
        221913.6875,
        61156.0234375
    ],
    "5": [
        143474.484375,
        234113.515625,
        30578.01171875
    ],
    "6": [
        137547.34375,
        230753.421875,
        15289.005859375
    ],
    "7": [
        135896.640625,
        226342.9375,
        7644.5029296875
    ],
    "8": [
        136541.703125,
        227294.5625,
        3822.25146484375
    ]
}