{
    "0": [
        202387.5,
        202387.5,
        291219.15625
    ],
    "1": [
        202387.5,
        202387.5,
        291219.15625
    ],
    "2": [
        275770.1875,
        183813.59375,
        145609.578125
    ],
    "3": [
        280696.21875,
        140935.734375,
        101926.703125
    ],
    "4": [
        290591.6875,
        148168.921875,
        61156.0234375
    ],
    "5": [
        293804.6875,
        173002.375,
        30578.01171875
    ],
    "6": [
        286727.1875,
        168037.09375,
        15289.005859375
    ],
    "7": [
        281298.28125,
        167383.171875,
        7644.5029296875
    ]
}