{
    "0": [
        202387.5,
        202387.5,
        291219.15625
    ],
    "1": [
        202387.5,
        202387.5,
        291219.15625
    ],
    "2": [
        205306.5625,
        197597.0625,
        145609.578125
    ],
    "3": [
        191850.921875,
        178997.484375,
        101926.703125
    ],
    "4": [
        192451.265625,
        207220.09375,
        61156.0234375
    ],
    "5": [
        180572,
        215003,
        30578.01171875
    ],
    "6": [
        172487.5625,
        219534.578125,
        15289.005859375
    ]
}