{
    "0": [
        202387.5,
        202387.5,
        291219.15625
    ],
    "1": [
        202387.5,
        202387.5,
        291219.15625
    ],
    "2": [
        212069.515625,
        152240.96875,
        145609.578125
    ],
    "3": [
        204311.953125,
        185570.046875,
        101926.703125
    ],
    "4": [
        233846.171875,
        184807.703125,
        61156.0234375
    ],
    "5": [
        229031.546875,
        164955.640625,
        30578.01171875
    ],
    "6": [
        236988.671875,
        155262.75,
        15289.005859375
    ],
    "7": [
        239579.6875,
        151500.109375,
        7644.5029296875
    ]
}