{
    "0": [
        202387.5,
        202387.5,
        291219.15625
    ],
    "1": [
        202387.5,
        202387.5,
        291219.15625
    ],
    "2": [
        303688.75,
        236916.65625,
        145609.578125
    ],
    "3": [
        274106.40625,
        238998.15625,
        101926.703125
    ],
    "4": [
        306978.4375,
        242450,
        61156.0234375
    ],
    "5": [
        327394.3125,
        263725.03125,
        30578.01171875
    ],
    "6": [
        335798.53125,
        269993.90625,
        15289.005859375
    ],
    "7": [
        334911.75,
        262842.5625,
        7644.5029296875
    ]
}