{
    "0": [
        202387.5,
        202387.5,
        291219.15625
    ],
    "1": [
        202387.5,
        202387.5,
        291219.15625
    ],
    "2": [
        134711.359375,
        258486.25,
        145609.578125
    ],
    "3": [
        157472.984375,
        241478.328125,
        101926.703125
    ],
    "4": [
        125360.40625,
        234593.953125,
        61156.0234375
    ],
    "5": [
        134472.796875,
        209884.828125,
        30578.01171875
    ],
    "6": [
        132698.15625,
        201632.578125,
        15289.005859375
    ],
    "7": [
        131269.5,
        198088.453125,
        7644.5029296875
    ]
}