{
    "0": [
        202387.5,
        202387.5,
        291219.15625
    ],
    "1": [
        202387.5,
        202387.5,
        291219.15625
    ],
    "2": [
        207997.4375,
        163076.265625,
        145609.578125
    ],
    "3": [
        209216.6875,
        172801.15625,
        101926.703125
    ],
    "4": [
        184562.015625,
        200214.90625,
        61156.0234375
    ],
    "5": [
        205620.25,
        221235.265625,
        30578.01171875
    ],
    "6": [
        210168.5625,
        218536.921875,
        15289.005859375
    ],
    "7": [
        208707.71875,
        214733.6875,
        7644.5029296875
    ]
}