{
    "0": [
        202387.5,
        202387.5,
        291219.15625
    ],
    "1": [
        202387.5,
        202387.5,
        291219.15625
    ],
    "2": [
        180542.875,
        314424.59375,
        145609.578125
    ],
    "3": [
        177408.53125,
        298906.875,
        101926.703125
    ],
    "4": [
        157464.90625,
        267832.21875,
        61156.0234375
    ],
    "5": [
        127306.1875,
        264308.96875,
        30578.01171875
    ],
    "6": [
        134825.46875,
        253390.640625,
        15289.005859375
    ],
    "7": [
        128937.3828125,
        251384.5625,
        7644.5029296875
    ]
}