{
    "0": [
        202387.5,
        202387.5,
        291219.15625
    ],
    "1": [
        202387.5,
        202387.5,
        291219.15625
    ],
    "2": [
        316934.96875,
        219486.03125,
        145609.578125
    ],
    "3": [
        348668.875,
        246069.765625,
        101926.703125
    ],
    "4": [
        354436.78125,
        225135.609375,
        61156.0234375
    ],
    "5": [
        333364.0625,
        221290.390625,
        30578.01171875
    ],
    "6": [
        346900.625,
        226985.359375,
        15289.005859375
    ],
    "7": [
        346496.1875,
        233206.203125,
        7644.5029296875
    ]
}