{
    "0": [
        202387.5,
        202387.5,
        291219.15625
    ],
    "1": [
        202387.5,
        202387.5,
        291219.15625
    ],
    "2": [
        175165.015625,
        214251,
        145609.578125
    ],
    "3": [
        154807.09375,
        190438.015625,
        101926.703125
    ],
    "4": [
        145023.296875,
        206106.078125,
        61156.0234375
    ],
    "5": [
        122840.6015625,
        204639.9375,
        30578.01171875
    ]
}