{
    "0": [
        202387.5,
        202387.5,
        291219.15625
    ],
    "1": [
        202387.5,
        202387.5,
        291219.15625
    ],
    "2": [
        183889.390625,
        212197.390625,
        145609.578125
    ],
    "3": [
        206974.1875,
        216898.046875,
        101926.703125
    ],
    "4": [
        178268.515625,
        233122.46875,
        61156.0234375
    ],
    "5": [
        159383.21875,
        221587.71875,
        30578.01171875
    ],
    "6": [
        146606.953125,
        223478.375,
        15289.005859375
    ],
    "7": [
        151163.96875,
        217697.953125,
        7644.5029296875
    ],
    "8": [
        148246.78125,
        218929.390625,
        3822.25146484375
    ]
}