{
    "0": [
        202387.5,
        202387.5,
        291219.15625
    ],
    "1": [
        202387.5,
        202387.5,
        291219.15625
    ],
    "2": [
        189823.5625,
        245311.03125,
        145609.578125
    ],
    "3": [
        204434.703125,
        235357.734375,
        101926.703125
    ],
    "4": [
        206553.0625,
        207334.96875,
        61156.0234375
    ],
    "5": [
        209051.96875,
        235053.28125,
        30578.01171875
    ],
    "6": [
        215127.65625,
        241078,
        15289.005859375
    ]
}