{
    "0": [
        202387.5,
        202387.5,
        291219.15625
    ],
    "1": [
        202387.5,
        202387.5,
        291219.15625
    ],
    "2": [
        266255.65625,
        153080.59375,
        145609.578125
    ],
    "3": [
        295118.9375,
        149294.984375,
        101926.703125
    ],
    "4": [
        313159.1875,
        158323.140625,
        61156.0234375
    ],
    "5": [
        324466.28125,
        148610.109375,
        30578.01171875
    ],
    "6": [
        324188.78125,
        147337,
        15289.005859375
    ],
    "7": [
        319684.09375,
        153184.46875,
        7644.5029296875
    ]
}