{
    "0": [
        202387.5,
        202387.5,
        291219.15625
    ],
    "1": [
        202387.5,
        202387.5,
        291219.15625
    ],
    "2": [
        224602.0625,
        88818.7578125,
        145609.578125
    ],
    "3": [
        240253.21875,
        60924.765625,
        101926.703125
    ],
    "4": [
        262345.96875,
        51226.1796875,
        61156.0234375
    ],
    "5": [
        256349.328125,
        54950.703125,
        30578.01171875
    ],
    "6": [
        247123.59375,
        44685.35546875,
        15289.005859375
    ],
    "7": [
        246165.15625,
        47394.375,
        7644.5029296875
    ]
}