{
    "0": [
        202387.5,
        202387.5,
        291219.15625
    ],
    "1": [
        202387.5,
        202387.5,
        291219.15625
    ],
    "2": [
        191433.078125,
        280341.15625,
        145609.578125
    ],
    "3": [
        200882.53125,
        245599.4375,
        101926.703125
    ],
    "4": [
        180229.875,
        214738.875,
        61156.0234375
    ],
    "5": [
        173727.359375,
        201615.4375,
        30578.01171875
    ],
    "6": [
        175273.328125,
        213938.5,
        15289.005859375
    ],
    "7": [
        171092.09375,
        216342.40625,
        7644.5029296875
    ]
}