{
    "0": [
        202387.5,
        202387.5,
        291219.15625
    ],
    "1": [
        202387.5,
        202387.5,
        291219.15625
    ],
    "2": [
        236556.234375,
        126862.7578125,
        145609.578125
    ],
    "3": [
        229060.09375,
        145259.21875,
        101926.703125
    ],
    "4": [
        216160.390625,
        157661.640625,
        61156.0234375
    ],
    "5": [
        229767.984375,
        145900.703125,
        30578.01171875
    ],
    "6": [
        227018.625,
        160196.609375,
        15289.005859375
    ],
    "7": [
        229800.1875,
        164509.203125,
        7644.5029296875
    ]
}