{
    "0": [
        202387.5,
        202387.5,
        291219.15625
    ],
    "1": [
        202387.5,
        202387.5,
        291219.15625
    ],
    "2": [
        209658.140625,
        308959.4375,
        145609.578125
    ],
    "3": [
        194573.9375,
        320232.34375,
        101926.703125
    ],
    "4": [
        175318.171875,
        285914.65625,
        61156.0234375
    ],
    "5": [
        177941.4375,
        268552.9375,
        30578.01171875
    ],
    "6": [
        192068.296875,
        265207.59375,
        15289.005859375
    ],
    "7": [
        195541.90625,
        270110.875,
        7644.5029296875
    ],
    "8": [
        195001.265625,
        269842.875,
        3822.25146484375
    ],
    "9": [
        195925.5625,
        269424.09375,
        1911.125732421875
    ]
}