{
    "0": [
        202387.5,
        202387.5,
        291219.15625
    ],
    "1": [
        202387.5,
        202387.5,
        291219.15625
    ],
    "2": [
        152336.125,
        280607.71875,
        145609.578125
    ],
    "3": [
        122293.625,
        268054.40625,
        101926.703125
    ],
    "4": [
        122383.5078125,
        281463.03125,
        61156.0234375
    ],
    "5": [
        108537.9375,
        268126.40625,
        30578.01171875
    ],
    "6": [
        114573.71875,
        278592.09375,
        15289.005859375
    ]
}