{
    "0": [
        202387.5,
        202387.5,
        291219.15625
    ],
    "1": [
        202387.5,
        202387.5,
        291219.15625
    ],
    "2": [
        192985.140625,
        98248.6640625,
        145609.578125
    ],
    "3": [
        184625.046875,
        79482.515625,
        101926.703125
    ],
    "4": [
        176986.703125,
        105986.2421875,
        61156.0234375
    ],
    "5": [
        161524.359375,
        84448.5390625,
        30578.01171875
    ],
    "6": [
        170859.84375,
        82234.8359375,
        15289.005859375
    ],
    "7": [
        172547.265625,
        89474.828125,
        7644.5029296875
    ]
}