{
    "0": [
        202387.5,
        202387.5,
        291219.15625
    ],
    "1": [
        202387.5,
        202387.5,
        291219.15625
    ],
    "2": [
        198856.28125,
        297007.1875,
        145609.578125
    ],
    "3": [
        230068.984375,
        282491.9375,
        101926.703125
    ],
    "4": [
        229891.5625,
        258912.8125,
        61156.0234375
    ],
    "5": [
        247220.25,
        235168.453125,
        30578.01171875
    ],
    "6": [
        239169.265625,
        227721.828125,
        15289.005859375
    ],
    "7": [
        244820.125,
        225447.578125,
        7644.5029296875
    ]
}