{
    "0": [
        202387.5,
        202387.5,
        291219.15625
    ],
    "1": [
        202387.5,
        202387.5,
        291219.15625
    ],
    "2": [
        134008.125,
        239240.390625,
        145609.578125
    ],
    "3": [
        124162.109375,
        259720.453125,
        101926.703125
    ],
    "4": [
        122902.734375,
        281681.71875,
        61156.0234375
    ],
    "5": [
        133847.359375,
        253305.875,
        30578.01171875
    ],
    "6": [
        143985.78125,
        261992.515625,
        15289.005859375
    ],
    "7": [
        139144.46875,
        261588.84375,
        7644.5029296875
    ]
}