{
    "0": [
        202387.5,
        202387.5,
        291219.15625
    ],
    "1": [
        202387.5,
        202387.5,
        291219.15625
    ],
    "2": [
        236739.90625,
        194538.484375,
        145609.578125
    ],
    "3": [
        279639.0625,
        199088.359375,
        101926.703125
    ],
    "4": [
        271053.34375,
        223552.984375,
        61156.0234375
    ],
    "5": [
        281429.34375,
        246964.140625,
        30578.01171875
    ],
    "6": [
        286214.03125,
        252311.765625,
        15289.005859375
    ],
    "7": [
        292954.3125,
        249776.78125,
        7644.5029296875
    ],
    "8": [
        289954.53125,
        251596.234375,
        3822.25146484375
    ]
}