{
    "0": [
        202387.5,
        202387.5,
        291219.15625
    ],
    "1": [
        202387.5,
        202387.5,
        291219.15625
    ],
    "2": [
        203736.953125,
        287928.1875,
        145609.578125
    ],
    "3": [
        167701.09375,
        305055.15625,
        101926.703125
    ],
    "4": [
        188142.015625,
        333907.6875,
        61156.0234375
    ],
    "5": [
        208872.546875,
        346464.3125,
        30578.01171875
    ],
    "6": [
        214239.296875,
        343666.4375,
        15289.005859375
    ],
    "7": [
        213158.078125,
        350685.4375,
        7644.5029296875
    ]
}