{
    "0": [
        202387.5,
        202387.5,
        291219.15625
    ],
    "1": [
        202387.5,
        202387.5,
        291219.15625
    ],
    "2": [
        248968.453125,
        203958.015625,
        145609.578125
    ],
    "3": [
        275275.96875,
        176920.390625,
        101926.703125
    ],
    "4": [
        273024.9375,
        212652.953125,
        61156.0234375
    ],
    "5": [
        278076.90625,
        234604.484375,
        30578.01171875
    ],
    "6": [
        275819.8125,
        225559.078125,
        15289.005859375
    ],
    "7": [
        269633.46875,
        223883.84375,
        7644.5029296875
    ],
    "8": [
        269835.03125,
        224380.125,
        3822.25146484375
    ]
}