{
    "0": [
        202387.5,
        202387.5,
        291219.15625
    ],
    "1": [
        202387.5,
        202387.5,
        291219.15625
    ],
    "2": [
        292052.8125,
        157735.53125,
        145609.578125
    ],
    "3": [
        292756.28125,
        143223.125,
        101926.703125
    ],
    "4": [
        299562.875,
        136547.0625,
        61156.0234375
    ],
    "5": [
        277871.96875,
        136233.03125,
        30578.01171875
    ],
    "6": [
        270910.1875,
        137280.734375,
        15289.005859375
    ]
}