{
    "0": [
        202387.5,
        202387.5,
        291219.15625
    ],
    "1": [
        202387.5,
        202387.5,
        291219.15625
    ],
    "2": [
        308403.75,
        181599.453125,
        145609.578125
    ],
    "3": [
        287640.6875,
        194604.59375,
        101926.703125
    ],
    "4": [
        306167.5,
        196847.71875,
        61156.0234375
    ],
    "5": [
        320519.53125,
        206124.140625,
        30578.01171875
    ],
    "6": [
        310545.25,
        215596.265625,
        15289.005859375
    ],
    "7": [
        306250.59375,
        219361.03125,
        7644.5029296875
    ],
    "8": [
        303067.34375,
        218678.671875,
        3822.25146484375
    ]
}