{
    "0": [
        202387.5,
        202387.5,
        291219.15625
    ],
    "1": [
        202387.5,
        202387.5,
        291219.15625
    ],
    "2": [
        220731.671875,
        171374.578125,
        145609.578125
    ],
    "3": [
        212740.765625,
        212863.859375,
        101926.703125
    ],
    "4": [
        196355.734375,
        238954.484375,
        61156.0234375
    ],
    "5": [
        186080.375,
        260421.1875,
        30578.01171875
    ],
    "6": [
        196523.6875,
        250672.5625,
        15289.005859375
    ],
    "7": [
        192133.84375,
        251160.171875,
        7644.5029296875
    ],
    "8": [
        193401.6875,
        251894.4375,
        3822.25146484375
    ]
}