{
    "0": [
        202387.5,
        202387.5,
        291219.15625
    ],
    "1": [
        202387.5,
        202387.5,
        291219.15625
    ],
    "2": [
        176007.078125,
        116237.4765625,
        145609.578125
    ],
    "3": [
        179124.8125,
        107094.1875,
        101926.703125
    ],
    "4": [
        193605.828125,
        133019.671875,
        61156.0234375
    ],
    "5": [
        208593.9375,
        122921.6796875,
        30578.01171875
    ],
    "6": [
        216334.359375,
        124309.2421875,
        15289.005859375
    ]
}