{
    "0": [
        202387.5,
        202387.5,
        291219.15625
    ],
    "1": [
        202387.5,
        202387.5,
        291219.15625
    ],
    "2": [
        128100.125,
        133680.6875,
        145609.578125
    ],
    "3": [
        114705.0390625,
        114570.2890625,
        101926.703125
    ],
    "4": [
        109462.6875,
        118252.5703125,
        61156.0234375
    ],
    "5": [
        129748.8671875,
        127563.34375,
        30578.01171875
    ],
    "6": [
        133876.21875,
        135146.953125,
        15289.005859375
    ],
    "7": [
        134870.3125,
        133924.359375,
        7644.5029296875
    ]
}