{
    "0": [
        202387.5,
        202387.5,
        291219.15625
    ],
    "1": [
        202387.5,
        202387.5,
        291219.15625
    ],
    "2": [
        237206.6875,
        251253.4375,
        145609.578125
    ],
    "3": [
        230930.21875,
        228022.75,
        101926.703125
    ],
    "4": [
        213844.21875,
        210444.765625,
        61156.0234375
    ],
    "5": [
        210748.078125,
        224083.03125,
        30578.01171875
    ],
    "6": [
        205038.78125,
        218221.6875,
        15289.005859375
    ],
    "7": [
        209851.015625,
        216464.59375,
        7644.5029296875
    ]
}