{
    "0": [
        202387.5,
        202387.5,
        291219.15625
    ],
    "1": [
        202387.5,
        202387.5,
        291219.15625
    ],
    "2": [
        265150.75,
        197991.65625,
        145609.578125
    ],
    "3": [
        289529.0625,
        170552.828125,
        101926.703125
    ],
    "4": [
        326642.59375,
        179661.1875,
        61156.0234375
    ],
    "5": [
        329808.3125,
        178625.5625,
        30578.01171875
    ],
    "6": [
        334785.78125,
        175855.578125,
        15289.005859375
    ],
    "7": [
        331642.21875,
        173908,
        7644.5029296875
    ]
}