{
    "0": [
        202387.5,
        202387.5,
        291219.15625
    ],
    "1": [
        202387.5,
        202387.5,
        291219.15625
    ],
    "2": [
        251512.9375,
        292358.28125,
        145609.578125
    ],
    "3": [
        290099.125,
        305375.1875,
        101926.703125
    ],
    "4": [
        325045.625,
        301455.28125,
        61156.0234375
    ],
    "5": [
        316161.4375,
        327560.125,
        30578.01171875
    ],
    "6": [
        325987.96875,
        325154.03125,
        15289.005859375
    ],
    "7": [
        327760.0625,
        323046.78125,
        7644.5029296875
    ]
}