{
    "0": [
        202387.5,
        202387.5,
        291219.15625
    ],
    "1": [
        202387.5,
        202387.5,
        291219.15625
    ],
    "2": [
        129276.3671875,
        213384.203125,
        145609.578125
    ],
    "3": [
        137769.28125,
        182384.078125,
        101926.703125
    ],
    "4": [
        121512.1328125,
        216724.875,
        61156.0234375
    ],
    "5": [
        139314.375,
        232637.078125,
        30578.01171875
    ],
    "6": [
        138913.8125,
        227628.078125,
        15289.005859375
    ],
    "7": [
        142554.546875,
        226132.734375,
        7644.5029296875
    ]
}