{
    "0": [
        202387.5,
        202387.5,
        291219.15625
    ],
    "1": [
        202387.5,
        202387.5,
        291219.15625
    ],
    "2": [
        156446.484375,
        191337.015625,
        145609.578125
    ],
    "3": [
        188732.9375,
        177203.984375,
        101926.703125
    ],
    "4": [
        208490.6875,
        152818.71875,
        61156.0234375
    ],
    "5": [
        216780.609375,
        170255.859375,
        30578.01171875
    ],
    "6": [
        230742.859375,
        167546.78125,
        15289.005859375
    ],
    "7": [
        230480.828125,
        173514.4375,
        7644.5029296875
    ],
    "8": [
        227645.875,
        174685.25,
        3822.25146484375
    ]
}