{
    "0": [
        202387.5,
        202387.5,
        291219.15625
    ],
    "1": [
        202387.5,
        202387.5,
        291219.15625
    ],
    "2": [
        172373.75,
        225617.25,
        145609.578125
    ],
    "3": [
        177283.890625,
        186281.75,
        101926.703125
    ],
    "4": [
        185471.859375,
        155879.109375,
        61156.0234375
    ],
    "5": [
        208243.265625,
        144425.03125,
        30578.01171875
    ],
    "6": [
        214055.03125,
        148618.15625,
        15289.005859375
    ],
    "7": [
        215612.21875,
        141566.8125,
        7644.5029296875
    ],
    "8": [
        216585.546875,
        141976.828125,
        3822.25146484375
    ]
}