{
    "0": [
        202387.5,
        202387.5,
        291219.15625
    ],
    "1": [
        202387.5,
        202387.5,
        291219.15625
    ],
    "2": [
        227645.8125,
        242723.875,
        145609.578125
    ],
    "3": [
        213792.234375,
        257663.359375,
        101926.703125
    ],
    "4": [
        188853.609375,
        276434.65625,
        61156.0234375
    ],
    "5": [
        218869.390625,
        273788.96875,
        30578.01171875
    ],
    "6": [
        210781.828125,
        263367.875,
        15289.005859375
    ],
    "7": [
        216052.5,
        263638.125,
        7644.5029296875
    ]
}