{
    "0": [
        202387.5,
        202387.5,
        291219.15625
    ],
    "1": [
        202387.5,
        202387.5,
        291219.15625
    ],
    "2": [
        203976.265625,
        298587.8125,
        145609.578125
    ],
    "3": [
        185320.59375,
        301829.875,
        101926.703125
    ],
    "4": [
        191521.953125,
        339668.3125,
        61156.0234375
    ],
    "5": [
        185198.078125,
        362576.4375,
        30578.01171875
    ],
    "6": [
        181484.9375,
        367665.28125,
        15289.005859375
    ],
    "7": [
        176899.3125,
        365482.5625,
        7644.5029296875
    ]
}