{
    "0": [
        202387.5,
        202387.5,
        291219.15625
    ],
    "1": [
        202387.5,
        202387.5,
        291219.15625
    ],
    "2": [
        211111.265625,
        210500.46875,
        145609.578125
    ],
    "3": [
        182736.203125,
        207436.046875,
        101926.703125
    ],
    "4": [
        195405.046875,
        217764.703125,
        61156.0234375
    ],
    "5": [
        190056.875,
        205090.53125,
        30578.01171875
    ],
    "6": [
        184160.484375,
        196326.03125,
        15289.005859375
    ]
}