{
    "0": [
        202387.5,
        202387.5,
        291219.15625
    ],
    "1": [
        202387.5,
        202387.5,
        291219.15625
    ],
    "2": [
        214731.328125,
        193098.90625,
        145609.578125
    ],
    "3": [
        229174.796875,
        223759.140625,
        101926.703125
    ],
    "4": [
        241041.875,
        236028.078125,
        61156.0234375
    ],
    "5": [
        250524.28125,
        247465.015625,
        30578.01171875
    ],
    "6": [
        244558.09375,
        251741.046875,
        15289.005859375
    ],
    "7": [
        243319.296875,
        255156.625,
        7644.5029296875
    ]
}