{
    "0": [
        202387.5,
        202387.5,
        291219.15625
    ],
    "1": [
        202387.5,
        202387.5,
        291219.15625
    ],
    "2": [
        215881.03125,
        115234.828125,
        145609.578125
    ],
    "3": [
        248159.4375,
        86543.203125,
        101926.703125
    ],
    "4": [
        260085.0625,
        112199.7109375,
        61156.0234375
    ],
    "5": [
        255585.4375,
        127794.421875,
        30578.01171875
    ],
    "6": [
        245344.203125,
        121602.390625,
        15289.005859375
    ],
    "7": [
        250209.78125,
        121082.5078125,
        7644.5029296875
    ]
}