{
    "0": [
        202387.5,
        202387.5,
        291219.15625
    ],
    "1": [
        202387.5,
        202387.5,
        291219.15625
    ],
    "2": [
        212282.609375,
        316345.3125,
        145609.578125
    ],
    "3": [
        216310.234375,
        306664.875,
        101926.703125
    ],
    "4": [
        187098.8125,
        333448.34375,
        61156.0234375
    ],
    "5": [
        204670.5625,
        344373.4375,
        30578.01171875
    ],
    "6": [
        212195.015625,
        349657.4375,
        15289.005859375
    ]
}