{
    "0": [
        202387.5,
        202387.5,
        291219.15625
    ],
    "1": [
        202387.5,
        202387.5,
        291219.15625
    ],
    "2": [
        111463.375,
        219897.53125,
        145609.578125
    ],
    "3": [
        108067.6796875,
        204928.65625,
        101926.703125
    ],
    "4": [
        85556.4375,
        175834.578125,
        61156.0234375
    ],
    "5": [
        85164.71875,
        147252.984375,
        30578.01171875
    ],
    "6": [
        79810.5703125,
        160966.625,
        15289.005859375
    ]
}