{
    "0": [
        202387.5,
        202387.5,
        291219.15625
    ],
    "1": [
        202387.5,
        202387.5,
        291219.15625
    ],
    "2": [
        292843.9375,
        230230.53125,
        145609.578125
    ],
    "3": [
        283599.8125,
        272668.53125,
        101926.703125
    ],
    "4": [
        305734.5625,
        284766.78125,
        61156.0234375
    ],
    "5": [
        288088.875,
        268438.15625,
        30578.01171875
    ],
    "6": [
        288527.34375,
        269523.15625,
        15289.005859375
    ],
    "7": [
        289740.78125,
        271245.25,
        7644.5029296875
    ],
    "8": [
        289110.28125,
        271441.3125,
        3822.25146484375
    ]
}