{
    "0": [
        202387.5,
        202387.5,
        291219.15625
    ],
    "1": [
        202387.5,
        202387.5,
        291219.15625
    ],
    "2": [
        163597.21875,
        147877.25,
        145609.578125
    ],
    "3": [
        160413.65625,
        127002.3125,
        101926.703125
    ],
    "4": [
        136665.359375,
        102002.09375,
        61156.0234375
    ],
    "5": [
        136459.03125,
        131864.34375,
        30578.01171875
    ],
    "6": [
        146179.140625,
        138739.875,
        15289.005859375
    ],
    "7": [
        142468.21875,
        136550.28125,
        7644.5029296875
    ]
}