{
    "0": [
        202387.5,
        202387.5,
        291219.15625
    ],
    "1": [
        202387.5,
        202387.5,
        291219.15625
    ],
    "2": [
        181156.71875,
        281192.875,
        145609.578125
    ],
    "3": [
        167853.3125,
        292502.65625,
        101926.703125
    ],
    "4": [
        204649.6875,
        294797.1875,
        61156.0234375
    ],
    "5": [
        190100.09375,
        286758.25,
        30578.01171875
    ],
    "6": [
        186346.875,
        276201.75,
        15289.005859375
    ]
}