{
    "0": [
        202387.5,
        202387.5,
        291219.15625
    ],
    "1": [
        202387.5,
        202387.5,
        291219.15625
    ],
    "2": [
        205720.6875,
        246220.984375,
        145609.578125
    ],
    "3": [
        171149.9375,
        244164.296875,
        101926.703125
    ],
    "4": [
        205687.765625,
        227243.40625,
        61156.0234375
    ],
    "5": [
        203868.75,
        232505.53125,
        30578.01171875
    ],
    "6": [
        194599.265625,
        237521.109375,
        15289.005859375
    ],
    "7": [
        194466.875,
        239685.5625,
        7644.5029296875
    ],
    "8": [
        194692.390625,
        242215.78125,
        3822.25146484375
    ]
}