{
    "0": [
        202387.5,
        202387.5,
        291219.15625
    ],
    "1": [
        202387.5,
        202387.5,
        291219.15625
    ],
    "2": [
        104314.125,
        199657.5,
        145609.578125
    ],
    "3": [
        127021.46875,
        203780.1875,
        101926.703125
    ],
    "4": [
        120528.78125,
        201015.9375,
        61156.0234375
    ],
    "5": [
        145459.59375,
        198321.40625,
        30578.01171875
    ],
    "6": [
        153979.03125,
        186185.203125,
        15289.005859375
    ],
    "7": [
        153944.1875,
        186032.3125,
        7644.5029296875
    ]
}