{
    "0": [
        202387.5,
        202387.5,
        291219.15625
    ],
    "1": [
        202387.5,
        202387.5,
        291219.15625
    ],
    "2": [
        157291.046875,
        188620.71875,
        145609.578125
    ],
    "3": [
        139615.625,
        161137.03125,
        101926.703125
    ],
    "4": [
        122744.7265625,
        145453.40625,
        61156.0234375
    ],
    "5": [
        131678.59375,
        152722.4375,
        30578.01171875
    ],
    "6": [
        130370.453125,
        141611.625,
        15289.005859375
    ]
}