{
    "0": [
        202387.5,
        202387.5,
        291219.15625
    ],
    "1": [
        202387.5,
        202387.5,
        291219.15625
    ],
    "2": [
        238141.453125,
        304385.4375,
        145609.578125
    ],
    "3": [
        218003.828125,
        272902.4375,
        101926.703125
    ],
    "4": [
        218377.09375,
        258580.109375,
        61156.0234375
    ],
    "5": [
        222702.5625,
        268849.78125,
        30578.01171875
    ],
    "6": [
        224138.765625,
        268763.21875,
        15289.005859375
    ],
    "7": [
        220769.484375,
        270969.1875,
        7644.5029296875
    ],
    "8": [
        219027.578125,
        271103.5625,
        3822.25146484375
    ]
}