{
    "0": [
        202387.5,
        202387.5,
        291219.15625
    ],
    "1": [
        202387.5,
        202387.5,
        291219.15625
    ],
    "2": [
        268768.3125,
        237943.71875,
        145609.578125
    ],
    "3": [
        292530.8125,
        238893.90625,
        101926.703125
    ],
    "4": [
        305255.3125,
        272583.78125,
        61156.0234375
    ],
    "5": [
        302801.5625,
        298806.3125,
        30578.01171875
    ],
    "6": [
        311549.09375,
        307188.25,
        15289.005859375
    ]
}