{
    "0": [
        202387.5,
        202387.5,
        291219.15625
    ],
    "1": [
        202387.5,
        202387.5,
        291219.15625
    ],
    "2": [
        211650.296875,
        104029.7109375,
        145609.578125
    ],
    "3": [
        200669.125,
        144013.609375,
        101926.703125
    ],
    "4": [
        240092.328125,
        146450.34375,
        61156.0234375
    ],
    "5": [
        215430.109375,
        148879.609375,
        30578.01171875
    ],
    "6": [
        222799.9375,
        156236.53125,
        15289.005859375
    ],
    "7": [
        223710.828125,
        149357,
        7644.5029296875
    ],
    "8": [
        227181.921875,
        147820.171875,
        3822.25146484375
    ]
}