{
    "0": [
        202387.5,
        202387.5,
        291219.15625
    ],
    "1": [
        202387.5,
        202387.5,
        291219.15625
    ],
    "2": [
        266069.75,
        161485.90625,
        145609.578125
    ],
    "3": [
        258716,
        130311.5703125,
        101926.703125
    ],
    "4": [
        247687.0625,
        93248.265625,
        61156.0234375
    ],
    "5": [
        265848.78125,
        76924.6640625,
        30578.01171875
    ],
    "6": [
        257914.796875,
        85966.3671875,
        15289.005859375
    ],
    "7": [
        255520.203125,
        90785.65625,
        7644.5029296875
    ],
    "8": [
        254490.375,
        89771,
        3822.25146484375
    ]
}