{
    "0": [
        202387.5,
        202387.5,
        291219.15625
    ],
    "1": [
        202387.5,
        202387.5,
        291219.15625
    ],
    "2": [
        126153.9140625,
        120865.109375,
        145609.578125
    ],
    "3": [
        142602.84375,
        134587.671875,
        101926.703125
    ],
    "4": [
        139417.84375,
        94348.265625,
        61156.0234375
    ],
    "5": [
        162770.765625,
        90952.8984375,
        30578.01171875
    ],
    "6": [
        172255.828125,
        88495.8671875,
        15289.005859375
    ]
}