{
    "0": [
        202387.5,
        202387.5,
        291219.15625
    ],
    "1": [
        202387.5,
        202387.5,
        291219.15625
    ],
    "2": [
        183605.3125,
        124763.7578125,
        145609.578125
    ],
    "3": [
        216091.0625,
        116347.90625,
        101926.703125
    ],
    "4": [
        209476.5625,
        76726.265625,
        61156.0234375
    ],
    "5": [
        198025.75,
        77692.5546875,
        30578.01171875
    ],
    "6": [
        196857.46875,
        84840.1796875,
        15289.005859375
    ]
}