{
    "0": [
        202387.5,
        202387.5,
        291219.15625
    ],
    "1": [
        202387.5,
        202387.5,
        291219.15625
    ],
    "2": [
        125756.1640625,
        133668.78125,
        145609.578125
    ],
    "3": [
        112198.4140625,
        134103.359375,
        101926.703125
    ],
    "4": [
        135046,
        121728.828125,
        61156.0234375
    ],
    "5": [
        126761.546875,
        133240.125,
        30578.01171875
    ],
    "6": [
        131024.8203125,
        144638.59375,
        15289.005859375
    ],
    "7": [
        126725.421875,
        149845.46875,
        7644.5029296875
    ]
}