{
    "0": [
        202387.5,
        202387.5,
        291219.15625
    ],
    "1": [
        202387.5,
        202387.5,
        291219.15625
    ],
    "2": [
        221966.9375,
        280575.40625,
        145609.578125
    ],
    "3": [
        215783.890625,
        271549.4375,
        101926.703125
    ],
    "4": [
        240103.859375,
        285874.65625,
        61156.0234375
    ],
    "5": [
        236352.640625,
        259768.890625,
        30578.01171875
    ],
    "6": [
        248581.265625,
        253332.578125,
        15289.005859375
    ],
    "7": [
        246151.078125,
        249205.078125,
        7644.5029296875
    ],
    "8": [
        243787.21875,
        248128.859375,
        3822.25146484375
    ]
}