{
    "0": [
        202387.5,
        202387.5,
        291219.15625
    ],
    "1": [
        202387.5,
        202387.5,
        291219.15625
    ],
    "2": [
        247109.5625,
        211881.4375,
        145609.578125
    ],
    "3": [
        247213.28125,
        249455.8125,
        101926.703125
    ],
    "4": [
        207470.46875,
        250716.3125,
        61156.0234375
    ],
    "5": [
        203900.921875,
        236119.828125,
        30578.01171875
    ],
    "6": [
        216828.65625,
        244052.65625,
        15289.005859375
    ],
    "7": [
        223635.9375,
        245910,
        7644.5029296875
    ]
}