{
    "0": [
        202387.5,
        202387.5,
        291219.15625
    ],
    "1": [
        202387.5,
        202387.5,
        291219.15625
    ],
    "2": [
        138320.4375,
        280964.8125,
        145609.578125
    ],
    "3": [
        142677.546875,
        266043.09375,
        101926.703125
    ],
    "4": [
        139245.34375,
        286386.9375,
        61156.0234375
    ],
    "5": [
        118738.8671875,
        285274.84375,
        30578.01171875
    ],
    "6": [
        118730.21875,
        288534.9375,
        15289.005859375
    ],
    "7": [
        114930.5390625,
        292071.3125,
        7644.5029296875
    ],
    "8": [
        118063.2265625,
        292254.46875,
        3822.25146484375
    ]
}