{
    "0": [
        202387.5,
        202387.5,
        291219.15625
    ],
    "1": [
        202387.5,
        202387.5,
        291219.15625
    ],
    "2": [
        108134.3125,
        265771.5625,
        145609.578125
    ],
    "3": [
        113146.3125,
        291985.3125,
        101926.703125
    ],
    "4": [
        142179.9375,
        309209.03125,
        61156.0234375
    ],
    "5": [
        141120.71875,
        295941.375,
        30578.01171875
    ],
    "6": [
        138540.1875,
        293972.125,
        15289.005859375
    ],
    "7": [
        136935.5625,
        291940.71875,
        7644.5029296875
    ],
    "8": [
        136152.21875,
        290375.625,
        3822.25146484375
    ]
}