{
    "0": [
        202387.5,
        202387.5,
        291219.15625
    ],
    "1": [
        202387.5,
        202387.5,
        291219.15625
    ],
    "2": [
        162148.4375,
        175776.28125,
        145609.578125
    ],
    "3": [
        201372.96875,
        187135.65625,
        101926.703125
    ],
    "4": [
        239140.984375,
        172966.171875,
        61156.0234375
    ],
    "5": [
        231548.546875,
        146351.671875,
        30578.01171875
    ],
    "6": [
        218497.828125,
        147570,
        15289.005859375
    ],
    "7": [
        222599.84375,
        148004.71875,
        7644.5029296875
    ]
}