{
    "0": [
        202387.5,
        202387.5,
        291219.15625
    ],
    "1": [
        202387.5,
        202387.5,
        291219.15625
    ],
    "2": [
        202325.359375,
        93175.5390625,
        145609.578125
    ],
    "3": [
        199831.078125,
        117844.875,
        101926.703125
    ],
    "4": [
        234284.6875,
        101557.1015625,
        61156.0234375
    ],
    "5": [
        221365.59375,
        82178.2265625,
        30578.01171875
    ],
    "6": [
        214497.234375,
        74317.2265625,
        15289.005859375
    ],
    "7": [
        212782.8125,
        80229.796875,
        7644.5029296875
    ]
}