{
    "0": [
        202387.5,
        202387.5,
        291219.15625
    ],
    "1": [
        202387.5,
        202387.5,
        291219.15625
    ],
    "2": [
        207156.03125,
        241476.890625,
        145609.578125
    ],
    "3": [
        217623.875,
        276476.25,
        101926.703125
    ],
    "4": [
        215252.796875,
        244566.71875,
        61156.0234375
    ],
    "5": [
        235763.203125,
        239139.828125,
        30578.01171875
    ],
    "6": [
        248369.71875,
        237856.0625,
        15289.005859375
    ],
    "7": [
        245307.46875,
        233922.8125,
        7644.5029296875
    ]
}