{
    "0": [
        202387.5,
        202387.5,
        291219.15625
    ],
    "1": [
        202387.5,
        202387.5,
        291219.15625
    ],
    "2": [
        254086.765625,
        115444.0234375,
        145609.578125
    ],
    "3": [
        248807.90625,
        101392.09375,
        101926.703125
    ],
    "4": [
        267034.21875,
        121527.3515625,
        61156.0234375
    ],
    "5": [
        276854.5,
        116382.703125,
        30578.01171875
    ],
    "6": [
        291212.84375,
        117367.3125,
        15289.005859375
    ]
}