{
    "0": [
        202387.5,
        202387.5,
        291219.15625
    ],
    "1": [
        202387.5,
        202387.5,
        291219.15625
    ],
    "2": [
        122765.0234375,
        174395.09375,
        145609.578125
    ],
    "3": [
        83787.796875,
        162498.265625,
        101926.703125
    ],
    "4": [
        76047.46875,
        191535.03125,
        61156.0234375
    ],
    "5": [
        77909.9296875,
        174578.359375,
        30578.01171875
    ],
    "6": [
        62892.234375,
        172920.828125,
        15289.005859375
    ],
    "7": [
        68332.71875,
        174364.109375,
        7644.5029296875
    ],
    "8": [
        66096.0546875,
        173545.375,
        3822.25146484375
    ]
}