{
    "0": [
        202387.5,
        202387.5,
        291219.15625
    ],
    "1": [
        202387.5,
        202387.5,
        291219.15625
    ],
    "2": [
        220931.171875,
        314375.5,
        145609.578125
    ],
    "3": [
        197880.328125,
        293091.6875,
        101926.703125
    ],
    "4": [
        222370.734375,
        323883.03125,
        61156.0234375
    ],
    "5": [
        216124.828125,
        332904.15625,
        30578.01171875
    ],
    "6": [
        210270.3125,
        336992.75,
        15289.005859375
    ]
}