{
    "0": [
        202387.5,
        202387.5,
        291219.15625
    ],
    "1": [
        202387.5,
        202387.5,
        291219.15625
    ],
    "2": [
        204638.421875,
        186503.71875,
        145609.578125
    ],
    "3": [
        215499.84375,
        156541.875,
        101926.703125
    ],
    "4": [
        176983.9375,
        161953.890625,
        61156.0234375
    ],
    "5": [
        162121.109375,
        173027.734375,
        30578.01171875
    ],
    "6": [
        154394.984375,
        164396.15625,
        15289.005859375
    ],
    "7": [
        150901.5625,
        168464.125,
        7644.5029296875
    ]
}