{
    "0": [
        202387.5,
        202387.5,
        291219.15625
    ],
    "1": [
        202387.5,
        202387.5,
        291219.15625
    ],
    "2": [
        109157.921875,
        270135.8125,
        145609.578125
    ],
    "3": [
        107061.671875,
        297141,
        101926.703125
    ],
    "4": [
        119300.390625,
        335128.71875,
        61156.0234375
    ],
    "5": [
        134967.8125,
        323633.1875,
        30578.01171875
    ],
    "6": [
        141353.984375,
        328055.125,
        15289.005859375
    ],
    "7": [
        140753.5,
        332509.59375,
        7644.5029296875
    ],
    "8": [
        142326.421875,
        335228.46875,
        3822.25146484375
    ]
}