{
    "0": [
        202387.5,
        202387.5,
        291219.15625
    ],
    "1": [
        202387.5,
        202387.5,
        291219.15625
    ],
    "2": [
        216680.296875,
        315011.90625,
        145609.578125
    ],
    "3": [
        214222.703125,
        313010.96875,
        101926.703125
    ],
    "4": [
        200462.015625,
        306406.84375,
        61156.0234375
    ],
    "5": [
        210556.046875,
        322141,
        30578.01171875
    ],
    "6": [
        209275.640625,
        326305.875,
        15289.005859375
    ],
    "7": [
        204139.140625,
        328806.4375,
        7644.5029296875
    ]
}