{
    "0": [
        202387.5,
        202387.5,
        291219.15625
    ],
    "1": [
        202387.5,
        202387.5,
        291219.15625
    ],
    "2": [
        172425.5,
        198751.78125,
        145609.578125
    ],
    "3": [
        187178.71875,
        190856.90625,
        101926.703125
    ],
    "4": [
        171737.953125,
        220120.375,
        61156.0234375
    ],
    "5": [
        163226.515625,
        248478.375,
        30578.01171875
    ],
    "6": [
        166774.515625,
        234322.953125,
        15289.005859375
    ],
    "7": [
        170182.796875,
        232362.609375,
        7644.5029296875
    ]
}