{
    "0": [
        202387.5,
        202387.5,
        291219.15625
    ],
    "1": [
        202387.5,
        202387.5,
        291219.15625
    ],
    "2": [
        110973.109375,
        246993.25,
        145609.578125
    ],
    "3": [
        148066.328125,
        253042.296875,
        101926.703125
    ],
    "4": [
        140661.0625,
        223391.078125,
        61156.0234375
    ],
    "5": [
        151978.59375,
        224272.5625,
        30578.01171875
    ],
    "6": [
        159087.8125,
        227728.734375,
        15289.005859375
    ],
    "7": [
        160036.9375,
        227791.71875,
        7644.5029296875
    ],
    "8": [
        160334.953125,
        230300.21875,
        3822.25146484375
    ]
}