{
    "0": [
        202387.5,
        202387.5,
        291219.15625
    ],
    "1": [
        202387.5,
        202387.5,
        291219.15625
    ],
    "2": [
        209905.578125,
        299873.8125,
        145609.578125
    ],
    "3": [
        222928.234375,
        282886.25,
        101926.703125
    ],
    "4": [
        187051.28125,
        287619.03125,
        61156.0234375
    ],
    "5": [
        184802.4375,
        269374.21875,
        30578.01171875
    ],
    "6": [
        182811.3125,
        266152.6875,
        15289.005859375
    ],
    "7": [
        179354.84375,
        268271.34375,
        7644.5029296875
    ],
    "8": [
        182074.03125,
        266536.4375,
        3822.25146484375
    ]
}