{
    "0": [
        202387.5,
        202387.5,
        291219.15625
    ],
    "1": [
        202387.5,
        202387.5,
        291219.15625
    ],
    "2": [
        139824.53125,
        114617.2578125,
        145609.578125
    ],
    "3": [
        104441.171875,
        132468.375,
        101926.703125
    ],
    "4": [
        82847.953125,
        133671.28125,
        61156.0234375
    ],
    "5": [
        76374.3984375,
        157290.796875,
        30578.01171875
    ],
    "6": [
        77757.96875,
        160787.09375,
        15289.005859375
    ],
    "7": [
        77059.84375,
        158029.53125,
        7644.5029296875
    ]
}