{
    "0": [
        202387.5,
        202387.5,
        291219.15625
    ],
    "1": [
        202387.5,
        202387.5,
        291219.15625
    ],
    "2": [
        163521.9375,
        265739.96875,
        145609.578125
    ],
    "3": [
        158482.25,
        265607.0625,
        101926.703125
    ],
    "4": [
        174213.296875,
        279767.28125,
        61156.0234375
    ],
    "5": [
        190951.453125,
        275352.25,
        30578.01171875
    ],
    "6": [
        201496.984375,
        272646.53125,
        15289.005859375
    ],
    "7": [
        206902.9375,
        269026.3125,
        7644.5029296875
    ]
}