{
    "0": [
        202387.5,
        202387.5,
        291219.15625
    ],
    "1": [
        202387.5,
        202387.5,
        291219.15625
    ],
    "2": [
        221906.4375,
        161476.65625,
        145609.578125
    ],
    "3": [
        191681.734375,
        182819.625,
        101926.703125
    ],
    "4": [
        206883.015625,
        215821.015625,
        61156.0234375
    ],
    "5": [
        220749.765625,
        194314,
        30578.01171875
    ],
    "6": [
        210729.9375,
        195808.859375,
        15289.005859375
    ],
    "7": [
        203538.109375,
        196596.625,
        7644.5029296875
    ]
}