{
    "0": [
        202387.5,
        202387.5,
        291219.15625
    ],
    "1": [
        202387.5,
        202387.5,
        291219.15625
    ],
    "2": [
        284999.125,
        126795.8515625,
        145609.578125
    ],
    "3": [
        271594.0625,
        107340.171875,
        101926.703125
    ],
    "4": [
        260328.6875,
        76227.140625,
        61156.0234375
    ],
    "5": [
        258187.859375,
        82964.703125,
        30578.01171875
    ],
    "6": [
        257530.046875,
        73399.859375,
        15289.005859375
    ],
    "7": [
        257513.390625,
        70053.2265625,
        7644.5029296875
    ],
    "8": [
        256100.890625,
        67538.890625,
        3822.25146484375
    ]
}