{
    "0": [
        202387.5,
        202387.5,
        291219.15625
    ],
    "1": [
        202387.5,
        202387.5,
        291219.15625
    ],
    "2": [
        153994,
        286363,
        145609.578125
    ],
    "3": [
        115446.5625,
        288600.03125,
        101926.703125
    ],
    "4": [
        139926,
        292476.21875,
        61156.0234375
    ],
    "5": [
        145662.671875,
        288206.5,
        30578.01171875
    ],
    "6": [
        139031.84375,
        275777.4375,
        15289.005859375
    ],
    "7": [
        135161.171875,
        275997.5625,
        7644.5029296875
    ]
}