{
    "0": [
        202387.5,
        202387.5,
        291219.15625
    ],
    "1": [
        202387.5,
        202387.5,
        291219.15625
    ],
    "2": [
        279844.5625,
        219944.3125,
        145609.578125
    ],
    "3": [
        309117.875,
        208516.46875,
        101926.703125
    ],
    "4": [
        289169.84375,
        235575.96875,
        61156.0234375
    ],
    "5": [
        272313.9375,
        259744.859375,
        30578.01171875
    ],
    "6": [
        259941.96875,
        257196.46875,
        15289.005859375
    ],
    "7": [
        257669.265625,
        258855.53125,
        7644.5029296875
    ]
}