{
    "0": [
        202387.5,
        202387.5,
        291219.15625
    ],
    "1": [
        202387.5,
        202387.5,
        291219.15625
    ],
    "2": [
        299380.59375,
        153623.890625,
        145609.578125
    ],
    "3": [
        266011.5625,
        147902.40625,
        101926.703125
    ],
    "4": [
        285030.875,
        112750.75,
        61156.0234375
    ],
    "5": [
        280512.59375,
        96519.9375,
        30578.01171875
    ],
    "6": [
        267764.78125,
        102839.96875,
        15289.005859375
    ],
    "7": [
        266669.125,
        105566.1484375,
        7644.5029296875
    ]
}