{
    "0": [
        202387.5,
        202387.5,
        291219.15625
    ],
    "1": [
        202387.5,
        202387.5,
        291219.15625
    ],
    "2": [
        263251.0625,
        153033,
        145609.578125
    ],
    "3": [
        300642.5,
        156742.28125,
        101926.703125
    ],
    "4": [
        274643.4375,
        160490.40625,
        61156.0234375
    ],
    "5": [
        252030.953125,
        147019.09375,
        30578.01171875
    ],
    "6": [
        266394.71875,
        147082.453125,
        15289.005859375
    ],
    "7": [
        268100.125,
        146286.484375,
        7644.5029296875
    ],
    "8": [
        269992.8125,
        148485.46875,
        3822.25146484375
    ]
}