{
    "0": [
        202387.5,
        202387.5,
        291219.15625
    ],
    "1": [
        202387.5,
        202387.5,
        291219.15625
    ],
    "2": [
        261371.5,
        239275.609375,
        145609.578125
    ],
    "3": [
        283797,
        217418.328125,
        101926.703125
    ],
    "4": [
        298594.5625,
        219690.796875,
        61156.0234375
    ],
    "5": [
        296321.6875,
        229614.421875,
        30578.01171875
    ],
    "6": [
        304414.03125,
        222596.296875,
        15289.005859375
    ]
}