{
    "0": [
        202387.5,
        202387.5,
        291219.15625
    ],
    "1": [
        202387.5,
        202387.5,
        291219.15625
    ],
    "2": [
        211380.84375,
        215751.671875,
        145609.578125
    ],
    "3": [
        228893.59375,
        220896.5,
        101926.703125
    ],
    "4": [
        261741.6875,
        209566.71875,
        61156.0234375
    ],
    "5": [
        249047.734375,
        201431.21875,
        30578.01171875
    ],
    "6": [
        236140.015625,
        198672,
        15289.005859375
    ]
}