{
    "0": [
        202387.5,
        202387.5,
        291219.15625
    ],
    "1": [
        202387.5,
        202387.5,
        291219.15625
    ],
    "2": [
        248845.359375,
        276527.625,
        145609.578125
    ],
    "3": [
        219612.125,
        254025.53125,
        101926.703125
    ],
    "4": [
        246371.859375,
        263441.125,
        61156.0234375
    ],
    "5": [
        228352.0625,
        250116.90625,
        30578.01171875
    ],
    "6": [
        226123.21875,
        254841.75,
        15289.005859375
    ]
}