{
    "0": [
        202387.5,
        202387.5,
        291219.15625
    ],
    "1": [
        202387.5,
        202387.5,
        291219.15625
    ],
    "2": [
        118088.9453125,
        163840.03125,
        145609.578125
    ],
    "3": [
        136590.3125,
        124947.3671875,
        101926.703125
    ],
    "4": [
        164992.953125,
        127969.2265625,
        61156.0234375
    ],
    "5": [
        189392.96875,
        123345.3671875,
        30578.01171875
    ],
    "6": [
        200066.15625,
        130649.1796875,
        15289.005859375
    ],
    "7": [
        203540.8125,
        128761.7734375,
        7644.5029296875
    ]
}