{
    "0": [
        202387.5,
        202387.5,
        291219.15625
    ],
    "1": [
        202387.5,
        202387.5,
        291219.15625
    ],
    "2": [
        230483.71875,
        107151.171875,
        145609.578125
    ],
    "3": [
        228031.390625,
        93304.3515625,
        101926.703125
    ],
    "4": [
        209729.375,
        86234.203125,
        61156.0234375
    ],
    "5": [
        218671.3125,
        79838.6484375,
        30578.01171875
    ],
    "6": [
        233285.25,
        81320.7265625,
        15289.005859375
    ],
    "7": [
        232843.515625,
        75104.953125,
        7644.5029296875
    ],
    "8": [
        235316.0625,
        77844.828125,
        3822.25146484375
    ]
}