{
    "0": [
        202387.5,
        202387.5,
        291219.15625
    ],
    "1": [
        202387.5,
        202387.5,
        291219.15625
    ],
    "2": [
        259499.109375,
        271216.6875,
        145609.578125
    ],
    "3": [
        254927.25,
        256862.234375,
        101926.703125
    ],
    "4": [
        285069.84375,
        248110.140625,
        61156.0234375
    ],
    "5": [
        282958.25,
        228612.40625,
        30578.01171875
    ],
    "6": [
        270713.0625,
        231092.296875,
        15289.005859375
    ],
    "7": [
        266463.15625,
        230324.421875,
        7644.5029296875
    ]
}