{
    "0": [
        202387.5,
        202387.5,
        291219.15625
    ],
    "1": [
        202387.5,
        202387.5,
        291219.15625
    ],
    "2": [
        255528.4375,
        288668.5625,
        145609.578125
    ],
    "3": [
        228478.25,
        296429.125,
        101926.703125
    ],
    "4": [
        244126.3125,
        270259.625,
        61156.0234375
    ],
    "5": [
        249573.390625,
        261517.0625,
        30578.01171875
    ],
    "6": [
        258774.8125,
        264437.3125,
        15289.005859375
    ],
    "7": [
        260966.578125,
        258226.203125,
        7644.5029296875
    ],
    "8": [
        259023.859375,
        260413.78125,
        3822.25146484375
    ]
}