{
    "0": [
        202387.5,
        202387.5,
        291219.15625
    ],
    "1": [
        202387.5,
        202387.5,
        291219.15625
    ],
    "2": [
        276873.0625,
        133170.96875,
        145609.578125
    ],
    "3": [
        262311.53125,
        99740.328125,
        101926.703125
    ],
    "4": [
        247944,
        90256.59375,
        61156.0234375
    ],
    "5": [
        244748.296875,
        96277.4765625,
        30578.01171875
    ],
    "6": [
        248615.796875,
        93512,
        15289.005859375
    ],
    "7": [
        245797.484375,
        86687.6015625,
        7644.5029296875
    ]
}