{
    "0": [
        202387.5,
        202387.5,
        291219.15625
    ],
    "1": [
        202387.5,
        202387.5,
        291219.15625
    ],
    "2": [
        306126.15625,
        152006.21875,
        145609.578125
    ],
    "3": [
        282132.28125,
        142523.4375,
        101926.703125
    ],
    "4": [
        283098.4375,
        117705.0234375,
        61156.0234375
    ],
    "5": [
        267014.03125,
        101664.765625,
        30578.01171875
    ],
    "6": [
        263054.90625,
        100057.84375,
        15289.005859375
    ],
    "7": [
        267622.90625,
        98565.703125,
        7644.5029296875
    ],
    "8": [
        269025.3125,
        99790.875,
        3822.25146484375
    ]
}