{
    "0": [
        202387.5,
        202387.5,
        291219.15625
    ],
    "1": [
        202387.5,
        202387.5,
        291219.15625
    ],
    "2": [
        254935.578125,
        306254.03125,
        145609.578125
    ],
    "3": [
        289253.96875,
        302148.875,
        101926.703125
    ],
    "4": [
        286263.0625,
        266249.8125,
        61156.0234375
    ],
    "5": [
        282640.1875,
        240467.375,
        30578.01171875
    ],
    "6": [
        296865.34375,
        244721.890625,
        15289.005859375
    ],
    "7": [
        297551.25,
        247498.875,
        7644.5029296875
    ]
}