{
    "0": [
        202387.5,
        202387.5,
        291219.15625
    ],
    "1": [
        202387.5,
        202387.5,
        291219.15625
    ],
    "2": [
        269066.75,
        268310.0625,
        145609.578125
    ],
    "3": [
        248497.109375,
        301500.875,
        101926.703125
    ],
    "4": [
        277188.375,
        286238.375,
        61156.0234375
    ],
    "5": [
        306259.34375,
        294152.53125,
        30578.01171875
    ],
    "6": [
        320163.15625,
        293632.90625,
        15289.005859375
    ],
    "7": [
        322140,
        289167.90625,
        7644.5029296875
    ]
}