{
    "0": [
        202387.5,
        202387.5,
        291219.15625
    ],
    "1": [
        202387.5,
        202387.5,
        291219.15625
    ],
    "2": [
        244115.140625,
        245943.53125,
        145609.578125
    ],
    "3": [
        248820.390625,
        249865.109375,
        101926.703125
    ],
    "4": [
        272369.625,
        278970.40625,
        61156.0234375
    ],
    "5": [
        263218.9375,
        306144.65625,
        30578.01171875
    ],
    "6": [
        262382.5625,
        319865.34375,
        15289.005859375
    ]
}