{
    "0": [
        202387.5,
        202387.5,
        291219.15625
    ],
    "1": [
        202387.5,
        202387.5,
        291219.15625
    ],
    "2": [
        218854.34375,
        106352.6171875,
        145609.578125
    ],
    "3": [
        225428.265625,
        91668.734375,
        101926.703125
    ],
    "4": [
        196997.859375,
        94367.3046875,
        61156.0234375
    ],
    "5": [
        195519.109375,
        119393.8828125,
        30578.01171875
    ],
    "6": [
        192541.234375,
        119454.6171875,
        15289.005859375
    ],
    "7": [
        189831.234375,
        124194.6875,
        7644.5029296875
    ],
    "8": [
        188584.953125,
        122414.5234375,
        3822.25146484375
    ]
}