{
    "0": [
        202387.5,
        202387.5,
        291219.15625
    ],
    "1": [
        202387.5,
        202387.5,
        291219.15625
    ],
    "2": [
        256764.625,
        136700.8125,
        145609.578125
    ],
    "3": [
        272252.625,
        168638.3125,
        101926.703125
    ],
    "4": [
        292174.6875,
        189970.359375,
        61156.0234375
    ],
    "5": [
        283123.1875,
        183610.21875,
        30578.01171875
    ],
    "6": [
        274860.34375,
        175543.1875,
        15289.005859375
    ],
    "7": [
        281781.0625,
        172788.734375,
        7644.5029296875
    ]
}