{
    "0": [
        202387.5,
        202387.5,
        291219.15625
    ],
    "1": [
        202387.5,
        202387.5,
        291219.15625
    ],
    "2": [
        162722.65625,
        279287.625,
        145609.578125
    ],
    "3": [
        180915.265625,
        299919.375,
        101926.703125
    ],
    "4": [
        176933.71875,
        335716.65625,
        61156.0234375
    ],
    "5": [
        197810.3125,
        320547.875,
        30578.01171875
    ],
    "6": [
        184196.015625,
        326923.8125,
        15289.005859375
    ],
    "7": [
        189457.625,
        330213.6875,
        7644.5029296875
    ]
}