{
    "0": [
        202387.5,
        202387.5,
        291219.15625
    ],
    "1": [
        202387.5,
        202387.5,
        291219.15625
    ],
    "2": [
        172721.484375,
        289511.34375,
        145609.578125
    ],
    "3": [
        159437.265625,
        270816.5,
        101926.703125
    ],
    "4": [
        191937.171875,
        281249,
        61156.0234375
    ],
    "5": [
        206251.71875,
        305706.34375,
        30578.01171875
    ],
    "6": [
        205921.34375,
        295831.375,
        15289.005859375
    ],
    "7": [
        205256.640625,
        300141.34375,
        7644.5029296875
    ]
}