{
    "0": [
        202387.5,
        202387.5,
        291219.15625
    ],
    "1": [
        202387.5,
        202387.5,
        291219.15625
    ],
    "2": [
        118002.5625,
        182690.734375,
        145609.578125
    ],
    "3": [
        137768.4375,
        165642.765625,
        101926.703125
    ],
    "4": [
        118847.671875,
        138372.15625,
        61156.0234375
    ],
    "5": [
        112846.9765625,
        168322.1875,
        30578.01171875
    ],
    "6": [
        111699.4140625,
        173940.5,
        15289.005859375
    ],
    "7": [
        116439.84375,
        179251.546875,
        7644.5029296875
    ],
    "8": [
        116644.5234375,
        178830.265625,
        3822.25146484375
    ]
}