{
    "0": [
        202387.5,
        202387.5,
        291219.15625
    ],
    "1": [
        202387.5,
        202387.5,
        291219.15625
    ],
    "2": [
        164636.0625,
        309282.96875,
        145609.578125
    ],
    "3": [
        162662.4375,
        278349.15625,
        101926.703125
    ],
    "4": [
        127882.140625,
        284666.03125,
        61156.0234375
    ],
    "5": [
        143626.859375,
        262669.0625,
        30578.01171875
    ],
    "6": [
        151972.390625,
        256241.21875,
        15289.005859375
    ],
    "7": [
        146699.140625,
        254733.703125,
        7644.5029296875
    ]
}