{
    "0": [
        202387.5,
        202387.5,
        291219.15625
    ],
    "1": [
        202387.5,
        202387.5,
        291219.15625
    ],
    "2": [
        121991.9375,
        285114.46875,
        145609.578125
    ],
    "3": [
        106637.9140625,
        271401.84375,
        101926.703125
    ],
    "4": [
        113614.25,
        232107.71875,
        61156.0234375
    ],
    "5": [
        116373.6171875,
        231687.671875,
        30578.01171875
    ],
    "6": [
        125486.0390625,
        232237.921875,
        15289.005859375
    ]
}