{
    "0": [
        202387.5,
        202387.5,
        291219.15625
    ],
    "1": [
        202387.5,
        202387.5,
        291219.15625
    ],
    "2": [
        201474.140625,
        113341.3515625,
        145609.578125
    ],
    "3": [
        238775.96875,
        92748.7265625,
        101926.703125
    ],
    "4": [
        229807.59375,
        83388.59375,
        61156.0234375
    ],
    "5": [
        237489.5,
        90957.6796875,
        30578.01171875
    ],
    "6": [
        249568.375,
        88961.9296875,
        15289.005859375
    ]
}