{
    "0": [
        202387.5,
        202387.5,
        291219.15625
    ],
    "1": [
        202387.5,
        202387.5,
        291219.15625
    ],
    "2": [
        246971.640625,
        121571.3671875,
        145609.578125
    ],
    "3": [
        240107.1875,
        105390.6953125,
        101926.703125
    ],
    "4": [
        226366.09375,
        104810.828125,
        61156.0234375
    ],
    "5": [
        229790.703125,
        75005.03125,
        30578.01171875
    ],
    "6": [
        229328.109375,
        82010.328125,
        15289.005859375
    ],
    "7": [
        223186.359375,
        82584.28125,
        7644.5029296875
    ],
    "8": [
        225881.21875,
        82102.9765625,
        3822.25146484375
    ]
}