{
    "0": [
        202387.5,
        202387.5,
        291219.15625
    ],
    "1": [
        202387.5,
        202387.5,
        291219.15625
    ],
    "2": [
        227722.65625,
        225951.3125,
        145609.578125
    ],
    "3": [
        206925.5625,
        243413.265625,
        101926.703125
    ],
    "4": [
        208749.21875,
        215178.453125,
        61156.0234375
    ],
    "5": [
        185943.96875,
        230850.28125,
        30578.01171875
    ],
    "6": [
        196870.28125,
        233597.25,
        15289.005859375
    ],
    "7": [
        198915.546875,
        239157.765625,
        7644.5029296875
    ],
    "8": [
        199256.015625,
        235411.203125,
        3822.25146484375
    ]
}