{
    "0": [
        202387.5,
        202387.5,
        291219.15625
    ],
    "1": [
        202387.5,
        202387.5,
        291219.15625
    ],
    "2": [
        208935.0625,
        137365.125,
        145609.578125
    ],
    "3": [
        247047.671875,
        144775.90625,
        101926.703125
    ],
    "4": [
        221227.8125,
        159263.46875,
        61156.0234375
    ],
    "5": [
        219572.28125,
        160323.421875,
        30578.01171875
    ],
    "6": [
        213379.171875,
        174014.21875,
        15289.005859375
    ],
    "7": [
        210004.234375,
        174284.734375,
        7644.5029296875
    ]
}