{
    "0": [
        202387.5,
        202387.5,
        291219.15625
    ],
    "1": [
        202387.5,
        202387.5,
        291219.15625
    ],
    "2": [
        292805.625,
        250235.34375,
        145609.578125
    ],
    "3": [
        250991.734375,
        247656.34375,
        101926.703125
    ],
    "4": [
        290194.78125,
        243291.796875,
        61156.0234375
    ],
    "5": [
        289880.6875,
        233598.4375,
        30578.01171875
    ],
    "6": [
        279011.125,
        234613.796875,
        15289.005859375
    ]
}