{
    "0": [
        202387.5,
        202387.5,
        291219.15625
    ],
    "1": [
        202387.5,
        202387.5,
        291219.15625
    ],
    "2": [
        148703.484375,
        196421.03125,
        145609.578125
    ],
    "3": [
        180451.40625,
        192095.984375,
        101926.703125
    ],
    "4": [
        214307.453125,
        204869.4375,
        61156.0234375
    ],
    "5": [
        185030.015625,
        207598.671875,
        30578.01171875
    ],
    "6": [
        182137.140625,
        193851.625,
        15289.005859375
    ],
    "7": [
        187164.234375,
        193138.453125,
        7644.5029296875
    ],
    "8": [
        186853.96875,
        189365.65625,
        3822.25146484375
    ]
}