{
    "0": [
        202387.5,
        202387.5,
        291219.15625
    ],
    "1": [
        202387.5,
        202387.5,
        291219.15625
    ],
    "2": [
        161992.5625,
        143111.53125,
        145609.578125
    ],
    "3": [
        168764.65625,
        104436.5390625,
        101926.703125
    ],
    "4": [
        131756.703125,
        91605.7734375,
        61156.0234375
    ],
    "5": [
        158718.609375,
        101262.453125,
        30578.01171875
    ],
    "6": [
        173617.390625,
        103544.4609375,
        15289.005859375
    ]
}