{
    "0": [
        202387.5,
        202387.5,
        291219.15625
    ],
    "1": [
        202387.5,
        202387.5,
        291219.15625
    ],
    "2": [
        295550.6875,
        211678.0625,
        145609.578125
    ],
    "3": [
        260576.359375,
        217264.640625,
        101926.703125
    ],
    "4": [
        285364.46875,
        224349.84375,
        61156.0234375
    ],
    "5": [
        282910.34375,
        202564.203125,
        30578.01171875
    ],
    "6": [
        283906.75,
        206041.796875,
        15289.005859375
    ],
    "7": [
        284331.5625,
        210937.9375,
        7644.5029296875
    ]
}