{
    "0": [
        202387.5,
        202387.5,
        291219.15625
    ],
    "1": [
        202387.5,
        202387.5,
        291219.15625
    ],
    "2": [
        174519.984375,
        111441.34375,
        145609.578125
    ],
    "3": [
        169398.109375,
        83213.2109375,
        101926.703125
    ],
    "4": [
        159786.15625,
        112742.2578125,
        61156.0234375
    ],
    "5": [
        170627.296875,
        127373.1328125,
        30578.01171875
    ],
    "6": [
        174901.984375,
        129407.859375,
        15289.005859375
    ],
    "7": [
        174913.28125,
        122437.609375,
        7644.5029296875
    ]
}