{
    "0": [
        202387.5,
        202387.5,
        291219.15625
    ],
    "1": [
        202387.5,
        202387.5,
        291219.15625
    ],
    "2": [
        291891.6875,
        226138.296875,
        145609.578125
    ],
    "3": [
        307380.59375,
        251268.1875,
        101926.703125
    ],
    "4": [
        307469.125,
        218144.859375,
        61156.0234375
    ],
    "5": [
        308025.9375,
        211771.421875,
        30578.01171875
    ],
    "6": [
        300600.59375,
        205647.140625,
        15289.005859375
    ]
}