{
    "0": [
        202387.5,
        202387.5,
        291219.15625
    ],
    "1": [
        202387.5,
        202387.5,
        291219.15625
    ],
    "2": [
        183091.65625,
        298908.40625,
        145609.578125
    ],
    "3": [
        188071.390625,
        266935.21875,
        101926.703125
    ],
    "4": [
        162243.21875,
        251580.078125,
        61156.0234375
    ],
    "5": [
        153081.6875,
        244325.6875,
        30578.01171875
    ],
    "6": [
        141196.78125,
        241083.34375,
        15289.005859375
    ],
    "7": [
        145139.359375,
        242854.6875,
        7644.5029296875
    ]
}