{
    "0": [
        202387.5,
        202387.5,
        291219.15625
    ],
    "1": [
        202387.5,
        202387.5,
        291219.15625
    ],
    "2": [
        284304.6875,
        148223.578125,
        145609.578125
    ],
    "3": [
        244875.5,
        152061.765625,
        101926.703125
    ],
    "4": [
        216770.890625,
        161682.390625,
        61156.0234375
    ],
    "5": [
        229052.453125,
        178235.5625,
        30578.01171875
    ],
    "6": [
        235326.234375,
        174846.125,
        15289.005859375
    ],
    "7": [
        229506.765625,
        174741.6875,
        7644.5029296875
    ]
}