{
    "0": [
        202387.5,
        202387.5,
        291219.15625
    ],
    "1": [
        202387.5,
        202387.5,
        291219.15625
    ],
    "2": [
        169907.578125,
        196281.65625,
        145609.578125
    ],
    "3": [
        161036.1875,
        154818.5,
        101926.703125
    ],
    "4": [
        166615.109375,
        154622.96875,
        61156.0234375
    ],
    "5": [
        155308.375,
        177239.328125,
        30578.01171875
    ],
    "6": [
        161486.40625,
        182301.71875,
        15289.005859375
    ],
    "7": [
        157796.21875,
        176223.0625,
        7644.5029296875
    ]
}