{
    "0": [
        202387.5,
        202387.5,
        291219.15625
    ],
    "1": [
        202387.5,
        202387.5,
        291219.15625
    ],
    "2": [
        288433.25,
        235947.453125,
        145609.578125
    ],
    "3": [
        294134.3125,
        250742.9375,
        101926.703125
    ],
    "4": [
        307358.96875,
        248054.390625,
        61156.0234375
    ],
    "5": [
        320514.65625,
        221069.828125,
        30578.01171875
    ],
    "6": [
        323875.59375,
        208149.046875,
        15289.005859375
    ],
    "7": [
        329503.90625,
        211999.28125,
        7644.5029296875
    ],
    "8": [
        329651.03125,
        213885.015625,
        3822.25146484375
    ]
}