{
    "0": [
        202387.5,
        202387.5,
        291219.15625
    ],
    "1": [
        202387.5,
        202387.5,
        291219.15625
    ],
    "2": [
        188560.390625,
        93253.2890625,
        145609.578125
    ],
    "3": [
        172510.390625,
        99666.453125,
        101926.703125
    ],
    "4": [
        188170.765625,
        127643.2109375,
        61156.0234375
    ],
    "5": [
        171681.9375,
        118596.1796875,
        30578.01171875
    ],
    "6": [
        176249.53125,
        105945.2109375,
        15289.005859375
    ]
}