{
    "0": [
        202387.5,
        202387.5,
        291219.15625
    ],
    "1": [
        202387.5,
        202387.5,
        291219.15625
    ],
    "2": [
        223489.15625,
        255898.421875,
        145609.578125
    ],
    "3": [
        232968.8125,
        213599.5,
        101926.703125
    ],
    "4": [
        268412.625,
        228347.59375,
        61156.0234375
    ],
    "5": [
        298440.0625,
        232737.515625,
        30578.01171875
    ],
    "6": [
        299627.25,
        236152.265625,
        15289.005859375
    ],
    "7": [
        303457.4375,
        242581.734375,
        7644.5029296875
    ],
    "8": [
        302638.71875,
        244978.53125,
        3822.25146484375
    ]
}