{
    "0": [
        202387.5,
        202387.5,
        291219.15625
    ],
    "1": [
        202387.5,
        202387.5,
        291219.15625
    ],
    "2": [
        146680.578125,
        164373.03125,
        145609.578125
    ],
    "3": [
        108554.25,
        175798.984375,
        101926.703125
    ],
    "4": [
        130594.65625,
        182299.6875,
        61156.0234375
    ],
    "5": [
        117841.7421875,
        207414.03125,
        30578.01171875
    ],
    "6": [
        114058.0546875,
        202161.984375,
        15289.005859375
    ],
    "7": [
        116869.71875,
        199386.90625,
        7644.5029296875
    ],
    "8": [
        118486.484375,
        199972.4375,
        3822.25146484375
    ]
}