{
    "0": [
        202387.5,
        202387.5,
        291219.15625
    ],
    "1": [
        202387.5,
        202387.5,
        291219.15625
    ],
    "2": [
        198728.375,
        138112.265625,
        145609.578125
    ],
    "3": [
        217403.90625,
        157995.71875,
        101926.703125
    ],
    "4": [
        235290.15625,
        155281.0625,
        61156.0234375
    ],
    "5": [
        220298.484375,
        172453,
        30578.01171875
    ],
    "6": [
        229126.53125,
        167749.8125,
        15289.005859375
    ],
    "7": [
        227507.953125,
        174259.984375,
        7644.5029296875
    ],
    "8": [
        228264.5,
        177584.21875,
        3822.25146484375
    ]
}