{
    "0": [
        202387.5,
        202387.5,
        291219.15625
    ],
    "1": [
        202387.5,
        202387.5,
        291219.15625
    ],
    "2": [
        142355.890625,
        128527.6796875,
        145609.578125
    ],
    "3": [
        164133.6875,
        152046.359375,
        101926.703125
    ],
    "4": [
        187191.375,
        139417.578125,
        61156.0234375
    ],
    "5": [
        186412.21875,
        116948.203125,
        30578.01171875
    ],
    "6": [
        183350.671875,
        111657.015625,
        15289.005859375
    ],
    "7": [
        188005.4375,
        116819.8671875,
        7644.5029296875
    ]
}