{
    "0": [
        202387.5,
        202387.5,
        291219.15625
    ],
    "1": [
        202387.5,
        202387.5,
        291219.15625
    ],
    "2": [
        258163.96875,
        202803.34375,
        145609.578125
    ],
    "3": [
        269947.15625,
        228342,
        101926.703125
    ],
    "4": [
        302268.09375,
        222365.734375,
        61156.0234375
    ],
    "5": [
        307230,
        193606.375,
        30578.01171875
    ],
    "6": [
        311773.09375,
        181044.421875,
        15289.005859375
    ],
    "7": [
        313291.625,
        178076.140625,
        7644.5029296875
    ]
}