{
    "0": [
        202387.5,
        202387.5,
        291219.15625
    ],
    "1": [
        202387.5,
        202387.5,
        291219.15625
    ],
    "2": [
        122762.4765625,
        268190.6875,
        145609.578125
    ],
    "3": [
        84216.859375,
        262402.46875,
        101926.703125
    ],
    "4": [
        76756.421875,
        283887.21875,
        61156.0234375
    ],
    "5": [
        81407.296875,
        292851.3125,
        30578.01171875
    ],
    "6": [
        92327.71875,
        286553.5,
        15289.005859375
    ],
    "7": [
        92779.953125,
        282798.125,
        7644.5029296875
    ]
}