{
    "0": [
        202387.5,
        202387.5,
        291219.15625
    ],
    "1": [
        202387.5,
        202387.5,
        291219.15625
    ],
    "2": [
        179704.6875,
        265709.5,
        145609.578125
    ],
    "3": [
        187077.515625,
        235871.125,
        101926.703125
    ],
    "4": [
        152971.5,
        243265.109375,
        61156.0234375
    ],
    "5": [
        145439.984375,
        223069.546875,
        30578.01171875
    ],
    "6": [
        155501.984375,
        214365.1875,
        15289.005859375
    ],
    "7": [
        154328.171875,
        218234.921875,
        7644.5029296875
    ]
}