{
    "0": [
        202387.5,
        202387.5,
        291219.15625
    ],
    "1": [
        202387.5,
        202387.5,
        291219.15625
    ],
    "2": [
        149453.25,
        201328.203125,
        145609.578125
    ],
    "3": [
        120227.46875,
        228986.53125,
        101926.703125
    ],
    "4": [
        157386.8125,
        233726.25,
        61156.0234375
    ],
    "5": [
        141210.46875,
        220249.84375,
        30578.01171875
    ],
    "6": [
        144947.109375,
        231715.390625,
        15289.005859375
    ],
    "7": [
        146868.328125,
        235393.75,
        7644.5029296875
    ]
}