{
    "0": [
        202387.5,
        202387.5,
        291219.15625
    ],
    "1": [
        202387.5,
        202387.5,
        291219.15625
    ],
    "2": [
        227242.4375,
        176011.25,
        145609.578125
    ],
    "3": [
        212070.0625,
        179022.59375,
        101926.703125
    ],
    "4": [
        191436.015625,
        174020.65625,
        61156.0234375
    ],
    "5": [
        212863.71875,
        193394.015625,
        30578.01171875
    ],
    "6": [
        206020,
        186393.796875,
        15289.005859375
    ],
    "7": [
        203583.578125,
        191545.46875,
        7644.5029296875
    ]
}