{
    "0": [
        202387.5,
        202387.5,
        291219.15625
    ],
    "1": [
        202387.5,
        202387.5,
        291219.15625
    ],
    "2": [
        122297.203125,
        151409.296875,
        145609.578125
    ],
    "3": [
        98831.21875,
        166544.03125,
        101926.703125
    ],
    "4": [
        64414.45703125,
        161465.75,
        61156.0234375
    ],
    "5": [
        81259.9765625,
        176420.53125,
        30578.01171875
    ],
    "6": [
        73748.2890625,
        164376.9375,
        15289.005859375
    ],
    "7": [
        74766.5390625,
        168689.859375,
        7644.5029296875
    ]
}