{
    "0": [
        202387.5,
        202387.5,
        291219.15625
    ],
    "1": [
        202387.5,
        202387.5,
        291219.15625
    ],
    "2": [
        118427.25,
        159250.3125,
        145609.578125
    ],
    "3": [
        154683.171875,
        143350.765625,
        101926.703125
    ],
    "4": [
        132944.796875,
        129388.5390625,
        61156.0234375
    ],
    "5": [
        134420.71875,
        107151.59375,
        30578.01171875
    ],
    "6": [
        122125.03125,
        110911.1015625,
        15289.005859375
    ],
    "7": [
        120266.3046875,
        106523.46875,
        7644.5029296875
    ],
    "8": [
        117399.7265625,
        107499.8203125,
        3822.25146484375
    ]
}