{
    "0": [
        202387.5,
        202387.5,
        291219.15625
    ],
    "1": [
        202387.5,
        202387.5,
        291219.15625
    ],
    "2": [
        124258.71875,
        122424.1171875,
        145609.578125
    ],
    "3": [
        87095.375,
        123109.546875,
        101926.703125
    ],
    "4": [
        83301.828125,
        143707.234375,
        61156.0234375
    ],
    "5": [
        89980.7421875,
        153646.28125,
        30578.01171875
    ],
    "6": [
        81744.6796875,
        150269.3125,
        15289.005859375
    ],
    "7": [
        79639.9921875,
        150698.234375,
        7644.5029296875
    ],
    "8": [
        77790.859375,
        153517.375,
        3822.25146484375
    ]
}