{
    "0": [
        202387.5,
        202387.5,
        291219.15625
    ],
    "1": [
        202387.5,
        202387.5,
        291219.15625
    ],
    "2": [
        308906.65625,
        223885.328125,
        145609.578125
    ],
    "3": [
        326153.40625,
        224144.640625,
        101926.703125
    ],
    "4": [
        322419.78125,
        230375.515625,
        61156.0234375
    ],
    "5": [
        306283.375,
        252622.59375,
        30578.01171875
    ],
    "6": [
        312386.4375,
        248858.953125,
        15289.005859375
    ],
    "7": [
        314488.9375,
        242577.015625,
        7644.5029296875
    ]
}