{
    "0": [
        202387.5,
        202387.5,
        291219.15625
    ],
    "1": [
        202387.5,
        202387.5,
        291219.15625
    ],
    "2": [
        191044.96875,
        129884.0625,
        145609.578125
    ],
    "3": [
        148123.828125,
        135296.796875,
        101926.703125
    ],
    "4": [
        138053.859375,
        171798.625,
        61156.0234375
    ],
    "5": [
        156719.21875,
        191810.484375,
        30578.01171875
    ],
    "6": [
        156592.828125,
        189425.984375,
        15289.005859375
    ],
    "7": [
        156250.03125,
        187399.75,
        7644.5029296875
    ]
}