{
    "0": [
        202387.5,
        202387.5,
        291219.15625
    ],
    "1": [
        202387.5,
        202387.5,
        291219.15625
    ],
    "2": [
        214960.140625,
        137768.953125,
        145609.578125
    ],
    "3": [
        234161.921875,
        127256.078125,
        101926.703125
    ],
    "4": [
        264268.9375,
        104559.2421875,
        61156.0234375
    ],
    "5": [
        270188.375,
        134414.8125,
        30578.01171875
    ],
    "6": [
        272276.0625,
        139869.9375,
        15289.005859375
    ],
    "7": [
        276482.90625,
        140760.125,
        7644.5029296875
    ],
    "8": [
        273346.84375,
        140732.3125,
        3822.25146484375
    ]
}