{
    "0": [
        202387.5,
        202387.5,
        291219.15625
    ],
    "1": [
        202387.5,
        202387.5,
        291219.15625
    ],
    "2": [
        229511.921875,
        98453.2890625,
        145609.578125
    ],
    "3": [
        229302.78125,
        83068.5546875,
        101926.703125
    ],
    "4": [
        195310.4375,
        72270.8359375,
        61156.0234375
    ],
    "5": [
        189757.0625,
        75970.09375,
        30578.01171875
    ],
    "6": [
        194073.234375,
        80971.8984375,
        15289.005859375
    ],
    "7": [
        189917.796875,
        85803.484375,
        7644.5029296875
    ],
    "8": [
        190008.3125,
        83903.203125,
        3822.25146484375
    ]
}