{
    "0": [
        202387.5,
        202387.5,
        291219.15625
    ],
    "1": [
        202387.5,
        202387.5,
        291219.15625
    ],
    "2": [
        278511.6875,
        213411.53125,
        145609.578125
    ],
    "3": [
        246700.171875,
        215986.171875,
        101926.703125
    ],
    "4": [
        259437.234375,
        246468.34375,
        61156.0234375
    ],
    "5": [
        243737.765625,
        229064.5,
        30578.01171875
    ],
    "6": [
        254403.1875,
        219904.59375,
        15289.005859375
    ]
}