{
    "0": [
        202387.5,
        202387.5,
        291219.15625
    ],
    "1": [
        202387.5,
        202387.5,
        291219.15625
    ],
    "2": [
        238178.90625,
        174784.46875,
        145609.578125
    ],
    "3": [
        216201.0625,
        154255.53125,
        101926.703125
    ],
    "4": [
        201979.484375,
        135256.03125,
        61156.0234375
    ],
    "5": [
        177277.21875,
        139113.03125,
        30578.01171875
    ],
    "6": [
        188691.296875,
        137404.203125,
        15289.005859375
    ],
    "7": [
        194841.671875,
        140695.578125,
        7644.5029296875
    ],
    "8": [
        193332.59375,
        137375.421875,
        3822.25146484375
    ]
}