{
    "0": [
        202387.5,
        202387.5,
        291219.15625
    ],
    "1": [
        202387.5,
        202387.5,
        291219.15625
    ],
    "2": [
        198595.6875,
        247983.859375,
        145609.578125
    ],
    "3": [
        230024.734375,
        262032.546875,
        101926.703125
    ],
    "4": [
        255974.71875,
        262355.15625,
        61156.0234375
    ],
    "5": [
        254879.796875,
        237814.90625,
        30578.01171875
    ],
    "6": [
        256680.4375,
        240351.984375,
        15289.005859375
    ],
    "7": [
        260710.5,
        238307.671875,
        7644.5029296875
    ]
}