{
    "0": [
        202387.5,
        202387.5,
        291219.15625
    ],
    "1": [
        202387.5,
        202387.5,
        291219.15625
    ],
    "2": [
        220999.140625,
        241263.9375,
        145609.578125
    ],
    "3": [
        189566.4375,
        233891.9375,
        101926.703125
    ],
    "4": [
        192594.09375,
        235717.71875,
        61156.0234375
    ],
    "5": [
        217249.34375,
        242254.125,
        30578.01171875
    ],
    "6": [
        214596.09375,
        236155.03125,
        15289.005859375
    ],
    "7": [
        210718.703125,
        234222.28125,
        7644.5029296875
    ]
}