{
    "0": [
        202387.5,
        202387.5,
        291219.15625
    ],
    "1": [
        202387.5,
        202387.5,
        291219.15625
    ],
    "2": [
        151733.78125,
        177985.4375,
        145609.578125
    ],
    "3": [
        189456.328125,
        157607.078125,
        101926.703125
    ],
    "4": [
        185346.71875,
        125811.34375,
        61156.0234375
    ],
    "5": [
        165576.484375,
        125857.28125,
        30578.01171875
    ],
    "6": [
        156923.53125,
        124864.0234375,
        15289.005859375
    ]
}