{
    "0": [
        202387.5,
        202387.5,
        291219.15625
    ],
    "1": [
        202387.5,
        202387.5,
        291219.15625
    ],
    "2": [
        190380.234375,
        232331.453125,
        145609.578125
    ],
    "3": [
        215287.34375,
        256200.984375,
        101926.703125
    ],
    "4": [
        190026.484375,
        272613.71875,
        61156.0234375
    ],
    "5": [
        181407.34375,
        253972.65625,
        30578.01171875
    ],
    "6": [
        168993.6875,
        260118.96875,
        15289.005859375
    ]
}