{
    "0": [
        202387.5,
        202387.5,
        291219.15625
    ],
    "1": [
        202387.5,
        202387.5,
        291219.15625
    ],
    "2": [
        182330.453125,
        212190.578125,
        145609.578125
    ],
    "3": [
        210729,
        194683.578125,
        101926.703125
    ],
    "4": [
        216759.3125,
        163911.546875,
        61156.0234375
    ],
    "5": [
        221431.28125,
        151745.625,
        30578.01171875
    ],
    "6": [
        220872.875,
        151074.46875,
        15289.005859375
    ],
    "7": [
        220107.171875,
        145402.28125,
        7644.5029296875
    ]
}