{
    "0": [
        202387.5,
        202387.5,
        291219.15625
    ],
    "1": [
        202387.5,
        202387.5,
        291219.15625
    ],
    "2": [
        201060.78125,
        116498.65625,
        145609.578125
    ],
    "3": [
        164238.203125,
        101090.359375,
        101926.703125
    ],
    "4": [
        186541.6875,
        132664.375,
        61156.0234375
    ],
    "5": [
        185869.65625,
        160544.1875,
        30578.01171875
    ],
    "6": [
        181731.25,
        165174.625,
        15289.005859375
    ],
    "7": [
        175488.125,
        167057.453125,
        7644.5029296875
    ],
    "8": [
        176831.015625,
        167680.5,
        3822.25146484375
    ]
}