{
    "0": [
        202387.5,
        202387.5,
        291219.15625
    ],
    "1": [
        202387.5,
        202387.5,
        291219.15625
    ],
    "2": [
        243605,
        213179.6875,
        145609.578125
    ],
    "3": [
        206495.90625,
        225750.0625,
        101926.703125
    ],
    "4": [
        202472.34375,
        263413.34375,
        61156.0234375
    ],
    "5": [
        214403.703125,
        264974.6875,
        30578.01171875
    ],
    "6": [
        218241.21875,
        279020.0625,
        15289.005859375
    ],
    "7": [
        221487.875,
        278279.46875,
        7644.5029296875
    ],
    "8": [
        218256.875,
        276562.28125,
        3822.25146484375
    ]
}