{
    "0": [
        202387.5,
        202387.5,
        291219.15625
    ],
    "1": [
        202387.5,
        202387.5,
        291219.15625
    ],
    "2": [
        300892.40625,
        188531.828125,
        145609.578125
    ],
    "3": [
        316101.90625,
        171375.3125,
        101926.703125
    ],
    "4": [
        290760.9375,
        167368.53125,
        61156.0234375
    ],
    "5": [
        299622.96875,
        165062.21875,
        30578.01171875
    ],
    "6": [
        304768.5,
        166576.25,
        15289.005859375
    ],
    "7": [
        305484.09375,
        171148.515625,
        7644.5029296875
    ]
}