{
    "0": [
        202387.5,
        202387.5,
        291219.15625
    ],
    "1": [
        202387.5,
        202387.5,
        291219.15625
    ],
    "2": [
        145749.171875,
        202656.890625,
        145609.578125
    ],
    "3": [
        115124.859375,
        198963.59375,
        101926.703125
    ],
    "4": [
        128456.609375,
        169873.8125,
        61156.0234375
    ],
    "5": [
        140634.015625,
        145630.953125,
        30578.01171875
    ],
    "6": [
        131363.265625,
        147041.359375,
        15289.005859375
    ]
}