{
    "0": [
        202387.5,
        202387.5,
        291219.15625
    ],
    "1": [
        202387.5,
        202387.5,
        291219.15625
    ],
    "2": [
        108494.0078125,
        194442.6875,
        145609.578125
    ],
    "3": [
        131695.140625,
        196088.828125,
        101926.703125
    ],
    "4": [
        141127.78125,
        157943.234375,
        61156.0234375
    ],
    "5": [
        117347.5234375,
        155641.875,
        30578.01171875
    ],
    "6": [
        123968.28125,
        144873.046875,
        15289.005859375
    ]
}