{
    "0": [
        202387.5,
        202387.5,
        291219.15625
    ],
    "1": [
        202387.5,
        202387.5,
        291219.15625
    ],
    "2": [
        190046.640625,
        206819.609375,
        145609.578125
    ],
    "3": [
        186994.03125,
        222921.234375,
        101926.703125
    ],
    "4": [
        194054.40625,
        255639.46875,
        61156.0234375
    ],
    "5": [
        182788.84375,
        275657.1875,
        30578.01171875
    ],
    "6": [
        178030.09375,
        267183.5625,
        15289.005859375
    ],
    "7": [
        179808.40625,
        267704.3125,
        7644.5029296875
    ],
    "8": [
        181642.328125,
        267689.84375,
        3822.25146484375
    ],
    "9": [
        181677.515625,
        267708.0625,
        1911.125732421875
    ]
}