{
    "0": [
        202387.5,
        202387.5,
        291219.15625
    ],
    "1": [
        202387.5,
        202387.5,
        291219.15625
    ],
    "2": [
        265969.65625,
        115335.40625,
        145609.578125
    ],
    "3": [
        262896.40625,
        140522.3125,
        101926.703125
    ],
    "4": [
        297862.5625,
        144732.453125,
        61156.0234375
    ],
    "5": [
        323784.3125,
        130301.671875,
        30578.01171875
    ],
    "6": [
        314892.78125,
        121169.5078125,
        15289.005859375
    ]
}