{
    "0": [
        202387.5,
        202387.5,
        291219.15625
    ],
    "1": [
        202387.5,
        202387.5,
        291219.15625
    ],
    "2": [
        146473.921875,
        280275.6875,
        145609.578125
    ],
    "3": [
        146700.484375,
        323868.75,
        101926.703125
    ],
    "4": [
        173583,
        332486.5,
        61156.0234375
    ],
    "5": [
        173783,
        306099.5,
        30578.01171875
    ],
    "6": [
        184880.90625,
        299211.25,
        15289.005859375
    ],
    "7": [
        179959.0625,
        300037.15625,
        7644.5029296875
    ],
    "8": [
        181178.15625,
        300129.75,
        3822.25146484375
    ]
}