{
    "0": [
        202387.5,
        202387.5,
        291219.15625
    ],
    "1": [
        202387.5,
        202387.5,
        291219.15625
    ],
    "2": [
        130641.8515625,
        138719.609375,
        145609.578125
    ],
    "3": [
        107068.2421875,
        110360.9453125,
        101926.703125
    ],
    "4": [
        124169.0546875,
        109692.75,
        61156.0234375
    ],
    "5": [
        98596.890625,
        107255.46875,
        30578.01171875
    ],
    "6": [
        89354.140625,
        103824.875,
        15289.005859375
    ],
    "7": [
        87639.1015625,
        103239.96875,
        7644.5029296875
    ],
    "8": [
        84711.421875,
        101804.46875,
        3822.25146484375
    ]
}