{
    "0": [
        202387.5,
        202387.5,
        291219.15625
    ],
    "1": [
        202387.5,
        202387.5,
        291219.15625
    ],
    "2": [
        246340.234375,
        272330.78125,
        145609.578125
    ],
    "3": [
        281629,
        258888.078125,
        101926.703125
    ],
    "4": [
        295719.5,
        257788.609375,
        61156.0234375
    ],
    "5": [
        318995.5625,
        262039.5,
        30578.01171875
    ],
    "6": [
        323903.25,
        266621.03125,
        15289.005859375
    ],
    "7": [
        317989.03125,
        266755.59375,
        7644.5029296875
    ]
}