{
    "0": [
        202387.5,
        202387.5,
        291219.15625
    ],
    "1": [
        202387.5,
        202387.5,
        291219.15625
    ],
    "2": [
        158248.015625,
        127459.734375,
        145609.578125
    ],
    "3": [
        179116.125,
        152964.421875,
        101926.703125
    ],
    "4": [
        140745.78125,
        154909.296875,
        61156.0234375
    ],
    "5": [
        116368.34375,
        160345.84375,
        30578.01171875
    ],
    "6": [
        130119.84375,
        157190.65625,
        15289.005859375
    ],
    "7": [
        134939.953125,
        155966.6875,
        7644.5029296875
    ]
}