{
    "0": [
        202387.5,
        202387.5,
        291219.15625
    ],
    "1": [
        202387.5,
        202387.5,
        291219.15625
    ],
    "2": [
        264296.40625,
        224501.265625,
        145609.578125
    ],
    "3": [
        244497.734375,
        203646.875,
        101926.703125
    ],
    "4": [
        218951.75,
        228020.59375,
        61156.0234375
    ],
    "5": [
        217405.703125,
        216402.4375,
        30578.01171875
    ],
    "6": [
        219960.40625,
        209110.875,
        15289.005859375
    ],
    "7": [
        221304.203125,
        211314.203125,
        7644.5029296875
    ],
    "8": [
        223865.265625,
        211086.546875,
        3822.25146484375
    ]
}