{
    "0": [
        202387.5,
        202387.5,
        291219.15625
    ],
    "1": [
        202387.5,
        202387.5,
        291219.15625
    ],
    "2": [
        93302.8828125,
        214012.265625,
        145609.578125
    ],
    "3": [
        101122.3125,
        224330.265625,
        101926.703125
    ],
    "4": [
        83285.3515625,
        229035.203125,
        61156.0234375
    ],
    "5": [
        99337.609375,
        250761.078125,
        30578.01171875
    ],
    "6": [
        107277.6328125,
        243094.234375,
        15289.005859375
    ],
    "7": [
        106685.75,
        242712.1875,
        7644.5029296875
    ]
}