{
    "0": [
        202387.5,
        202387.5,
        291219.15625
    ],
    "1": [
        202387.5,
        202387.5,
        291219.15625
    ],
    "2": [
        275927.0625,
        254805.15625,
        145609.578125
    ],
    "3": [
        296055.5,
        272096.4375,
        101926.703125
    ],
    "4": [
        277503.71875,
        307956.96875,
        61156.0234375
    ],
    "5": [
        278127.875,
        296198.8125,
        30578.01171875
    ],
    "6": [
        271635.09375,
        308740.03125,
        15289.005859375
    ]
}