{
    "0": [
        202387.5,
        202387.5,
        291219.15625
    ],
    "1": [
        202387.5,
        202387.5,
        291219.15625
    ],
    "2": [
        188277.296875,
        156123.125,
        145609.578125
    ],
    "3": [
        216611.6875,
        141933.84375,
        101926.703125
    ],
    "4": [
        204835.796875,
        119355.125,
        61156.0234375
    ],
    "5": [
        232360.296875,
        121468.3828125,
        30578.01171875
    ],
    "6": [
        220792.4375,
        114761.9296875,
        15289.005859375
    ],
    "7": [
        222211.5,
        121959.3203125,
        7644.5029296875
    ]
}