{
    "0": [
        202387.5,
        202387.5,
        291219.15625
    ],
    "1": [
        202387.5,
        202387.5,
        291219.15625
    ],
    "2": [
        125712.734375,
        281414.71875,
        145609.578125
    ],
    "3": [
        147111.828125,
        266609.25,
        101926.703125
    ],
    "4": [
        150989.546875,
        304947.59375,
        61156.0234375
    ],
    "5": [
        156832,
        288732.40625,
        30578.01171875
    ],
    "6": [
        150657.96875,
        280581.125,
        15289.005859375
    ],
    "7": [
        150654.40625,
        284142.03125,
        7644.5029296875
    ]
}