{
    "0": [
        202387.5,
        202387.5,
        291219.15625
    ],
    "1": [
        202387.5,
        202387.5,
        291219.15625
    ],
    "2": [
        236441.34375,
        306864.78125,
        145609.578125
    ],
    "3": [
        267834.5,
        333423.125,
        101926.703125
    ],
    "4": [
        276852.78125,
        298172.40625,
        61156.0234375
    ],
    "5": [
        295925.28125,
        274326.09375,
        30578.01171875
    ],
    "6": [
        297905.9375,
        278297.3125,
        15289.005859375
    ],
    "7": [
        302655.96875,
        277216.46875,
        7644.5029296875
    ],
    "8": [
        303637.28125,
        279841.09375,
        3822.25146484375
    ]
}