{
    "0": [
        202387.5,
        202387.5,
        291219.15625
    ],
    "1": [
        202387.5,
        202387.5,
        291219.15625
    ],
    "2": [
        182393.8125,
        257964.546875,
        145609.578125
    ],
    "3": [
        154534.84375,
        258229.828125,
        101926.703125
    ],
    "4": [
        188383.75,
        245086.921875,
        61156.0234375
    ],
    "5": [
        185972.609375,
        249654.9375,
        30578.01171875
    ],
    "6": [
        184434.09375,
        242922.546875,
        15289.005859375
    ]
}