{
    "0": [
        202387.5,
        202387.5,
        291219.15625
    ],
    "1": [
        202387.5,
        202387.5,
        291219.15625
    ],
    "2": [
        245615.90625,
        279300.625,
        145609.578125
    ],
    "3": [
        232097.796875,
        287799.125,
        101926.703125
    ],
    "4": [
        203988.109375,
        293599.78125,
        61156.0234375
    ],
    "5": [
        197486.734375,
        310423.5625,
        30578.01171875
    ],
    "6": [
        186729.71875,
        306048.40625,
        15289.005859375
    ],
    "7": [
        180865.015625,
        307902.9375,
        7644.5029296875
    ]
}