{
    "0": [
        202387.5,
        202387.5,
        291219.15625
    ],
    "1": [
        202387.5,
        202387.5,
        291219.15625
    ],
    "2": [
        184683.140625,
        244618.875,
        145609.578125
    ],
    "3": [
        204507,
        216881.609375,
        101926.703125
    ],
    "4": [
        236424.1875,
        221948.140625,
        61156.0234375
    ],
    "5": [
        211615.75,
        232189.359375,
        30578.01171875
    ],
    "6": [
        200216.734375,
        227004.03125,
        15289.005859375
    ],
    "7": [
        194201.15625,
        230138.21875,
        7644.5029296875
    ]
}