{
    "0": [
        202387.5,
        202387.5,
        291219.15625
    ],
    "1": [
        202387.5,
        202387.5,
        291219.15625
    ],
    "2": [
        225307.8125,
        147929.046875,
        145609.578125
    ],
    "3": [
        232081.921875,
        179379.6875,
        101926.703125
    ],
    "4": [
        261018.9375,
        174321.453125,
        61156.0234375
    ],
    "5": [
        267828.90625,
        157481.59375,
        30578.01171875
    ]
}