{
    "0": [
        202387.5,
        202387.5,
        291219.15625
    ],
    "1": [
        202387.5,
        202387.5,
        291219.15625
    ],
    "2": [
        211961.75,
        233819.25,
        145609.578125
    ],
    "3": [
        202292.046875,
        214053.234375,
        101926.703125
    ],
    "4": [
        204560.40625,
        207472.75,
        61156.0234375
    ],
    "5": [
        220488.859375,
        219960.15625,
        30578.01171875
    ],
    "6": [
        215731.46875,
        217318.25,
        15289.005859375
    ],
    "7": [
        209121.265625,
        215475.0625,
        7644.5029296875
    ]
}