{
    "0": [
        202387.5,
        202387.5,
        291219.15625
    ],
    "1": [
        202387.5,
        202387.5,
        291219.15625
    ],
    "2": [
        195622.53125,
        137007.828125,
        145609.578125
    ],
    "3": [
        200555.421875,
        120375.8125,
        101926.703125
    ],
    "4": [
        196127.375,
        126505.375,
        61156.0234375
    ],
    "5": [
        192873.921875,
        118994.78125,
        30578.01171875
    ],
    "6": [
        205738.3125,
        119542.359375,
        15289.005859375
    ],
    "7": [
        203200.84375,
        118704.6640625,
        7644.5029296875
    ],
    "8": [
        206873.375,
        119437.3515625,
        3822.25146484375
    ]
}