{
    "0": [
        202387.5,
        202387.5,
        291219.15625
    ],
    "1": [
        202387.5,
        202387.5,
        291219.15625
    ],
    "2": [
        236319.34375,
        285284.1875,
        145609.578125
    ],
    "3": [
        199953.921875,
        308807.0625,
        101926.703125
    ],
    "4": [
        202261.1875,
        349495.4375,
        61156.0234375
    ],
    "5": [
        192045.3125,
        342609.96875,
        30578.01171875
    ],
    "6": [
        184858.828125,
        339452.65625,
        15289.005859375
    ],
    "7": [
        182846.140625,
        344297.59375,
        7644.5029296875
    ]
}