{
    "0": [
        202387.5,
        202387.5,
        291219.15625
    ],
    "1": [
        202387.5,
        202387.5,
        291219.15625
    ],
    "2": [
        271039.46875,
        245727.203125,
        145609.578125
    ],
    "3": [
        279396.15625,
        273147.34375,
        101926.703125
    ],
    "4": [
        305964.4375,
        286847.65625,
        61156.0234375
    ],
    "5": [
        287528.15625,
        262493.71875,
        30578.01171875
    ],
    "6": [
        289651.46875,
        251038.171875,
        15289.005859375
    ]
}