{
    "0": [
        202387.5,
        202387.5,
        291219.15625
    ],
    "1": [
        202387.5,
        202387.5,
        291219.15625
    ],
    "2": [
        250208.25,
        100218.109375,
        145609.578125
    ],
    "3": [
        228514.5625,
        97641.3046875,
        101926.703125
    ],
    "4": [
        225079.4375,
        91107.75,
        61156.0234375
    ],
    "5": [
        216011.296875,
        101792.4765625,
        30578.01171875
    ],
    "6": [
        211149.734375,
        107432.734375,
        15289.005859375
    ],
    "7": [
        213543.53125,
        104713.4453125,
        7644.5029296875
    ],
    "8": [
        217124.375,
        104564.25,
        3822.25146484375
    ]
}