{
    "0": [
        202387.5,
        202387.5,
        291219.15625
    ],
    "1": [
        202387.5,
        202387.5,
        291219.15625
    ],
    "2": [
        88168.03125,
        210572.609375,
        145609.578125
    ],
    "3": [
        65598.3359375,
        212607.984375,
        101926.703125
    ],
    "4": [
        56465.9140625,
        223002.140625,
        61156.0234375
    ],
    "5": [
        72538.2421875,
        222640.703125,
        30578.01171875
    ],
    "6": [
        71906.7109375,
        211720.125,
        15289.005859375
    ],
    "7": [
        66935.5703125,
        216770.203125,
        7644.5029296875
    ]
}