{
    "0": [
        202387.5,
        202387.5,
        291219.15625
    ],
    "1": [
        202387.5,
        202387.5,
        291219.15625
    ],
    "2": [
        246387.3125,
        221710.671875,
        145609.578125
    ],
    "3": [
        226151.84375,
        197562.53125,
        101926.703125
    ],
    "4": [
        197294.59375,
        200624.828125,
        61156.0234375
    ],
    "5": [
        170289.21875,
        197610.046875,
        30578.01171875
    ],
    "6": [
        181300.296875,
        196787.03125,
        15289.005859375
    ],
    "7": [
        180942.375,
        193776.140625,
        7644.5029296875
    ]
}