{
    "0": [
        202387.5,
        202387.5,
        291219.15625
    ],
    "1": [
        202387.5,
        202387.5,
        291219.15625
    ],
    "2": [
        162352.34375,
        254610.765625,
        145609.578125
    ],
    "3": [
        128290.609375,
        271632.625,
        101926.703125
    ],
    "4": [
        113853.671875,
        307372.46875,
        61156.0234375
    ],
    "5": [
        102055.53125,
        288754.59375,
        30578.01171875
    ],
    "6": [
        95419.7890625,
        283755.0625,
        15289.005859375
    ],
    "7": [
        98601.7109375,
        282674.71875,
        7644.5029296875
    ],
    "8": [
        100004.734375,
        279492.78125,
        3822.25146484375
    ]
}