{
    "0": [
        202387.5,
        202387.5,
        291219.15625
    ],
    "1": [
        202387.5,
        202387.5,
        291219.15625
    ],
    "2": [
        288698.21875,
        244533.890625,
        145609.578125
    ],
    "3": [
        260524.6875,
        235711.4375,
        101926.703125
    ],
    "4": [
        281431.03125,
        253660.765625,
        61156.0234375
    ],
    "5": [
        267527.40625,
        272378.90625,
        30578.01171875
    ],
    "6": [
        266726.375,
        266948.15625,
        15289.005859375
    ],
    "7": [
        268038.5,
        264685.375,
        7644.5029296875
    ],
    "8": [
        264972.8125,
        264906.59375,
        3822.25146484375
    ]
}