{
    "0": [
        202387.5,
        202387.5,
        291219.15625
    ],
    "1": [
        202387.5,
        202387.5,
        291219.15625
    ],
    "2": [
        136852,
        112618.4765625,
        145609.578125
    ],
    "3": [
        153066.3125,
        152105.59375,
        101926.703125
    ],
    "4": [
        142281.5625,
        138088.3125,
        61156.0234375
    ],
    "5": [
        156150.515625,
        142085.125,
        30578.01171875
    ],
    "6": [
        154815.296875,
        154875.5625,
        15289.005859375
    ],
    "7": [
        152274.0625,
        150925.265625,
        7644.5029296875
    ],
    "8": [
        152549.9375,
        152185.609375,
        3822.25146484375
    ]
}