{
    "0": [
        202387.5,
        202387.5,
        291219.15625
    ],
    "1": [
        202387.5,
        202387.5,
        291219.15625
    ],
    "2": [
        141162.921875,
        180053.375,
        145609.578125
    ],
    "3": [
        159319.1875,
        140779.78125,
        101926.703125
    ],
    "4": [
        153373.21875,
        170661.4375,
        61156.0234375
    ],
    "5": [
        164028.625,
        166168.578125,
        30578.01171875
    ],
    "6": [
        154616.890625,
        174074.359375,
        15289.005859375
    ],
    "7": [
        153140.625,
        178072.21875,
        7644.5029296875
    ],
    "8": [
        152639.46875,
        177096.765625,
        3822.25146484375
    ]
}