{
    "0": [
        202387.5,
        202387.5,
        291219.15625
    ],
    "1": [
        202387.5,
        202387.5,
        291219.15625
    ],
    "2": [
        169716.125,
        213775.765625,
        145609.578125
    ],
    "3": [
        184228.40625,
        227170.546875,
        101926.703125
    ],
    "4": [
        223450.265625,
        216626.109375,
        61156.0234375
    ],
    "5": [
        203783.65625,
        221613.765625,
        30578.01171875
    ],
    "6": [
        203780.203125,
        219066.140625,
        15289.005859375
    ],
    "7": [
        203523.90625,
        216826.5,
        7644.5029296875
    ],
    "8": [
        202732,
        217160.171875,
        3822.25146484375
    ]
}