{
    "0": [
        202387.5,
        202387.5,
        291219.15625
    ],
    "1": [
        202387.5,
        202387.5,
        291219.15625
    ],
    "2": [
        240991.296875,
        262462.71875,
        145609.578125
    ],
    "3": [
        237182.25,
        291802.15625,
        101926.703125
    ],
    "4": [
        197932.125,
        289001,
        61156.0234375
    ],
    "5": [
        216511.875,
        266401.4375,
        30578.01171875
    ],
    "6": [
        226177.65625,
        264519.25,
        15289.005859375
    ],
    "7": [
        233287.5,
        265253.59375,
        7644.5029296875
    ],
    "8": [
        233567.484375,
        265171.25,
        3822.25146484375
    ]
}