{
    "0": [
        202387.5,
        202387.5,
        291219.15625
    ],
    "1": [
        202387.5,
        202387.5,
        291219.15625
    ],
    "2": [
        149533.03125,
        137502.703125,
        145609.578125
    ],
    "3": [
        125029.9453125,
        146360.703125,
        101926.703125
    ],
    "4": [
        108661.265625,
        133738.453125,
        61156.0234375
    ],
    "5": [
        118968.8203125,
        143891.125,
        30578.01171875
    ],
    "6": [
        121390,
        140619.96875,
        15289.005859375
    ],
    "7": [
        122985.4140625,
        136728.125,
        7644.5029296875
    ]
}