{
    "0": [
        202387.5,
        202387.5,
        291219.15625
    ],
    "1": [
        202387.5,
        202387.5,
        291219.15625
    ],
    "2": [
        126038.1875,
        261193.921875,
        145609.578125
    ],
    "3": [
        130620.046875,
        224179.484375,
        101926.703125
    ],
    "4": [
        124226.1171875,
        231044.5625,
        61156.0234375
    ],
    "5": [
        119172.4375,
        242656.6875,
        30578.01171875
    ],
    "6": [
        122376.9765625,
        231283.828125,
        15289.005859375
    ],
    "7": [
        125933.875,
        232239.640625,
        7644.5029296875
    ],
    "8": [
        127157.734375,
        235446.328125,
        3822.25146484375
    ]
}