{
    "0": [
        202387.5,
        202387.5,
        291219.15625
    ],
    "1": [
        202387.5,
        202387.5,
        291219.15625
    ],
    "2": [
        234475.265625,
        298712.6875,
        145609.578125
    ],
    "3": [
        239381.328125,
        259020,
        101926.703125
    ],
    "4": [
        250810.546875,
        266501.15625,
        61156.0234375
    ],
    "5": [
        259221.96875,
        261313.828125,
        30578.01171875
    ],
    "6": [
        256102.90625,
        258566.90625,
        15289.005859375
    ],
    "7": [
        252734.5,
        258660.21875,
        7644.5029296875
    ],
    "8": [
        256354.515625,
        258153.59375,
        3822.25146484375
    ]
}