{
    "0": [
        202387.5,
        202387.5,
        291219.15625
    ],
    "1": [
        202387.5,
        202387.5,
        291219.15625
    ],
    "2": [
        212278.21875,
        145102.59375,
        145609.578125
    ],
    "3": [
        236668,
        179147.625,
        101926.703125
    ],
    "4": [
        225803.9375,
        191150.75,
        61156.0234375
    ],
    "5": [
        208865.625,
        184851.734375,
        30578.01171875
    ],
    "6": [
        208772.59375,
        182354.40625,
        15289.005859375
    ],
    "7": [
        205883.28125,
        180976.78125,
        7644.5029296875
    ]
}