{
    "0": [
        202387.5,
        202387.5,
        291219.15625
    ],
    "1": [
        202387.5,
        202387.5,
        291219.15625
    ],
    "2": [
        291857.0625,
        174525.4375,
        145609.578125
    ],
    "3": [
        272056.21875,
        203890.71875,
        101926.703125
    ],
    "4": [
        235419.984375,
        197757.828125,
        61156.0234375
    ],
    "5": [
        229231.796875,
        213506,
        30578.01171875
    ],
    "6": [
        240408.796875,
        205059.1875,
        15289.005859375
    ],
    "7": [
        239938.265625,
        199790.703125,
        7644.5029296875
    ]
}