{
    "0": [
        202387.5,
        202387.5,
        291219.15625
    ],
    "1": [
        202387.5,
        202387.5,
        291219.15625
    ],
    "2": [
        120490.421875,
        142226.28125,
        145609.578125
    ],
    "3": [
        148388.40625,
        165930.0625,
        101926.703125
    ],
    "4": [
        129585.921875,
        169076.3125,
        61156.0234375
    ],
    "5": [
        130953.265625,
        167520.4375,
        30578.01171875
    ],
    "6": [
        122149,
        176125.28125,
        15289.005859375
    ],
    "7": [
        121585.3515625,
        183224.796875,
        7644.5029296875
    ]
}