{
    "0": [
        202387.5,
        202387.5,
        291219.15625
    ],
    "1": [
        202387.5,
        202387.5,
        291219.15625
    ],
    "2": [
        277802.125,
        131531.90625,
        145609.578125
    ],
    "3": [
        257546.984375,
        131097.96875,
        101926.703125
    ],
    "4": [
        262811.96875,
        139537.15625,
        61156.0234375
    ],
    "5": [
        262963.15625,
        169904.375,
        30578.01171875
    ],
    "6": [
        255264.078125,
        172903.921875,
        15289.005859375
    ],
    "7": [
        256922.5,
        170017.34375,
        7644.5029296875
    ]
}