{
    "0": [
        202387.5,
        202387.5,
        291219.15625
    ],
    "1": [
        202387.5,
        202387.5,
        291219.15625
    ],
    "2": [
        191617.171875,
        295739.90625,
        145609.578125
    ],
    "3": [
        214250.421875,
        315895.59375,
        101926.703125
    ],
    "4": [
        240273.4375,
        300516.0625,
        61156.0234375
    ],
    "5": [
        233051.8125,
        283252.875,
        30578.01171875
    ],
    "6": [
        233775.484375,
        276721.5,
        15289.005859375
    ],
    "7": [
        239560.890625,
        280669.9375,
        7644.5029296875
    ],
    "8": [
        239590.015625,
        280773.46875,
        3822.25146484375
    ]
}