{
    "0": [
        202387.5,
        202387.5,
        291219.15625
    ],
    "1": [
        202387.5,
        202387.5,
        291219.15625
    ],
    "2": [
        152939.71875,
        270058.75,
        145609.578125
    ],
    "3": [
        189357.015625,
        259824.171875,
        101926.703125
    ],
    "4": [
        156658.515625,
        254494.984375,
        61156.0234375
    ],
    "5": [
        139999.96875,
        253010.171875,
        30578.01171875
    ],
    "6": [
        138791.3125,
        252575.359375,
        15289.005859375
    ],
    "7": [
        138321.1875,
        259347.421875,
        7644.5029296875
    ]
}