{
    "0": [
        202387.5,
        202387.5,
        291219.15625
    ],
    "1": [
        202387.5,
        202387.5,
        291219.15625
    ],
    "2": [
        212756.796875,
        163838.90625,
        145609.578125
    ],
    "3": [
        212879.953125,
        203480.328125,
        101926.703125
    ],
    "4": [
        237940.8125,
        186612.515625,
        61156.0234375
    ],
    "5": [
        241581.765625,
        161920.21875,
        30578.01171875
    ]
}