{
    "0": [
        202387.5,
        202387.5,
        291219.15625
    ],
    "1": [
        202387.5,
        202387.5,
        291219.15625
    ],
    "2": [
        282635.3125,
        219124.078125,
        145609.578125
    ],
    "3": [
        301468.34375,
        209011.921875,
        101926.703125
    ],
    "4": [
        273013.03125,
        235181.390625,
        61156.0234375
    ],
    "5": [
        293578.78125,
        250882.703125,
        30578.01171875
    ],
    "6": [
        305662.34375,
        242922.28125,
        15289.005859375
    ],
    "7": [
        309646.65625,
        247638.375,
        7644.5029296875
    ],
    "8": [
        307005.875,
        246086.6875,
        3822.25146484375
    ]
}