{
    "0": [
        202387.5,
        202387.5,
        291219.15625
    ],
    "1": [
        202387.5,
        202387.5,
        291219.15625
    ],
    "2": [
        236378.75,
        299065.75,
        145609.578125
    ],
    "3": [
        250888.6875,
        295734.28125,
        101926.703125
    ],
    "4": [
        244585.921875,
        304947.78125,
        61156.0234375
    ],
    "5": [
        263920.90625,
        310957.375,
        30578.01171875
    ],
    "6": [
        277827.90625,
        313531.75,
        15289.005859375
    ],
    "7": [
        273191.6875,
        310939.71875,
        7644.5029296875
    ]
}