{
    "0": [
        202387.5,
        202387.5,
        291219.15625
    ],
    "1": [
        202387.5,
        202387.5,
        291219.15625
    ],
    "2": [
        223750.734375,
        167342.046875,
        145609.578125
    ],
    "3": [
        193817.40625,
        196428.9375,
        101926.703125
    ],
    "4": [
        184821.40625,
        214933.125,
        61156.0234375
    ],
    "5": [
        202571.8125,
        231899.0625,
        30578.01171875
    ],
    "6": [
        212648.34375,
        233523.078125,
        15289.005859375
    ],
    "7": [
        211741.890625,
        232648.90625,
        7644.5029296875
    ],
    "8": [
        210349.84375,
        235170.671875,
        3822.25146484375
    ]
}