{
    "0": [
        202387.5,
        202387.5,
        291219.15625
    ],
    "1": [
        202387.5,
        202387.5,
        291219.15625
    ],
    "2": [
        220350.375,
        310976.5,
        145609.578125
    ],
    "3": [
        226656.75,
        270812.84375,
        101926.703125
    ],
    "4": [
        201287.140625,
        242977.625,
        61156.0234375
    ],
    "5": [
        207028.125,
        246773.578125,
        30578.01171875
    ],
    "6": [
        221948.9375,
        248825.796875,
        15289.005859375
    ],
    "7": [
        220783.546875,
        248028.171875,
        7644.5029296875
    ],
    "8": [
        222680.453125,
        247229.828125,
        3822.25146484375
    ]
}