{
    "0": [
        202387.5,
        202387.5,
        291219.15625
    ],
    "1": [
        202387.5,
        202387.5,
        291219.15625
    ],
    "2": [
        243435.0625,
        287777.46875,
        145609.578125
    ],
    "3": [
        219775.453125,
        308201,
        101926.703125
    ],
    "4": [
        185177.6875,
        295645.84375,
        61156.0234375
    ],
    "5": [
        199504.421875,
        308266.46875,
        30578.01171875
    ],
    "6": [
        199248.40625,
        313350.84375,
        15289.005859375
    ],
    "7": [
        203847.21875,
        311465.8125,
        7644.5029296875
    ],
    "8": [
        201790.4375,
        310696.375,
        3822.25146484375
    ]
}