{
    "0": [
        202387.5,
        202387.5,
        291219.15625
    ],
    "1": [
        202387.5,
        202387.5,
        291219.15625
    ],
    "2": [
        229048.328125,
        115875.3125,
        145609.578125
    ],
    "3": [
        225002.9375,
        80088.703125,
        101926.703125
    ],
    "4": [
        240883.875,
        97338.640625,
        61156.0234375
    ],
    "5": [
        235288.828125,
        79807.2265625,
        30578.01171875
    ],
    "6": [
        245864.953125,
        84116.6875,
        15289.005859375
    ],
    "7": [
        246067.25,
        81205.9453125,
        7644.5029296875
    ]
}