{
    "0": [
        202387.5,
        202387.5,
        291219.15625
    ],
    "1": [
        202387.5,
        202387.5,
        291219.15625
    ],
    "2": [
        144974.75,
        187726.71875,
        145609.578125
    ],
    "3": [
        109380.671875,
        163149.15625,
        101926.703125
    ],
    "4": [
        117527.25,
        123999.7890625,
        61156.0234375
    ],
    "5": [
        104451.5234375,
        133866.3125,
        30578.01171875
    ],
    "6": [
        106179.03125,
        130010.28125,
        15289.005859375
    ],
    "7": [
        113091.8359375,
        128008.1484375,
        7644.5029296875
    ]
}