{
    "0": [
        202387.5,
        202387.5,
        291219.15625
    ],
    "1": [
        202387.5,
        202387.5,
        291219.15625
    ],
    "2": [
        112033.8671875,
        160996.4375,
        145609.578125
    ],
    "3": [
        82310.9375,
        172359.375,
        101926.703125
    ],
    "4": [
        91684.0859375,
        208524.09375,
        61156.0234375
    ],
    "5": [
        71365.78125,
        219095.4375,
        30578.01171875
    ],
    "6": [
        75554.3046875,
        227868.1875,
        15289.005859375
    ]
}