{
    "0": [
        202387.5,
        202387.5,
        291219.15625
    ],
    "1": [
        202387.5,
        202387.5,
        291219.15625
    ],
    "2": [
        187382.890625,
        121155.5703125,
        145609.578125
    ],
    "3": [
        203678.453125,
        148904.203125,
        101926.703125
    ],
    "4": [
        197045.4375,
        134577.203125,
        61156.0234375
    ],
    "5": [
        209124.40625,
        138369.390625,
        30578.01171875
    ],
    "6": [
        208337.6875,
        145477.0625,
        15289.005859375
    ],
    "7": [
        207525.234375,
        149876.546875,
        7644.5029296875
    ],
    "8": [
        205854.390625,
        151110.296875,
        3822.25146484375
    ]
}