{
    "0": [
        202387.5,
        202387.5,
        291219.15625
    ],
    "1": [
        202387.5,
        202387.5,
        291219.15625
    ],
    "2": [
        292639.625,
        239387.953125,
        145609.578125
    ],
    "3": [
        316138.9375,
        204880.015625,
        101926.703125
    ],
    "4": [
        336581.59375,
        221548.8125,
        61156.0234375
    ],
    "5": [
        337370.71875,
        251041.328125,
        30578.01171875
    ],
    "6": [
        326439.90625,
        250673.875,
        15289.005859375
    ],
    "7": [
        325615.1875,
        250418.296875,
        7644.5029296875
    ]
}