{
    "0": [
        202387.5,
        202387.5,
        291219.15625
    ],
    "1": [
        202387.5,
        202387.5,
        291219.15625
    ],
    "2": [
        125611.7265625,
        285006.9375,
        145609.578125
    ],
    "3": [
        141937.09375,
        322802.46875,
        101926.703125
    ],
    "4": [
        127579.5234375,
        322753.28125,
        61156.0234375
    ],
    "5": [
        138246.046875,
        325920.53125,
        30578.01171875
    ],
    "6": [
        135222.546875,
        315253.5625,
        15289.005859375
    ],
    "7": [
        128050.6015625,
        317542.1875,
        7644.5029296875
    ]
}