{
    "0": [
        202387.5,
        202387.5,
        291219.15625
    ],
    "1": [
        202387.5,
        202387.5,
        291219.15625
    ],
    "2": [
        213109.953125,
        132054.125,
        145609.578125
    ],
    "3": [
        222367.546875,
        134736.78125,
        101926.703125
    ],
    "4": [
        241274.03125,
        125392.3203125,
        61156.0234375
    ],
    "5": [
        226192.84375,
        127170.2421875,
        30578.01171875
    ],
    "6": [
        215486.53125,
        119486.9921875,
        15289.005859375
    ],
    "7": [
        216597.984375,
        117792.203125,
        7644.5029296875
    ],
    "8": [
        215421.25,
        118684.046875,
        3822.25146484375
    ]
}