{
    "0": [
        202387.5,
        202387.5,
        291219.15625
    ],
    "1": [
        202387.5,
        202387.5,
        291219.15625
    ],
    "2": [
        167421.109375,
        295271.6875,
        145609.578125
    ],
    "3": [
        154370.546875,
        314497.96875,
        101926.703125
    ],
    "4": [
        142729.4375,
        288341.5,
        61156.0234375
    ],
    "5": [
        140691.625,
        287212.25,
        30578.01171875
    ],
    "6": [
        132254.796875,
        280778,
        15289.005859375
    ],
    "7": [
        130989.2578125,
        282917.1875,
        7644.5029296875
    ],
    "8": [
        128345.953125,
        281983.84375,
        3822.25146484375
    ]
}