{
    "0": [
        202387.5,
        202387.5,
        291219.15625
    ],
    "1": [
        202387.5,
        202387.5,
        291219.15625
    ],
    "2": [
        147052.375,
        192913.796875,
        145609.578125
    ],
    "3": [
        136925.1875,
        173898.9375,
        101926.703125
    ],
    "4": [
        156677.953125,
        167077.421875,
        61156.0234375
    ],
    "5": [
        162641.578125,
        142884.8125,
        30578.01171875
    ],
    "6": [
        163571.140625,
        142712.359375,
        15289.005859375
    ],
    "7": [
        165841.671875,
        147527.390625,
        7644.5029296875
    ],
    "8": [
        163947.671875,
        148858.546875,
        3822.25146484375
    ]
}