{
    "0": [
        202387.5,
        202387.5,
        291219.15625
    ],
    "1": [
        202387.5,
        202387.5,
        291219.15625
    ],
    "2": [
        134304.40625,
        250114.359375,
        145609.578125
    ],
    "3": [
        120799.0625,
        281012.84375,
        101926.703125
    ],
    "4": [
        127320.421875,
        295100.15625,
        61156.0234375
    ],
    "5": [
        131456.828125,
        290536.0625,
        30578.01171875
    ],
    "6": [
        129918.9140625,
        286640.21875,
        15289.005859375
    ],
    "7": [
        135183.484375,
        285445,
        7644.5029296875
    ],
    "8": [
        135036.484375,
        284289.78125,
        3822.25146484375
    ]
}