{
    "0": [
        202387.5,
        202387.5,
        291219.15625
    ],
    "1": [
        202387.5,
        202387.5,
        291219.15625
    ],
    "2": [
        192404.359375,
        268450.1875,
        145609.578125
    ],
    "3": [
        184310.28125,
        259558.484375,
        101926.703125
    ],
    "4": [
        144280.171875,
        264626.15625,
        61156.0234375
    ],
    "5": [
        141201.015625,
        238066.84375,
        30578.01171875
    ],
    "6": [
        145883.46875,
        248631.484375,
        15289.005859375
    ],
    "7": [
        149438.6875,
        250831.8125,
        7644.5029296875
    ],
    "8": [
        149507.921875,
        252008.40625,
        3822.25146484375
    ]
}