{
    "0": [
        202387.5,
        202387.5,
        291219.15625
    ],
    "1": [
        202387.5,
        202387.5,
        291219.15625
    ],
    "2": [
        123263.9140625,
        286439.125,
        145609.578125
    ],
    "3": [
        104554.71875,
        248172.484375,
        101926.703125
    ],
    "4": [
        99954.0625,
        210311.53125,
        61156.0234375
    ],
    "5": [
        98577.1015625,
        217951.90625,
        30578.01171875
    ],
    "6": [
        99507.34375,
        221092.6875,
        15289.005859375
    ],
    "7": [
        103734.4296875,
        223113.09375,
        7644.5029296875
    ]
}