{
    "0": [
        202387.5,
        202387.5,
        291219.15625
    ],
    "1": [
        202387.5,
        202387.5,
        291219.15625
    ],
    "2": [
        212575.046875,
        265320.03125,
        145609.578125
    ],
    "3": [
        246388.53125,
        275385.09375,
        101926.703125
    ],
    "4": [
        229304.078125,
        300001,
        61156.0234375
    ],
    "5": [
        228751.890625,
        286013.90625,
        30578.01171875
    ],
    "6": [
        234990.828125,
        293087.3125,
        15289.005859375
    ],
    "7": [
        231364.6875,
        288917.5625,
        7644.5029296875
    ],
    "8": [
        234719.125,
        289653.0625,
        3822.25146484375
    ]
}