{
    "0": [
        202387.5,
        202387.5,
        291219.15625
    ],
    "1": [
        202387.5,
        202387.5,
        291219.15625
    ],
    "2": [
        200839.5,
        107321.875,
        145609.578125
    ],
    "3": [
        233291.3125,
        118983.0546875,
        101926.703125
    ],
    "4": [
        249405.359375,
        141486.59375,
        61156.0234375
    ],
    "5": [
        248843.421875,
        147646.671875,
        30578.01171875
    ],
    "6": [
        245363.4375,
        139814.71875,
        15289.005859375
    ],
    "7": [
        246461.0625,
        144199.65625,
        7644.5029296875
    ],
    "8": [
        248453.203125,
        141798.6875,
        3822.25146484375
    ]
}