{
    "0": [
        202387.5,
        202387.5,
        291219.15625
    ],
    "1": [
        202387.5,
        202387.5,
        291219.15625
    ],
    "2": [
        167173.9375,
        232638.171875,
        145609.578125
    ],
    "3": [
        171595,
        220322.84375,
        101926.703125
    ],
    "4": [
        185559.4375,
        253165.609375,
        61156.0234375
    ],
    "5": [
        171846.9375,
        276057.6875,
        30578.01171875
    ],
    "6": [
        162563.078125,
        279785.53125,
        15289.005859375
    ],
    "7": [
        163709.640625,
        285307.875,
        7644.5029296875
    ]
}