{
    "0": [
        202387.5,
        202387.5,
        291219.15625
    ],
    "1": [
        202387.5,
        202387.5,
        291219.15625
    ],
    "2": [
        229271.796875,
        207645.15625,
        145609.578125
    ],
    "3": [
        207528.40625,
        193519.109375,
        101926.703125
    ],
    "4": [
        172921.5625,
        192610.59375,
        61156.0234375
    ],
    "5": [
        167622.171875,
        167925.828125,
        30578.01171875
    ],
    "6": [
        155884.3125,
        177465.625,
        15289.005859375
    ],
    "7": [
        158117.765625,
        172204.0625,
        7644.5029296875
    ],
    "8": [
        158384.03125,
        173820.265625,
        3822.25146484375
    ]
}