{
    "0": [
        202387.5,
        202387.5,
        291219.15625
    ],
    "1": [
        202387.5,
        202387.5,
        291219.15625
    ],
    "2": [
        240020.359375,
        243047.21875,
        145609.578125
    ],
    "3": [
        238377.234375,
        261877.4375,
        101926.703125
    ],
    "4": [
        227977.90625,
        266560.84375,
        61156.0234375
    ],
    "5": [
        239743.140625,
        246846.234375,
        30578.01171875
    ],
    "6": [
        237142.875,
        233459.265625,
        15289.005859375
    ],
    "7": [
        231437.421875,
        237760.828125,
        7644.5029296875
    ]
}