{
    "0": [
        202387.5,
        202387.5,
        291219.15625
    ],
    "1": [
        202387.5,
        202387.5,
        291219.15625
    ],
    "2": [
        121214.9609375,
        282735.46875,
        145609.578125
    ],
    "3": [
        140085.15625,
        290961.28125,
        101926.703125
    ],
    "4": [
        128119.6328125,
        281525.5,
        61156.0234375
    ],
    "5": [
        148523.125,
        303841.65625,
        30578.01171875
    ],
    "6": [
        141060.46875,
        301858.6875,
        15289.005859375
    ]
}