{
    "0": [
        202387.5,
        202387.5,
        291219.15625
    ],
    "1": [
        202387.5,
        202387.5,
        291219.15625
    ],
    "2": [
        276525.1875,
        214379.125,
        145609.578125
    ],
    "3": [
        303094.84375,
        240514.15625,
        101926.703125
    ],
    "4": [
        281304.71875,
        218043.59375,
        61156.0234375
    ],
    "5": [
        278060.84375,
        195390.109375,
        30578.01171875
    ],
    "6": [
        283760.90625,
        185307.84375,
        15289.005859375
    ],
    "7": [
        290722.90625,
        183444.875,
        7644.5029296875
    ]
}