{
    "0": [
        202387.5,
        202387.5,
        291219.15625
    ],
    "1": [
        202387.5,
        202387.5,
        291219.15625
    ],
    "2": [
        230655.65625,
        100106.7734375,
        145609.578125
    ],
    "3": [
        213452.609375,
        110976.2109375,
        101926.703125
    ],
    "4": [
        250530.125,
        116193.6484375,
        61156.0234375
    ],
    "5": [
        225995.90625,
        131786.4375,
        30578.01171875
    ],
    "6": [
        237776.71875,
        138948.609375,
        15289.005859375
    ],
    "7": [
        234050.375,
        134329.875,
        7644.5029296875
    ]
}