{
    "0": [
        202387.5,
        202387.5,
        291219.15625
    ],
    "1": [
        202387.5,
        202387.5,
        291219.15625
    ],
    "2": [
        272350.8125,
        225146.9375,
        145609.578125
    ],
    "3": [
        277158.8125,
        252695.25,
        101926.703125
    ],
    "4": [
        282172.9375,
        221172.34375,
        61156.0234375
    ],
    "5": [
        254687.96875,
        210180.953125,
        30578.01171875
    ],
    "6": [
        249850.390625,
        218711.171875,
        15289.005859375
    ]
}