{
    "0": [
        202387.5,
        202387.5,
        291219.15625
    ],
    "1": [
        202387.5,
        202387.5,
        291219.15625
    ],
    "2": [
        112016.0859375,
        180213.859375,
        145609.578125
    ],
    "3": [
        126343.8046875,
        165542.296875,
        101926.703125
    ],
    "4": [
        133305.90625,
        181738.9375,
        61156.0234375
    ],
    "5": [
        132876.71875,
        168788.125,
        30578.01171875
    ],
    "6": [
        144345.625,
        169591.671875,
        15289.005859375
    ],
    "7": [
        144588.65625,
        173905.703125,
        7644.5029296875
    ]
}