{
    "0": [
        202387.5,
        202387.5,
        291219.15625
    ],
    "1": [
        202387.5,
        202387.5,
        291219.15625
    ],
    "2": [
        173948.59375,
        228502.015625,
        145609.578125
    ],
    "3": [
        213377.984375,
        240058.578125,
        101926.703125
    ],
    "4": [
        197635.078125,
        221761.171875,
        61156.0234375
    ],
    "5": [
        182791.4375,
        235959.359375,
        30578.01171875
    ],
    "6": [
        182291.625,
        239139.046875,
        15289.005859375
    ]
}