{
    "0": [
        202387.5,
        202387.5,
        291219.15625
    ],
    "1": [
        202387.5,
        202387.5,
        291219.15625
    ],
    "2": [
        168449.890625,
        108550.2265625,
        145609.578125
    ],
    "3": [
        131738.375,
        117611.90625,
        101926.703125
    ],
    "4": [
        124315.9453125,
        133997.609375,
        61156.0234375
    ],
    "5": [
        117660.7890625,
        135559.953125,
        30578.01171875
    ],
    "6": [
        106134.1640625,
        137148.96875,
        15289.005859375
    ]
}