{
    "0": [
        202387.5,
        202387.5,
        291219.15625
    ],
    "1": [
        202387.5,
        202387.5,
        291219.15625
    ],
    "2": [
        179101.46875,
        116405.5,
        145609.578125
    ],
    "3": [
        147902.8125,
        133990.84375,
        101926.703125
    ],
    "4": [
        178000.953125,
        122170.4453125,
        61156.0234375
    ],
    "5": [
        177926.65625,
        113776.875,
        30578.01171875
    ],
    "6": [
        186028.484375,
        121860.375,
        15289.005859375
    ],
    "7": [
        192146.65625,
        120688.515625,
        7644.5029296875
    ],
    "8": [
        189087.8125,
        119182.7109375,
        3822.25146484375
    ]
}