{
    "0": [
        202387.5,
        202387.5,
        291219.15625
    ],
    "1": [
        202387.5,
        202387.5,
        291219.15625
    ],
    "2": [
        109055.8515625,
        204120.78125,
        145609.578125
    ],
    "3": [
        92097.171875,
        204880.4375,
        101926.703125
    ],
    "4": [
        74144.546875,
        175516.5625,
        61156.0234375
    ],
    "5": [
        102573.8125,
        175248.046875,
        30578.01171875
    ],
    "6": [
        109663.6875,
        174919.0625,
        15289.005859375
    ],
    "7": [
        105376.4765625,
        170051.359375,
        7644.5029296875
    ],
    "8": [
        106935.1640625,
        169224.15625,
        3822.25146484375
    ]
}