{
    "0": [
        202387.5,
        202387.5,
        291219.15625
    ],
    "1": [
        202387.5,
        202387.5,
        291219.15625
    ],
    "2": [
        262079.140625,
        217122.59375,
        145609.578125
    ],
    "3": [
        279746.875,
        253518.796875,
        101926.703125
    ],
    "4": [
        318314.28125,
        242288.15625,
        61156.0234375
    ],
    "5": [
        312032.3125,
        230873.296875,
        30578.01171875
    ],
    "6": [
        312624.96875,
        218474.75,
        15289.005859375
    ],
    "7": [
        318628.3125,
        215032.09375,
        7644.5029296875
    ],
    "8": [
        318380.4375,
        217857.546875,
        3822.25146484375
    ]
}