{
    "0": [
        202387.5,
        202387.5,
        291219.15625
    ],
    "1": [
        202387.5,
        202387.5,
        291219.15625
    ],
    "2": [
        288342.125,
        226317.6875,
        145609.578125
    ],
    "3": [
        305446.21875,
        248324.59375,
        101926.703125
    ],
    "4": [
        327073.625,
        282183.21875,
        61156.0234375
    ],
    "5": [
        346018.84375,
        293551.78125,
        30578.01171875
    ],
    "6": [
        346521.5625,
        286222.9375,
        15289.005859375
    ],
    "7": [
        347305.53125,
        288900.84375,
        7644.5029296875
    ],
    "8": [
        347310.03125,
        288120.46875,
        3822.25146484375
    ]
}