{
    "0": [
        202387.5,
        202387.5,
        291219.15625
    ],
    "1": [
        202387.5,
        202387.5,
        291219.15625
    ],
    "2": [
        148550.65625,
        175285.640625,
        145609.578125
    ],
    "3": [
        155849.78125,
        165006.453125,
        101926.703125
    ],
    "4": [
        148912.4375,
        133589.15625,
        61156.0234375
    ],
    "5": [
        142103.328125,
        137696.546875,
        30578.01171875
    ],
    "6": [
        142783.78125,
        146881.703125,
        15289.005859375
    ]
}