{
    "0": [
        202387.5,
        202387.5,
        291219.15625
    ],
    "1": [
        202387.5,
        202387.5,
        291219.15625
    ],
    "2": [
        105475.828125,
        177552.796875,
        145609.578125
    ],
    "3": [
        113219.203125,
        141162.515625,
        101926.703125
    ],
    "4": [
        142125.5,
        135177.828125,
        61156.0234375
    ],
    "5": [
        114845.8515625,
        142517.46875,
        30578.01171875
    ],
    "6": [
        127367.421875,
        142771.734375,
        15289.005859375
    ],
    "7": [
        126757.359375,
        148670.390625,
        7644.5029296875
    ],
    "8": [
        126440.28125,
        146439.5,
        3822.25146484375
    ]
}