{
    "0": [
        202387.5,
        202387.5,
        291219.15625
    ],
    "1": [
        202387.5,
        202387.5,
        291219.15625
    ],
    "2": [
        169232.96875,
        307055.84375,
        145609.578125
    ],
    "3": [
        153277.15625,
        332077.46875,
        101926.703125
    ],
    "4": [
        177598.625,
        358775.21875,
        61156.0234375
    ],
    "5": [
        170768.78125,
        372578.15625,
        30578.01171875
    ],
    "6": [
        175833.3125,
        378613.3125,
        15289.005859375
    ]
}