{
    "0": [
        202387.5,
        202387.5,
        291219.15625
    ],
    "1": [
        202387.5,
        202387.5,
        291219.15625
    ],
    "2": [
        189898.828125,
        97539.5859375,
        145609.578125
    ],
    "3": [
        156868.71875,
        96133.875,
        101926.703125
    ],
    "4": [
        153154.609375,
        136515.125,
        61156.0234375
    ],
    "5": [
        125238.6953125,
        137631.078125,
        30578.01171875
    ],
    "6": [
        123480.421875,
        142495.609375,
        15289.005859375
    ],
    "7": [
        117762.8046875,
        142787.46875,
        7644.5029296875
    ]
}