{
    "0": [
        202387.5,
        202387.5,
        291219.15625
    ],
    "1": [
        202387.5,
        202387.5,
        291219.15625
    ],
    "2": [
        214967.328125,
        285498.84375,
        145609.578125
    ],
    "3": [
        179694.671875,
        302360.375,
        101926.703125
    ],
    "4": [
        150606.09375,
        309796.40625,
        61156.0234375
    ],
    "5": [
        170764.734375,
        332504.65625,
        30578.01171875
    ],
    "6": [
        173992.546875,
        334432.125,
        15289.005859375
    ],
    "7": [
        173230.90625,
        332106.28125,
        7644.5029296875
    ],
    "8": [
        169852.671875,
        331470.375,
        3822.25146484375
    ]
}