{
    "0": [
        202387.5,
        202387.5,
        291219.15625
    ],
    "1": [
        202387.5,
        202387.5,
        291219.15625
    ],
    "2": [
        249919,
        110788.7890625,
        145609.578125
    ],
    "3": [
        266028.15625,
        148139.03125,
        101926.703125
    ],
    "4": [
        244011.328125,
        125554.015625,
        61156.0234375
    ],
    "5": [
        258904.296875,
        134989.0625,
        30578.01171875
    ],
    "6": [
        263891.375,
        145494.234375,
        15289.005859375
    ],
    "7": [
        259145.4375,
        148385.671875,
        7644.5029296875
    ],
    "8": [
        260439.78125,
        149334.375,
        3822.25146484375
    ]
}