{
    "0": [
        202387.5,
        202387.5,
        291219.15625
    ],
    "1": [
        202387.5,
        202387.5,
        291219.15625
    ],
    "2": [
        263260.5625,
        159981.390625,
        145609.578125
    ],
    "3": [
        272697.625,
        143267.4375,
        101926.703125
    ],
    "4": [
        303869.59375,
        162069.8125,
        61156.0234375
    ],
    "5": [
        288454.6875,
        165799.546875,
        30578.01171875
    ],
    "6": [
        275186.75,
        166524.21875,
        15289.005859375
    ]
}