{
    "0": [
        202387.5,
        202387.5,
        291219.15625
    ],
    "1": [
        202387.5,
        202387.5,
        291219.15625
    ],
    "2": [
        132717.15625,
        117502.9609375,
        145609.578125
    ],
    "3": [
        147362.5,
        138944.0625,
        101926.703125
    ],
    "4": [
        185921.125,
        137327.0625,
        61156.0234375
    ],
    "5": [
        204942.296875,
        118416.765625,
        30578.01171875
    ],
    "6": [
        209815.78125,
        123166.3203125,
        15289.005859375
    ],
    "7": [
        204068.390625,
        118872.625,
        7644.5029296875
    ],
    "8": [
        202431.4375,
        117578.8984375,
        3822.25146484375
    ]
}