{
    "0": [
        202387.5,
        202387.5,
        291219.15625
    ],
    "1": [
        202387.5,
        202387.5,
        291219.15625
    ],
    "2": [
        199107.734375,
        245157.578125,
        145609.578125
    ],
    "3": [
        221425.0625,
        241778.03125,
        101926.703125
    ],
    "4": [
        214594.25,
        256884.78125,
        61156.0234375
    ],
    "5": [
        230242.453125,
        246494.34375,
        30578.01171875
    ],
    "6": [
        226618.40625,
        246558.53125,
        15289.005859375
    ]
}