{
    "0": [
        202387.5,
        202387.5,
        291219.15625
    ],
    "1": [
        202387.5,
        202387.5,
        291219.15625
    ],
    "2": [
        196458.515625,
        280470.5,
        145609.578125
    ],
    "3": [
        223449.765625,
        267124.25,
        101926.703125
    ],
    "4": [
        225988.046875,
        228011.640625,
        61156.0234375
    ],
    "5": [
        208731.796875,
        227383.515625,
        30578.01171875
    ],
    "6": [
        207154.21875,
        213703.328125,
        15289.005859375
    ],
    "7": [
        202695.765625,
        211670.59375,
        7644.5029296875
    ],
    "8": [
        200754.53125,
        213732.765625,
        3822.25146484375
    ]
}