{
    "0": [
        202387.5,
        202387.5,
        291219.15625
    ],
    "1": [
        202387.5,
        202387.5,
        291219.15625
    ],
    "2": [
        311363.84375,
        174459.90625,
        145609.578125
    ],
    "3": [
        322477.5625,
        157475.25,
        101926.703125
    ],
    "4": [
        340270.5625,
        165309.28125,
        61156.0234375
    ],
    "5": [
        342333.1875,
        172690.9375,
        30578.01171875
    ],
    "6": [
        336336.5,
        173547.625,
        15289.005859375
    ],
    "7": [
        332998.90625,
        179260.65625,
        7644.5029296875
    ]
}