{
    "0": [
        202387.5,
        202387.5,
        291219.15625
    ],
    "1": [
        202387.5,
        202387.5,
        291219.15625
    ],
    "2": [
        250736.71875,
        195247.875,
        145609.578125
    ],
    "3": [
        278076.0625,
        206156.03125,
        101926.703125
    ],
    "4": [
        265676.28125,
        231415.3125,
        61156.0234375
    ],
    "5": [
        246258.34375,
        246598.5,
        30578.01171875
    ],
    "6": [
        250913.375,
        239511.34375,
        15289.005859375
    ],
    "7": [
        248977.484375,
        235565.953125,
        7644.5029296875
    ]
}