{
    "0": [
        202387.5,
        202387.5,
        291219.15625
    ],
    "1": [
        202387.5,
        202387.5,
        291219.15625
    ],
    "2": [
        104729.828125,
        182289.5,
        145609.578125
    ],
    "3": [
        107640.2890625,
        155386.859375,
        101926.703125
    ],
    "4": [
        145646.71875,
        144245.578125,
        61156.0234375
    ],
    "5": [
        143098.96875,
        142054.46875,
        30578.01171875
    ],
    "6": [
        141326.078125,
        129633.890625,
        15289.005859375
    ],
    "7": [
        146885.609375,
        127116.25,
        7644.5029296875
    ]
}