{
    "0": [
        202387.5,
        202387.5,
        291219.15625
    ],
    "1": [
        202387.5,
        202387.5,
        291219.15625
    ],
    "2": [
        211165.515625,
        200766.5625,
        145609.578125
    ],
    "3": [
        218483,
        168323.421875,
        101926.703125
    ],
    "4": [
        212246.3125,
        183839.03125,
        61156.0234375
    ],
    "5": [
        206334.40625,
        200758.03125,
        30578.01171875
    ],
    "6": [
        208575.609375,
        199640.203125,
        15289.005859375
    ],
    "7": [
        201649.125,
        197024.125,
        7644.5029296875
    ],
    "8": [
        200163.59375,
        198554.234375,
        3822.25146484375
    ]
}