{
    "0": [
        202387.5,
        202387.5,
        291219.15625
    ],
    "1": [
        202387.5,
        202387.5,
        291219.15625
    ],
    "2": [
        185736.1875,
        178295.90625,
        145609.578125
    ],
    "3": [
        208469.046875,
        195681.46875,
        101926.703125
    ],
    "4": [
        195495.640625,
        233870.46875,
        61156.0234375
    ],
    "5": [
        214890.171875,
        245553.390625,
        30578.01171875
    ],
    "6": [
        222669.765625,
        241723.640625,
        15289.005859375
    ]
}