{
    "0": [
        202387.5,
        202387.5,
        291219.15625
    ],
    "1": [
        202387.5,
        202387.5,
        291219.15625
    ],
    "2": [
        162727.15625,
        294283.375,
        145609.578125
    ],
    "3": [
        125439.34375,
        312772.65625,
        101926.703125
    ],
    "4": [
        155671.8125,
        301551,
        61156.0234375
    ],
    "5": [
        181929.890625,
        316720.96875,
        30578.01171875
    ],
    "6": [
        193188.34375,
        322603.65625,
        15289.005859375
    ],
    "7": [
        194487.234375,
        316124.0625,
        7644.5029296875
    ]
}