{
    "0": [
        202387.5,
        202387.5,
        291219.15625
    ],
    "1": [
        202387.5,
        202387.5,
        291219.15625
    ],
    "2": [
        174146.171875,
        311147.25,
        145609.578125
    ],
    "3": [
        185202.078125,
        331366.3125,
        101926.703125
    ],
    "4": [
        210951.859375,
        338594.5625,
        61156.0234375
    ],
    "5": [
        189353.25,
        332020.25,
        30578.01171875
    ],
    "6": [
        185957.375,
        328479.65625,
        15289.005859375
    ],
    "7": [
        185375.390625,
        321773.34375,
        7644.5029296875
    ],
    "8": [
        187724.9375,
        324484.40625,
        3822.25146484375
    ]
}