{
    "0": [
        202387.5,
        202387.5,
        291219.15625
    ],
    "1": [
        202387.5,
        202387.5,
        291219.15625
    ],
    "2": [
        174002.984375,
        118995.578125,
        145609.578125
    ],
    "3": [
        135079.078125,
        107137.5859375,
        101926.703125
    ],
    "4": [
        120178.640625,
        100210.234375,
        61156.0234375
    ],
    "5": [
        131760.75,
        116486.28125,
        30578.01171875
    ],
    "6": [
        132761.453125,
        104703.2265625,
        15289.005859375
    ],
    "7": [
        135356.296875,
        110294.6953125,
        7644.5029296875
    ]
}