{
    "0": [
        202387.5,
        202387.5,
        291219.15625
    ],
    "1": [
        202387.5,
        202387.5,
        291219.15625
    ],
    "2": [
        152409.203125,
        190174.21875,
        145609.578125
    ],
    "3": [
        149483.46875,
        153719.078125,
        101926.703125
    ],
    "4": [
        176834.328125,
        126896.375,
        61156.0234375
    ],
    "5": [
        173575.625,
        104417.625,
        30578.01171875
    ],
    "6": [
        169072.046875,
        100617.1171875,
        15289.005859375
    ],
    "7": [
        172500.65625,
        102463.7734375,
        7644.5029296875
    ],
    "8": [
        169367.1875,
        102698.3984375,
        3822.25146484375
    ]
}