{
    "0": [
        202387.5,
        202387.5,
        291219.15625
    ],
    "1": [
        202387.5,
        202387.5,
        291219.15625
    ],
    "2": [
        155464.40625,
        214413.953125,
        145609.578125
    ],
    "3": [
        138720.046875,
        243134.703125,
        101926.703125
    ],
    "4": [
        119870.484375,
        258046.453125,
        61156.0234375
    ],
    "5": [
        112587.4921875,
        271263.125,
        30578.01171875
    ],
    "6": [
        116071.1015625,
        267564.5,
        15289.005859375
    ],
    "7": [
        113976.8359375,
        269783.59375,
        7644.5029296875
    ],
    "8": [
        117325.515625,
        270650.125,
        3822.25146484375
    ]
}