{
    "0": [
        202387.5,
        202387.5,
        291219.15625
    ],
    "1": [
        202387.5,
        202387.5,
        291219.15625
    ],
    "2": [
        286653.875,
        236483.25,
        145609.578125
    ],
    "3": [
        318796.15625,
        245746.5,
        101926.703125
    ],
    "4": [
        350676.9375,
        266534.28125,
        61156.0234375
    ],
    "5": [
        349558.375,
        237134.71875,
        30578.01171875
    ],
    "6": [
        342512.125,
        232925.171875,
        15289.005859375
    ],
    "7": [
        337377.15625,
        231600.234375,
        7644.5029296875
    ],
    "8": [
        334314.875,
        232733.21875,
        3822.25146484375
    ]
}