{
    "0": [
        202387.5,
        202387.5,
        291219.15625
    ],
    "1": [
        202387.5,
        202387.5,
        291219.15625
    ],
    "2": [
        98888.640625,
        237665.59375,
        145609.578125
    ],
    "3": [
        119927.703125,
        275248.65625,
        101926.703125
    ],
    "4": [
        137169,
        242133.984375,
        61156.0234375
    ],
    "5": [
        144058.28125,
        270624.09375,
        30578.01171875
    ],
    "6": [
        141898.40625,
        270329.375,
        15289.005859375
    ],
    "7": [
        144549.328125,
        266325.59375,
        7644.5029296875
    ]
}