{
    "0": [
        202387.5,
        202387.5,
        291219.15625
    ],
    "1": [
        202387.5,
        202387.5,
        291219.15625
    ],
    "2": [
        234671.359375,
        200207.46875,
        145609.578125
    ],
    "3": [
        251555.015625,
        228815.453125,
        101926.703125
    ],
    "4": [
        263414.9375,
        263986.875,
        61156.0234375
    ],
    "5": [
        290983.125,
        273526.40625,
        30578.01171875
    ],
    "6": [
        294739.6875,
        272220.5625,
        15289.005859375
    ]
}