{
    "0": [
        202387.5,
        202387.5,
        291219.15625
    ],
    "1": [
        202387.5,
        202387.5,
        291219.15625
    ],
    "2": [
        97741.703125,
        155235.703125,
        145609.578125
    ],
    "3": [
        90181.359375,
        149349.328125,
        101926.703125
    ],
    "4": [
        125704.8828125,
        138419.84375,
        61156.0234375
    ],
    "5": [
        109991.859375,
        151605.375,
        30578.01171875
    ],
    "6": [
        121801.625,
        148733.703125,
        15289.005859375
    ]
}