{
    "0": [
        202387.5,
        202387.5,
        291219.15625
    ],
    "1": [
        202387.5,
        202387.5,
        291219.15625
    ],
    "2": [
        122535.296875,
        235974.921875,
        145609.578125
    ],
    "3": [
        153329.78125,
        236232.328125,
        101926.703125
    ],
    "4": [
        152472.0625,
        215633.5,
        61156.0234375
    ],
    "5": [
        150950.484375,
        187109.671875,
        30578.01171875
    ],
    "6": [
        146027.3125,
        175688.359375,
        15289.005859375
    ],
    "7": [
        139485.859375,
        174668.4375,
        7644.5029296875
    ]
}