{
    "0": [
        202387.5,
        202387.5,
        291219.15625
    ],
    "1": [
        202387.5,
        202387.5,
        291219.15625
    ],
    "2": [
        271346.9375,
        110074.1171875,
        145609.578125
    ],
    "3": [
        236950.46875,
        83675.3984375,
        101926.703125
    ],
    "4": [
        259076.8125,
        116706.1796875,
        61156.0234375
    ],
    "5": [
        275587,
        109516.203125,
        30578.01171875
    ],
    "6": [
        279864.40625,
        107309.0078125,
        15289.005859375
    ],
    "7": [
        286131.71875,
        108853.6484375,
        7644.5029296875
    ],
    "8": [
        283076.46875,
        106693.4921875,
        3822.25146484375
    ]
}