{
    "0": [
        202387.5,
        202387.5,
        291219.15625
    ],
    "1": [
        202387.5,
        202387.5,
        291219.15625
    ],
    "2": [
        111185.6875,
        256413.25,
        145609.578125
    ],
    "3": [
        126040.3671875,
        289389.125,
        101926.703125
    ],
    "4": [
        95451.921875,
        278020.625,
        61156.0234375
    ],
    "5": [
        108078.578125,
        265310.96875,
        30578.01171875
    ],
    "6": [
        113773.2265625,
        276264.5625,
        15289.005859375
    ],
    "7": [
        119169.2265625,
        279185.40625,
        7644.5029296875
    ]
}