{
    "0": [
        202387.5,
        202387.5,
        291219.15625
    ],
    "1": [
        202387.5,
        202387.5,
        291219.15625
    ],
    "2": [
        278538.125,
        168904.015625,
        145609.578125
    ],
    "3": [
        284163.0625,
        143410.03125,
        101926.703125
    ],
    "4": [
        312719.8125,
        159647.71875,
        61156.0234375
    ],
    "5": [
        306261.78125,
        136250.328125,
        30578.01171875
    ],
    "6": [
        301218.5625,
        147405.265625,
        15289.005859375
    ],
    "7": [
        301242.53125,
        152101.625,
        7644.5029296875
    ]
}