{
    "0": [
        202387.5,
        202387.5,
        291219.15625
    ],
    "1": [
        202387.5,
        202387.5,
        291219.15625
    ],
    "2": [
        296397.0625,
        168854.71875,
        145609.578125
    ],
    "3": [
        296982.0625,
        131815.875,
        101926.703125
    ],
    "4": [
        308453.5,
        164886.90625,
        61156.0234375
    ],
    "5": [
        300166.21875,
        165288.421875,
        30578.01171875
    ],
    "6": [
        299516.46875,
        167251.03125,
        15289.005859375
    ],
    "7": [
        298192.90625,
        169797.0625,
        7644.5029296875
    ]
}