{
    "0": [
        202387.5,
        202387.5,
        291219.15625
    ],
    "1": [
        202387.5,
        202387.5,
        291219.15625
    ],
    "2": [
        299348.4375,
        258365.625,
        145609.578125
    ],
    "3": [
        325361,
        269939.5,
        101926.703125
    ],
    "4": [
        361454.6875,
        257891.578125,
        61156.0234375
    ],
    "5": [
        337036.5,
        273424.25,
        30578.01171875
    ],
    "6": [
        343187.78125,
        274743.375,
        15289.005859375
    ],
    "7": [
        345878.59375,
        272357.84375,
        7644.5029296875
    ]
}