{
    "0": [
        202387.5,
        202387.5,
        291219.15625
    ],
    "1": [
        202387.5,
        202387.5,
        291219.15625
    ],
    "2": [
        258703.65625,
        104067.7421875,
        145609.578125
    ],
    "3": [
        245771.015625,
        76205.84375,
        101926.703125
    ],
    "4": [
        277176.5625,
        100374.078125,
        61156.0234375
    ],
    "5": [
        274684.75,
        78125.609375,
        30578.01171875
    ],
    "6": [
        284349.25,
        86033.7421875,
        15289.005859375
    ],
    "7": [
        280662.375,
        79757.5859375,
        7644.5029296875
    ],
    "8": [
        277973.59375,
        77276.015625,
        3822.25146484375
    ]
}