{
    "0": [
        202387.5,
        202387.5,
        291219.15625
    ],
    "1": [
        202387.5,
        202387.5,
        291219.15625
    ],
    "2": [
        306122.25,
        156547.703125,
        145609.578125
    ],
    "3": [
        317160.53125,
        151031.375,
        101926.703125
    ],
    "4": [
        292289.9375,
        133406.15625,
        61156.0234375
    ],
    "5": [
        299909.71875,
        133978.046875,
        30578.01171875
    ],
    "6": [
        294727.40625,
        141460.359375,
        15289.005859375
    ],
    "7": [
        299466.8125,
        139529.328125,
        7644.5029296875
    ]
}