{
    "0": [
        202387.5,
        202387.5,
        291219.15625
    ],
    "1": [
        202387.5,
        202387.5,
        291219.15625
    ],
    "2": [
        287211.4375,
        194613.65625,
        145609.578125
    ],
    "3": [
        280886.5,
        183314.546875,
        101926.703125
    ],
    "4": [
        299439.5,
        157647.3125,
        61156.0234375
    ],
    "5": [
        285139.09375,
        177404.375,
        30578.01171875
    ],
    "6": [
        273170.09375,
        170103.4375,
        15289.005859375
    ],
    "7": [
        267570.9375,
        173214.1875,
        7644.5029296875
    ],
    "8": [
        269766.59375,
        175150.140625,
        3822.25146484375
    ]
}