{
    "0": [
        202387.5,
        202387.5,
        291219.15625
    ],
    "1": [
        202387.5,
        202387.5,
        291219.15625
    ],
    "2": [
        195497.875,
        314715.25,
        145609.578125
    ],
    "3": [
        184936,
        274314.375,
        101926.703125
    ],
    "4": [
        156141.0625,
        297650.75,
        61156.0234375
    ],
    "5": [
        178711.4375,
        303212.875,
        30578.01171875
    ],
    "6": [
        177999.296875,
        302374.5625,
        15289.005859375
    ],
    "7": [
        182580.375,
        298045.4375,
        7644.5029296875
    ]
}