{
    "0": [
        202387.5,
        202387.5,
        291219.15625
    ],
    "1": [
        202387.5,
        202387.5,
        291219.15625
    ],
    "2": [
        240516.203125,
        251767.328125,
        145609.578125
    ],
    "3": [
        255342.953125,
        249217.734375,
        101926.703125
    ],
    "4": [
        228588.34375,
        259914.9375,
        61156.0234375
    ],
    "5": [
        214073.03125,
        257692.296875,
        30578.01171875
    ],
    "6": [
        207624.453125,
        253258.578125,
        15289.005859375
    ],
    "7": [
        208372.421875,
        253540.921875,
        7644.5029296875
    ]
}