{
    "0": [
        202387.5,
        202387.5,
        291219.15625
    ],
    "1": [
        202387.5,
        202387.5,
        291219.15625
    ],
    "2": [
        290485.28125,
        129039.3515625,
        145609.578125
    ],
    "3": [
        308309.78125,
        125824.46875,
        101926.703125
    ],
    "4": [
        322620.3125,
        120555.984375,
        61156.0234375
    ],
    "5": [
        331186.125,
        108643.9140625,
        30578.01171875
    ],
    "6": [
        326433.625,
        112011.046875,
        15289.005859375
    ],
    "7": [
        325783.96875,
        104990.03125,
        7644.5029296875
    ]
}