{
    "0": [
        202387.5,
        202387.5,
        291219.15625
    ],
    "1": [
        202387.5,
        202387.5,
        291219.15625
    ],
    "2": [
        183181.5625,
        225239.609375,
        145609.578125
    ],
    "3": [
        174941.25,
        204660.234375,
        101926.703125
    ],
    "4": [
        137321.703125,
        198002.734375,
        61156.0234375
    ],
    "5": [
        141365.40625,
        184924.03125,
        30578.01171875
    ],
    "6": [
        142352.890625,
        188775.796875,
        15289.005859375
    ],
    "7": [
        139871.09375,
        189720.328125,
        7644.5029296875
    ]
}