{
    "0": [
        202387.5,
        202387.5,
        291219.15625
    ],
    "1": [
        202387.5,
        202387.5,
        291219.15625
    ],
    "2": [
        265987,
        188311.9375,
        145609.578125
    ],
    "3": [
        249784.765625,
        197567.53125,
        101926.703125
    ],
    "4": [
        223346.21875,
        167143.8125,
        61156.0234375
    ],
    "5": [
        198895.265625,
        176163.765625,
        30578.01171875
    ],
    "6": [
        197388.03125,
        177536.265625,
        15289.005859375
    ],
    "7": [
        200429.9375,
        176165.53125,
        7644.5029296875
    ]
}