{
    "0": [
        202387.5,
        202387.5,
        291219.15625
    ],
    "1": [
        202387.5,
        202387.5,
        291219.15625
    ],
    "2": [
        164189.109375,
        162058.84375,
        145609.578125
    ],
    "3": [
        128081.2890625,
        168745.640625,
        101926.703125
    ],
    "4": [
        121295.6015625,
        161388.1875,
        61156.0234375
    ],
    "5": [
        116427.296875,
        154403.65625,
        30578.01171875
    ],
    "6": [
        123832.171875,
        164577.5,
        15289.005859375
    ]
}