{
    "0": [
        202387.5,
        202387.5,
        291219.15625
    ],
    "1": [
        202387.5,
        202387.5,
        291219.15625
    ],
    "2": [
        279506.8125,
        229450.921875,
        145609.578125
    ],
    "3": [
        305473.8125,
        242963.046875,
        101926.703125
    ],
    "4": [
        332485.625,
        224304.15625,
        61156.0234375
    ],
    "5": [
        332917,
        194307.515625,
        30578.01171875
    ],
    "6": [
        324986.1875,
        181780.96875,
        15289.005859375
    ],
    "7": [
        325496.40625,
        185769.828125,
        7644.5029296875
    ]
}