{
    "0": [
        202387.5,
        202387.5,
        291219.15625
    ],
    "1": [
        202387.5,
        202387.5,
        291219.15625
    ],
    "2": [
        187182.25,
        286434.375,
        145609.578125
    ],
    "3": [
        165936.5625,
        299189.34375,
        101926.703125
    ],
    "4": [
        171935.75,
        319892.875,
        61156.0234375
    ],
    "5": [
        151296.734375,
        319737.15625,
        30578.01171875
    ]
}