{
    "0": [
        202387.5,
        202387.5,
        291219.15625
    ],
    "1": [
        202387.5,
        202387.5,
        291219.15625
    ],
    "2": [
        238915.921875,
        234627.515625,
        145609.578125
    ],
    "3": [
        253337.828125,
        239227.28125,
        101926.703125
    ],
    "4": [
        256428.8125,
        255537.75,
        61156.0234375
    ],
    "5": [
        253053.375,
        246719.90625,
        30578.01171875
    ],
    "6": [
        255947.0625,
        233574.65625,
        15289.005859375
    ],
    "7": [
        251246.796875,
        233517.765625,
        7644.5029296875
    ]
}