{
    "0": [
        202387.5,
        202387.5,
        291219.15625
    ],
    "1": [
        202387.5,
        202387.5,
        291219.15625
    ],
    "2": [
        182448.734375,
        309012.53125,
        145609.578125
    ],
    "3": [
        186665.296875,
        331159,
        101926.703125
    ],
    "4": [
        197936.3125,
        365927.0625,
        61156.0234375
    ],
    "5": [
        176981.6875,
        369154.28125,
        30578.01171875
    ],
    "6": [
        171175.78125,
        365278.03125,
        15289.005859375
    ]
}