{
    "0": [
        202387.5,
        202387.5,
        291219.15625
    ],
    "1": [
        202387.5,
        202387.5,
        291219.15625
    ],
    "2": [
        211449.859375,
        91737.5390625,
        145609.578125
    ],
    "3": [
        234888.53125,
        125835.53125,
        101926.703125
    ],
    "4": [
        217796.71875,
        124100.59375,
        61156.0234375
    ],
    "5": [
        225782.03125,
        128644.328125,
        30578.01171875
    ],
    "6": [
        229583.421875,
        130802.09375,
        15289.005859375
    ],
    "7": [
        222889.359375,
        131037.9609375,
        7644.5029296875
    ]
}