{
    "0": [
        202387.5,
        202387.5,
        291219.15625
    ],
    "1": [
        202387.5,
        202387.5,
        291219.15625
    ],
    "2": [
        218901.5625,
        304770.125,
        145609.578125
    ],
    "3": [
        200448.453125,
        290494.1875,
        101926.703125
    ],
    "4": [
        180523.5,
        271236.3125,
        61156.0234375
    ],
    "5": [
        160670.640625,
        290484.46875,
        30578.01171875
    ],
    "6": [
        153165.8125,
        278050.46875,
        15289.005859375
    ]
}