{
    "0": [
        202387.5,
        202387.5,
        291219.15625
    ],
    "1": [
        202387.5,
        202387.5,
        291219.15625
    ],
    "2": [
        256617.546875,
        118525.015625,
        145609.578125
    ],
    "3": [
        285878.875,
        138413.921875,
        101926.703125
    ],
    "4": [
        279678.46875,
        163140.015625,
        61156.0234375
    ],
    "5": [
        295451.1875,
        156171.84375,
        30578.01171875
    ],
    "6": [
        297111.65625,
        144201.890625,
        15289.005859375
    ],
    "7": [
        292838.875,
        144280.078125,
        7644.5029296875
    ],
    "8": [
        294309.71875,
        141398.625,
        3822.25146484375
    ]
}