{
    "0": [
        202387.5,
        202387.5,
        291219.15625
    ],
    "1": [
        202387.5,
        202387.5,
        291219.15625
    ],
    "2": [
        201521.390625,
        236652.53125,
        145609.578125
    ],
    "3": [
        236055.03125,
        242571.125,
        101926.703125
    ],
    "4": [
        245072.65625,
        209133.84375,
        61156.0234375
    ],
    "5": [
        236369.484375,
        216183.671875,
        30578.01171875
    ],
    "6": [
        234711.109375,
        210792.671875,
        15289.005859375
    ],
    "7": [
        238095.4375,
        210425.421875,
        7644.5029296875
    ]
}