{
    "0": [
        202387.5,
        202387.5,
        291219.15625
    ],
    "1": [
        202387.5,
        202387.5,
        291219.15625
    ],
    "2": [
        259574.40625,
        288027.375,
        145609.578125
    ],
    "3": [
        299298.5,
        303534,
        101926.703125
    ],
    "4": [
        275605.09375,
        289750.5625,
        61156.0234375
    ],
    "5": [
        279528.5,
        300801.5,
        30578.01171875
    ],
    "6": [
        288871.5625,
        310678.5625,
        15289.005859375
    ]
}