{
    "0": [
        202387.5,
        202387.5,
        291219.15625
    ],
    "1": [
        202387.5,
        202387.5,
        291219.15625
    ],
    "2": [
        213565.03125,
        132660.5625,
        145609.578125
    ],
    "3": [
        216699.703125,
        104373.890625,
        101926.703125
    ],
    "4": [
        209529.734375,
        92500.78125,
        61156.0234375
    ],
    "5": [
        218625.515625,
        77449.53125,
        30578.01171875
    ],
    "6": [
        211788.5625,
        81975.9296875,
        15289.005859375
    ],
    "7": [
        211512.171875,
        81034.6796875,
        7644.5029296875
    ],
    "8": [
        209391.34375,
        78466.453125,
        3822.25146484375
    ]
}