{
    "0": [
        202387.5,
        202387.5,
        291219.15625
    ],
    "1": [
        202387.5,
        202387.5,
        291219.15625
    ],
    "2": [
        271205.46875,
        199365.078125,
        145609.578125
    ],
    "3": [
        310782.34375,
        195696.5625,
        101926.703125
    ],
    "4": [
        302635.3125,
        218352.03125,
        61156.0234375
    ],
    "5": [
        279050,
        201226.703125,
        30578.01171875
    ],
    "6": [
        291719,
        206890.21875,
        15289.005859375
    ]
}