{
    "0": [
        202387.5,
        202387.5,
        291219.15625
    ],
    "1": [
        202387.5,
        202387.5,
        291219.15625
    ],
    "2": [
        96292.5078125,
        232061.625,
        145609.578125
    ],
    "3": [
        136938.75,
        241529.5,
        101926.703125
    ],
    "4": [
        170732.28125,
        223367.734375,
        61156.0234375
    ],
    "5": [
        191428.5625,
        212975.640625,
        30578.01171875
    ],
    "6": [
        186455.03125,
        206095.015625,
        15289.005859375
    ],
    "7": [
        187256.0625,
        206063.734375,
        7644.5029296875
    ]
}