{
    "0": [
        202387.5,
        202387.5,
        291219.15625
    ],
    "1": [
        202387.5,
        202387.5,
        291219.15625
    ],
    "2": [
        252808.75,
        153321.96875,
        145609.578125
    ],
    "3": [
        284835.34375,
        137524.03125,
        101926.703125
    ],
    "4": [
        324810.625,
        134028.890625,
        61156.0234375
    ],
    "5": [
        314978.90625,
        158395.359375,
        30578.01171875
    ],
    "6": [
        326448.46875,
        151887.890625,
        15289.005859375
    ]
}