{
    "0": [
        202387.5,
        202387.5,
        291219.15625
    ],
    "1": [
        202387.5,
        202387.5,
        291219.15625
    ],
    "2": [
        185313.390625,
        105126.1953125,
        145609.578125
    ],
    "3": [
        180888.796875,
        96389.75,
        101926.703125
    ],
    "4": [
        219856.734375,
        86183.8125,
        61156.0234375
    ],
    "5": [
        226503.703125,
        60268.3515625,
        30578.01171875
    ],
    "6": [
        228775.015625,
        52024.8984375,
        15289.005859375
    ],
    "7": [
        230927.890625,
        48451.50390625,
        7644.5029296875
    ],
    "8": [
        230091.8125,
        47584.09765625,
        3822.25146484375
    ]
}