{
    "0": [
        202387.5,
        202387.5,
        291219.15625
    ],
    "1": [
        202387.5,
        202387.5,
        291219.15625
    ],
    "2": [
        158349.75,
        150901.5,
        145609.578125
    ],
    "3": [
        144302.359375,
        161062.515625,
        101926.703125
    ],
    "4": [
        111734.515625,
        166010.328125,
        61156.0234375
    ],
    "5": [
        99222,
        175387.21875,
        30578.01171875
    ],
    "6": [
        113358.453125,
        170547.0625,
        15289.005859375
    ],
    "7": [
        113801.4140625,
        163299.515625,
        7644.5029296875
    ]
}