{
    "0": [
        202387.5,
        202387.5,
        291219.15625
    ],
    "1": [
        202387.5,
        202387.5,
        291219.15625
    ],
    "2": [
        247632.265625,
        196581.734375,
        145609.578125
    ],
    "3": [
        239719.90625,
        217555.484375,
        101926.703125
    ],
    "4": [
        235046.84375,
        214682.21875,
        61156.0234375
    ],
    "5": [
        224781.984375,
        243156.390625,
        30578.01171875
    ],
    "6": [
        219141.5625,
        240874.6875,
        15289.005859375
    ],
    "7": [
        221075.125,
        246529.96875,
        7644.5029296875
    ],
    "8": [
        223191.21875,
        246732.125,
        3822.25146484375
    ]
}