{
    "0": [
        202387.5,
        202387.5,
        291219.15625
    ],
    "1": [
        202387.5,
        202387.5,
        291219.15625
    ],
    "2": [
        244329.21875,
        173543.625,
        145609.578125
    ],
    "3": [
        233950.6875,
        136614.25,
        101926.703125
    ],
    "4": [
        245627.671875,
        127351.5078125,
        61156.0234375
    ],
    "5": [
        236236.125,
        116604.234375,
        30578.01171875
    ],
    "6": [
        248579.984375,
        123667.9921875,
        15289.005859375
    ],
    "7": [
        244331.78125,
        128426.671875,
        7644.5029296875
    ]
}