{
    "0": [
        202387.5,
        202387.5,
        291219.15625
    ],
    "1": [
        202387.5,
        202387.5,
        291219.15625
    ],
    "2": [
        229869.984375,
        193585.046875,
        145609.578125
    ],
    "3": [
        257580.546875,
        206496.484375,
        101926.703125
    ],
    "4": [
        242372.65625,
        173374.640625,
        61156.0234375
    ],
    "5": [
        250276.609375,
        165282.75,
        30578.01171875
    ],
    "6": [
        246695.5625,
        170764.59375,
        15289.005859375
    ],
    "7": [
        250572.921875,
        175852.5625,
        7644.5029296875
    ]
}