{
    "0": [
        202387.5,
        202387.5,
        291219.15625
    ],
    "1": [
        202387.5,
        202387.5,
        291219.15625
    ],
    "2": [
        178274.953125,
        168880.796875,
        145609.578125
    ],
    "3": [
        148881.53125,
        154376.671875,
        101926.703125
    ],
    "4": [
        147556.890625,
        170700.953125,
        61156.0234375
    ],
    "5": [
        157153.765625,
        179063.890625,
        30578.01171875
    ],
    "6": [
        154565.890625,
        181322.875,
        15289.005859375
    ]
}