{
    "0": [
        202387.5,
        202387.5,
        291219.15625
    ],
    "1": [
        202387.5,
        202387.5,
        291219.15625
    ],
    "2": [
        183231.984375,
        134227.03125,
        145609.578125
    ],
    "3": [
        166986.5,
        169080.75,
        101926.703125
    ],
    "4": [
        139325.859375,
        163365.3125,
        61156.0234375
    ],
    "5": [
        125533.6328125,
        172858.890625,
        30578.01171875
    ],
    "6": [
        122728.2890625,
        159965.109375,
        15289.005859375
    ],
    "7": [
        119533.875,
        165543.484375,
        7644.5029296875
    ]
}