{
    "0": [
        202387.5,
        202387.5,
        291219.15625
    ],
    "1": [
        202387.5,
        202387.5,
        291219.15625
    ],
    "2": [
        166139.703125,
        93487.0234375,
        145609.578125
    ],
    "3": [
        134870.546875,
        95791.9140625,
        101926.703125
    ],
    "4": [
        166437.734375,
        105410.171875,
        61156.0234375
    ],
    "5": [
        155340.46875,
        89120.453125,
        30578.01171875
    ],
    "6": [
        157280.75,
        99613.6953125,
        15289.005859375
    ],
    "7": [
        161250.625,
        96504.359375,
        7644.5029296875
    ]
}