{
    "0": [
        202387.5,
        202387.5,
        291219.15625
    ],
    "1": [
        202387.5,
        202387.5,
        291219.15625
    ],
    "2": [
        262133.15625,
        147022.203125,
        145609.578125
    ],
    "3": [
        218687.109375,
        146658.9375,
        101926.703125
    ],
    "4": [
        220476.25,
        134258.46875,
        61156.0234375
    ],
    "5": [
        222233.609375,
        115608.1015625,
        30578.01171875
    ],
    "6": [
        231963.390625,
        125581.4765625,
        15289.005859375
    ],
    "7": [
        238168.75,
        127705.6953125,
        7644.5029296875
    ],
    "8": [
        237152.90625,
        127797,
        3822.25146484375
    ]
}