{
    "0": [
        202387.5,
        202387.5,
        291219.15625
    ],
    "1": [
        202387.5,
        202387.5,
        291219.15625
    ],
    "2": [
        250665.28125,
        284909.03125,
        145609.578125
    ],
    "3": [
        234566.765625,
        254803.265625,
        101926.703125
    ],
    "4": [
        255934.03125,
        288239.9375,
        61156.0234375
    ],
    "5": [
        266572.78125,
        285529.34375,
        30578.01171875
    ],
    "6": [
        263819.03125,
        286402.0625,
        15289.005859375
    ],
    "7": [
        266008.59375,
        284918.15625,
        7644.5029296875
    ],
    "8": [
        264524.75,
        287051.90625,
        3822.25146484375
    ]
}