{
    "0": [
        202387.5,
        202387.5,
        291219.15625
    ],
    "1": [
        202387.5,
        202387.5,
        291219.15625
    ],
    "2": [
        139630.703125,
        165545.59375,
        145609.578125
    ],
    "3": [
        122027.890625,
        189406.75,
        101926.703125
    ],
    "4": [
        89721.15625,
        192757.65625,
        61156.0234375
    ],
    "5": [
        110671.6328125,
        200641.8125,
        30578.01171875
    ],
    "6": [
        124133.953125,
        198972.296875,
        15289.005859375
    ],
    "7": [
        121798.984375,
        204801.28125,
        7644.5029296875
    ]
}