{
    "0": [
        202387.5,
        202387.5,
        291219.15625
    ],
    "1": [
        202387.5,
        202387.5,
        291219.15625
    ],
    "2": [
        234200.25,
        281125.78125,
        145609.578125
    ],
    "3": [
        251831.234375,
        265700.34375,
        101926.703125
    ],
    "4": [
        264711.6875,
        296958.25,
        61156.0234375
    ],
    "5": [
        264691.09375,
        316840.21875,
        30578.01171875
    ],
    "6": [
        264672.5,
        330195.125,
        15289.005859375
    ],
    "7": [
        260336.171875,
        328318.46875,
        7644.5029296875
    ],
    "8": [
        257128.296875,
        329027.875,
        3822.25146484375
    ]
}