{
    "0": [
        202387.5,
        202387.5,
        291219.15625
    ],
    "1": [
        202387.5,
        202387.5,
        291219.15625
    ],
    "2": [
        197828.28125,
        265054.40625,
        145609.578125
    ],
    "3": [
        164439.640625,
        250145.4375,
        101926.703125
    ],
    "4": [
        160803.859375,
        287928.6875,
        61156.0234375
    ],
    "5": [
        174988.28125,
        287884.4375,
        30578.01171875
    ],
    "6": [
        160201.28125,
        286284.3125,
        15289.005859375
    ]
}