{
    "0": [
        202387.5,
        202387.5,
        291219.15625
    ],
    "1": [
        202387.5,
        202387.5,
        291219.15625
    ],
    "2": [
        178853.265625,
        243199.515625,
        145609.578125
    ],
    "3": [
        168436.90625,
        260856.09375,
        101926.703125
    ],
    "4": [
        148600.625,
        293983.875,
        61156.0234375
    ],
    "5": [
        156211.046875,
        282609.875,
        30578.01171875
    ],
    "6": [
        164365.40625,
        293576.09375,
        15289.005859375
    ],
    "7": [
        164187.09375,
        289690.5625,
        7644.5029296875
    ]
}