{
    "0": [
        202387.5,
        202387.5,
        291219.15625
    ],
    "1": [
        202387.5,
        202387.5,
        291219.15625
    ],
    "2": [
        134866.46875,
        239362.40625,
        145609.578125
    ],
    "3": [
        125920.4609375,
        277556.625,
        101926.703125
    ],
    "4": [
        110679.5078125,
        247317.78125,
        61156.0234375
    ],
    "5": [
        84210.8671875,
        252927.546875,
        30578.01171875
    ],
    "6": [
        96297.0859375,
        243712.125,
        15289.005859375
    ]
}