{
    "0": [
        202387.5,
        202387.5,
        291219.15625
    ],
    "1": [
        202387.5,
        202387.5,
        291219.15625
    ],
    "2": [
        289513.5625,
        268825.34375,
        145609.578125
    ],
    "3": [
        269296.25,
        239947.75,
        101926.703125
    ],
    "4": [
        254178.265625,
        213058.71875,
        61156.0234375
    ],
    "5": [
        254682.984375,
        201493.875,
        30578.01171875
    ],
    "6": [
        240596.640625,
        199056.65625,
        15289.005859375
    ],
    "7": [
        243503.5,
        194568.1875,
        7644.5029296875
    ],
    "8": [
        245154.0625,
        195780.125,
        3822.25146484375
    ],
    "9": [
        246121.296875,
        195960.109375,
        1911.125732421875
    ]
}