{
    "0": [
        202387.5,
        202387.5,
        291219.15625
    ],
    "1": [
        202387.5,
        202387.5,
        291219.15625
    ],
    "2": [
        308663.0625,
        161191.15625,
        145609.578125
    ],
    "3": [
        304399.5625,
        192610.34375,
        101926.703125
    ],
    "4": [
        305907.53125,
        169287.5625,
        61156.0234375
    ],
    "5": [
        280857,
        167137.28125,
        30578.01171875
    ],
    "6": [
        294698.1875,
        164204.40625,
        15289.005859375
    ],
    "7": [
        287852.71875,
        165406.453125,
        7644.5029296875
    ],
    "8": [
        288146.15625,
        167165.203125,
        3822.25146484375
    ]
}