{
    "0": [
        202387.5,
        202387.5,
        291219.15625
    ],
    "1": [
        202387.5,
        202387.5,
        291219.15625
    ],
    "2": [
        255051.4375,
        168334.859375,
        145609.578125
    ],
    "3": [
        288341.21875,
        152077.875,
        101926.703125
    ],
    "4": [
        318016.34375,
        124121.171875,
        61156.0234375
    ],
    "5": [
        337680.90625,
        111761.140625,
        30578.01171875
    ],
    "6": [
        344361.96875,
        100289.390625,
        15289.005859375
    ],
    "7": [
        338502.5625,
        100533.734375,
        7644.5029296875
    ],
    "8": [
        336290.8125,
        102979.0859375,
        3822.25146484375
    ]
}