{
    "0": [
        202387.5,
        202387.5,
        291219.15625
    ],
    "1": [
        202387.5,
        202387.5,
        291219.15625
    ],
    "2": [
        205906.6875,
        210467.046875,
        145609.578125
    ],
    "3": [
        226864.34375,
        216628.609375,
        101926.703125
    ],
    "4": [
        198489.828125,
        214383.796875,
        61156.0234375
    ],
    "5": [
        219651.09375,
        205958.296875,
        30578.01171875
    ],
    "6": [
        216718.09375,
        218087.59375,
        15289.005859375
    ]
}