{
    "0": [
        202387.5,
        202387.5,
        291219.15625
    ],
    "1": [
        202387.5,
        202387.5,
        291219.15625
    ],
    "2": [
        98797.2109375,
        179188,
        145609.578125
    ],
    "3": [
        124590.6015625,
        202640.84375,
        101926.703125
    ],
    "4": [
        121610.640625,
        242954.859375,
        61156.0234375
    ],
    "5": [
        113862.7421875,
        240745,
        30578.01171875
    ],
    "6": [
        121422.859375,
        239000.640625,
        15289.005859375
    ],
    "7": [
        123581.9375,
        239016.78125,
        7644.5029296875
    ],
    "8": [
        121490.4453125,
        237910.203125,
        3822.25146484375
    ]
}