{
    "0": [
        202387.5,
        202387.5,
        291219.15625
    ],
    "1": [
        202387.5,
        202387.5,
        291219.15625
    ],
    "2": [
        124147.8359375,
        196459.125,
        145609.578125
    ],
    "3": [
        100884.828125,
        165175.5,
        101926.703125
    ],
    "4": [
        135572.78125,
        168708.359375,
        61156.0234375
    ],
    "5": [
        134791.78125,
        155750.421875,
        30578.01171875
    ],
    "6": [
        142052.734375,
        147806.328125,
        15289.005859375
    ]
}