{
    "0": [
        202387.5,
        202387.5,
        291219.15625
    ],
    "1": [
        202387.5,
        202387.5,
        291219.15625
    ],
    "2": [
        246899.890625,
        99843,
        145609.578125
    ],
    "3": [
        231324.625,
        98617.46875,
        101926.703125
    ],
    "4": [
        259500.015625,
        88953.15625,
        61156.0234375
    ],
    "5": [
        259041.390625,
        90449.96875,
        30578.01171875
    ]
}