{
    "0": [
        202387.5,
        202387.5,
        291219.15625
    ],
    "1": [
        202387.5,
        202387.5,
        291219.15625
    ],
    "2": [
        274680,
        129656.4609375,
        145609.578125
    ],
    "3": [
        304016.875,
        120452.3125,
        101926.703125
    ],
    "4": [
        286707.59375,
        104579.7734375,
        61156.0234375
    ],
    "5": [
        312618.5625,
        101871.875,
        30578.01171875
    ],
    "6": [
        306141.65625,
        111036.734375,
        15289.005859375
    ],
    "7": [
        300528.84375,
        110105.8125,
        7644.5029296875
    ]
}