{
    "0": [
        202387.5,
        202387.5,
        291219.15625
    ],
    "1": [
        202387.5,
        202387.5,
        291219.15625
    ],
    "2": [
        239165.203125,
        263324.46875,
        145609.578125
    ],
    "3": [
        209548.15625,
        257634.125,
        101926.703125
    ],
    "4": [
        228425.0625,
        266857.65625,
        61156.0234375
    ],
    "5": [
        217445.296875,
        256834.40625,
        30578.01171875
    ],
    "6": [
        226485.4375,
        260057.96875,
        15289.005859375
    ],
    "7": [
        224208.078125,
        261135.890625,
        7644.5029296875
    ],
    "8": [
        221796.671875,
        261383.84375,
        3822.25146484375
    ]
}