{
    "0": [
        202387.5,
        202387.5,
        291219.15625
    ],
    "1": [
        202387.5,
        202387.5,
        291219.15625
    ],
    "2": [
        151415.90625,
        174323.109375,
        145609.578125
    ],
    "3": [
        173909.546875,
        194288.96875,
        101926.703125
    ],
    "4": [
        154936.9375,
        226060.359375,
        61156.0234375
    ],
    "5": [
        131673.984375,
        239005.4375,
        30578.01171875
    ],
    "6": [
        130518.5234375,
        244658.390625,
        15289.005859375
    ],
    "7": [
        137462.96875,
        247809.1875,
        7644.5029296875
    ]
}