{
    "0": [
        202387.5,
        202387.5,
        291219.15625
    ],
    "1": [
        202387.5,
        202387.5,
        291219.15625
    ],
    "2": [
        189636.84375,
        259603.65625,
        145609.578125
    ],
    "3": [
        159428.59375,
        273625.3125,
        101926.703125
    ],
    "4": [
        188951.9375,
        250294.390625,
        61156.0234375
    ],
    "5": [
        185843,
        254550,
        30578.01171875
    ],
    "6": [
        181500.40625,
        264358.90625,
        15289.005859375
    ]
}