{
    "0": [
        202387.5,
        202387.5,
        291219.15625
    ],
    "1": [
        202387.5,
        202387.5,
        291219.15625
    ],
    "2": [
        238637.375,
        115344.8828125,
        145609.578125
    ],
    "3": [
        243052.0625,
        133369.234375,
        101926.703125
    ],
    "4": [
        247572.359375,
        171264.671875,
        61156.0234375
    ],
    "5": [
        244390,
        141473.21875,
        30578.01171875
    ],
    "6": [
        251614.5625,
        153118.328125,
        15289.005859375
    ],
    "7": [
        247545.703125,
        157281.90625,
        7644.5029296875
    ],
    "8": [
        246402.625,
        160548.21875,
        3822.25146484375
    ]
}