{
    "0": [
        202387.5,
        202387.5,
        291219.15625
    ],
    "1": [
        202387.5,
        202387.5,
        291219.15625
    ],
    "2": [
        205478.765625,
        256521.1875,
        145609.578125
    ],
    "3": [
        190955.6875,
        222417.96875,
        101926.703125
    ],
    "4": [
        175207.828125,
        222123.078125,
        61156.0234375
    ],
    "5": [
        170310.53125,
        231849.28125,
        30578.01171875
    ],
    "6": [
        166249.0625,
        224540.515625,
        15289.005859375
    ],
    "7": [
        166948.84375,
        220059.703125,
        7644.5029296875
    ],
    "8": [
        167004.515625,
        220142.984375,
        3822.25146484375
    ]
}