{
    "0": [
        202387.5,
        202387.5,
        291219.15625
    ],
    "1": [
        202387.5,
        202387.5,
        291219.15625
    ],
    "2": [
        276759.5,
        285766.875,
        145609.578125
    ],
    "3": [
        235460.1875,
        288250.09375,
        101926.703125
    ],
    "4": [
        245830.4375,
        317095.90625,
        61156.0234375
    ],
    "5": [
        250261.5625,
        299522.4375,
        30578.01171875
    ],
    "6": [
        258233.828125,
        304008.53125,
        15289.005859375
    ],
    "7": [
        259929.75,
        310410.78125,
        7644.5029296875
    ]
}