{
    "0": [
        202387.5,
        202387.5,
        291219.15625
    ],
    "1": [
        202387.5,
        202387.5,
        291219.15625
    ],
    "2": [
        123527.71875,
        162204.328125,
        145609.578125
    ],
    "3": [
        111398.921875,
        160755.328125,
        101926.703125
    ],
    "4": [
        79089.8046875,
        179556.890625,
        61156.0234375
    ],
    "5": [
        106359.2265625,
        177717.28125,
        30578.01171875
    ],
    "6": [
        97436.5625,
        174419.9375,
        15289.005859375
    ],
    "7": [
        92382.6171875,
        174700.984375,
        7644.5029296875
    ],
    "8": [
        93933.546875,
        171294.359375,
        3822.25146484375
    ]
}