{
    "0": [
        202387.5,
        202387.5,
        291219.15625
    ],
    "1": [
        202387.5,
        202387.5,
        291219.15625
    ],
    "2": [
        128558.9375,
        170464.671875,
        145609.578125
    ],
    "3": [
        100024.6640625,
        195943.359375,
        101926.703125
    ],
    "4": [
        115741.3515625,
        178175.71875,
        61156.0234375
    ],
    "5": [
        115069.8203125,
        181368.265625,
        30578.01171875
    ],
    "6": [
        118360.1171875,
        188243.3125,
        15289.005859375
    ],
    "7": [
        122376.078125,
        187016.90625,
        7644.5029296875
    ]
}