{
    "0": [
        202387.5,
        202387.5,
        291219.15625
    ],
    "1": [
        202387.5,
        202387.5,
        291219.15625
    ],
    "2": [
        242128.375,
        213148.953125,
        145609.578125
    ],
    "3": [
        278016.25,
        190151.078125,
        101926.703125
    ],
    "4": [
        278888.0625,
        227281,
        61156.0234375
    ],
    "5": [
        275125.4375,
        223336.28125,
        30578.01171875
    ],
    "6": [
        277342.09375,
        221533.921875,
        15289.005859375
    ],
    "7": [
        281899.71875,
        221449.28125,
        7644.5029296875
    ],
    "8": [
        284994.875,
        222125.3125,
        3822.25146484375
    ]
}