{
    "0": [
        202387.5,
        202387.5,
        291219.15625
    ],
    "1": [
        202387.5,
        202387.5,
        291219.15625
    ],
    "2": [
        310663.375,
        191560.296875,
        145609.578125
    ],
    "3": [
        278302.65625,
        196670.4375,
        101926.703125
    ],
    "4": [
        291732.5,
        234648.46875,
        61156.0234375
    ],
    "5": [
        283369.1875,
        232719.703125,
        30578.01171875
    ],
    "6": [
        282672.6875,
        235344.796875,
        15289.005859375
    ],
    "7": [
        289534.46875,
        234777.046875,
        7644.5029296875
    ],
    "8": [
        290508.84375,
        233763.40625,
        3822.25146484375
    ]
}