{
    "0": [
        202387.5,
        202387.5,
        291219.15625
    ],
    "1": [
        202387.5,
        202387.5,
        291219.15625
    ],
    "2": [
        120694.96875,
        189346.109375,
        145609.578125
    ],
    "3": [
        127097.03125,
        202118.046875,
        101926.703125
    ],
    "4": [
        106228.9765625,
        219947.578125,
        61156.0234375
    ],
    "5": [
        108137.8671875,
        236878.40625,
        30578.01171875
    ],
    "6": [
        94610.9140625,
        243239,
        15289.005859375
    ],
    "7": [
        93305.6875,
        249402.859375,
        7644.5029296875
    ],
    "8": [
        95302.640625,
        249388.03125,
        3822.25146484375
    ]
}