{
    "0": [
        202387.5,
        202387.5,
        291219.15625
    ],
    "1": [
        202387.5,
        202387.5,
        291219.15625
    ],
    "2": [
        160345.015625,
        232060.875,
        145609.578125
    ],
    "3": [
        151783.09375,
        238983.3125,
        101926.703125
    ],
    "4": [
        169602.25,
        210288.875,
        61156.0234375
    ],
    "5": [
        195002.28125,
        213075.1875,
        30578.01171875
    ],
    "6": [
        196151.890625,
        222053.71875,
        15289.005859375
    ],
    "7": [
        197060.96875,
        227535.625,
        7644.5029296875
    ]
}