{
    "0": [
        202387.5,
        202387.5,
        291219.15625
    ],
    "1": [
        202387.5,
        202387.5,
        291219.15625
    ],
    "2": [
        182149.125,
        259736.46875,
        145609.578125
    ],
    "3": [
        202990.828125,
        243098.109375,
        101926.703125
    ],
    "4": [
        211200.1875,
        276562.3125,
        61156.0234375
    ],
    "5": [
        202515.703125,
        260890.9375,
        30578.01171875
    ],
    "6": [
        202031.9375,
        252890.25,
        15289.005859375
    ]
}