{
    "0": [
        202387.5,
        202387.5,
        291219.15625
    ],
    "1": [
        202387.5,
        202387.5,
        291219.15625
    ],
    "2": [
        174258.953125,
        293929.125,
        145609.578125
    ],
    "3": [
        146158.703125,
        324244.28125,
        101926.703125
    ],
    "4": [
        138906.65625,
        287039.25,
        61156.0234375
    ],
    "5": [
        129645.296875,
        293665.875,
        30578.01171875
    ],
    "6": [
        125965.5390625,
        305945.28125,
        15289.005859375
    ],
    "7": [
        126121.3828125,
        300978.46875,
        7644.5029296875
    ]
}