{
    "0": [
        202387.5,
        202387.5,
        291219.15625
    ],
    "1": [
        202387.5,
        202387.5,
        291219.15625
    ],
    "2": [
        224192.890625,
        308459.15625,
        145609.578125
    ],
    "3": [
        243059.296875,
        301492.25,
        101926.703125
    ],
    "4": [
        211775.375,
        322727.8125,
        61156.0234375
    ],
    "5": [
        196748.296875,
        317537.90625,
        30578.01171875
    ],
    "6": [
        208300.3125,
        322624.65625,
        15289.005859375
    ],
    "7": [
        211062.578125,
        320050.9375,
        7644.5029296875
    ],
    "8": [
        208454.640625,
        317633.90625,
        3822.25146484375
    ]
}