{
    "0": [
        202387.5,
        202387.5,
        291219.15625
    ],
    "1": [
        202387.5,
        202387.5,
        291219.15625
    ],
    "2": [
        162680.734375,
        247209.1875,
        145609.578125
    ],
    "3": [
        135498.6875,
        263170.96875,
        101926.703125
    ],
    "4": [
        156720.984375,
        239104.875,
        61156.0234375
    ],
    "5": [
        156260.9375,
        249749.875,
        30578.01171875
    ],
    "6": [
        150924.953125,
        249623.21875,
        15289.005859375
    ],
    "7": [
        153990.40625,
        245856.84375,
        7644.5029296875
    ]
}