{
    "0": [
        202387.5,
        202387.5,
        291219.15625
    ],
    "1": [
        202387.5,
        202387.5,
        291219.15625
    ],
    "2": [
        258472.296875,
        221243.375,
        145609.578125
    ],
    "3": [
        279156.09375,
        250379.9375,
        101926.703125
    ],
    "4": [
        297463.09375,
        231197.109375,
        61156.0234375
    ],
    "5": [
        321309.5625,
        226194.734375,
        30578.01171875
    ],
    "6": [
        318966.25,
        217561.21875,
        15289.005859375
    ],
    "7": [
        321543.5625,
        220220.84375,
        7644.5029296875
    ]
}