{
    "0": [
        202387.5,
        202387.5,
        291219.15625
    ],
    "1": [
        202387.5,
        202387.5,
        291219.15625
    ],
    "2": [
        176408.234375,
        219628.5,
        145609.578125
    ],
    "3": [
        149492,
        190907.953125,
        101926.703125
    ],
    "4": [
        116314.328125,
        181250.5625,
        61156.0234375
    ],
    "5": [
        122807.703125,
        184654.96875,
        30578.01171875
    ],
    "6": [
        112192.7109375,
        179716.140625,
        15289.005859375
    ]
}