{
    "0": [
        202387.5,
        202387.5,
        291219.15625
    ],
    "1": [
        202387.5,
        202387.5,
        291219.15625
    ],
    "2": [
        190801.265625,
        281997.0625,
        145609.578125
    ],
    "3": [
        221235.25,
        254920.46875,
        101926.703125
    ],
    "4": [
        253980.734375,
        251993.25,
        61156.0234375
    ],
    "5": [
        251758.6875,
        233749.75,
        30578.01171875
    ],
    "6": [
        253912.90625,
        236714.421875,
        15289.005859375
    ]
}