{
    "0": [
        202387.5,
        202387.5,
        291219.15625
    ],
    "1": [
        202387.5,
        202387.5,
        291219.15625
    ],
    "2": [
        147578.671875,
        126464.1015625,
        145609.578125
    ],
    "3": [
        184564.640625,
        119326.8203125,
        101926.703125
    ],
    "4": [
        198752.25,
        142325.53125,
        61156.0234375
    ],
    "5": [
        182685.015625,
        142246.0625,
        30578.01171875
    ]
}