{
    "0": [
        202387.5,
        202387.5,
        291219.15625
    ],
    "1": [
        202387.5,
        202387.5,
        291219.15625
    ],
    "2": [
        296328.65625,
        217299.40625,
        145609.578125
    ],
    "3": [
        308505.53125,
        230150.828125,
        101926.703125
    ],
    "4": [
        292358.40625,
        193155.078125,
        61156.0234375
    ],
    "5": [
        271226.96875,
        189724.296875,
        30578.01171875
    ],
    "6": [
        268329.40625,
        204328.703125,
        15289.005859375
    ],
    "7": [
        268396,
        200716.015625,
        7644.5029296875
    ],
    "8": [
        271632.9375,
        201829.828125,
        3822.25146484375
    ]
}