{
    "0": [
        202387.5,
        202387.5,
        291219.15625
    ],
    "1": [
        202387.5,
        202387.5,
        291219.15625
    ],
    "2": [
        141607.578125,
        183276.03125,
        145609.578125
    ],
    "3": [
        160170.203125,
        157600.8125,
        101926.703125
    ],
    "4": [
        120124.421875,
        162886.09375,
        61156.0234375
    ],
    "5": [
        121984.7421875,
        168840.21875,
        30578.01171875
    ],
    "6": [
        117518.8515625,
        178268.828125,
        15289.005859375
    ],
    "7": [
        120916.359375,
        178093.5,
        7644.5029296875
    ]
}