{
    "0": [
        202387.5,
        202387.5,
        291219.15625
    ],
    "1": [
        202387.5,
        202387.5,
        291219.15625
    ],
    "2": [
        284860.71875,
        148971.375,
        145609.578125
    ],
    "3": [
        262623.78125,
        132513.0625,
        101926.703125
    ],
    "4": [
        277301.75,
        95039.59375,
        61156.0234375
    ],
    "5": [
        268917.75,
        98205.3359375,
        30578.01171875
    ],
    "6": [
        280566.625,
        100857.7890625,
        15289.005859375
    ]
}