{
    "0": [
        202387.5,
        202387.5,
        291219.15625
    ],
    "1": [
        202387.5,
        202387.5,
        291219.15625
    ],
    "2": [
        263218,
        284107.6875,
        145609.578125
    ],
    "3": [
        275015.71875,
        280151.125,
        101926.703125
    ],
    "4": [
        286924.375,
        308505.8125,
        61156.0234375
    ],
    "5": [
        262326.46875,
        326604.125,
        30578.01171875
    ],
    "6": [
        250727.046875,
        319642.03125,
        15289.005859375
    ],
    "7": [
        257704.109375,
        322028.0625,
        7644.5029296875
    ]
}