{
    "0": [
        202387.5,
        202387.5,
        291219.15625
    ],
    "1": [
        202387.5,
        202387.5,
        291219.15625
    ],
    "2": [
        166812.9375,
        278343.46875,
        145609.578125
    ],
    "3": [
        180272.53125,
        271692.84375,
        101926.703125
    ],
    "4": [
        207072.65625,
        242992.140625,
        61156.0234375
    ],
    "5": [
        183025.796875,
        237958.3125,
        30578.01171875
    ],
    "6": [
        184619.171875,
        226691.25,
        15289.005859375
    ],
    "7": [
        185206.234375,
        225309.890625,
        7644.5029296875
    ]
}