{
    "0": [
        202387.5,
        202387.5,
        291219.15625
    ],
    "1": [
        202387.5,
        202387.5,
        291219.15625
    ],
    "2": [
        167043.3125,
        271478,
        145609.578125
    ],
    "3": [
        185430.640625,
        246946.703125,
        101926.703125
    ],
    "4": [
        157172.671875,
        227581.75,
        61156.0234375
    ],
    "5": [
        154776.609375,
        215606.28125,
        30578.01171875
    ],
    "6": [
        156287.9375,
        227565.78125,
        15289.005859375
    ]
}