{
    "0": [
        202387.5,
        202387.5,
        291219.15625
    ],
    "1": [
        202387.5,
        202387.5,
        291219.15625
    ],
    "2": [
        129839.765625,
        202873.859375,
        145609.578125
    ],
    "3": [
        115075.421875,
        170975.5,
        101926.703125
    ],
    "4": [
        100619.5,
        167279.21875,
        61156.0234375
    ],
    "5": [
        116906.1171875,
        164476.859375,
        30578.01171875
    ],
    "6": [
        105478.5,
        158832.265625,
        15289.005859375
    ],
    "7": [
        108911.59375,
        159137.015625,
        7644.5029296875
    ]
}