{
    "0": [
        202387.5,
        202387.5,
        291219.15625
    ],
    "1": [
        202387.5,
        202387.5,
        291219.15625
    ],
    "2": [
        270550.25,
        242041.65625,
        145609.578125
    ],
    "3": [
        298305.125,
        225049.96875,
        101926.703125
    ],
    "4": [
        310125.5,
        202102.796875,
        61156.0234375
    ],
    "5": [
        307310.21875,
        204148,
        30578.01171875
    ],
    "6": [
        294858.90625,
        195553.21875,
        15289.005859375
    ],
    "7": [
        295583.40625,
        196089.3125,
        7644.5029296875
    ]
}