{
    "0": [
        202387.5,
        202387.5,
        291219.15625
    ],
    "1": [
        202387.5,
        202387.5,
        291219.15625
    ],
    "2": [
        215426.875,
        188235.953125,
        145609.578125
    ],
    "3": [
        202815.578125,
        206353.140625,
        101926.703125
    ],
    "4": [
        185126.328125,
        235506.921875,
        61156.0234375
    ],
    "5": [
        204475.6875,
        228716.140625,
        30578.01171875
    ],
    "6": [
        213014.28125,
        237136.6875,
        15289.005859375
    ],
    "7": [
        209704.65625,
        232684.625,
        7644.5029296875
    ]
}