{
    "0": [
        202387.5,
        202387.5,
        291219.15625
    ],
    "1": [
        202387.5,
        202387.5,
        291219.15625
    ],
    "2": [
        215185.890625,
        119690.2421875,
        145609.578125
    ],
    "3": [
        220279.78125,
        93468.53125,
        101926.703125
    ],
    "4": [
        197366.65625,
        92035.7265625,
        61156.0234375
    ],
    "5": [
        190613.109375,
        116658.0234375,
        30578.01171875
    ],
    "6": [
        177938.28125,
        117815.078125,
        15289.005859375
    ],
    "7": [
        177458,
        115796.171875,
        7644.5029296875
    ]
}