{
    "0": [
        202387.5,
        202387.5,
        291219.15625
    ],
    "1": [
        202387.5,
        202387.5,
        291219.15625
    ],
    "2": [
        198589.46875,
        221813.84375,
        145609.578125
    ],
    "3": [
        218693.34375,
        256040.984375,
        101926.703125
    ],
    "4": [
        213409.3125,
        269551.5,
        61156.0234375
    ],
    "5": [
        230510.015625,
        283741.96875,
        30578.01171875
    ],
    "6": [
        222711.6875,
        281600.21875,
        15289.005859375
    ],
    "7": [
        222723.140625,
        279542.03125,
        7644.5029296875
    ]
}