{
    "0": [
        202387.5,
        202387.5,
        291219.15625
    ],
    "1": [
        202387.5,
        202387.5,
        291219.15625
    ],
    "2": [
        224798.59375,
        265525.625,
        145609.578125
    ],
    "3": [
        233808.640625,
        297260.25,
        101926.703125
    ],
    "4": [
        215181.921875,
        317047.59375,
        61156.0234375
    ],
    "5": [
        228933.25,
        343452.40625,
        30578.01171875
    ],
    "6": [
        219303.546875,
        332404.375,
        15289.005859375
    ],
    "7": [
        221514.1875,
        328516.53125,
        7644.5029296875
    ]
}