{
    "0": [
        202387.5,
        202387.5,
        291219.15625
    ],
    "1": [
        202387.5,
        202387.5,
        291219.15625
    ],
    "2": [
        204834.203125,
        197077.15625,
        145609.578125
    ],
    "3": [
        173487.203125,
        188659.234375,
        101926.703125
    ],
    "4": [
        206212.984375,
        202311.46875,
        61156.0234375
    ],
    "5": [
        191142.46875,
        228202.109375,
        30578.01171875
    ],
    "6": [
        191730.09375,
        239914.625,
        15289.005859375
    ],
    "7": [
        188015.625,
        238374.1875,
        7644.5029296875
    ]
}