{
    "0": [
        202387.5,
        202387.5,
        291219.15625
    ],
    "1": [
        202387.5,
        202387.5,
        291219.15625
    ],
    "2": [
        258368.46875,
        261223.71875,
        145609.578125
    ],
    "3": [
        250578.140625,
        289156.53125,
        101926.703125
    ],
    "4": [
        266012.1875,
        309922.96875,
        61156.0234375
    ],
    "5": [
        270219.71875,
        335097.53125,
        30578.01171875
    ],
    "6": [
        266376.375,
        343615.46875,
        15289.005859375
    ],
    "7": [
        261710.21875,
        339847.28125,
        7644.5029296875
    ]
}