{
    "0": [
        202387.5,
        202387.5,
        291219.15625
    ],
    "1": [
        202387.5,
        202387.5,
        291219.15625
    ],
    "2": [
        233783.359375,
        243102,
        145609.578125
    ],
    "3": [
        208817.15625,
        274799.5,
        101926.703125
    ],
    "4": [
        225764.578125,
        248650.09375,
        61156.0234375
    ],
    "5": [
        234765.34375,
        265866.78125,
        30578.01171875
    ],
    "6": [
        225870.625,
        269601.09375,
        15289.005859375
    ],
    "7": [
        221491.84375,
        264648.125,
        7644.5029296875
    ]
}