{
    "0": [
        202387.5,
        202387.5,
        291219.15625
    ],
    "1": [
        202387.5,
        202387.5,
        291219.15625
    ],
    "2": [
        226086.875,
        283133.8125,
        145609.578125
    ],
    "3": [
        208962.4375,
        309732.875,
        101926.703125
    ],
    "4": [
        241789.5,
        333356.28125,
        61156.0234375
    ],
    "5": [
        264841.625,
        319716.3125,
        30578.01171875
    ],
    "6": [
        268202.34375,
        307773.125,
        15289.005859375
    ],
    "7": [
        268636.4375,
        300445.0625,
        7644.5029296875
    ]
}