{
    "0": [
        202387.5,
        202387.5,
        291219.15625
    ],
    "1": [
        202387.5,
        202387.5,
        291219.15625
    ],
    "2": [
        153760.609375,
        154020.84375,
        145609.578125
    ],
    "3": [
        160041.9375,
        179544.453125,
        101926.703125
    ],
    "4": [
        120463.5625,
        179441.546875,
        61156.0234375
    ],
    "5": [
        99973.375,
        166930.28125,
        30578.01171875
    ],
    "6": [
        98411.203125,
        161498.0625,
        15289.005859375
    ],
    "7": [
        101236.03125,
        156324.5625,
        7644.5029296875
    ],
    "8": [
        99109.7421875,
        156745.765625,
        3822.25146484375
    ]
}