{
    "0": [
        202387.5,
        202387.5,
        291219.15625
    ],
    "1": [
        202387.5,
        202387.5,
        291219.15625
    ],
    "2": [
        293769.9375,
        232991.84375,
        145609.578125
    ],
    "3": [
        262230.625,
        203188.046875,
        101926.703125
    ],
    "4": [
        257681.015625,
        173133.90625,
        61156.0234375
    ],
    "5": [
        266641.4375,
        191004.296875,
        30578.01171875
    ],
    "6": [
        274162.75,
        201667.46875,
        15289.005859375
    ],
    "7": [
        272130.375,
        195214.578125,
        7644.5029296875
    ]
}