{
    "0": [
        202387.5,
        202387.5,
        291219.15625
    ],
    "1": [
        202387.5,
        202387.5,
        291219.15625
    ],
    "2": [
        214983.46875,
        90035.09375,
        145609.578125
    ],
    "3": [
        172650.5625,
        86945.9921875,
        101926.703125
    ],
    "4": [
        196843.90625,
        112032.984375,
        61156.0234375
    ],
    "5": [
        200060.234375,
        132171.9375,
        30578.01171875
    ],
    "6": [
        209747.453125,
        138447.59375,
        15289.005859375
    ],
    "7": [
        213776.0625,
        136082.15625,
        7644.5029296875
    ]
}