{
    "0": [
        202387.5,
        202387.5,
        291219.15625
    ],
    "1": [
        202387.5,
        202387.5,
        291219.15625
    ],
    "2": [
        251292.28125,
        123658.0390625,
        145609.578125
    ],
    "3": [
        267105.21875,
        110748.484375,
        101926.703125
    ],
    "4": [
        261583.703125,
        119918.5234375,
        61156.0234375
    ],
    "5": [
        265533.59375,
        97151.4375,
        30578.01171875
    ],
    "6": [
        268052.46875,
        97700.7734375,
        15289.005859375
    ],
    "7": [
        271515.90625,
        98377.3671875,
        7644.5029296875
    ]
}