{
    "0": [
        202387.5,
        202387.5,
        291219.15625
    ],
    "1": [
        202387.5,
        202387.5,
        291219.15625
    ],
    "2": [
        280100.125,
        153239.765625,
        145609.578125
    ],
    "3": [
        301288.625,
        117742.0625,
        101926.703125
    ],
    "4": [
        326425.1875,
        125365.7265625,
        61156.0234375
    ],
    "5": [
        306827.78125,
        140822.015625,
        30578.01171875
    ],
    "6": [
        298520.90625,
        135110.875,
        15289.005859375
    ],
    "7": [
        297390.875,
        136735.5,
        7644.5029296875
    ],
    "8": [
        298232.28125,
        135771.171875,
        3822.25146484375
    ]
}