{
    "0": [
        202387.5,
        202387.5,
        291219.15625
    ],
    "1": [
        202387.5,
        202387.5,
        291219.15625
    ],
    "2": [
        107603.1953125,
        161997.71875,
        145609.578125
    ],
    "3": [
        80265.171875,
        166714.546875,
        101926.703125
    ],
    "4": [
        107421.2734375,
        166308.875,
        61156.0234375
    ],
    "5": [
        136017.109375,
        155893.5,
        30578.01171875
    ],
    "6": [
        134463.296875,
        161605.21875,
        15289.005859375
    ],
    "7": [
        129914.171875,
        162329.390625,
        7644.5029296875
    ],
    "8": [
        131470.515625,
        159618.171875,
        3822.25146484375
    ],
    "9": [
        131522.96875,
        158851.1875,
        1911.125732421875
    ]
}