{
    "0": [
        202387.5,
        202387.5,
        291219.15625
    ],
    "1": [
        202387.5,
        202387.5,
        291219.15625
    ],
    "2": [
        306357,
        218776.59375,
        145609.578125
    ],
    "3": [
        331358.125,
        239743.59375,
        101926.703125
    ],
    "4": [
        323675.59375,
        274409.5625,
        61156.0234375
    ],
    "5": [
        304716.5,
        250790.1875,
        30578.01171875
    ],
    "6": [
        311075.125,
        250977.84375,
        15289.005859375
    ],
    "7": [
        309104.375,
        250282.515625,
        7644.5029296875
    ]
}