{
    "0": [
        202387.5,
        202387.5,
        291219.15625
    ],
    "1": [
        202387.5,
        202387.5,
        291219.15625
    ],
    "2": [
        260010.875,
        174756.8125,
        145609.578125
    ],
    "3": [
        227380.140625,
        157770.375,
        101926.703125
    ],
    "4": [
        223890.90625,
        176778.59375,
        61156.0234375
    ],
    "5": [
        214699.640625,
        164153.859375,
        30578.01171875
    ],
    "6": [
        200194.53125,
        161161.265625,
        15289.005859375
    ],
    "7": [
        201601.90625,
        159829.796875,
        7644.5029296875
    ]
}