{
    "0": [
        202387.5,
        202387.5,
        291219.15625
    ],
    "1": [
        202387.5,
        202387.5,
        291219.15625
    ],
    "2": [
        205710.125,
        119470.390625,
        145609.578125
    ],
    "3": [
        230248.53125,
        128802.8984375,
        101926.703125
    ],
    "4": [
        230045.921875,
        135652.703125,
        61156.0234375
    ],
    "5": [
        214145.328125,
        145259.03125,
        30578.01171875
    ],
    "6": [
        209013.8125,
        145876.03125,
        15289.005859375
    ],
    "7": [
        214484.171875,
        141259.28125,
        7644.5029296875
    ]
}