{
    "0": [
        202387.5,
        202387.5,
        291219.15625
    ],
    "1": [
        202387.5,
        202387.5,
        291219.15625
    ],
    "2": [
        201965.140625,
        118670.2890625,
        145609.578125
    ],
    "3": [
        197332.890625,
        78356.703125,
        101926.703125
    ],
    "4": [
        231981.515625,
        88790.21875,
        61156.0234375
    ],
    "5": [
        218049.890625,
        92629.9453125,
        30578.01171875
    ],
    "6": [
        206652.828125,
        85572.34375,
        15289.005859375
    ],
    "7": [
        205731.703125,
        89187.15625,
        7644.5029296875
    ]
}