{
    "0": [
        202387.5,
        202387.5,
        291219.15625
    ],
    "1": [
        202387.5,
        202387.5,
        291219.15625
    ],
    "2": [
        103701.7265625,
        253932.09375,
        145609.578125
    ],
    "3": [
        116686.4453125,
        236196.953125,
        101926.703125
    ],
    "4": [
        149921.703125,
        226977.546875,
        61156.0234375
    ],
    "5": [
        152692.15625,
        256467.078125,
        30578.01171875
    ],
    "6": [
        150192.640625,
        249952.46875,
        15289.005859375
    ],
    "7": [
        151863.4375,
        254137.75,
        7644.5029296875
    ],
    "8": [
        154940.546875,
        254907.03125,
        3822.25146484375
    ]
}