{
    "0": [
        202387.5,
        202387.5,
        291219.15625
    ],
    "1": [
        202387.5,
        202387.5,
        291219.15625
    ],
    "2": [
        134308.953125,
        187680.609375,
        145609.578125
    ],
    "3": [
        163935.671875,
        173924.640625,
        101926.703125
    ],
    "4": [
        185705.109375,
        200691.34375,
        61156.0234375
    ],
    "5": [
        202701.609375,
        212494.8125,
        30578.01171875
    ],
    "6": [
        200642.46875,
        218226.3125,
        15289.005859375
    ],
    "7": [
        196871.46875,
        213582.546875,
        7644.5029296875
    ]
}