{
    "0": [
        202387.5,
        202387.5,
        291219.15625
    ],
    "1": [
        202387.5,
        202387.5,
        291219.15625
    ],
    "2": [
        245800.34375,
        166689.984375,
        145609.578125
    ],
    "3": [
        249762.203125,
        138556,
        101926.703125
    ],
    "4": [
        273869.75,
        157637.328125,
        61156.0234375
    ],
    "5": [
        258573.40625,
        157281.421875,
        30578.01171875
    ],
    "6": [
        252999.921875,
        169221.109375,
        15289.005859375
    ],
    "7": [
        255311,
        168695.859375,
        7644.5029296875
    ]
}