{
    "0": [
        202387.5,
        202387.5,
        291219.15625
    ],
    "1": [
        202387.5,
        202387.5,
        291219.15625
    ],
    "2": [
        140369.421875,
        297991.1875,
        145609.578125
    ],
    "3": [
        179996.765625,
        281169.5625,
        101926.703125
    ],
    "4": [
        200979.203125,
        298887.8125,
        61156.0234375
    ],
    "5": [
        185950.640625,
        288084.71875,
        30578.01171875
    ],
    "6": [
        189152.015625,
        297750.4375,
        15289.005859375
    ],
    "7": [
        187977.796875,
        298658.46875,
        7644.5029296875
    ]
}