{
    "0": [
        202387.5,
        202387.5,
        291219.15625
    ],
    "1": [
        202387.5,
        202387.5,
        291219.15625
    ],
    "2": [
        117342.6640625,
        199806.578125,
        145609.578125
    ],
    "3": [
        84671.40625,
        211172.234375,
        101926.703125
    ],
    "4": [
        89364.2265625,
        197165.9375,
        61156.0234375
    ],
    "5": [
        86938.2890625,
        210662.40625,
        30578.01171875
    ],
    "6": [
        88165.1953125,
        214614.53125,
        15289.005859375
    ],
    "7": [
        81963.0859375,
        211209.890625,
        7644.5029296875
    ]
}