{
    "0": [
        202387.5,
        202387.5,
        291219.15625
    ],
    "1": [
        202387.5,
        202387.5,
        291219.15625
    ],
    "2": [
        170792.828125,
        312070.65625,
        145609.578125
    ],
    "3": [
        163856.140625,
        352594.46875,
        101926.703125
    ],
    "4": [
        174136.234375,
        365145.28125,
        61156.0234375
    ],
    "5": [
        161935.6875,
        337803.34375,
        30578.01171875
    ],
    "6": [
        172038.359375,
        341434.4375,
        15289.005859375
    ],
    "7": [
        167476.359375,
        335658.5625,
        7644.5029296875
    ],
    "8": [
        166765.90625,
        335994.6875,
        3822.25146484375
    ]
}