{
    "0": [
        202387.5,
        202387.5,
        291219.15625
    ],
    "1": [
        202387.5,
        202387.5,
        291219.15625
    ],
    "2": [
        120185.0703125,
        184783.359375,
        145609.578125
    ],
    "3": [
        156969.09375,
        165981.03125,
        101926.703125
    ],
    "4": [
        175202.5625,
        200757.0625,
        61156.0234375
    ],
    "5": [
        199372,
        192492.921875,
        30578.01171875
    ],
    "6": [
        194486.078125,
        202030.734375,
        15289.005859375
    ]
}