{
    "0": [
        202387.5,
        202387.5,
        291219.15625
    ],
    "1": [
        202387.5,
        202387.5,
        291219.15625
    ],
    "2": [
        303040.28125,
        254906.046875,
        145609.578125
    ],
    "3": [
        316284.15625,
        283429.71875,
        101926.703125
    ],
    "4": [
        339818.5625,
        307658.375,
        61156.0234375
    ],
    "5": [
        326125,
        282840.09375,
        30578.01171875
    ],
    "6": [
        336274.6875,
        288467.34375,
        15289.005859375
    ],
    "7": [
        340883.84375,
        291952.40625,
        7644.5029296875
    ],
    "8": [
        339932.65625,
        288796.59375,
        3822.25146484375
    ]
}