{
    "0": [
        202387.5,
        202387.5,
        291219.15625
    ],
    "1": [
        202387.5,
        202387.5,
        291219.15625
    ],
    "2": [
        205902.390625,
        217370.578125,
        145609.578125
    ],
    "3": [
        206734.546875,
        203863.078125,
        101926.703125
    ],
    "4": [
        194077.234375,
        214963.390625,
        61156.0234375
    ],
    "5": [
        194704.25,
        238665.984375,
        30578.01171875
    ],
    "6": [
        207758.34375,
        244505.046875,
        15289.005859375
    ]
}