{
    "0": [
        202387.5,
        202387.5,
        291219.15625
    ],
    "1": [
        202387.5,
        202387.5,
        291219.15625
    ],
    "2": [
        304200.15625,
        250989.140625,
        145609.578125
    ],
    "3": [
        299902.78125,
        244386.671875,
        101926.703125
    ],
    "4": [
        275093.1875,
        217391.203125,
        61156.0234375
    ],
    "5": [
        258038.484375,
        217568.15625,
        30578.01171875
    ],
    "6": [
        245776.765625,
        216325.234375,
        15289.005859375
    ],
    "7": [
        248091.6875,
        223151.828125,
        7644.5029296875
    ]
}