{
    "0": [
        202387.5,
        202387.5,
        291219.15625
    ],
    "1": [
        202387.5,
        202387.5,
        291219.15625
    ],
    "2": [
        246147.875,
        165770.28125,
        145609.578125
    ],
    "3": [
        241129.671875,
        138850.421875,
        101926.703125
    ],
    "4": [
        220253.640625,
        138313.984375,
        61156.0234375
    ],
    "5": [
        236937.625,
        113726.6015625,
        30578.01171875
    ],
    "6": [
        250905,
        114612.40625,
        15289.005859375
    ],
    "7": [
        253913.03125,
        110741.4140625,
        7644.5029296875
    ]
}