{
    "0": [
        202387.5,
        202387.5,
        291219.15625
    ],
    "1": [
        202387.5,
        202387.5,
        291219.15625
    ],
    "2": [
        305830.4375,
        193698.703125,
        145609.578125
    ],
    "3": [
        312684.4375,
        223055.1875,
        101926.703125
    ],
    "4": [
        294027.46875,
        207148.703125,
        61156.0234375
    ],
    "5": [
        301795.9375,
        214719.640625,
        30578.01171875
    ],
    "6": [
        300372.5625,
        229924.765625,
        15289.005859375
    ],
    "7": [
        304359.21875,
        227635.625,
        7644.5029296875
    ]
}