{
    "0": [
        202387.5,
        202387.5,
        291219.15625
    ],
    "1": [
        202387.5,
        202387.5,
        291219.15625
    ],
    "2": [
        276342.625,
        232532.0625,
        145609.578125
    ],
    "3": [
        304470.4375,
        203481.53125,
        101926.703125
    ],
    "4": [
        297151.5625,
        175265.71875,
        61156.0234375
    ],
    "5": [
        312895.375,
        164100.609375,
        30578.01171875
    ],
    "6": [
        307159.9375,
        166525.625,
        15289.005859375
    ],
    "7": [
        303971.875,
        169113.828125,
        7644.5029296875
    ]
}