{
    "0": [
        202387.5,
        202387.5,
        291219.15625
    ],
    "1": [
        202387.5,
        202387.5,
        291219.15625
    ],
    "2": [
        222722.8125,
        88998.9140625,
        145609.578125
    ],
    "3": [
        233699.09375,
        129065.8125,
        101926.703125
    ],
    "4": [
        211665.4375,
        114279.96875,
        61156.0234375
    ],
    "5": [
        220415.03125,
        122375.8046875,
        30578.01171875
    ],
    "6": [
        221618.3125,
        116191.2109375,
        15289.005859375
    ],
    "7": [
        219495.390625,
        117287.5546875,
        7644.5029296875
    ]
}