{
    "0": [
        202387.5,
        202387.5,
        291219.15625
    ],
    "1": [
        202387.5,
        202387.5,
        291219.15625
    ],
    "2": [
        171456.59375,
        289951.125,
        145609.578125
    ],
    "3": [
        200148.15625,
        320167.09375,
        101926.703125
    ],
    "4": [
        195357.34375,
        305793.09375,
        61156.0234375
    ],
    "5": [
        186333.21875,
        319757.625,
        30578.01171875
    ],
    "6": [
        183627.09375,
        319993.21875,
        15289.005859375
    ]
}