{
    "0": [
        202387.5,
        202387.5,
        291219.15625
    ],
    "1": [
        202387.5,
        202387.5,
        291219.15625
    ],
    "2": [
        155391.34375,
        193000.71875,
        145609.578125
    ],
    "3": [
        139481.953125,
        168272.796875,
        101926.703125
    ],
    "4": [
        126737.0390625,
        203509.453125,
        61156.0234375
    ],
    "5": [
        123352.203125,
        187117.671875,
        30578.01171875
    ],
    "6": [
        119157.609375,
        183035.546875,
        15289.005859375
    ],
    "7": [
        118648.625,
        188898.515625,
        7644.5029296875
    ]
}