{
    "0": [
        202387.5,
        202387.5,
        291219.15625
    ],
    "1": [
        202387.5,
        202387.5,
        291219.15625
    ],
    "2": [
        153989.78125,
        142977.6875,
        145609.578125
    ],
    "3": [
        135087.75,
        172385.875,
        101926.703125
    ],
    "4": [
        119794.1953125,
        192830,
        61156.0234375
    ],
    "5": [
        124141.0546875,
        166533.515625,
        30578.01171875
    ],
    "6": [
        114896.1328125,
        157670.328125,
        15289.005859375
    ],
    "7": [
        119713.9765625,
        160650.140625,
        7644.5029296875
    ],
    "8": [
        119064.8515625,
        157759.875,
        3822.25146484375
    ]
}