{
    "0": [
        202387.5,
        202387.5,
        291219.15625
    ],
    "1": [
        202387.5,
        202387.5,
        291219.15625
    ],
    "2": [
        246148.46875,
        224397.0625,
        145609.578125
    ],
    "3": [
        243952.71875,
        190273.65625,
        101926.703125
    ],
    "4": [
        252921.375,
        154639.421875,
        61156.0234375
    ],
    "5": [
        253184.34375,
        127912.515625,
        30578.01171875
    ],
    "6": [
        243362.734375,
        129398.3203125,
        15289.005859375
    ],
    "7": [
        242463.3125,
        130138.71875,
        7644.5029296875
    ]
}