{
    "0": [
        202387.5,
        202387.5,
        291219.15625
    ],
    "1": [
        202387.5,
        202387.5,
        291219.15625
    ],
    "2": [
        180577.234375,
        205593.078125,
        145609.578125
    ],
    "3": [
        149555.859375,
        228621.203125,
        101926.703125
    ],
    "4": [
        179223.515625,
        201612.6875,
        61156.0234375
    ],
    "5": [
        200503.296875,
        211916.1875,
        30578.01171875
    ],
    "6": [
        201511.34375,
        213039.21875,
        15289.005859375
    ],
    "7": [
        202721.34375,
        215380.078125,
        7644.5029296875
    ],
    "8": [
        200997.59375,
        215331.703125,
        3822.25146484375
    ]
}