{
    "0": [
        202387.5,
        202387.5,
        291219.15625
    ],
    "1": [
        202387.5,
        202387.5,
        291219.15625
    ],
    "2": [
        128692.9765625,
        238404.703125,
        145609.578125
    ],
    "3": [
        110963.375,
        204153.59375,
        101926.703125
    ],
    "4": [
        99955.265625,
        173080.421875,
        61156.0234375
    ],
    "5": [
        88236.484375,
        196771.9375,
        30578.01171875
    ],
    "6": [
        75766.1015625,
        200022.421875,
        15289.005859375
    ],
    "7": [
        78096.984375,
        192881.75,
        7644.5029296875
    ],
    "8": [
        80164.1328125,
        195494.25,
        3822.25146484375
    ]
}