{
    "0": [
        202387.5,
        202387.5,
        291219.15625
    ],
    "1": [
        202387.5,
        202387.5,
        291219.15625
    ],
    "2": [
        189884.40625,
        284481.96875,
        145609.578125
    ],
    "3": [
        205030.546875,
        245075.171875,
        101926.703125
    ],
    "4": [
        183312.0625,
        256823.03125,
        61156.0234375
    ],
    "5": [
        165556.1875,
        263598.5,
        30578.01171875
    ],
    "6": [
        165383.140625,
        270721.28125,
        15289.005859375
    ],
    "7": [
        164992.40625,
        266303.3125,
        7644.5029296875
    ]
}