{
    "0": [
        202387.5,
        202387.5,
        291219.15625
    ],
    "1": [
        202387.5,
        202387.5,
        291219.15625
    ],
    "2": [
        168036.25,
        280997.5,
        145609.578125
    ],
    "3": [
        189836.953125,
        318076.875,
        101926.703125
    ],
    "4": [
        205780.5,
        349562.53125,
        61156.0234375
    ],
    "5": [
        198260.640625,
        323034.71875,
        30578.01171875
    ],
    "6": [
        195509.96875,
        321599.34375,
        15289.005859375
    ],
    "7": [
        188181.9375,
        321882.8125,
        7644.5029296875
    ],
    "8": [
        190447.265625,
        323547.25,
        3822.25146484375
    ]
}