{
    "0": [
        202387.5,
        202387.5,
        291219.15625
    ],
    "1": [
        202387.5,
        202387.5,
        291219.15625
    ],
    "2": [
        243680.71875,
        192623.484375,
        145609.578125
    ],
    "3": [
        262506.40625,
        229720.0625,
        101926.703125
    ],
    "4": [
        276150.34375,
        197555.265625,
        61156.0234375
    ],
    "5": [
        261195.21875,
        213435.984375,
        30578.01171875
    ],
    "6": [
        256853.453125,
        205271.703125,
        15289.005859375
    ],
    "7": [
        253622.84375,
        212132.109375,
        7644.5029296875
    ]
}