{
    "0": [
        202387.5,
        202387.5,
        291219.15625
    ],
    "1": [
        202387.5,
        202387.5,
        291219.15625
    ],
    "2": [
        181576.859375,
        166607.34375,
        145609.578125
    ],
    "3": [
        205115.125,
        195726.5625,
        101926.703125
    ],
    "4": [
        182034.921875,
        201636.15625,
        61156.0234375
    ],
    "5": [
        154795.53125,
        191104,
        30578.01171875
    ],
    "6": [
        146615.6875,
        188706.578125,
        15289.005859375
    ],
    "7": [
        143332.9375,
        182485.796875,
        7644.5029296875
    ]
}