{
    "0": [
        202387.5,
        202387.5,
        291219.15625
    ],
    "1": [
        202387.5,
        202387.5,
        291219.15625
    ],
    "2": [
        186484.703125,
        311473.6875,
        145609.578125
    ],
    "3": [
        205914.5625,
        276788.90625,
        101926.703125
    ],
    "4": [
        230905.015625,
        303007.34375,
        61156.0234375
    ],
    "5": [
        247347.625,
        278832.5625,
        30578.01171875
    ],
    "6": [
        241091.28125,
        271329,
        15289.005859375
    ]
}