{
    "0": [
        202387.5,
        202387.5,
        291219.15625
    ],
    "1": [
        202387.5,
        202387.5,
        291219.15625
    ],
    "2": [
        264906.25,
        119334.4453125,
        145609.578125
    ],
    "3": [
        232996.9375,
        136646.671875,
        101926.703125
    ],
    "4": [
        239146.4375,
        172394.15625,
        61156.0234375
    ],
    "5": [
        250862.59375,
        173529.375,
        30578.01171875
    ]
}