{
    "0": [
        202387.5,
        202387.5,
        291219.15625
    ],
    "1": [
        202387.5,
        202387.5,
        291219.15625
    ],
    "2": [
        288246.78125,
        178179.078125,
        145609.578125
    ],
    "3": [
        248873.328125,
        162108.46875,
        101926.703125
    ],
    "4": [
        244230.625,
        153804.546875,
        61156.0234375
    ],
    "5": [
        266823.6875,
        151910.984375,
        30578.01171875
    ],
    "6": [
        255914.96875,
        146931.015625,
        15289.005859375
    ],
    "7": [
        256943.875,
        147090.390625,
        7644.5029296875
    ],
    "8": [
        257449.96875,
        143718.609375,
        3822.25146484375
    ]
}