{
    "0": [
        202387.5,
        202387.5,
        291219.15625
    ],
    "1": [
        202387.5,
        202387.5,
        291219.15625
    ],
    "2": [
        176617.296875,
        98750.390625,
        145609.578125
    ],
    "3": [
        178801.671875,
        108534.5234375,
        101926.703125
    ],
    "4": [
        199176.5625,
        125526.2109375,
        61156.0234375
    ],
    "5": [
        197236.125,
        104462.7265625,
        30578.01171875
    ],
    "6": [
        199271.0625,
        112957.7578125,
        15289.005859375
    ]
}