{
    "0": [
        202387.5,
        202387.5,
        291219.15625
    ],
    "1": [
        202387.5,
        202387.5,
        291219.15625
    ],
    "2": [
        181536.578125,
        225165.765625,
        145609.578125
    ],
    "3": [
        149723.75,
        197528.1875,
        101926.703125
    ],
    "4": [
        182249.234375,
        213630.078125,
        61156.0234375
    ],
    "5": [
        167195.84375,
        225932.265625,
        30578.01171875
    ],
    "6": [
        175058.6875,
        235287.09375,
        15289.005859375
    ],
    "7": [
        171646.984375,
        236054.984375,
        7644.5029296875
    ]
}