{
    "0": [
        202387.5,
        202387.5,
        291219.15625
    ],
    "1": [
        202387.5,
        202387.5,
        291219.15625
    ],
    "2": [
        262957.96875,
        161803.53125,
        145609.578125
    ],
    "3": [
        291866.90625,
        175665,
        101926.703125
    ],
    "4": [
        311654.53125,
        174704.40625,
        61156.0234375
    ],
    "5": [
        300481.40625,
        156473.53125,
        30578.01171875
    ],
    "6": [
        287376.75,
        156358.890625,
        15289.005859375
    ],
    "7": [
        288397.84375,
        149265.71875,
        7644.5029296875
    ]
}