{
    "0": [
        202387.5,
        202387.5,
        291219.15625
    ],
    "1": [
        202387.5,
        202387.5,
        291219.15625
    ],
    "2": [
        159372.421875,
        291336.5,
        145609.578125
    ],
    "3": [
        189480.390625,
        260637.15625,
        101926.703125
    ],
    "4": [
        210170.1875,
        276057.71875,
        61156.0234375
    ],
    "5": [
        230624.46875,
        259913.703125,
        30578.01171875
    ],
    "6": [
        221869.6875,
        261844.5,
        15289.005859375
    ],
    "7": [
        219833.203125,
        264918.375,
        7644.5029296875
    ],
    "8": [
        219439.484375,
        266615.21875,
        3822.25146484375
    ]
}