{
    "0": [
        202387.5,
        202387.5,
        291219.15625
    ],
    "1": [
        202387.5,
        202387.5,
        291219.15625
    ],
    "2": [
        210761.71875,
        248223.3125,
        145609.578125
    ],
    "3": [
        205062.25,
        220724.9375,
        101926.703125
    ],
    "4": [
        203073.96875,
        203495.3125,
        61156.0234375
    ],
    "5": [
        188534.8125,
        228159.40625,
        30578.01171875
    ],
    "6": [
        196588.484375,
        219937.4375,
        15289.005859375
    ]
}