{
    "0": [
        202387.5,
        202387.5,
        291219.15625
    ],
    "1": [
        202387.5,
        202387.5,
        291219.15625
    ],
    "2": [
        159592.234375,
        232118.234375,
        145609.578125
    ],
    "3": [
        179826.734375,
        252509.109375,
        101926.703125
    ],
    "4": [
        210048.1875,
        260573.953125,
        61156.0234375
    ],
    "5": [
        211322.546875,
        274411.21875,
        30578.01171875
    ],
    "6": [
        213789.53125,
        266245.3125,
        15289.005859375
    ],
    "7": [
        215123.90625,
        268188.78125,
        7644.5029296875
    ]
}