{
    "0": [
        202387.5,
        202387.5,
        291219.15625
    ],
    "1": [
        202387.5,
        202387.5,
        291219.15625
    ],
    "2": [
        254839.40625,
        209996.4375,
        145609.578125
    ],
    "3": [
        249668.859375,
        230602.125,
        101926.703125
    ],
    "4": [
        287993.78125,
        221575.484375,
        61156.0234375
    ],
    "5": [
        294964.78125,
        231889.09375,
        30578.01171875
    ],
    "6": [
        298633.5,
        223731.59375,
        15289.005859375
    ],
    "7": [
        296841.0625,
        221901.515625,
        7644.5029296875
    ]
}