{
    "0": [
        202387.5,
        202387.5,
        291219.15625
    ],
    "1": [
        202387.5,
        202387.5,
        291219.15625
    ],
    "2": [
        188574.8125,
        137049.171875,
        145609.578125
    ],
    "3": [
        225592.859375,
        123856.1484375,
        101926.703125
    ],
    "4": [
        223842.671875,
        88075.890625,
        61156.0234375
    ],
    "5": [
        234256.0625,
        69766.65625,
        30578.01171875
    ],
    "6": [
        232267.375,
        80873.7734375,
        15289.005859375
    ],
    "7": [
        239645.453125,
        78952.53125,
        7644.5029296875
    ],
    "8": [
        238738.546875,
        80932.21875,
        3822.25146484375
    ]
}