{
    "0": [
        202387.5,
        202387.5,
        291219.15625
    ],
    "1": [
        202387.5,
        202387.5,
        291219.15625
    ],
    "2": [
        174589.109375,
        312064.625,
        145609.578125
    ],
    "3": [
        156900.421875,
        340264.4375,
        101926.703125
    ],
    "4": [
        152703.46875,
        365657.5625,
        61156.0234375
    ],
    "5": [
        160082.296875,
        336004.125,
        30578.01171875
    ],
    "6": [
        153808.40625,
        340436.5,
        15289.005859375
    ],
    "7": [
        158887.265625,
        337595.25,
        7644.5029296875
    ]
}