{
    "0": [
        202387.5,
        202387.5,
        291219.15625
    ],
    "1": [
        202387.5,
        202387.5,
        291219.15625
    ],
    "2": [
        244375.875,
        226961.984375,
        145609.578125
    ],
    "3": [
        282147.375,
        248875.71875,
        101926.703125
    ],
    "4": [
        293952.5625,
        226612.78125,
        61156.0234375
    ],
    "5": [
        308916.875,
        240870.140625,
        30578.01171875
    ],
    "6": [
        301222.875,
        234485.765625,
        15289.005859375
    ],
    "7": [
        296068.4375,
        234654.34375,
        7644.5029296875
    ],
    "8": [
        296580.875,
        237780.953125,
        3822.25146484375
    ]
}