{
    "0": [
        202387.5,
        202387.5,
        291219.15625
    ],
    "1": [
        202387.5,
        202387.5,
        291219.15625
    ],
    "2": [
        167688.90625,
        122708.53125,
        145609.578125
    ],
    "3": [
        205381.453125,
        111246.828125,
        101926.703125
    ],
    "4": [
        230337.03125,
        92739.21875,
        61156.0234375
    ],
    "5": [
        238610.234375,
        121932.9375,
        30578.01171875
    ],
    "6": [
        235976.15625,
        125522.6953125,
        15289.005859375
    ],
    "7": [
        232837.8125,
        118827.8828125,
        7644.5029296875
    ]
}