{
    "0": [
        202387.5,
        202387.5,
        291219.15625
    ],
    "1": [
        202387.5,
        202387.5,
        291219.15625
    ],
    "2": [
        121320.9140625,
        171689.34375,
        145609.578125
    ],
    "3": [
        106582.109375,
        169430.734375,
        101926.703125
    ],
    "4": [
        96508.796875,
        179058.15625,
        61156.0234375
    ],
    "5": [
        87462.7890625,
        155968.5625,
        30578.01171875
    ],
    "6": [
        81183.890625,
        160165.84375,
        15289.005859375
    ],
    "7": [
        75574.5546875,
        159486.046875,
        7644.5029296875
    ],
    "8": [
        73984.34375,
        159954.171875,
        3822.25146484375
    ]
}