{
    "0": [
        202387.5,
        202387.5,
        291219.15625
    ],
    "1": [
        202387.5,
        202387.5,
        291219.15625
    ],
    "2": [
        188143.8125,
        173500.96875,
        145609.578125
    ],
    "3": [
        228782.578125,
        172437.328125,
        101926.703125
    ],
    "4": [
        225790.15625,
        158004.5,
        61156.0234375
    ],
    "5": [
        226595.953125,
        139084.703125,
        30578.01171875
    ],
    "6": [
        215604.09375,
        142417.4375,
        15289.005859375
    ],
    "7": [
        215995.0625,
        141497.1875,
        7644.5029296875
    ]
}