{
    "0": [
        202387.5,
        202387.5,
        291219.15625
    ],
    "1": [
        202387.5,
        202387.5,
        291219.15625
    ],
    "2": [
        190940.984375,
        155142.96875,
        145609.578125
    ],
    "3": [
        221622.625,
        135388.640625,
        101926.703125
    ],
    "4": [
        246274.09375,
        135984.640625,
        61156.0234375
    ],
    "5": [
        230204.21875,
        155676.375,
        30578.01171875
    ],
    "6": [
        238619.859375,
        154850.234375,
        15289.005859375
    ],
    "7": [
        236491.921875,
        148138.453125,
        7644.5029296875
    ],
    "8": [
        239353.609375,
        149118.71875,
        3822.25146484375
    ]
}