{
    "0": [
        202387.5,
        202387.5,
        291219.15625
    ],
    "1": [
        202387.5,
        202387.5,
        291219.15625
    ],
    "2": [
        94651.3828125,
        214724.546875,
        145609.578125
    ],
    "3": [
        108279.625,
        217905.5,
        101926.703125
    ],
    "4": [
        131953.984375,
        185758,
        61156.0234375
    ],
    "5": [
        136490.78125,
        206486.90625,
        30578.01171875
    ],
    "6": [
        141234.203125,
        203644.4375,
        15289.005859375
    ],
    "7": [
        135007.828125,
        207318.703125,
        7644.5029296875
    ],
    "8": [
        134775.609375,
        208107.1875,
        3822.25146484375
    ]
}