{
    "0": [
        202387.5,
        202387.5,
        291219.15625
    ],
    "1": [
        202387.5,
        202387.5,
        291219.15625
    ],
    "2": [
        193100.609375,
        100692.375,
        145609.578125
    ],
    "3": [
        188909.59375,
        77448.0546875,
        101926.703125
    ],
    "4": [
        201045.953125,
        103891.140625,
        61156.0234375
    ],
    "5": [
        226492.265625,
        111749.671875,
        30578.01171875
    ],
    "6": [
        230570.90625,
        114572.5390625,
        15289.005859375
    ]
}