{
    "0": [
        202387.5,
        202387.5,
        291219.15625
    ],
    "1": [
        202387.5,
        202387.5,
        291219.15625
    ],
    "2": [
        145310.609375,
        301118.53125,
        145609.578125
    ],
    "3": [
        108158.796875,
        292400.90625,
        101926.703125
    ],
    "4": [
        111773.671875,
        325165.625,
        61156.0234375
    ],
    "5": [
        110294.8203125,
        349663.65625,
        30578.01171875
    ],
    "6": [
        101190.390625,
        354191.5625,
        15289.005859375
    ],
    "7": [
        98752.53125,
        350698.40625,
        7644.5029296875
    ]
}