{
    "0": [
        202387.5,
        202387.5,
        291219.15625
    ],
    "1": [
        202387.5,
        202387.5,
        291219.15625
    ],
    "2": [
        282113.59375,
        233117.515625,
        145609.578125
    ],
    "3": [
        298092.3125,
        269920.84375,
        101926.703125
    ],
    "4": [
        323032.9375,
        271908.375,
        61156.0234375
    ],
    "5": [
        314767.90625,
        296731.40625,
        30578.01171875
    ],
    "6": [
        308348.90625,
        296604.5625,
        15289.005859375
    ]
}