{
    "0": [
        202387.5,
        202387.5,
        291219.15625
    ],
    "1": [
        202387.5,
        202387.5,
        291219.15625
    ],
    "2": [
        121177.5859375,
        157836.65625,
        145609.578125
    ],
    "3": [
        135866.484375,
        134893.046875,
        101926.703125
    ],
    "4": [
        170531.6875,
        126427.1875,
        61156.0234375
    ],
    "5": [
        178026.328125,
        126783.03125,
        30578.01171875
    ],
    "6": [
        163988.59375,
        126208.53125,
        15289.005859375
    ],
    "7": [
        161970.140625,
        125190.734375,
        7644.5029296875
    ]
}