{
    "0": [
        202387.5,
        202387.5,
        291219.15625
    ],
    "1": [
        202387.5,
        202387.5,
        291219.15625
    ],
    "2": [
        227783.6875,
        138931.140625,
        145609.578125
    ],
    "3": [
        267441.4375,
        132216.59375,
        101926.703125
    ],
    "4": [
        245869.078125,
        107462.4296875,
        61156.0234375
    ],
    "5": [
        249495.859375,
        78692.28125,
        30578.01171875
    ],
    "6": [
        254969.09375,
        74470.2421875,
        15289.005859375
    ],
    "7": [
        250341.734375,
        74796.3203125,
        7644.5029296875
    ]
}