{
    "0": [
        202387.5,
        202387.5,
        291219.15625
    ],
    "1": [
        202387.5,
        202387.5,
        291219.15625
    ],
    "2": [
        287103.9375,
        160560.296875,
        145609.578125
    ],
    "3": [
        289131,
        133193.40625,
        101926.703125
    ],
    "4": [
        255346.21875,
        129771.390625,
        61156.0234375
    ],
    "5": [
        259659.671875,
        158877.0625,
        30578.01171875
    ],
    "6": [
        273938.375,
        160639.46875,
        15289.005859375
    ],
    "7": [
        270568.65625,
        165546.21875,
        7644.5029296875
    ]
}