{
    "0": [
        202387.5,
        202387.5,
        291219.15625
    ],
    "1": [
        202387.5,
        202387.5,
        291219.15625
    ],
    "2": [
        244599.546875,
        191908.984375,
        145609.578125
    ],
    "3": [
        273561.40625,
        166489.5,
        101926.703125
    ],
    "4": [
        242102.65625,
        187264.0625,
        61156.0234375
    ],
    "5": [
        232203.46875,
        187991.6875,
        30578.01171875
    ],
    "6": [
        222298.140625,
        198450.09375,
        15289.005859375
    ],
    "7": [
        223549.546875,
        200637.046875,
        7644.5029296875
    ]
}