{
    "0": [
        202387.5,
        202387.5,
        291219.15625
    ],
    "1": [
        202387.5,
        202387.5,
        291219.15625
    ],
    "2": [
        299036.78125,
        236692.09375,
        145609.578125
    ],
    "3": [
        297870.1875,
        237117.5,
        101926.703125
    ],
    "4": [
        312411.53125,
        216690.140625,
        61156.0234375
    ],
    "5": [
        330755.6875,
        197735.90625,
        30578.01171875
    ],
    "6": [
        342183.6875,
        205758.125,
        15289.005859375
    ],
    "7": [
        338506.71875,
        199779.046875,
        7644.5029296875
    ]
}