{
    "0": [
        202387.5,
        202387.5,
        291219.15625
    ],
    "1": [
        202387.5,
        202387.5,
        291219.15625
    ],
    "2": [
        233886.40625,
        97695.8125,
        145609.578125
    ],
    "3": [
        262274.9375,
        100333.8984375,
        101926.703125
    ],
    "4": [
        277707.28125,
        132007.3125,
        61156.0234375
    ],
    "5": [
        278853.90625,
        115279.7890625,
        30578.01171875
    ],
    "6": [
        288995.46875,
        126591.828125,
        15289.005859375
    ]
}