{
    "0": [
        202387.5,
        202387.5,
        291219.15625
    ],
    "1": [
        202387.5,
        202387.5,
        291219.15625
    ],
    "2": [
        199796.84375,
        106835.140625,
        145609.578125
    ],
    "3": [
        242809.125,
        108774,
        101926.703125
    ],
    "4": [
        261904.296875,
        81219.9296875,
        61156.0234375
    ],
    "5": [
        239772.109375,
        70133.8046875,
        30578.01171875
    ],
    "6": [
        243026.875,
        74883.0546875,
        15289.005859375
    ],
    "7": [
        246415.8125,
        68320.8828125,
        7644.5029296875
    ]
}