{
    "0": [
        202387.5,
        202387.5,
        291219.15625
    ],
    "1": [
        202387.5,
        202387.5,
        291219.15625
    ],
    "2": [
        221832.234375,
        124883.65625,
        145609.578125
    ],
    "3": [
        249252.65625,
        93223.3515625,
        101926.703125
    ],
    "4": [
        244859.03125,
        120257.09375,
        61156.0234375
    ],
    "5": [
        269580.90625,
        111085.6875,
        30578.01171875
    ],
    "6": [
        256405.65625,
        118491.203125,
        15289.005859375
    ],
    "7": [
        256517.375,
        122008.765625,
        7644.5029296875
    ]
}