{
    "0": [
        202387.5,
        202387.5,
        291219.15625
    ],
    "1": [
        202387.5,
        202387.5,
        291219.15625
    ],
    "2": [
        139033.09375,
        205922.796875,
        145609.578125
    ],
    "3": [
        122746.140625,
        245991.171875,
        101926.703125
    ],
    "4": [
        96370.265625,
        215960.46875,
        61156.0234375
    ],
    "5": [
        97482.828125,
        212815.8125,
        30578.01171875
    ],
    "6": [
        96246.90625,
        207295.84375,
        15289.005859375
    ],
    "7": [
        100308.328125,
        209025,
        7644.5029296875
    ]
}