{
    "0": [
        202387.5,
        202387.5,
        291219.15625
    ],
    "1": [
        202387.5,
        202387.5,
        291219.15625
    ],
    "2": [
        232011.09375,
        121465.453125,
        145609.578125
    ],
    "3": [
        194279.671875,
        138744.046875,
        101926.703125
    ],
    "4": [
        214034.46875,
        162541.734375,
        61156.0234375
    ],
    "5": [
        223808.34375,
        178530.859375,
        30578.01171875
    ],
    "6": [
        229695.4375,
        186733.0625,
        15289.005859375
    ],
    "7": [
        225738.625,
        187556.546875,
        7644.5029296875
    ]
}