{
    "0": [
        202387.5,
        202387.5,
        291219.15625
    ],
    "1": [
        202387.5,
        202387.5,
        291219.15625
    ],
    "2": [
        178618.5,
        270684.15625,
        145609.578125
    ],
    "3": [
        213800.53125,
        284809.75,
        101926.703125
    ],
    "4": [
        198801.359375,
        315470.8125,
        61156.0234375
    ],
    "5": [
        208226.328125,
        323038.15625,
        30578.01171875
    ],
    "6": [
        208850.078125,
        319635.75,
        15289.005859375
    ],
    "7": [
        205216.6875,
        323435.6875,
        7644.5029296875
    ],
    "8": [
        207740.03125,
        324010.625,
        3822.25146484375
    ]
}