{
    "0": [
        202387.5,
        202387.5,
        291219.15625
    ],
    "1": [
        202387.5,
        202387.5,
        291219.15625
    ],
    "2": [
        175377.5,
        169338.90625,
        145609.578125
    ],
    "3": [
        201063.03125,
        168049.453125,
        101926.703125
    ],
    "4": [
        229561.65625,
        175822.078125,
        61156.0234375
    ],
    "5": [
        223730.640625,
        168077.71875,
        30578.01171875
    ],
    "6": [
        223225.28125,
        170612.03125,
        15289.005859375
    ],
    "7": [
        230023.4375,
        167385,
        7644.5029296875
    ],
    "8": [
        231857.296875,
        166350.59375,
        3822.25146484375
    ]
}