{
    "0": [
        202387.5,
        202387.5,
        291219.15625
    ],
    "1": [
        202387.5,
        202387.5,
        291219.15625
    ],
    "2": [
        270951.90625,
        125182.53125,
        145609.578125
    ],
    "3": [
        263557,
        141677.296875,
        101926.703125
    ],
    "4": [
        293015.125,
        153430.890625,
        61156.0234375
    ],
    "5": [
        293419.6875,
        143202.6875,
        30578.01171875
    ],
    "6": [
        304225.9375,
        133395.921875,
        15289.005859375
    ],
    "7": [
        308848.03125,
        133075.484375,
        7644.5029296875
    ]
}