{
    "0": [
        202387.5,
        202387.5,
        291219.15625
    ],
    "1": [
        202387.5,
        202387.5,
        291219.15625
    ],
    "2": [
        103738.59375,
        195876.4375,
        145609.578125
    ],
    "3": [
        116680.515625,
        157235.125,
        101926.703125
    ],
    "4": [
        137750.328125,
        187957.6875,
        61156.0234375
    ],
    "5": [
        159851.96875,
        169539.296875,
        30578.01171875
    ],
    "6": [
        158655.40625,
        170958.234375,
        15289.005859375
    ],
    "7": [
        156481.75,
        166071.421875,
        7644.5029296875
    ]
}