{
    "0": [
        202387.5,
        202387.5,
        291219.15625
    ],
    "1": [
        202387.5,
        202387.5,
        291219.15625
    ],
    "2": [
        156810.546875,
        251116.84375,
        145609.578125
    ],
    "3": [
        146657.171875,
        245256.53125,
        101926.703125
    ],
    "4": [
        112783.734375,
        232837,
        61156.0234375
    ],
    "5": [
        105729.421875,
        209442.109375,
        30578.01171875
    ],
    "6": [
        117453.1015625,
        217121.75,
        15289.005859375
    ],
    "7": [
        116730.6328125,
        212085.53125,
        7644.5029296875
    ]
}