{
    "0": [
        202387.5,
        202387.5,
        291219.15625
    ],
    "1": [
        202387.5,
        202387.5,
        291219.15625
    ],
    "2": [
        136423.96875,
        162433.5,
        145609.578125
    ],
    "3": [
        98378.1171875,
        159379.953125,
        101926.703125
    ],
    "4": [
        80175.5,
        170363.3125,
        61156.0234375
    ],
    "5": [
        86459.5703125,
        161798.640625,
        30578.01171875
    ],
    "6": [
        84077.375,
        170966.328125,
        15289.005859375
    ]
}