{
    "0": [
        202387.5,
        202387.5,
        291219.15625
    ],
    "1": [
        202387.5,
        202387.5,
        291219.15625
    ],
    "2": [
        266308.09375,
        192800.375,
        145609.578125
    ],
    "3": [
        234959.359375,
        177592.921875,
        101926.703125
    ],
    "4": [
        206033.5,
        159617.5,
        61156.0234375
    ],
    "5": [
        207126.9375,
        160251.203125,
        30578.01171875
    ],
    "6": [
        208753.09375,
        146201.625,
        15289.005859375
    ],
    "7": [
        211895.65625,
        148014.171875,
        7644.5029296875
    ]
}