{
    "0": [
        202387.5,
        202387.5,
        291219.15625
    ],
    "1": [
        202387.5,
        202387.5,
        291219.15625
    ],
    "2": [
        209756.625,
        218175.15625,
        145609.578125
    ],
    "3": [
        237972.796875,
        221280.1875,
        101926.703125
    ],
    "4": [
        234945.4375,
        185160.3125,
        61156.0234375
    ],
    "5": [
        215977.21875,
        177308.03125,
        30578.01171875
    ],
    "6": [
        217766.8125,
        188557.09375,
        15289.005859375
    ],
    "7": [
        222050.671875,
        188071.484375,
        7644.5029296875
    ],
    "8": [
        223518.578125,
        184870.296875,
        3822.25146484375
    ]
}