{
    "0": [
        202387.5,
        202387.5,
        291219.15625
    ],
    "1": [
        202387.5,
        202387.5,
        291219.15625
    ],
    "2": [
        166002.328125,
        154867.296875,
        145609.578125
    ],
    "3": [
        146672.546875,
        190204.5625,
        101926.703125
    ],
    "4": [
        156975.15625,
        200710.65625,
        61156.0234375
    ],
    "5": [
        141393.6875,
        220029.65625,
        30578.01171875
    ],
    "6": [
        140038.734375,
        224439.25,
        15289.005859375
    ],
    "7": [
        136451.78125,
        221470.328125,
        7644.5029296875
    ]
}