{
    "0": [
        202387.5,
        202387.5,
        291219.15625
    ],
    "1": [
        202387.5,
        202387.5,
        291219.15625
    ],
    "2": [
        241677.796875,
        129165.1796875,
        145609.578125
    ],
    "3": [
        241956.796875,
        96928.34375,
        101926.703125
    ],
    "4": [
        218083.609375,
        115562.6875,
        61156.0234375
    ],
    "5": [
        206854.890625,
        103057.09375,
        30578.01171875
    ],
    "6": [
        206084.75,
        101786.3359375,
        15289.005859375
    ],
    "7": [
        211162.09375,
        98326.2734375,
        7644.5029296875
    ],
    "8": [
        211526.796875,
        96983.90625,
        3822.25146484375
    ]
}