{
    "0": [
        202387.5,
        202387.5,
        291219.15625
    ],
    "1": [
        202387.5,
        202387.5,
        291219.15625
    ],
    "2": [
        291673.5625,
        244159.890625,
        145609.578125
    ],
    "3": [
        314756.53125,
        213966.4375,
        101926.703125
    ],
    "4": [
        336894.28125,
        195493.984375,
        61156.0234375
    ],
    "5": [
        331936.21875,
        212132.296875,
        30578.01171875
    ],
    "6": [
        331748.9375,
        211789.34375,
        15289.005859375
    ],
    "7": [
        330273.84375,
        212904.5625,
        7644.5029296875
    ],
    "8": [
        330668.90625,
        215212.125,
        3822.25146484375
    ]
}