{
    "0": [
        202387.5,
        202387.5,
        291219.15625
    ],
    "1": [
        202387.5,
        202387.5,
        291219.15625
    ],
    "2": [
        153339.640625,
        263098.28125,
        145609.578125
    ],
    "3": [
        139917.125,
        235320.203125,
        101926.703125
    ],
    "4": [
        110089.8125,
        247048.71875,
        61156.0234375
    ],
    "5": [
        105778.015625,
        267335.8125,
        30578.01171875
    ],
    "6": [
        109144.7578125,
        274556.90625,
        15289.005859375
    ]
}