{
    "0": [
        202387.5,
        202387.5,
        291219.15625
    ],
    "1": [
        202387.5,
        202387.5,
        291219.15625
    ],
    "2": [
        221623.640625,
        171236.125,
        145609.578125
    ],
    "3": [
        238599.984375,
        141634.953125,
        101926.703125
    ],
    "4": [
        222945.265625,
        128551.7421875,
        61156.0234375
    ],
    "5": [
        226233.0625,
        149608.078125,
        30578.01171875
    ],
    "6": [
        232598.3125,
        157883.65625,
        15289.005859375
    ],
    "7": [
        233078.96875,
        163504.90625,
        7644.5029296875
    ]
}