{
    "0": [
        202387.5,
        202387.5,
        291219.15625
    ],
    "1": [
        202387.5,
        202387.5,
        291219.15625
    ],
    "2": [
        288842.125,
        133937.515625,
        145609.578125
    ],
    "3": [
        286334.4375,
        173087.875,
        101926.703125
    ],
    "4": [
        308686.03125,
        199043.421875,
        61156.0234375
    ],
    "5": [
        289422.75,
        200028.75,
        30578.01171875
    ],
    "6": [
        294593.3125,
        192391.078125,
        15289.005859375
    ]
}