{
    "0": [
        202387.5,
        202387.5,
        291219.15625
    ],
    "1": [
        202387.5,
        202387.5,
        291219.15625
    ],
    "2": [
        278123.46875,
        147580.8125,
        145609.578125
    ],
    "3": [
        273278.5625,
        154628.109375,
        101926.703125
    ],
    "4": [
        249074.296875,
        171981.3125,
        61156.0234375
    ],
    "5": [
        242810.3125,
        190074.125,
        30578.01171875
    ],
    "6": [
        229993.59375,
        186040.75,
        15289.005859375
    ],
    "7": [
        231266.28125,
        185344.40625,
        7644.5029296875
    ],
    "8": [
        233064.140625,
        188164.015625,
        3822.25146484375
    ]
}