{
    "0": [
        202387.5,
        202387.5,
        291219.15625
    ],
    "1": [
        202387.5,
        202387.5,
        291219.15625
    ],
    "2": [
        142674.296875,
        149418.1875,
        145609.578125
    ],
    "3": [
        137352.59375,
        173367.34375,
        101926.703125
    ],
    "4": [
        129642.59375,
        140717.390625,
        61156.0234375
    ],
    "5": [
        149785.71875,
        136005.828125,
        30578.01171875
    ],
    "6": [
        153007.15625,
        139725.578125,
        15289.005859375
    ],
    "7": [
        149172.09375,
        136084.3125,
        7644.5029296875
    ]
}