{
    "0": [
        202387.5,
        202387.5,
        291219.15625
    ],
    "1": [
        202387.5,
        202387.5,
        291219.15625
    ],
    "2": [
        139122.890625,
        245498.5,
        145609.578125
    ],
    "3": [
        137558.859375,
        207694.90625,
        101926.703125
    ],
    "4": [
        133950.546875,
        209370.109375,
        61156.0234375
    ],
    "5": [
        115594.53125,
        210155.421875,
        30578.01171875
    ],
    "6": [
        115704.984375,
        203256.3125,
        15289.005859375
    ],
    "7": [
        109683.6640625,
        199057.515625,
        7644.5029296875
    ]
}