{
    "0": [
        202387.5,
        202387.5,
        291219.15625
    ],
    "1": [
        202387.5,
        202387.5,
        291219.15625
    ],
    "2": [
        118161.0859375,
        131426.875,
        145609.578125
    ],
    "3": [
        81113.1484375,
        136393.4375,
        101926.703125
    ],
    "4": [
        85563.71875,
        150144.03125,
        61156.0234375
    ],
    "5": [
        93317.7421875,
        156951,
        30578.01171875
    ],
    "6": [
        97595.609375,
        149384.421875,
        15289.005859375
    ],
    "7": [
        97271.5546875,
        152671.734375,
        7644.5029296875
    ],
    "8": [
        96104.6171875,
        151259.4375,
        3822.25146484375
    ]
}