{
    "0": [
        202387.5,
        202387.5,
        291219.15625
    ],
    "1": [
        202387.5,
        202387.5,
        291219.15625
    ],
    "2": [
        135967.625,
        129229.9296875,
        145609.578125
    ],
    "3": [
        101718.53125,
        106462.234375,
        101926.703125
    ],
    "4": [
        131718.5,
        123888.8671875,
        61156.0234375
    ],
    "5": [
        122325.5078125,
        102866.234375,
        30578.01171875
    ],
    "6": [
        120998.21875,
        99334.8359375,
        15289.005859375
    ],
    "7": [
        120207.2578125,
        101967.84375,
        7644.5029296875
    ]
}