{
    "0": [
        202387.5,
        202387.5,
        291219.15625
    ],
    "1": [
        202387.5,
        202387.5,
        291219.15625
    ],
    "2": [
        205869.96875,
        217128.640625,
        145609.578125
    ],
    "3": [
        183001.734375,
        231582.765625,
        101926.703125
    ],
    "4": [
        192944.953125,
        232191.1875,
        61156.0234375
    ],
    "5": [
        174465.234375,
        248697.484375,
        30578.01171875
    ],
    "6": [
        169592.53125,
        239568.578125,
        15289.005859375
    ]
}