{
    "0": [
        202387.5,
        202387.5,
        291219.15625
    ],
    "1": [
        202387.5,
        202387.5,
        291219.15625
    ],
    "2": [
        216818.375,
        246393.40625,
        145609.578125
    ],
    "3": [
        229821.796875,
        281441.59375,
        101926.703125
    ],
    "4": [
        202771.703125,
        271201.53125,
        61156.0234375
    ],
    "5": [
        199171.609375,
        296232.4375,
        30578.01171875
    ],
    "6": [
        200616,
        310680.03125,
        15289.005859375
    ],
    "7": [
        193300.890625,
        310431.21875,
        7644.5029296875
    ],
    "8": [
        193878.796875,
        314027.125,
        3822.25146484375
    ]
}