{
    "0": [
        202387.5,
        202387.5,
        291219.15625
    ],
    "1": [
        202387.5,
        202387.5,
        291219.15625
    ],
    "2": [
        185627.6875,
        252441.09375,
        145609.578125
    ],
    "3": [
        171657.90625,
        261992.6875,
        101926.703125
    ],
    "4": [
        188493.15625,
        234527.15625,
        61156.0234375
    ],
    "5": [
        214160.78125,
        233890.140625,
        30578.01171875
    ],
    "6": [
        213168,
        221584.15625,
        15289.005859375
    ]
}