{
    "0": [
        202387.5,
        202387.5,
        291219.15625
    ],
    "1": [
        202387.5,
        202387.5,
        291219.15625
    ],
    "2": [
        102674.46875,
        172597.140625,
        145609.578125
    ],
    "3": [
        121568.203125,
        189814.265625,
        101926.703125
    ],
    "4": [
        111775.1171875,
        153133.34375,
        61156.0234375
    ],
    "5": [
        83581.1875,
        145803.984375,
        30578.01171875
    ],
    "6": [
        95388.375,
        151800.5625,
        15289.005859375
    ]
}