{
    "0": [
        202387.5,
        202387.5,
        291219.15625
    ],
    "1": [
        202387.5,
        202387.5,
        291219.15625
    ],
    "2": [
        275019.40625,
        159594.59375,
        145609.578125
    ],
    "3": [
        272013.375,
        176698.90625,
        101926.703125
    ],
    "4": [
        232369.21875,
        183022.5,
        61156.0234375
    ],
    "5": [
        231565.953125,
        179133.484375,
        30578.01171875
    ],
    "6": [
        238294.90625,
        170786.59375,
        15289.005859375
    ]
}