{
    "0": [
        202387.5,
        202387.5,
        291219.15625
    ],
    "1": [
        202387.5,
        202387.5,
        291219.15625
    ],
    "2": [
        89196.4296875,
        189082.984375,
        145609.578125
    ],
    "3": [
        112809.2265625,
        153611.578125,
        101926.703125
    ],
    "4": [
        114647.640625,
        117755.0234375,
        61156.0234375
    ],
    "5": [
        142428.125,
        122891.0625,
        30578.01171875
    ],
    "6": [
        137236.328125,
        125537.2421875,
        15289.005859375
    ],
    "7": [
        141553.796875,
        127355.984375,
        7644.5029296875
    ],
    "8": [
        143220.78125,
        127466.0625,
        3822.25146484375
    ]
}