{
    "0": [
        202387.5,
        202387.5,
        291219.15625
    ],
    "1": [
        202387.5,
        202387.5,
        291219.15625
    ],
    "2": [
        206699.265625,
        315033.1875,
        145609.578125
    ],
    "3": [
        194962.625,
        343154.09375,
        101926.703125
    ],
    "4": [
        204054.484375,
        306065,
        61156.0234375
    ],
    "5": [
        216577,
        313276.09375,
        30578.01171875
    ],
    "6": [
        204633.4375,
        310827.25,
        15289.005859375
    ],
    "7": [
        200912.875,
        315268.71875,
        7644.5029296875
    ],
    "8": [
        203287.65625,
        317867.8125,
        3822.25146484375
    ]
}