{
    "0": [
        202387.5,
        202387.5,
        291219.15625
    ],
    "1": [
        202387.5,
        202387.5,
        291219.15625
    ],
    "2": [
        164981.21875,
        285620.96875,
        145609.578125
    ],
    "3": [
        140373.453125,
        319859.9375,
        101926.703125
    ],
    "4": [
        177126.296875,
        318329.375,
        61156.0234375
    ],
    "5": [
        191218.078125,
        320496.0625,
        30578.01171875
    ],
    "6": [
        198491.875,
        329534.8125,
        15289.005859375
    ],
    "7": [
        197734.015625,
        329481.34375,
        7644.5029296875
    ],
    "8": [
        201159.546875,
        329717.75,
        3822.25146484375
    ]
}