{
    "0": [
        202387.5,
        202387.5,
        291219.15625
    ],
    "1": [
        202387.5,
        202387.5,
        291219.15625
    ],
    "2": [
        212543.921875,
        124069.8671875,
        145609.578125
    ],
    "3": [
        239560.453125,
        147815.046875,
        101926.703125
    ],
    "4": [
        218999.0625,
        161357.953125,
        61156.0234375
    ],
    "5": [
        225651.921875,
        166008.46875,
        30578.01171875
    ]
}