{
    "0": [
        202387.5,
        202387.5,
        291219.15625
    ],
    "1": [
        202387.5,
        202387.5,
        291219.15625
    ],
    "2": [
        190516.609375,
        179760.78125,
        145609.578125
    ],
    "3": [
        205262.375,
        178302.3125,
        101926.703125
    ],
    "4": [
        217677.53125,
        157721.109375,
        61156.0234375
    ],
    "5": [
        242309.71875,
        165489.765625,
        30578.01171875
    ],
    "6": [
        246268.875,
        171252.28125,
        15289.005859375
    ],
    "7": [
        244010.484375,
        165204.34375,
        7644.5029296875
    ],
    "8": [
        246144.859375,
        162277.828125,
        3822.25146484375
    ]
}