{
    "0": [
        202387.5,
        202387.5,
        291219.15625
    ],
    "1": [
        202387.5,
        202387.5,
        291219.15625
    ],
    "2": [
        242285.390625,
        176362.453125,
        145609.578125
    ],
    "3": [
        264578.625,
        153235.453125,
        101926.703125
    ],
    "4": [
        252843.78125,
        114933.015625,
        61156.0234375
    ],
    "5": [
        264118.6875,
        131923.9375,
        30578.01171875
    ],
    "6": [
        257855.5,
        136734.3125,
        15289.005859375
    ],
    "7": [
        256908.8125,
        135288.390625,
        7644.5029296875
    ],
    "8": [
        258226.90625,
        134990.390625,
        3822.25146484375
    ]
}