{
    "0": [
        202387.5,
        202387.5,
        291219.15625
    ],
    "1": [
        202387.5,
        202387.5,
        291219.15625
    ],
    "2": [
        203500.8125,
        296545.96875,
        145609.578125
    ],
    "3": [
        233573.703125,
        301554.6875,
        101926.703125
    ],
    "4": [
        206397.015625,
        328984.5,
        61156.0234375
    ],
    "5": [
        208701.34375,
        298909.03125,
        30578.01171875
    ],
    "6": [
        209968.53125,
        296260.28125,
        15289.005859375
    ],
    "7": [
        213813.28125,
        301637.65625,
        7644.5029296875
    ],
    "8": [
        211585.203125,
        301135.59375,
        3822.25146484375
    ]
}