{
    "0": [
        202387.5,
        202387.5,
        291219.15625
    ],
    "1": [
        202387.5,
        202387.5,
        291219.15625
    ],
    "2": [
        109297.03125,
        132607.96875,
        145609.578125
    ],
    "3": [
        105850.4921875,
        169416.65625,
        101926.703125
    ],
    "4": [
        97370.875,
        155119.109375,
        61156.0234375
    ],
    "5": [
        111002.8984375,
        168793.890625,
        30578.01171875
    ],
    "6": [
        119354.640625,
        163821.421875,
        15289.005859375
    ],
    "7": [
        113737,
        161029.171875,
        7644.5029296875
    ]
}