{
    "0": [
        202387.5,
        202387.5,
        291219.15625
    ],
    "1": [
        202387.5,
        202387.5,
        291219.15625
    ],
    "2": [
        193344.109375,
        281232.5,
        145609.578125
    ],
    "3": [
        166335.578125,
        275835,
        101926.703125
    ],
    "4": [
        127352.953125,
        282471.4375,
        61156.0234375
    ],
    "5": [
        104815.96875,
        264180.625,
        30578.01171875
    ],
    "6": [
        106135.75,
        265434.53125,
        15289.005859375
    ]
}