{
    "0": [
        202387.5,
        202387.5,
        291219.15625
    ],
    "1": [
        202387.5,
        202387.5,
        291219.15625
    ],
    "2": [
        152400.3125,
        302520.09375,
        145609.578125
    ],
    "3": [
        166019.828125,
        304907.0625,
        101926.703125
    ],
    "4": [
        175413.9375,
        300496.9375,
        61156.0234375
    ],
    "5": [
        153710.78125,
        313761.84375,
        30578.01171875
    ],
    "6": [
        149763.015625,
        302891.21875,
        15289.005859375
    ]
}