{
    "0": [
        202387.5,
        202387.5,
        291219.15625
    ],
    "1": [
        202387.5,
        202387.5,
        291219.15625
    ],
    "2": [
        207174.515625,
        200083.65625,
        145609.578125
    ],
    "3": [
        211419.0625,
        180661.09375,
        101926.703125
    ],
    "4": [
        192222.859375,
        201377.625,
        61156.0234375
    ],
    "5": [
        182726.296875,
        212916.109375,
        30578.01171875
    ],
    "6": [
        184761.453125,
        206551.390625,
        15289.005859375
    ]
}