{
    "0": [
        202387.5,
        202387.5,
        291219.15625
    ],
    "1": [
        202387.5,
        202387.5,
        291219.15625
    ],
    "2": [
        142851.53125,
        143050.78125,
        145609.578125
    ],
    "3": [
        106083.71875,
        164204.09375,
        101926.703125
    ],
    "4": [
        65965.15625,
        161121.8125,
        61156.0234375
    ],
    "5": [
        53748.96875,
        159154.84375,
        30578.01171875
    ],
    "6": [
        62328.27734375,
        160842.78125,
        15289.005859375
    ],
    "7": [
        69550.53125,
        158837.40625,
        7644.5029296875
    ]
}