{
    "0": [
        202387.5,
        202387.5,
        291219.15625
    ],
    "1": [
        202387.5,
        202387.5,
        291219.15625
    ],
    "2": [
        196283.921875,
        128296.5,
        145609.578125
    ],
    "3": [
        231180.90625,
        120607.3125,
        101926.703125
    ],
    "4": [
        247713.4375,
        105214.5703125,
        61156.0234375
    ],
    "5": [
        271141.34375,
        90942.0234375,
        30578.01171875
    ],
    "6": [
        274717.125,
        77693.6328125,
        15289.005859375
    ],
    "7": [
        276988.59375,
        81948.953125,
        7644.5029296875
    ]
}