{
    "0": [
        202387.5,
        202387.5,
        291219.15625
    ],
    "1": [
        202387.5,
        202387.5,
        291219.15625
    ],
    "2": [
        253710.515625,
        236989.34375,
        145609.578125
    ],
    "3": [
        251944.59375,
        223716.484375,
        101926.703125
    ],
    "4": [
        270691.28125,
        237520.546875,
        61156.0234375
    ],
    "5": [
        267548.90625,
        208564.90625,
        30578.01171875
    ],
    "6": [
        274142.15625,
        195613.359375,
        15289.005859375
    ],
    "7": [
        276572.28125,
        191675.671875,
        7644.5029296875
    ]
}