{
    "0": [
        202387.5,
        202387.5,
        291219.15625
    ],
    "1": [
        202387.5,
        202387.5,
        291219.15625
    ],
    "2": [
        268453.90625,
        205565.046875,
        145609.578125
    ],
    "3": [
        291756.9375,
        193910.796875,
        101926.703125
    ],
    "4": [
        283316.625,
        161234.734375,
        61156.0234375
    ],
    "5": [
        276693.71875,
        173525.75,
        30578.01171875
    ],
    "6": [
        274721.4375,
        178039.390625,
        15289.005859375
    ],
    "7": [
        273316.15625,
        173251.828125,
        7644.5029296875
    ]
}