{
    "0": [
        202387.5,
        202387.5,
        291219.15625
    ],
    "1": [
        202387.5,
        202387.5,
        291219.15625
    ],
    "2": [
        147938.390625,
        190670.8125,
        145609.578125
    ],
    "3": [
        126171.65625,
        180547.4375,
        101926.703125
    ],
    "4": [
        125635.0078125,
        185389.53125,
        61156.0234375
    ],
    "5": [
        116791.3125,
        184539.171875,
        30578.01171875
    ],
    "6": [
        123377.1796875,
        189153.359375,
        15289.005859375
    ],
    "7": [
        123398.5625,
        182068.765625,
        7644.5029296875
    ]
}