{
    "0": [
        202387.5,
        202387.5,
        291219.15625
    ],
    "1": [
        202387.5,
        202387.5,
        291219.15625
    ],
    "2": [
        218492.53125,
        190369.796875,
        145609.578125
    ],
    "3": [
        190385.234375,
        187765.765625,
        101926.703125
    ],
    "4": [
        177922.890625,
        169978.734375,
        61156.0234375
    ],
    "5": [
        192422.828125,
        190913.265625,
        30578.01171875
    ],
    "6": [
        201692.671875,
        199138.78125,
        15289.005859375
    ],
    "7": [
        197087.578125,
        200693.296875,
        7644.5029296875
    ],
    "8": [
        197167.53125,
        197129.84375,
        3822.25146484375
    ]
}