{
    "0": [
        202387.5,
        202387.5,
        291219.15625
    ],
    "1": [
        202387.5,
        202387.5,
        291219.15625
    ],
    "2": [
        155606.046875,
        308114.6875,
        145609.578125
    ],
    "3": [
        188705.375,
        317994.15625,
        101926.703125
    ],
    "4": [
        167426.8125,
        324888.65625,
        61156.0234375
    ],
    "5": [
        177658.40625,
        351140.09375,
        30578.01171875
    ],
    "6": [
        177884.671875,
        353573.84375,
        15289.005859375
    ]
}