{
    "0": [
        202387.5,
        202387.5,
        291219.15625
    ],
    "1": [
        202387.5,
        202387.5,
        291219.15625
    ],
    "2": [
        135439.53125,
        211812.640625,
        145609.578125
    ],
    "3": [
        172803.359375,
        224194.1875,
        101926.703125
    ],
    "4": [
        194709.875,
        200078.5625,
        61156.0234375
    ],
    "5": [
        190537.890625,
        222196.671875,
        30578.01171875
    ],
    "6": [
        181339.796875,
        211917.765625,
        15289.005859375
    ],
    "7": [
        182898.65625,
        216652.21875,
        7644.5029296875
    ]
}