{
    "0": [
        202387.5,
        202387.5,
        291219.15625
    ],
    "1": [
        202387.5,
        202387.5,
        291219.15625
    ],
    "2": [
        224602.5625,
        284855.125,
        145609.578125
    ],
    "3": [
        190537,
        309707.1875,
        101926.703125
    ],
    "4": [
        177343.859375,
        286596.46875,
        61156.0234375
    ],
    "5": [
        194528.84375,
        290806.375,
        30578.01171875
    ],
    "6": [
        192967.0625,
        284969.1875,
        15289.005859375
    ],
    "7": [
        188317.828125,
        285439.5,
        7644.5029296875
    ]
}