{
    "0": [
        202387.5,
        202387.5,
        291219.15625
    ],
    "1": [
        202387.5,
        202387.5,
        291219.15625
    ],
    "2": [
        140947.8125,
        151056.9375,
        145609.578125
    ],
    "3": [
        160812,
        125596.390625,
        101926.703125
    ],
    "4": [
        126467.859375,
        131790.859375,
        61156.0234375
    ],
    "5": [
        122645.6328125,
        127074.8359375,
        30578.01171875
    ],
    "6": [
        126450.5859375,
        116805.375,
        15289.005859375
    ],
    "7": [
        125430.8671875,
        116589.46875,
        7644.5029296875
    ],
    "8": [
        123627.015625,
        116868.890625,
        3822.25146484375
    ]
}