{
    "0": [
        202387.5,
        202387.5,
        291219.15625
    ],
    "1": [
        202387.5,
        202387.5,
        291219.15625
    ],
    "2": [
        100360.4765625,
        199323.40625,
        145609.578125
    ],
    "3": [
        100512.3515625,
        169069.515625,
        101926.703125
    ],
    "4": [
        129193.40625,
        154240.96875,
        61156.0234375
    ],
    "5": [
        128426.484375,
        146414.28125,
        30578.01171875
    ],
    "6": [
        114160.15625,
        141661.875,
        15289.005859375
    ],
    "7": [
        112328.453125,
        138901.953125,
        7644.5029296875
    ]
}