{
    "0": [
        202387.5,
        202387.5,
        291219.15625
    ],
    "1": [
        202387.5,
        202387.5,
        291219.15625
    ],
    "2": [
        205446.109375,
        289457.15625,
        145609.578125
    ],
    "3": [
        211900.875,
        296033.6875,
        101926.703125
    ],
    "4": [
        232730.828125,
        326311.71875,
        61156.0234375
    ],
    "5": [
        244501.828125,
        344289.4375,
        30578.01171875
    ],
    "6": [
        258067.53125,
        343751.34375,
        15289.005859375
    ],
    "7": [
        264715.625,
        344343.71875,
        7644.5029296875
    ]
}