{
    "0": [
        202387.5,
        202387.5,
        291219.15625
    ],
    "1": [
        202387.5,
        202387.5,
        291219.15625
    ],
    "2": [
        144509.5,
        175052.40625,
        145609.578125
    ],
    "3": [
        122913.046875,
        173218.8125,
        101926.703125
    ],
    "4": [
        111024.75,
        172456.546875,
        61156.0234375
    ],
    "5": [
        82892.34375,
        162098.09375,
        30578.01171875
    ],
    "6": [
        92816.1171875,
        160708.890625,
        15289.005859375
    ],
    "7": [
        98026.671875,
        157698.84375,
        7644.5029296875
    ],
    "8": [
        94975.8828125,
        158176.984375,
        3822.25146484375
    ]
}