{
    "0": [
        202387.5,
        202387.5,
        291219.15625
    ],
    "1": [
        202387.5,
        202387.5,
        291219.15625
    ],
    "2": [
        263038.1875,
        189658.734375,
        145609.578125
    ],
    "3": [
        228905.8125,
        189739.953125,
        101926.703125
    ],
    "4": [
        193522.765625,
        196548.1875,
        61156.0234375
    ],
    "5": [
        169023.421875,
        187755.546875,
        30578.01171875
    ],
    "6": [
        169721.3125,
        189530.3125,
        15289.005859375
    ],
    "7": [
        171459.34375,
        195161.1875,
        7644.5029296875
    ]
}