{
    "0": [
        202387.5,
        202387.5,
        291219.15625
    ],
    "1": [
        202387.5,
        202387.5,
        291219.15625
    ],
    "2": [
        160619.5625,
        181270.15625,
        145609.578125
    ],
    "3": [
        176632.203125,
        210112.125,
        101926.703125
    ],
    "4": [
        205870.765625,
        232229.859375,
        61156.0234375
    ],
    "5": [
        185122.796875,
        240157.53125,
        30578.01171875
    ],
    "6": [
        193990.734375,
        237183.5625,
        15289.005859375
    ],
    "7": [
        199507.296875,
        241321.109375,
        7644.5029296875
    ],
    "8": [
        197120.703125,
        238666.359375,
        3822.25146484375
    ]
}