{
    "0": [
        202387.5,
        202387.5,
        291219.15625
    ],
    "1": [
        202387.5,
        202387.5,
        291219.15625
    ],
    "2": [
        258254.28125,
        153970.90625,
        145609.578125
    ],
    "3": [
        253275.265625,
        122144.578125,
        101926.703125
    ],
    "4": [
        224938.390625,
        103454.5234375,
        61156.0234375
    ],
    "5": [
        229619.125,
        120665.109375,
        30578.01171875
    ],
    "6": [
        227175.828125,
        119971.8203125,
        15289.005859375
    ]
}