{
    "0": [
        202387.5,
        202387.5,
        291219.15625
    ],
    "1": [
        202387.5,
        202387.5,
        291219.15625
    ],
    "2": [
        236800.234375,
        141790.71875,
        145609.578125
    ],
    "3": [
        255672.28125,
        159398.015625,
        101926.703125
    ],
    "4": [
        267233.6875,
        183255.21875,
        61156.0234375
    ],
    "5": [
        278711.0625,
        187638.3125,
        30578.01171875
    ],
    "6": [
        277235.9375,
        188389.625,
        15289.005859375
    ]
}