{
    "0": [
        202387.5,
        202387.5,
        291219.15625
    ],
    "1": [
        202387.5,
        202387.5,
        291219.15625
    ],
    "2": [
        135517.921875,
        149893.46875,
        145609.578125
    ],
    "3": [
        140176.140625,
        169614.453125,
        101926.703125
    ],
    "4": [
        175397.25,
        151310.375,
        61156.0234375
    ],
    "5": [
        185436.03125,
        142283.015625,
        30578.01171875
    ],
    "6": [
        190808.703125,
        130120.7109375,
        15289.005859375
    ]
}