{
    "0": [
        202387.5,
        202387.5,
        291219.15625
    ],
    "1": [
        202387.5,
        202387.5,
        291219.15625
    ],
    "2": [
        296905.1875,
        178335.5,
        145609.578125
    ],
    "3": [
        256133.59375,
        172247.203125,
        101926.703125
    ],
    "4": [
        245942.40625,
        200174.71875,
        61156.0234375
    ],
    "5": [
        237338.84375,
        181403.0625,
        30578.01171875
    ],
    "6": [
        234323.6875,
        176983.171875,
        15289.005859375
    ],
    "7": [
        233439.171875,
        175787.734375,
        7644.5029296875
    ]
}