{
    "0": [
        202387.5,
        202387.5,
        291219.15625
    ],
    "1": [
        202387.5,
        202387.5,
        291219.15625
    ],
    "2": [
        196368.5,
        299308.375,
        145609.578125
    ],
    "3": [
        171330.40625,
        330865.1875,
        101926.703125
    ],
    "4": [
        200902.5,
        357062.59375,
        61156.0234375
    ],
    "5": [
        212553.96875,
        369549.5625,
        30578.01171875
    ],
    "6": [
        222699.25,
        377403.03125,
        15289.005859375
    ]
}