{
    "0": [
        202387.5,
        202387.5,
        291219.15625
    ],
    "1": [
        202387.5,
        202387.5,
        291219.15625
    ],
    "2": [
        146619.03125,
        166065.71875,
        145609.578125
    ],
    "3": [
        121907.1171875,
        169096.3125,
        101926.703125
    ],
    "4": [
        95310.6796875,
        145482.484375,
        61156.0234375
    ],
    "5": [
        116840.6484375,
        126467.890625,
        30578.01171875
    ],
    "6": [
        109538.078125,
        125317.6640625,
        15289.005859375
    ],
    "7": [
        112525.78125,
        130151.6328125,
        7644.5029296875
    ],
    "8": [
        113366.1484375,
        130094.203125,
        3822.25146484375
    ]
}