{
    "0": [
        202387.5,
        202387.5,
        291219.15625
    ],
    "1": [
        202387.5,
        202387.5,
        291219.15625
    ],
    "2": [
        241668.328125,
        225777.9375,
        145609.578125
    ],
    "3": [
        254579.3125,
        255618,
        101926.703125
    ],
    "4": [
        264074.96875,
        294133.625,
        61156.0234375
    ],
    "5": [
        272651.09375,
        309518.21875,
        30578.01171875
    ],
    "6": [
        275537.71875,
        295355.71875,
        15289.005859375
    ],
    "7": [
        272911.4375,
        299718.0625,
        7644.5029296875
    ],
    "8": [
        270124.125,
        299515.0625,
        3822.25146484375
    ]
}