{
    "0": [
        202387.5,
        202387.5,
        291219.15625
    ],
    "1": [
        202387.5,
        202387.5,
        291219.15625
    ],
    "2": [
        257518.703125,
        135800.4375,
        145609.578125
    ],
    "3": [
        219871.78125,
        149494.65625,
        101926.703125
    ],
    "4": [
        241119.96875,
        140976.703125,
        61156.0234375
    ],
    "5": [
        221821.78125,
        155120.25,
        30578.01171875
    ],
    "6": [
        234090.328125,
        151790.109375,
        15289.005859375
    ],
    "7": [
        235521.734375,
        151593.78125,
        7644.5029296875
    ],
    "8": [
        235287.390625,
        154653.328125,
        3822.25146484375
    ]
}