{
    "0": [
        202387.5,
        202387.5,
        291219.15625
    ],
    "1": [
        202387.5,
        202387.5,
        291219.15625
    ],
    "2": [
        257589.921875,
        102265.515625,
        145609.578125
    ],
    "3": [
        271765.40625,
        120698.890625,
        101926.703125
    ],
    "4": [
        272740.09375,
        88020.9453125,
        61156.0234375
    ],
    "5": [
        288221.84375,
        68895.015625,
        30578.01171875
    ],
    "6": [
        295238.5625,
        78570.0078125,
        15289.005859375
    ]
}