{
    "0": [
        202387.5,
        202387.5,
        291219.15625
    ],
    "1": [
        202387.5,
        202387.5,
        291219.15625
    ],
    "2": [
        211080.078125,
        122323.9609375,
        145609.578125
    ],
    "3": [
        242726.15625,
        103343,
        101926.703125
    ],
    "4": [
        235411.8125,
        116019.4296875,
        61156.0234375
    ],
    "5": [
        248354.65625,
        134654.734375,
        30578.01171875
    ],
    "6": [
        236195.046875,
        133060.671875,
        15289.005859375
    ],
    "7": [
        231838.8125,
        129776.0703125,
        7644.5029296875
    ]
}