{
    "0": [
        202387.5,
        202387.5,
        291219.15625
    ],
    "1": [
        202387.5,
        202387.5,
        291219.15625
    ],
    "2": [
        226048.625,
        187966.71875,
        145609.578125
    ],
    "3": [
        208349.8125,
        172856.046875,
        101926.703125
    ],
    "4": [
        206310.359375,
        167934.53125,
        61156.0234375
    ],
    "5": [
        193194.96875,
        154352.390625,
        30578.01171875
    ],
    "6": [
        208240.9375,
        156861.28125,
        15289.005859375
    ],
    "7": [
        213924.296875,
        154408.25,
        7644.5029296875
    ]
}