{
    "0": [
        202387.5,
        202387.5,
        291219.15625
    ],
    "1": [
        202387.5,
        202387.5,
        291219.15625
    ],
    "2": [
        149159.28125,
        280584.375,
        145609.578125
    ],
    "3": [
        122964.5390625,
        294533.53125,
        101926.703125
    ],
    "4": [
        121137.1484375,
        289686.25,
        61156.0234375
    ],
    "5": [
        123177.25,
        280330.875,
        30578.01171875
    ],
    "6": [
        113802.3984375,
        291415.125,
        15289.005859375
    ],
    "7": [
        107853.7578125,
        290360.09375,
        7644.5029296875
    ],
    "8": [
        109382.796875,
        291815.03125,
        3822.25146484375
    ]
}