{
    "0": [
        202387.5,
        202387.5,
        291219.15625
    ],
    "1": [
        202387.5,
        202387.5,
        291219.15625
    ],
    "2": [
        269193.46875,
        121851.375,
        145609.578125
    ],
    "3": [
        288328.6875,
        128963.078125,
        101926.703125
    ],
    "4": [
        249256.609375,
        127781.828125,
        61156.0234375
    ],
    "5": [
        238855.78125,
        131864.71875,
        30578.01171875
    ],
    "6": [
        237940.453125,
        130815.53125,
        15289.005859375
    ],
    "7": [
        237504.09375,
        123739.484375,
        7644.5029296875
    ],
    "8": [
        233938.65625,
        123412.359375,
        3822.25146484375
    ]
}