{
    "0": [
        202387.5,
        202387.5,
        291219.15625
    ],
    "1": [
        202387.5,
        202387.5,
        291219.15625
    ],
    "2": [
        210607.375,
        190601.796875,
        145609.578125
    ],
    "3": [
        198628.03125,
        148765.953125,
        101926.703125
    ],
    "4": [
        219850.171875,
        169180.796875,
        61156.0234375
    ],
    "5": [
        197012.21875,
        188317.640625,
        30578.01171875
    ],
    "6": [
        205721.15625,
        184954.859375,
        15289.005859375
    ],
    "7": [
        207806.875,
        184132.8125,
        7644.5029296875
    ]
}