{
    "0": [
        202387.5,
        202387.5,
        291219.15625
    ],
    "1": [
        202387.5,
        202387.5,
        291219.15625
    ],
    "2": [
        193835.578125,
        155949.953125,
        145609.578125
    ],
    "3": [
        185827.03125,
        178813.5,
        101926.703125
    ],
    "4": [
        210465.296875,
        148741.46875,
        61156.0234375
    ],
    "5": [
        205853.265625,
        145730.71875,
        30578.01171875
    ],
    "6": [
        204539.59375,
        143939.578125,
        15289.005859375
    ],
    "7": [
        207099.625,
        149881.671875,
        7644.5029296875
    ]
}