{
    "0": [
        202387.5,
        202387.5,
        291219.15625
    ],
    "1": [
        202387.5,
        202387.5,
        291219.15625
    ],
    "2": [
        183157.5625,
        221330.65625,
        145609.578125
    ],
    "3": [
        168759.875,
        228927.78125,
        101926.703125
    ],
    "4": [
        197079.234375,
        206151.21875,
        61156.0234375
    ],
    "5": [
        204255.5,
        220939.96875,
        30578.01171875
    ],
    "6": [
        202929.078125,
        229235.734375,
        15289.005859375
    ],
    "7": [
        204326.390625,
        230861.984375,
        7644.5029296875
    ]
}