{
    "0": [
        202387.5,
        202387.5,
        291219.15625
    ],
    "1": [
        202387.5,
        202387.5,
        291219.15625
    ],
    "2": [
        290829.875,
        182028.078125,
        145609.578125
    ],
    "3": [
        320633.875,
        204386.890625,
        101926.703125
    ],
    "4": [
        313433.125,
        206187.59375,
        61156.0234375
    ],
    "5": [
        319457.8125,
        218731.6875,
        30578.01171875
    ],
    "6": [
        325693.28125,
        231494.046875,
        15289.005859375
    ],
    "7": [
        325959.5625,
        234454.875,
        7644.5029296875
    ]
}