{
    "0": [
        202387.5,
        202387.5,
        291219.15625
    ],
    "1": [
        202387.5,
        202387.5,
        291219.15625
    ],
    "2": [
        125200.2734375,
        195829.296875,
        145609.578125
    ],
    "3": [
        109752.171875,
        217324.796875,
        101926.703125
    ],
    "4": [
        84418.4453125,
        186140.828125,
        61156.0234375
    ],
    "5": [
        78776.8828125,
        203162.015625,
        30578.01171875
    ],
    "6": [
        76823.4609375,
        214009.0625,
        15289.005859375
    ],
    "7": [
        73233.4296875,
        210277.1875,
        7644.5029296875
    ]
}