{
    "0": [
        202387.5,
        202387.5,
        291219.15625
    ],
    "1": [
        202387.5,
        202387.5,
        291219.15625
    ],
    "2": [
        187300.234375,
        158336.359375,
        145609.578125
    ],
    "3": [
        147678.375,
        151582.6875,
        101926.703125
    ],
    "4": [
        180259.84375,
        156735.328125,
        61156.0234375
    ],
    "5": [
        182365.296875,
        177848.28125,
        30578.01171875
    ],
    "6": [
        177642.328125,
        187065.640625,
        15289.005859375
    ]
}