{
    "0": [
        202387.5,
        202387.5,
        291219.15625
    ],
    "1": [
        202387.5,
        202387.5,
        291219.15625
    ],
    "2": [
        232770.84375,
        287253.8125,
        145609.578125
    ],
    "3": [
        269066.21875,
        294405.84375,
        101926.703125
    ],
    "4": [
        279934.71875,
        274236.75,
        61156.0234375
    ],
    "5": [
        273812.71875,
        253645.359375,
        30578.01171875
    ],
    "6": [
        267407.96875,
        264956.625,
        15289.005859375
    ],
    "7": [
        264575.65625,
        263300.125,
        7644.5029296875
    ]
}