{
    "0": [
        202387.5,
        202387.5,
        291219.15625
    ],
    "1": [
        202387.5,
        202387.5,
        291219.15625
    ],
    "2": [
        232979.21875,
        253344.53125,
        145609.578125
    ],
    "3": [
        224657.375,
        229229.140625,
        101926.703125
    ],
    "4": [
        224466.46875,
        261027.03125,
        61156.0234375
    ],
    "5": [
        237612.25,
        269754.40625,
        30578.01171875
    ],
    "6": [
        248676.8125,
        264615.875,
        15289.005859375
    ],
    "7": [
        250026.515625,
        269479.78125,
        7644.5029296875
    ]
}