{
    "0": [
        202387.5,
        202387.5,
        291219.15625
    ],
    "1": [
        202387.5,
        202387.5,
        291219.15625
    ],
    "2": [
        217144.359375,
        200321.671875,
        145609.578125
    ],
    "3": [
        223384.515625,
        167698.375,
        101926.703125
    ],
    "4": [
        244793.03125,
        133111.875,
        61156.0234375
    ],
    "5": [
        227716.078125,
        145956.59375,
        30578.01171875
    ],
    "6": [
        228638.171875,
        152948.96875,
        15289.005859375
    ],
    "7": [
        226590.765625,
        157933.9375,
        7644.5029296875
    ]
}