{
    "0": [
        202387.5,
        202387.5,
        291219.15625
    ],
    "1": [
        202387.5,
        202387.5,
        291219.15625
    ],
    "2": [
        203234.25,
        202025.484375,
        145609.578125
    ],
    "3": [
        219301.609375,
        180403.9375,
        101926.703125
    ],
    "4": [
        200926.5,
        179890.265625,
        61156.0234375
    ],
    "5": [
        198393.65625,
        200430.65625,
        30578.01171875
    ],
    "6": [
        187844.3125,
        198496.625,
        15289.005859375
    ],
    "7": [
        181391.765625,
        198760.078125,
        7644.5029296875
    ]
}