{
    "0": [
        202387.5,
        202387.5,
        291219.15625
    ],
    "1": [
        202387.5,
        202387.5,
        291219.15625
    ],
    "2": [
        149589.21875,
        269812.59375,
        145609.578125
    ],
    "3": [
        147393.234375,
        231713.09375,
        101926.703125
    ],
    "4": [
        156274.203125,
        214910.328125,
        61156.0234375
    ],
    "5": [
        144206.953125,
        226955.75,
        30578.01171875
    ],
    "6": [
        154074.140625,
        225381.3125,
        15289.005859375
    ],
    "7": [
        147259.421875,
        226253.359375,
        7644.5029296875
    ]
}