{
    "0": [
        202387.5,
        202387.5,
        291219.15625
    ],
    "1": [
        202387.5,
        202387.5,
        291219.15625
    ],
    "2": [
        98197.6875,
        169022.96875,
        145609.578125
    ],
    "3": [
        101778.6484375,
        171980.5,
        101926.703125
    ],
    "4": [
        86960.3203125,
        184601.28125,
        61156.0234375
    ],
    "5": [
        82513.078125,
        176201.453125,
        30578.01171875
    ],
    "6": [
        87698.78125,
        182642.921875,
        15289.005859375
    ]
}