{
    "0": [
        202387.5,
        202387.5,
        291219.15625
    ],
    "1": [
        202387.5,
        202387.5,
        291219.15625
    ],
    "2": [
        215065.84375,
        246569.015625,
        145609.578125
    ],
    "3": [
        228985.078125,
        279799.4375,
        101926.703125
    ],
    "4": [
        196604.296875,
        271586,
        61156.0234375
    ],
    "5": [
        188744.984375,
        280590.75,
        30578.01171875
    ],
    "6": [
        196520.6875,
        272585.375,
        15289.005859375
    ],
    "7": [
        199137.34375,
        269121.4375,
        7644.5029296875
    ],
    "8": [
        200170.4375,
        268374.875,
        3822.25146484375
    ]
}