{
    "0": [
        202387.5,
        202387.5,
        291219.15625
    ],
    "1": [
        202387.5,
        202387.5,
        291219.15625
    ],
    "2": [
        237160.59375,
        129136.671875,
        145609.578125
    ],
    "3": [
        252897.046875,
        116498.171875,
        101926.703125
    ],
    "4": [
        235974.25,
        115623.109375,
        61156.0234375
    ],
    "5": [
        228921.40625,
        144366.734375,
        30578.01171875
    ],
    "6": [
        244057.796875,
        144539.59375,
        15289.005859375
    ]
}