{
    "0": [
        202387.5,
        202387.5,
        291219.15625
    ],
    "1": [
        202387.5,
        202387.5,
        291219.15625
    ],
    "2": [
        175123.734375,
        264748.3125,
        145609.578125
    ],
    "3": [
        208013.59375,
        271687.6875,
        101926.703125
    ],
    "4": [
        189168.5,
        257927.90625,
        61156.0234375
    ],
    "5": [
        207534.328125,
        233647.375,
        30578.01171875
    ],
    "6": [
        219244.796875,
        235363.5,
        15289.005859375
    ]
}