{
    "0": [
        202387.5,
        202387.5,
        291219.15625
    ],
    "1": [
        202387.5,
        202387.5,
        291219.15625
    ],
    "2": [
        184537.15625,
        209051.5625,
        145609.578125
    ],
    "3": [
        182281.625,
        175770.359375,
        101926.703125
    ],
    "4": [
        210423.75,
        177408.078125,
        61156.0234375
    ],
    "5": [
        236592.109375,
        191957.015625,
        30578.01171875
    ],
    "6": [
        242244.9375,
        185092.578125,
        15289.005859375
    ]
}