{
    "0": [
        202387.5,
        202387.5,
        291219.15625
    ],
    "1": [
        202387.5,
        202387.5,
        291219.15625
    ],
    "2": [
        162558.8125,
        255044.9375,
        145609.578125
    ],
    "3": [
        155718.578125,
        296484.6875,
        101926.703125
    ],
    "4": [
        148273.8125,
        274742.15625,
        61156.0234375
    ],
    "5": [
        166170.953125,
        260448.515625,
        30578.01171875
    ],
    "6": [
        164571.328125,
        263710.8125,
        15289.005859375
    ]
}