{
    "0": [
        202387.5,
        202387.5,
        291219.15625
    ],
    "1": [
        202387.5,
        202387.5,
        291219.15625
    ],
    "2": [
        134308.625,
        205978.765625,
        145609.578125
    ],
    "3": [
        131670.625,
        175045.546875,
        101926.703125
    ],
    "4": [
        95848.234375,
        178885.765625,
        61156.0234375
    ],
    "5": [
        78593.953125,
        177316.453125,
        30578.01171875
    ],
    "6": [
        68902.8828125,
        188459.90625,
        15289.005859375
    ],
    "7": [
        75143.4765625,
        189647.625,
        7644.5029296875
    ],
    "8": [
        74742.3671875,
        191400.328125,
        3822.25146484375
    ],
    "9": [
        74892.8046875,
        190931.875,
        1911.125732421875
    ]
}