{
    "0": [
        202387.5,
        202387.5,
        291219.15625
    ],
    "1": [
        202387.5,
        202387.5,
        291219.15625
    ],
    "2": [
        242682.09375,
        94032.8359375,
        145609.578125
    ],
    "3": [
        252858.765625,
        130282.421875,
        101926.703125
    ],
    "4": [
        278698.96875,
        100979.796875,
        61156.0234375
    ],
    "5": [
        291139.84375,
        123504.5625,
        30578.01171875
    ],
    "6": [
        287555.625,
        122899.7265625,
        15289.005859375
    ],
    "7": [
        291245.6875,
        120070.671875,
        7644.5029296875
    ]
}