{
    "0": [
        202387.5,
        202387.5,
        291219.15625
    ],
    "1": [
        202387.5,
        202387.5,
        291219.15625
    ],
    "2": [
        137970.28125,
        120645.8515625,
        145609.578125
    ],
    "3": [
        107070.234375,
        126656.21875,
        101926.703125
    ],
    "4": [
        91792.9453125,
        160917.28125,
        61156.0234375
    ],
    "5": [
        108915.5625,
        164988.84375,
        30578.01171875
    ],
    "6": [
        111509.5546875,
        174359.1875,
        15289.005859375
    ],
    "7": [
        109530.234375,
        167743.265625,
        7644.5029296875
    ],
    "8": [
        112421.2734375,
        169068.359375,
        3822.25146484375
    ]
}