{
    "0": [
        202387.5,
        202387.5,
        291219.15625
    ],
    "1": [
        202387.5,
        202387.5,
        291219.15625
    ],
    "2": [
        140020.171875,
        231745.21875,
        145609.578125
    ],
    "3": [
        137503.96875,
        268331.1875,
        101926.703125
    ],
    "4": [
        127300.2890625,
        292942.5625,
        61156.0234375
    ],
    "5": [
        141008.28125,
        300704.6875,
        30578.01171875
    ],
    "6": [
        134530.234375,
        304318.25,
        15289.005859375
    ],
    "7": [
        128194.484375,
        304872.65625,
        7644.5029296875
    ]
}