{
    "0": [
        202387.5,
        202387.5,
        291219.15625
    ],
    "1": [
        202387.5,
        202387.5,
        291219.15625
    ],
    "2": [
        194732.09375,
        176524.796875,
        145609.578125
    ],
    "3": [
        210828.21875,
        167268.265625,
        101926.703125
    ],
    "4": [
        225889.625,
        152281.328125,
        61156.0234375
    ],
    "5": [
        235852.140625,
        178983.484375,
        30578.01171875
    ],
    "6": [
        228455.9375,
        183706.609375,
        15289.005859375
    ],
    "7": [
        232113.5,
        188264.59375,
        7644.5029296875
    ],
    "8": [
        233716.09375,
        186556.625,
        3822.25146484375
    ]
}