{
    "0": [
        202387.5,
        202387.5,
        291219.15625
    ],
    "1": [
        202387.5,
        202387.5,
        291219.15625
    ],
    "2": [
        208124.5,
        163773.359375,
        145609.578125
    ],
    "3": [
        214845.453125,
        137596.84375,
        101926.703125
    ],
    "4": [
        235123.640625,
        126378.453125,
        61156.0234375
    ],
    "5": [
        254628.921875,
        111694.0390625,
        30578.01171875
    ],
    "6": [
        253364.90625,
        124723.328125,
        15289.005859375
    ],
    "7": [
        251510.078125,
        121826.8359375,
        7644.5029296875
    ],
    "8": [
        253624.875,
        123261.5703125,
        3822.25146484375
    ]
}