{
    "0": [
        202387.5,
        202387.5,
        291219.15625
    ],
    "1": [
        202387.5,
        202387.5,
        291219.15625
    ],
    "2": [
        155735.984375,
        169254.453125,
        145609.578125
    ],
    "3": [
        192151.65625,
        153392.359375,
        101926.703125
    ],
    "4": [
        187547.734375,
        124944.3515625,
        61156.0234375
    ],
    "5": [
        186105.84375,
        119155.0859375,
        30578.01171875
    ],
    "6": [
        187118.859375,
        122973.296875,
        15289.005859375
    ]
}