{
    "0": [
        202387.5,
        202387.5,
        291219.15625
    ],
    "1": [
        202387.5,
        202387.5,
        291219.15625
    ],
    "2": [
        242349.21875,
        276835.8125,
        145609.578125
    ],
    "3": [
        275191.78125,
        300207.375,
        101926.703125
    ],
    "4": [
        264117.15625,
        337729.25,
        61156.0234375
    ],
    "5": [
        254015.28125,
        321480.96875,
        30578.01171875
    ],
    "6": [
        249916.765625,
        330967.59375,
        15289.005859375
    ],
    "7": [
        256083.625,
        327919.875,
        7644.5029296875
    ],
    "8": [
        253505.578125,
        327258.03125,
        3822.25146484375
    ]
}