{
    "0": [
        202387.5,
        202387.5,
        291219.15625
    ],
    "1": [
        202387.5,
        202387.5,
        291219.15625
    ],
    "2": [
        209575.109375,
        305190.0625,
        145609.578125
    ],
    "3": [
        199239.46875,
        272351.375,
        101926.703125
    ],
    "4": [
        194752.59375,
        292805.46875,
        61156.0234375
    ],
    "5": [
        199163.375,
        318301.78125,
        30578.01171875
    ],
    "6": [
        209855.65625,
        324163.15625,
        15289.005859375
    ],
    "7": [
        203306.921875,
        323758,
        7644.5029296875
    ],
    "8": [
        204743.484375,
        325659.53125,
        3822.25146484375
    ]
}