{
    "0": [
        202387.5,
        202387.5,
        291219.15625
    ],
    "1": [
        202387.5,
        202387.5,
        291219.15625
    ],
    "2": [
        278817.0625,
        124729.578125,
        145609.578125
    ],
    "3": [
        313374.0625,
        98762.6484375,
        101926.703125
    ],
    "4": [
        332745.46875,
        119795.8515625,
        61156.0234375
    ],
    "5": [
        340059.1875,
        145270.21875,
        30578.01171875
    ],
    "6": [
        338958.75,
        156269.5,
        15289.005859375
    ],
    "7": [
        339954.3125,
        150730,
        7644.5029296875
    ],
    "8": [
        340654.125,
        152867.578125,
        3822.25146484375
    ]
}