{
    "0": [
        202387.5,
        202387.5,
        291219.15625
    ],
    "1": [
        202387.5,
        202387.5,
        291219.15625
    ],
    "2": [
        172625.21875,
        110302.9140625,
        145609.578125
    ],
    "3": [
        197667.71875,
        123653.265625,
        101926.703125
    ],
    "4": [
        187672.75,
        95990.5390625,
        61156.0234375
    ],
    "5": [
        188940.0625,
        102281.0625,
        30578.01171875
    ],
    "6": [
        177286.859375,
        94913.15625,
        15289.005859375
    ],
    "7": [
        178900.671875,
        99557.3125,
        7644.5029296875
    ]
}