{
    "0": [
        202387.5,
        202387.5,
        291219.15625
    ],
    "1": [
        202387.5,
        202387.5,
        291219.15625
    ],
    "2": [
        212391.578125,
        127217.6328125,
        145609.578125
    ],
    "3": [
        254249.4375,
        126103.3984375,
        101926.703125
    ],
    "4": [
        245676.0625,
        145817.28125,
        61156.0234375
    ],
    "5": [
        239997.234375,
        172110.515625,
        30578.01171875
    ],
    "6": [
        251841.640625,
        167023.265625,
        15289.005859375
    ],
    "7": [
        254824.09375,
        168292.984375,
        7644.5029296875
    ],
    "8": [
        253228.65625,
        167331.171875,
        3822.25146484375
    ]
}