{
    "0": [
        202387.5,
        202387.5,
        291219.15625
    ],
    "1": [
        202387.5,
        202387.5,
        291219.15625
    ],
    "2": [
        161550.375,
        182799.015625,
        145609.578125
    ],
    "3": [
        202785.15625,
        181464.40625,
        101926.703125
    ],
    "4": [
        223203.859375,
        197936.390625,
        61156.0234375
    ],
    "5": [
        221024.890625,
        190763.390625,
        30578.01171875
    ],
    "6": [
        228075.421875,
        202790.875,
        15289.005859375
    ]
}