{
    "0": [
        202387.5,
        202387.5,
        291219.15625
    ],
    "1": [
        202387.5,
        202387.5,
        291219.15625
    ],
    "2": [
        163875.96875,
        117127.140625,
        145609.578125
    ],
    "3": [
        145908.1875,
        144058.46875,
        101926.703125
    ],
    "4": [
        120478.59375,
        158699.84375,
        61156.0234375
    ],
    "5": [
        119794.59375,
        166955.015625,
        30578.01171875
    ],
    "6": [
        128942.2265625,
        162836.890625,
        15289.005859375
    ],
    "7": [
        122337.0390625,
        159402.890625,
        7644.5029296875
    ],
    "8": [
        123350.9765625,
        159173.921875,
        3822.25146484375
    ]
}