{
    "0": [
        202387.5,
        202387.5,
        291219.15625
    ],
    "1": [
        202387.5,
        202387.5,
        291219.15625
    ],
    "2": [
        130537.1171875,
        282643.59375,
        145609.578125
    ],
    "3": [
        161539.421875,
        254745.734375,
        101926.703125
    ],
    "4": [
        179590.984375,
        275869.65625,
        61156.0234375
    ],
    "5": [
        171455.390625,
        304368.65625,
        30578.01171875
    ],
    "6": [
        182015.09375,
        299370.8125,
        15289.005859375
    ]
}