{
    "0": [
        202387.5,
        202387.5,
        291219.15625
    ],
    "1": [
        202387.5,
        202387.5,
        291219.15625
    ],
    "2": [
        245159.65625,
        205558.671875,
        145609.578125
    ],
    "3": [
        234817.484375,
        229017.1875,
        101926.703125
    ],
    "4": [
        265266.75,
        208985.359375,
        61156.0234375
    ],
    "5": [
        252004.171875,
        202867.578125,
        30578.01171875
    ],
    "6": [
        255417.8125,
        188465.328125,
        15289.005859375
    ],
    "7": [
        255274.5,
        187201.1875,
        7644.5029296875
    ]
}