{
    "0": [
        202387.5,
        202387.5,
        291219.15625
    ],
    "1": [
        202387.5,
        202387.5,
        291219.15625
    ],
    "2": [
        264196.21875,
        149211.34375,
        145609.578125
    ],
    "3": [
        277915.84375,
        181708.171875,
        101926.703125
    ],
    "4": [
        288459.03125,
        184556.78125,
        61156.0234375
    ],
    "5": [
        299167.6875,
        199751.28125,
        30578.01171875
    ],
    "6": [
        299504.46875,
        192550,
        15289.005859375
    ],
    "7": [
        292213.03125,
        193882.875,
        7644.5029296875
    ]
}