{
    "0": [
        202387.5,
        202387.5,
        291219.15625
    ],
    "1": [
        202387.5,
        202387.5,
        291219.15625
    ],
    "2": [
        215369.953125,
        89058.0859375,
        145609.578125
    ],
    "3": [
        227510.875,
        115231,
        101926.703125
    ],
    "4": [
        204367.78125,
        82456.453125,
        61156.0234375
    ],
    "5": [
        196902.875,
        54957.8359375,
        30578.01171875
    ],
    "6": [
        201168.09375,
        54128.4375,
        15289.005859375
    ]
}