{
    "0": [
        202387.5,
        202387.5,
        291219.15625
    ],
    "1": [
        202387.5,
        202387.5,
        291219.15625
    ],
    "2": [
        175986.671875,
        119313.625,
        145609.578125
    ],
    "3": [
        161812.15625,
        94851.90625,
        101926.703125
    ],
    "4": [
        139728.96875,
        112735.203125,
        61156.0234375
    ],
    "5": [
        135570.671875,
        113014.7109375,
        30578.01171875
    ],
    "6": [
        148655.609375,
        118419.890625,
        15289.005859375
    ],
    "7": [
        141659.9375,
        116039.9140625,
        7644.5029296875
    ],
    "8": [
        140587.75,
        116974.2578125,
        3822.25146484375
    ]
}