{
    "0": [
        202387.5,
        202387.5,
        291219.15625
    ],
    "1": [
        202387.5,
        202387.5,
        291219.15625
    ],
    "2": [
        111546.28125,
        180459.0625,
        145609.578125
    ],
    "3": [
        126879.8515625,
        201787.71875,
        101926.703125
    ],
    "4": [
        105220.84375,
        193451.40625,
        61156.0234375
    ],
    "5": [
        121072.921875,
        191839.5,
        30578.01171875
    ],
    "6": [
        122739.7109375,
        197433.640625,
        15289.005859375
    ],
    "7": [
        116979.5078125,
        199616.734375,
        7644.5029296875
    ],
    "8": [
        119361.5,
        198760.109375,
        3822.25146484375
    ]
}