{
    "0": [
        202387.5,
        202387.5,
        291219.15625
    ],
    "1": [
        202387.5,
        202387.5,
        291219.15625
    ],
    "2": [
        219431.890625,
        213300.140625,
        145609.578125
    ],
    "3": [
        209081.140625,
        253035.21875,
        101926.703125
    ],
    "4": [
        175672.921875,
        238199.90625,
        61156.0234375
    ],
    "5": [
        188310.984375,
        234045.53125,
        30578.01171875
    ],
    "6": [
        200558.1875,
        232181.03125,
        15289.005859375
    ]
}