{
    "0": [
        202387.5,
        202387.5,
        291219.15625
    ],
    "1": [
        202387.5,
        202387.5,
        291219.15625
    ],
    "2": [
        149545.609375,
        119134.5234375,
        145609.578125
    ],
    "3": [
        192706.84375,
        115548.0703125,
        101926.703125
    ],
    "4": [
        204259.09375,
        136170.65625,
        61156.0234375
    ],
    "5": [
        206135.3125,
        152524.296875,
        30578.01171875
    ],
    "6": [
        198396,
        163465.734375,
        15289.005859375
    ]
}