{
    "0": [
        202387.5,
        202387.5,
        291219.15625
    ],
    "1": [
        202387.5,
        202387.5,
        291219.15625
    ],
    "2": [
        141512.375,
        238447.296875,
        145609.578125
    ],
    "3": [
        128147.484375,
        201932.21875,
        101926.703125
    ],
    "4": [
        113742.75,
        191713.578125,
        61156.0234375
    ],
    "5": [
        127350.78125,
        194486.6875,
        30578.01171875
    ],
    "6": [
        134945.40625,
        195756.203125,
        15289.005859375
    ],
    "7": [
        136332.09375,
        194409.4375,
        7644.5029296875
    ],
    "8": [
        133909.3125,
        194168.921875,
        3822.25146484375
    ]
}