{
    "0": [
        202387.5,
        202387.5,
        291219.15625
    ],
    "1": [
        202387.5,
        202387.5,
        291219.15625
    ],
    "2": [
        101673.9921875,
        253092.40625,
        145609.578125
    ],
    "3": [
        90998.859375,
        273420.84375,
        101926.703125
    ],
    "4": [
        103338.9375,
        306552.71875,
        61156.0234375
    ],
    "5": [
        99678.3671875,
        329746.4375,
        30578.01171875
    ],
    "6": [
        94935.390625,
        326064.75,
        15289.005859375
    ],
    "7": [
        99390.2265625,
        328120.875,
        7644.5029296875
    ]
}