{
    "0": [
        202387.5,
        202387.5,
        291219.15625
    ],
    "1": [
        202387.5,
        202387.5,
        291219.15625
    ],
    "2": [
        153131.328125,
        272739.4375,
        145609.578125
    ],
    "3": [
        157084.921875,
        305660.21875,
        101926.703125
    ],
    "4": [
        138912.0625,
        270882.9375,
        61156.0234375
    ],
    "5": [
        167195.84375,
        265078.5,
        30578.01171875
    ],
    "6": [
        159831.375,
        275992.71875,
        15289.005859375
    ]
}