{
    "0": [
        202387.5,
        202387.5,
        291219.15625
    ],
    "1": [
        202387.5,
        202387.5,
        291219.15625
    ],
    "2": [
        138510.71875,
        250730.0625,
        145609.578125
    ],
    "3": [
        97999.1875,
        235886.578125,
        101926.703125
    ],
    "4": [
        84746.296875,
        273611.96875,
        61156.0234375
    ],
    "5": [
        79512.953125,
        292219.625,
        30578.01171875
    ],
    "6": [
        79361.3671875,
        279096.75,
        15289.005859375
    ],
    "7": [
        85653.078125,
        280725.03125,
        7644.5029296875
    ]
}