{
    "0": [
        202387.5,
        202387.5,
        291219.15625
    ],
    "1": [
        202387.5,
        202387.5,
        291219.15625
    ],
    "2": [
        119352.84375,
        129083.7421875,
        145609.578125
    ],
    "3": [
        103961.21875,
        162367.171875,
        101926.703125
    ],
    "4": [
        117785.1484375,
        128024.046875,
        61156.0234375
    ],
    "5": [
        128185.6484375,
        151761.078125,
        30578.01171875
    ],
    "6": [
        135411.078125,
        152160.71875,
        15289.005859375
    ],
    "7": [
        131580.53125,
        156120.28125,
        7644.5029296875
    ],
    "8": [
        129956.7265625,
        157586.4375,
        3822.25146484375
    ],
    "9": [
        130926.640625,
        157340.453125,
        1911.125732421875
    ],
    "10": [
        130926.71875,
        157339.140625,
        0.0019111258443444967
    ]
}