{
    "0": [
        202387.5,
        202387.5,
        291219.15625
    ],
    "1": [
        202387.5,
        202387.5,
        291219.15625
    ],
    "2": [
        119569.3984375,
        280607.28125,
        145609.578125
    ],
    "3": [
        125695.1640625,
        238532.890625,
        101926.703125
    ],
    "4": [
        159697.28125,
        227396.125,
        61156.0234375
    ],
    "5": [
        188853.953125,
        225595.640625,
        30578.01171875
    ],
    "6": [
        185626.546875,
        224245.890625,
        15289.005859375
    ],
    "7": [
        189150.203125,
        229756.65625,
        7644.5029296875
    ],
    "8": [
        189324.484375,
        226634.546875,
        3822.25146484375
    ]
}