{
    "0": [
        202387.5,
        202387.5,
        291219.15625
    ],
    "1": [
        202387.5,
        202387.5,
        291219.15625
    ],
    "2": [
        143256.71875,
        114468.359375,
        145609.578125
    ],
    "3": [
        182673.828125,
        115639.625,
        101926.703125
    ],
    "4": [
        187636.296875,
        100673.71875,
        61156.0234375
    ],
    "5": [
        204003.078125,
        91912.59375,
        30578.01171875
    ],
    "6": [
        212443,
        99377.625,
        15289.005859375
    ],
    "7": [
        211668.03125,
        99091.046875,
        7644.5029296875
    ],
    "8": [
        211773.28125,
        102805.0859375,
        3822.25146484375
    ]
}