{
    "0": [
        202387.5,
        202387.5,
        291219.15625
    ],
    "1": [
        202387.5,
        202387.5,
        291219.15625
    ],
    "2": [
        126279.4453125,
        204631.25,
        145609.578125
    ],
    "3": [
        83607.953125,
        195872.4375,
        101926.703125
    ],
    "4": [
        74070.8125,
        221495.8125,
        61156.0234375
    ],
    "5": [
        78596.2265625,
        198165.125,
        30578.01171875
    ],
    "6": [
        70758.5546875,
        189903.140625,
        15289.005859375
    ],
    "7": [
        71197.8984375,
        188822.265625,
        7644.5029296875
    ],
    "8": [
        71877.796875,
        189098.921875,
        3822.25146484375
    ]
}