{
    "0": [
        202387.5,
        202387.5,
        291219.15625
    ],
    "1": [
        202387.5,
        202387.5,
        291219.15625
    ],
    "2": [
        228039.875,
        140905.265625,
        145609.578125
    ],
    "3": [
        261548.5625,
        167248.890625,
        101926.703125
    ],
    "4": [
        285651.625,
        164873.6875,
        61156.0234375
    ],
    "5": [
        292744.8125,
        160678.53125,
        30578.01171875
    ],
    "6": [
        281297.3125,
        168329.046875,
        15289.005859375
    ],
    "7": [
        283209.25,
        168629.421875,
        7644.5029296875
    ]
}