{
    "0": [
        202387.5,
        202387.5,
        291219.15625
    ],
    "1": [
        202387.5,
        202387.5,
        291219.15625
    ],
    "2": [
        274897.4375,
        228025.25,
        145609.578125
    ],
    "3": [
        308387.03125,
        200374.390625,
        101926.703125
    ],
    "4": [
        302422.28125,
        199271.546875,
        61156.0234375
    ],
    "5": [
        298191.78125,
        207742.8125,
        30578.01171875
    ],
    "6": [
        297927.78125,
        208308.484375,
        15289.005859375
    ],
    "7": [
        297118.5,
        209207.625,
        7644.5029296875
    ]
}