{
    "0": [
        202387.5,
        202387.5,
        291219.15625
    ],
    "1": [
        202387.5,
        202387.5,
        291219.15625
    ],
    "2": [
        211833.765625,
        98276.4765625,
        145609.578125
    ],
    "3": [
        176055.546875,
        118724.2890625,
        101926.703125
    ],
    "4": [
        209576.03125,
        95638.609375,
        61156.0234375
    ],
    "5": [
        204357.625,
        114075.9375,
        30578.01171875
    ],
    "6": [
        194763.8125,
        110556.921875,
        15289.005859375
    ],
    "7": [
        201793.359375,
        110653.9765625,
        7644.5029296875
    ]
}