{
    "0": [
        202387.5,
        202387.5,
        291219.15625
    ],
    "1": [
        202387.5,
        202387.5,
        291219.15625
    ],
    "2": [
        217240.265625,
        154830.375,
        145609.578125
    ],
    "3": [
        214095.75,
        192177.390625,
        101926.703125
    ],
    "4": [
        225206.15625,
        222513.34375,
        61156.0234375
    ],
    "5": [
        252305.5,
        225833.75,
        30578.01171875
    ],
    "6": [
        241633.765625,
        230711,
        15289.005859375
    ],
    "7": [
        242762.875,
        235175.640625,
        7644.5029296875
    ],
    "8": [
        243770.203125,
        236079.5,
        3822.25146484375
    ]
}