{
    "0": [
        202387.5,
        202387.5,
        291219.15625
    ],
    "1": [
        202387.5,
        202387.5,
        291219.15625
    ],
    "2": [
        187202.40625,
        93758.4375,
        145609.578125
    ],
    "3": [
        160777.203125,
        114844.515625,
        101926.703125
    ],
    "4": [
        134276.421875,
        137199.0625,
        61156.0234375
    ],
    "5": [
        116394.171875,
        134431.03125,
        30578.01171875
    ],
    "6": [
        125757.265625,
        142520.25,
        15289.005859375
    ],
    "7": [
        125979.015625,
        141060.84375,
        7644.5029296875
    ]
}