{
    "0": [
        202387.5,
        202387.5,
        291219.15625
    ],
    "1": [
        202387.5,
        202387.5,
        291219.15625
    ],
    "2": [
        257771.8125,
        221627.40625,
        145609.578125
    ],
    "3": [
        234919.9375,
        191022.21875,
        101926.703125
    ],
    "4": [
        248962.234375,
        228039.828125,
        61156.0234375
    ],
    "5": [
        248650.703125,
        202837.15625,
        30578.01171875
    ],
    "6": [
        250155.40625,
        198480.296875,
        15289.005859375
    ]
}