{
    "0": [
        202387.5,
        202387.5,
        291219.15625
    ],
    "1": [
        202387.5,
        202387.5,
        291219.15625
    ],
    "2": [
        233200.1875,
        152594.71875,
        145609.578125
    ],
    "3": [
        229252.4375,
        193544.953125,
        101926.703125
    ],
    "4": [
        201445.203125,
        178866.078125,
        61156.0234375
    ],
    "5": [
        192571.421875,
        180137.21875,
        30578.01171875
    ],
    "6": [
        177740.265625,
        181840.390625,
        15289.005859375
    ],
    "7": [
        181133.8125,
        184586.078125,
        7644.5029296875
    ],
    "8": [
        184395.796875,
        184114.703125,
        3822.25146484375
    ]
}