{
    "0": [
        202387.5,
        202387.5,
        291219.15625
    ],
    "1": [
        202387.5,
        202387.5,
        291219.15625
    ],
    "2": [
        206949.09375,
        107130.3359375,
        145609.578125
    ],
    "3": [
        224345.421875,
        105961.78125,
        101926.703125
    ],
    "4": [
        199392.84375,
        121362.734375,
        61156.0234375
    ],
    "5": [
        199765,
        104745.4375,
        30578.01171875
    ],
    "6": [
        197893.796875,
        100726.5,
        15289.005859375
    ]
}