{
    "0": [
        202387.5,
        202387.5,
        291219.15625
    ],
    "1": [
        202387.5,
        202387.5,
        291219.15625
    ],
    "2": [
        261455.015625,
        286365,
        145609.578125
    ],
    "3": [
        296054.5,
        279689.9375,
        101926.703125
    ],
    "4": [
        300118.25,
        292823.125,
        61156.0234375
    ],
    "5": [
        301752.6875,
        321478.90625,
        30578.01171875
    ],
    "6": [
        299661.71875,
        321209.53125,
        15289.005859375
    ],
    "7": [
        296378.71875,
        321804.25,
        7644.5029296875
    ]
}