{
    "0": [
        202387.5,
        202387.5,
        291219.15625
    ],
    "1": [
        202387.5,
        202387.5,
        291219.15625
    ],
    "2": [
        245148.515625,
        215810.09375,
        145609.578125
    ],
    "3": [
        255822.703125,
        227283.15625,
        101926.703125
    ],
    "4": [
        271090.46875,
        230544.65625,
        61156.0234375
    ],
    "5": [
        256384.84375,
        231996.28125,
        30578.01171875
    ],
    "6": [
        246046.21875,
        240228.703125,
        15289.005859375
    ],
    "7": [
        249671.71875,
        236565.6875,
        7644.5029296875
    ]
}