{
    "0": [
        202387.5,
        202387.5,
        291219.15625
    ],
    "1": [
        202387.5,
        202387.5,
        291219.15625
    ],
    "2": [
        257697.234375,
        224993.40625,
        145609.578125
    ],
    "3": [
        285286.03125,
        252667.59375,
        101926.703125
    ],
    "4": [
        275097.71875,
        228176.75,
        61156.0234375
    ],
    "5": [
        298940.5625,
        217899.265625,
        30578.01171875
    ],
    "6": [
        303608.5,
        209370.109375,
        15289.005859375
    ]
}