{
    "0": [
        202387.5,
        202387.5,
        291219.15625
    ],
    "1": [
        202387.5,
        202387.5,
        291219.15625
    ],
    "2": [
        235366.234375,
        206507.09375,
        145609.578125
    ],
    "3": [
        239825.171875,
        218963.84375,
        101926.703125
    ],
    "4": [
        227789.53125,
        239661.6875,
        61156.0234375
    ],
    "5": [
        204719.5625,
        222627.4375,
        30578.01171875
    ],
    "6": [
        195984.15625,
        214736.34375,
        15289.005859375
    ],
    "7": [
        190537.265625,
        218794.1875,
        7644.5029296875
    ]
}