{
    "0": [
        202387.5,
        202387.5,
        291219.15625
    ],
    "1": [
        202387.5,
        202387.5,
        291219.15625
    ],
    "2": [
        216420.765625,
        287778.5625,
        145609.578125
    ],
    "3": [
        212651.984375,
        247869.421875,
        101926.703125
    ],
    "4": [
        200232.796875,
        257987.421875,
        61156.0234375
    ],
    "5": [
        209398.390625,
        240727.828125,
        30578.01171875
    ],
    "6": [
        215175.125,
        240292.53125,
        15289.005859375
    ],
    "7": [
        211333.8125,
        242089.9375,
        7644.5029296875
    ]
}