{
    "0": [
        202387.5,
        202387.5,
        291219.15625
    ],
    "1": [
        202387.5,
        202387.5,
        291219.15625
    ],
    "2": [
        215134,
        313493.28125,
        145609.578125
    ],
    "3": [
        204763.96875,
        272540.65625,
        101926.703125
    ],
    "4": [
        218979.65625,
        247411.65625,
        61156.0234375
    ],
    "5": [
        201996.1875,
        223680.90625,
        30578.01171875
    ],
    "6": [
        205488.109375,
        215494.4375,
        15289.005859375
    ],
    "7": [
        209375.921875,
        216640.421875,
        7644.5029296875
    ]
}