{
    "0": [
        202387.5,
        202387.5,
        291219.15625
    ],
    "1": [
        202387.5,
        202387.5,
        291219.15625
    ],
    "2": [
        211662.171875,
        258244.5,
        145609.578125
    ],
    "3": [
        176017.609375,
        248634.84375,
        101926.703125
    ],
    "4": [
        159571,
        278366.375,
        61156.0234375
    ],
    "5": [
        169534.875,
        306865.0625,
        30578.01171875
    ],
    "6": [
        176912.0625,
        308556.34375,
        15289.005859375
    ],
    "7": [
        170526.34375,
        306674.875,
        7644.5029296875
    ]
}