{
    "0": [
        202387.5,
        202387.5,
        291219.15625
    ],
    "1": [
        202387.5,
        202387.5,
        291219.15625
    ],
    "2": [
        278100.25,
        182920.984375,
        145609.578125
    ],
    "3": [
        278849.09375,
        146067.671875,
        101926.703125
    ],
    "4": [
        268713.53125,
        123976.140625,
        61156.0234375
    ],
    "5": [
        265474.28125,
        135328.984375,
        30578.01171875
    ],
    "6": [
        250931.109375,
        133272.859375,
        15289.005859375
    ],
    "7": [
        253822.484375,
        133339.625,
        7644.5029296875
    ]
}