{
    "0": [
        202387.5,
        202387.5,
        291219.15625
    ],
    "1": [
        202387.5,
        202387.5,
        291219.15625
    ],
    "2": [
        214622.3125,
        183915.578125,
        145609.578125
    ],
    "3": [
        249121.84375,
        157370.46875,
        101926.703125
    ],
    "4": [
        222509.40625,
        160798.5625,
        61156.0234375
    ],
    "5": [
        217821.21875,
        168510.84375,
        30578.01171875
    ],
    "6": [
        217356.578125,
        163613.359375,
        15289.005859375
    ],
    "7": [
        220760.953125,
        161700.796875,
        7644.5029296875
    ],
    "8": [
        217972.234375,
        159396.3125,
        3822.25146484375
    ]
}