{
    "0": [
        202387.5,
        202387.5,
        291219.15625
    ],
    "1": [
        202387.5,
        202387.5,
        291219.15625
    ],
    "2": [
        125642.546875,
        246383.28125,
        145609.578125
    ],
    "3": [
        95740.2421875,
        264215.25,
        101926.703125
    ],
    "4": [
        92667.2890625,
        289359.6875,
        61156.0234375
    ],
    "5": [
        94141.875,
        294020.59375,
        30578.01171875
    ],
    "6": [
        106486.4765625,
        288179.5625,
        15289.005859375
    ]
}