{
    "0": [
        202387.5,
        202387.5,
        291219.15625
    ],
    "1": [
        202387.5,
        202387.5,
        291219.15625
    ],
    "2": [
        165396.296875,
        162958.953125,
        145609.578125
    ],
    "3": [
        196559.328125,
        167832.46875,
        101926.703125
    ],
    "4": [
        188493.3125,
        161802.484375,
        61156.0234375
    ],
    "5": [
        204632.90625,
        184163.984375,
        30578.01171875
    ],
    "6": [
        204690.609375,
        175231.375,
        15289.005859375
    ],
    "7": [
        211695.375,
        176866.734375,
        7644.5029296875
    ]
}