{
    "0": [
        202387.5,
        202387.5,
        291219.15625
    ],
    "1": [
        202387.5,
        202387.5,
        291219.15625
    ],
    "2": [
        203204.25,
        226999.03125,
        145609.578125
    ],
    "3": [
        233602.015625,
        230973.90625,
        101926.703125
    ],
    "4": [
        213839.484375,
        235427.671875,
        61156.0234375
    ],
    "5": [
        188263.9375,
        234563.609375,
        30578.01171875
    ],
    "6": [
        193420.203125,
        229242.671875,
        15289.005859375
    ],
    "7": [
        193080.1875,
        229216.875,
        7644.5029296875
    ]
}