{
    "0": [
        202387.5,
        202387.5,
        291219.15625
    ],
    "1": [
        202387.5,
        202387.5,
        291219.15625
    ],
    "2": [
        291122.5625,
        127439.546875,
        145609.578125
    ],
    "3": [
        280982.46875,
        119112.21875,
        101926.703125
    ],
    "4": [
        316688.3125,
        117054.390625,
        61156.0234375
    ],
    "5": [
        301434.1875,
        126600.1953125,
        30578.01171875
    ],
    "6": [
        311969,
        121286.796875,
        15289.005859375
    ],
    "7": [
        312968.84375,
        120947.453125,
        7644.5029296875
    ],
    "8": [
        310667.40625,
        120726.78125,
        3822.25146484375
    ]
}