{
    "0": [
        202387.5,
        202387.5,
        291219.15625
    ],
    "1": [
        202387.5,
        202387.5,
        291219.15625
    ],
    "2": [
        182848,
        164704.578125,
        145609.578125
    ],
    "3": [
        201949.515625,
        181178.71875,
        101926.703125
    ],
    "4": [
        205160.265625,
        159218.625,
        61156.0234375
    ],
    "5": [
        229718.90625,
        158760.3125,
        30578.01171875
    ],
    "6": [
        223666.5,
        170277.40625,
        15289.005859375
    ]
}