{
    "0": [
        202387.5,
        202387.5,
        291219.15625
    ],
    "1": [
        202387.5,
        202387.5,
        291219.15625
    ],
    "2": [
        163479.09375,
        303229.125,
        145609.578125
    ],
    "3": [
        204377.421875,
        308109.75,
        101926.703125
    ],
    "4": [
        230819.90625,
        327785.5,
        61156.0234375
    ],
    "5": [
        214367.390625,
        318616.28125,
        30578.01171875
    ],
    "6": [
        226371.109375,
        320500.71875,
        15289.005859375
    ],
    "7": [
        231839.8125,
        323545.78125,
        7644.5029296875
    ]
}