{
    "0": [
        202387.5,
        202387.5,
        291219.15625
    ],
    "1": [
        202387.5,
        202387.5,
        291219.15625
    ],
    "2": [
        278391.25,
        147539.359375,
        145609.578125
    ],
    "3": [
        256097.359375,
        113370.171875,
        101926.703125
    ],
    "4": [
        239501.390625,
        98844.71875,
        61156.0234375
    ],
    "5": [
        211012.421875,
        99166.9453125,
        30578.01171875
    ],
    "6": [
        213090.25,
        88749.0546875,
        15289.005859375
    ],
    "7": [
        218198.359375,
        89296.0078125,
        7644.5029296875
    ]
}