{
    "0": [
        202387.5,
        202387.5,
        291219.15625
    ],
    "1": [
        202387.5,
        202387.5,
        291219.15625
    ],
    "2": [
        158471.4375,
        271330.5625,
        145609.578125
    ],
    "3": [
        170524.65625,
        265812.375,
        101926.703125
    ],
    "4": [
        188420.6875,
        290174.0625,
        61156.0234375
    ],
    "5": [
        182384.46875,
        314182.71875,
        30578.01171875
    ],
    "6": [
        182354.859375,
        304278.59375,
        15289.005859375
    ],
    "7": [
        188066.671875,
        306579.0625,
        7644.5029296875
    ]
}