{
    "0": [
        202387.5,
        202387.5,
        291219.15625
    ],
    "1": [
        202387.5,
        202387.5,
        291219.15625
    ],
    "2": [
        215622.28125,
        288509.875,
        145609.578125
    ],
    "3": [
        179616.03125,
        298793.5625,
        101926.703125
    ],
    "4": [
        153072.5625,
        288121.21875,
        61156.0234375
    ],
    "5": [
        144570.5625,
        266982.78125,
        30578.01171875
    ],
    "6": [
        139672.46875,
        265015.65625,
        15289.005859375
    ],
    "7": [
        146215.9375,
        262271.9375,
        7644.5029296875
    ]
}