{
    "0": [
        202387.5,
        202387.5,
        291219.15625
    ],
    "1": [
        202387.5,
        202387.5,
        291219.15625
    ],
    "2": [
        105558.375,
        185246.375,
        145609.578125
    ],
    "3": [
        88469.203125,
        204336.375,
        101926.703125
    ],
    "4": [
        66147.640625,
        214064.6875,
        61156.0234375
    ],
    "5": [
        48179.50390625,
        228665.984375,
        30578.01171875
    ],
    "6": [
        53013.03515625,
        216302.921875,
        15289.005859375
    ],
    "7": [
        53102.63671875,
        216410.078125,
        7644.5029296875
    ]
}