{
    "0": [
        202387.5,
        202387.5,
        291219.15625
    ],
    "1": [
        202387.5,
        202387.5,
        291219.15625
    ],
    "2": [
        263316.78125,
        155726.75,
        145609.578125
    ],
    "3": [
        293354.5625,
        171885.328125,
        101926.703125
    ],
    "4": [
        262505.8125,
        163889.734375,
        61156.0234375
    ],
    "5": [
        261776.984375,
        191946.21875,
        30578.01171875
    ],
    "6": [
        272679.625,
        197110.59375,
        15289.005859375
    ],
    "7": [
        271496.8125,
        200571.40625,
        7644.5029296875
    ],
    "8": [
        268762.6875,
        201577.046875,
        3822.25146484375
    ]
}