{
    "0": [
        202387.5,
        202387.5,
        291219.15625
    ],
    "1": [
        202387.5,
        202387.5,
        291219.15625
    ],
    "2": [
        220592.453125,
        246092.125,
        145609.578125
    ],
    "3": [
        216724.421875,
        225234.46875,
        101926.703125
    ],
    "4": [
        186859.84375,
        233708.390625,
        61156.0234375
    ],
    "5": [
        213912.015625,
        230274.515625,
        30578.01171875
    ],
    "6": [
        222416.65625,
        237525.984375,
        15289.005859375
    ],
    "7": [
        228221.53125,
        234735.984375,
        7644.5029296875
    ]
}