{
    "0": [
        202387.5,
        202387.5,
        291219.15625
    ],
    "1": [
        202387.5,
        202387.5,
        291219.15625
    ],
    "2": [
        252997.9375,
        228124.265625,
        145609.578125
    ],
    "3": [
        259953.59375,
        191435,
        101926.703125
    ],
    "4": [
        290097.5625,
        172883.109375,
        61156.0234375
    ],
    "5": [
        294732.6875,
        167567.8125,
        30578.01171875
    ],
    "6": [
        305572.0625,
        172146.25,
        15289.005859375
    ],
    "7": [
        305376.3125,
        169792.953125,
        7644.5029296875
    ]
}