{
    "0": [
        202387.5,
        202387.5,
        291219.15625
    ],
    "1": [
        202387.5,
        202387.5,
        291219.15625
    ],
    "2": [
        248891.125,
        195624.109375,
        145609.578125
    ],
    "3": [
        249413.15625,
        214385.859375,
        101926.703125
    ],
    "4": [
        280559.65625,
        220528.34375,
        61156.0234375
    ],
    "5": [
        256589.875,
        239301.84375,
        30578.01171875
    ],
    "6": [
        269971.84375,
        245261.671875,
        15289.005859375
    ]
}