{
    "0": [
        202387.5,
        202387.5,
        291219.15625
    ],
    "1": [
        202387.5,
        202387.5,
        291219.15625
    ],
    "2": [
        244110.4375,
        175996.765625,
        145609.578125
    ],
    "3": [
        280076.28125,
        197607.046875,
        101926.703125
    ],
    "4": [
        264441.25,
        188455.21875,
        61156.0234375
    ],
    "5": [
        292640.34375,
        190766.34375,
        30578.01171875
    ],
    "6": [
        296041.46875,
        188440.046875,
        15289.005859375
    ]
}