{
    "0": [
        202387.5,
        202387.5,
        291219.15625
    ],
    "1": [
        202387.5,
        202387.5,
        291219.15625
    ],
    "2": [
        132145.1875,
        244894.390625,
        145609.578125
    ],
    "3": [
        140579.15625,
        271581.03125,
        101926.703125
    ],
    "4": [
        121213.078125,
        291686.3125,
        61156.0234375
    ],
    "5": [
        124140.21875,
        273710.59375,
        30578.01171875
    ],
    "6": [
        128479.6796875,
        278270.9375,
        15289.005859375
    ],
    "7": [
        130273.953125,
        273433.6875,
        7644.5029296875
    ],
    "8": [
        129899.109375,
        273380.375,
        3822.25146484375
    ]
}