{
    "0": [
        202387.5,
        202387.5,
        291219.15625
    ],
    "1": [
        202387.5,
        202387.5,
        291219.15625
    ],
    "2": [
        271530.375,
        206525.609375,
        145609.578125
    ],
    "3": [
        270872.125,
        188832.625,
        101926.703125
    ],
    "4": [
        303731.25,
        208549.1875,
        61156.0234375
    ],
    "5": [
        291080.65625,
        233426.546875,
        30578.01171875
    ],
    "6": [
        295956.65625,
        232446.171875,
        15289.005859375
    ],
    "7": [
        291861.59375,
        227796.609375,
        7644.5029296875
    ],
    "8": [
        291410.9375,
        227419.4375,
        3822.25146484375
    ],
    "9": [
        290629.5625,
        227626.5625,
        1911.125732421875
    ]
}