{
    "0": [
        202387.5,
        202387.5,
        291219.15625
    ],
    "1": [
        202387.5,
        202387.5,
        291219.15625
    ],
    "2": [
        213539.953125,
        178392.375,
        145609.578125
    ],
    "3": [
        188973.984375,
        213224.0625,
        101926.703125
    ],
    "4": [
        193840.71875,
        232659.21875,
        61156.0234375
    ],
    "5": [
        179435.75,
        215255.625,
        30578.01171875
    ],
    "6": [
        173842.5625,
        218657.609375,
        15289.005859375
    ],
    "7": [
        174604.6875,
        213875.578125,
        7644.5029296875
    ]
}