{
    "0": [
        202387.5,
        202387.5,
        291219.15625
    ],
    "1": [
        202387.5,
        202387.5,
        291219.15625
    ],
    "2": [
        242733.234375,
        141294.78125,
        145609.578125
    ],
    "3": [
        226265.3125,
        157466.390625,
        101926.703125
    ],
    "4": [
        258975.859375,
        138213.8125,
        61156.0234375
    ],
    "5": [
        246678.953125,
        136444.59375,
        30578.01171875
    ],
    "6": [
        237732.0625,
        147945.734375,
        15289.005859375
    ],
    "7": [
        242706.171875,
        153139.78125,
        7644.5029296875
    ],
    "8": [
        241946.734375,
        152959.546875,
        3822.25146484375
    ]
}