{
    "0": [
        202387.5,
        202387.5,
        291219.15625
    ],
    "1": [
        202387.5,
        202387.5,
        291219.15625
    ],
    "2": [
        184850.328125,
        277142.34375,
        145609.578125
    ],
    "3": [
        190285.359375,
        283673.65625,
        101926.703125
    ],
    "4": [
        166254.421875,
        286915.75,
        61156.0234375
    ],
    "5": [
        163724.125,
        269547.59375,
        30578.01171875
    ],
    "6": [
        178280.578125,
        269268.28125,
        15289.005859375
    ],
    "7": [
        176945.03125,
        272434.46875,
        7644.5029296875
    ]
}