{
    "0": [
        202387.5,
        202387.5,
        291219.15625
    ],
    "1": [
        202387.5,
        202387.5,
        291219.15625
    ],
    "2": [
        216587.046875,
        227871.046875,
        145609.578125
    ],
    "3": [
        248170.578125,
        224169.09375,
        101926.703125
    ],
    "4": [
        234910.703125,
        251187.296875,
        61156.0234375
    ],
    "5": [
        241541.609375,
        243740.40625,
        30578.01171875
    ],
    "6": [
        239115.953125,
        245770.734375,
        15289.005859375
    ],
    "7": [
        241468.84375,
        247267.90625,
        7644.5029296875
    ]
}