{
    "0": [
        202387.5,
        202387.5,
        291219.15625
    ],
    "1": [
        202387.5,
        202387.5,
        291219.15625
    ],
    "2": [
        127063.90625,
        184359.578125,
        145609.578125
    ],
    "3": [
        152647.875,
        176416.875,
        101926.703125
    ],
    "4": [
        178780.75,
        198046.296875,
        61156.0234375
    ],
    "5": [
        176489.4375,
        189629.8125,
        30578.01171875
    ],
    "6": [
        170690.796875,
        201790.65625,
        15289.005859375
    ],
    "7": [
        169000.015625,
        199016.890625,
        7644.5029296875
    ]
}