{
    "0": [
        202387.5,
        202387.5,
        291219.15625
    ],
    "1": [
        202387.5,
        202387.5,
        291219.15625
    ],
    "2": [
        199619.9375,
        155564.59375,
        145609.578125
    ],
    "3": [
        227584.75,
        177193.9375,
        101926.703125
    ],
    "4": [
        210658.53125,
        140788.59375,
        61156.0234375
    ],
    "5": [
        208030,
        128911.4765625,
        30578.01171875
    ],
    "6": [
        196125.296875,
        121207.828125,
        15289.005859375
    ],
    "7": [
        193108.734375,
        115478.796875,
        7644.5029296875
    ]
}