{
    "0": [
        202387.5,
        202387.5,
        291219.15625
    ],
    "1": [
        202387.5,
        202387.5,
        291219.15625
    ],
    "2": [
        245026.765625,
        141076.125,
        145609.578125
    ],
    "3": [
        246500.3125,
        169644.734375,
        101926.703125
    ],
    "4": [
        268704.3125,
        202232.875,
        61156.0234375
    ],
    "5": [
        251344.296875,
        198354.375,
        30578.01171875
    ],
    "6": [
        240553.6875,
        203333.203125,
        15289.005859375
    ],
    "7": [
        243995.640625,
        198801.515625,
        7644.5029296875
    ],
    "8": [
        243612.328125,
        198995.109375,
        3822.25146484375
    ]
}