{
    "0": [
        202387.5,
        202387.5,
        291219.15625
    ],
    "1": [
        202387.5,
        202387.5,
        291219.15625
    ],
    "2": [
        243399.5625,
        285200.3125,
        145609.578125
    ],
    "3": [
        244320.71875,
        302344.59375,
        101926.703125
    ],
    "4": [
        241512.15625,
        275102.46875,
        61156.0234375
    ],
    "5": [
        233533.140625,
        266193.09375,
        30578.01171875
    ],
    "6": [
        243960.453125,
        262022.046875,
        15289.005859375
    ],
    "7": [
        239907.578125,
        260693.53125,
        7644.5029296875
    ],
    "8": [
        242846.203125,
        260256.203125,
        3822.25146484375
    ]
}