{
    "0": [
        202387.5,
        202387.5,
        291219.15625
    ],
    "1": [
        202387.5,
        202387.5,
        291219.15625
    ],
    "2": [
        263111.1875,
        123868.3203125,
        145609.578125
    ],
    "3": [
        283708.75,
        155664.96875,
        101926.703125
    ],
    "4": [
        275864.40625,
        136983.328125,
        61156.0234375
    ],
    "5": [
        294061.21875,
        139265.734375,
        30578.01171875
    ],
    "6": [
        294598,
        131969.375,
        15289.005859375
    ],
    "7": [
        289289.5,
        129343.265625,
        7644.5029296875
    ],
    "8": [
        287096.125,
        128864.1328125,
        3822.25146484375
    ]
}