{
    "0": [
        202387.5,
        202387.5,
        291219.15625
    ],
    "1": [
        202387.5,
        202387.5,
        291219.15625
    ],
    "2": [
        126492.265625,
        199165,
        145609.578125
    ],
    "3": [
        146865.265625,
        236818.296875,
        101926.703125
    ],
    "4": [
        123006.984375,
        204255.140625,
        61156.0234375
    ],
    "5": [
        134278.453125,
        182789.453125,
        30578.01171875
    ],
    "6": [
        141143.703125,
        190584.671875,
        15289.005859375
    ]
}