{
    "0": [
        202387.5,
        202387.5,
        291219.15625
    ],
    "1": [
        202387.5,
        202387.5,
        291219.15625
    ],
    "2": [
        141427.046875,
        291597.09375,
        145609.578125
    ],
    "3": [
        107026.046875,
        315701.25,
        101926.703125
    ],
    "4": [
        140953.296875,
        324802.59375,
        61156.0234375
    ],
    "5": [
        136171.515625,
        346102.0625,
        30578.01171875
    ],
    "6": [
        126760.234375,
        357494.8125,
        15289.005859375
    ],
    "7": [
        124687.65625,
        361198.3125,
        7644.5029296875
    ],
    "8": [
        124871.75,
        363773.375,
        3822.25146484375
    ]
}