{
    "0": [
        202387.5,
        202387.5,
        291219.15625
    ],
    "1": [
        202387.5,
        202387.5,
        291219.15625
    ],
    "2": [
        207841.984375,
        280842.5625,
        145609.578125
    ],
    "3": [
        187587.4375,
        289984.625,
        101926.703125
    ],
    "4": [
        205643.171875,
        304153.625,
        61156.0234375
    ],
    "5": [
        212121.515625,
        297291.125,
        30578.01171875
    ],
    "6": [
        200040.359375,
        302520.84375,
        15289.005859375
    ]
}