{
    "0": [
        202387.5,
        202387.5,
        291219.15625
    ],
    "1": [
        202387.5,
        202387.5,
        291219.15625
    ],
    "2": [
        235429.453125,
        192021.1875,
        145609.578125
    ],
    "3": [
        240070.4375,
        205240.734375,
        101926.703125
    ],
    "4": [
        257894.40625,
        196931.609375,
        61156.0234375
    ],
    "5": [
        265722.53125,
        201416.03125,
        30578.01171875
    ],
    "6": [
        262726.53125,
        202216.109375,
        15289.005859375
    ],
    "7": [
        258477.890625,
        200067.640625,
        7644.5029296875
    ],
    "8": [
        261918.625,
        199027.71875,
        3822.25146484375
    ]
}