{
    "0": [
        202387.5,
        202387.5,
        291219.15625
    ],
    "1": [
        202387.5,
        202387.5,
        291219.15625
    ],
    "2": [
        232013.359375,
        290775.28125,
        145609.578125
    ],
    "3": [
        259244.21875,
        318581.15625,
        101926.703125
    ],
    "4": [
        280776.25,
        295775.09375,
        61156.0234375
    ],
    "5": [
        270620.125,
        309166.5625,
        30578.01171875
    ],
    "6": [
        265304.53125,
        311344.21875,
        15289.005859375
    ],
    "7": [
        267936.625,
        308150.625,
        7644.5029296875
    ],
    "8": [
        268011.15625,
        308156.625,
        3822.25146484375
    ]
}