{
    "0": [
        202387.5,
        202387.5,
        291219.15625
    ],
    "1": [
        202387.5,
        202387.5,
        291219.15625
    ],
    "2": [
        147591.890625,
        288821.25,
        145609.578125
    ],
    "3": [
        155379.484375,
        293108.5625,
        101926.703125
    ],
    "4": [
        165869.125,
        275814.90625,
        61156.0234375
    ],
    "5": [
        140852.328125,
        275345.03125,
        30578.01171875
    ],
    "6": [
        143166.953125,
        279320.21875,
        15289.005859375
    ],
    "7": [
        142915.625,
        278307.0625,
        7644.5029296875
    ],
    "8": [
        144069.0625,
        277528.1875,
        3822.25146484375
    ]
}