{
    "0": [
        202387.5,
        202387.5,
        291219.15625
    ],
    "1": [
        202387.5,
        202387.5,
        291219.15625
    ],
    "2": [
        236298.75,
        233476.84375,
        145609.578125
    ],
    "3": [
        214823,
        243315.171875,
        101926.703125
    ],
    "4": [
        199856.703125,
        253472.65625,
        61156.0234375
    ],
    "5": [
        226283.453125,
        266465.09375,
        30578.01171875
    ],
    "6": [
        237415.84375,
        261108.65625,
        15289.005859375
    ],
    "7": [
        231916.734375,
        258331.546875,
        7644.5029296875
    ]
}