{
    "0": [
        202387.5,
        202387.5,
        291219.15625
    ],
    "1": [
        202387.5,
        202387.5,
        291219.15625
    ],
    "2": [
        187237.984375,
        173813.359375,
        145609.578125
    ],
    "3": [
        190640.203125,
        144846.71875,
        101926.703125
    ],
    "4": [
        205835.90625,
        181103.703125,
        61156.0234375
    ],
    "5": [
        191476.09375,
        196081.359375,
        30578.01171875
    ],
    "6": [
        192896.0625,
        199566.375,
        15289.005859375
    ],
    "7": [
        190755.71875,
        205657.4375,
        7644.5029296875
    ],
    "8": [
        188905.234375,
        204065.21875,
        3822.25146484375
    ]
}