{
    "0": [
        202387.5,
        202387.5,
        291219.15625
    ],
    "1": [
        202387.5,
        202387.5,
        291219.15625
    ],
    "2": [
        264192.53125,
        147629.03125,
        145609.578125
    ],
    "3": [
        241971.75,
        182708.71875,
        101926.703125
    ],
    "4": [
        251076.46875,
        193045.34375,
        61156.0234375
    ],
    "5": [
        230630.65625,
        206042.71875,
        30578.01171875
    ],
    "6": [
        236739.8125,
        196940.078125,
        15289.005859375
    ],
    "7": [
        240155.140625,
        190399.625,
        7644.5029296875
    ],
    "8": [
        240267.84375,
        191106.03125,
        3822.25146484375
    ]
}