{
    "0": [
        202387.5,
        202387.5,
        291219.15625
    ],
    "1": [
        202387.5,
        202387.5,
        291219.15625
    ],
    "2": [
        134361.375,
        295768.625,
        145609.578125
    ],
    "3": [
        128865.8828125,
        291368.78125,
        101926.703125
    ],
    "4": [
        146475.953125,
        317534.6875,
        61156.0234375
    ],
    "5": [
        135757.515625,
        301320.3125,
        30578.01171875
    ],
    "6": [
        134174.15625,
        289767.65625,
        15289.005859375
    ],
    "7": [
        136218.6875,
        287399.15625,
        7644.5029296875
    ],
    "8": [
        135368,
        287358.25,
        3822.25146484375
    ]
}