{
    "0": [
        202387.5,
        202387.5,
        291219.15625
    ],
    "1": [
        202387.5,
        202387.5,
        291219.15625
    ],
    "2": [
        226175,
        219621.421875,
        145609.578125
    ],
    "3": [
        227030.203125,
        183408.671875,
        101926.703125
    ],
    "4": [
        254804.875,
        203564.078125,
        61156.0234375
    ],
    "5": [
        265179.84375,
        179796.65625,
        30578.01171875
    ],
    "6": [
        262634.34375,
        186366.359375,
        15289.005859375
    ],
    "7": [
        263392.375,
        190533.90625,
        7644.5029296875
    ]
}