{
    "0": [
        202387.5,
        202387.5,
        291219.15625
    ],
    "1": [
        202387.5,
        202387.5,
        291219.15625
    ],
    "2": [
        88132.5,
        220197.53125,
        145609.578125
    ],
    "3": [
        103029.4609375,
        217680.890625,
        101926.703125
    ],
    "4": [
        69583.375,
        213159.796875,
        61156.0234375
    ],
    "5": [
        82134.65625,
        190363.71875,
        30578.01171875
    ],
    "6": [
        86749.96875,
        187710.296875,
        15289.005859375
    ],
    "7": [
        90970.0546875,
        183743.265625,
        7644.5029296875
    ],
    "8": [
        87942.4453125,
        183992.40625,
        3822.25146484375
    ]
}