{
    "0": [
        202387.5,
        202387.5,
        291219.15625
    ],
    "1": [
        202387.5,
        202387.5,
        291219.15625
    ],
    "2": [
        216445.25,
        234045,
        145609.578125
    ],
    "3": [
        186964.53125,
        216216.34375,
        101926.703125
    ],
    "4": [
        168456.578125,
        228942.671875,
        61156.0234375
    ],
    "5": [
        153616.578125,
        222106.03125,
        30578.01171875
    ],
    "6": [
        155190.90625,
        223168.6875,
        15289.005859375
    ],
    "7": [
        149127.828125,
        222386.453125,
        7644.5029296875
    ],
    "8": [
        150746.828125,
        225848.453125,
        3822.25146484375
    ]
}