{
    "0": [
        202387.5,
        202387.5,
        291219.15625
    ],
    "1": [
        202387.5,
        202387.5,
        291219.15625
    ],
    "2": [
        164261.015625,
        96438.2109375,
        145609.578125
    ],
    "3": [
        132251.53125,
        89828.046875,
        101926.703125
    ],
    "4": [
        149652.46875,
        116037.7421875,
        61156.0234375
    ],
    "5": [
        170600.6875,
        94206.546875,
        30578.01171875
    ],
    "6": [
        164671.9375,
        94309.1953125,
        15289.005859375
    ],
    "7": [
        166588.28125,
        87850.5859375,
        7644.5029296875
    ],
    "8": [
        164589.8125,
        88635.7265625,
        3822.25146484375
    ]
}