{
    "0": [
        202387.5,
        202387.5,
        291219.15625
    ],
    "1": [
        202387.5,
        202387.5,
        291219.15625
    ],
    "2": [
        300290.375,
        153186.015625,
        145609.578125
    ],
    "3": [
        258934.234375,
        149501.5,
        101926.703125
    ],
    "4": [
        251274.6875,
        140524.25,
        61156.0234375
    ],
    "5": [
        255438.453125,
        129056.3671875,
        30578.01171875
    ],
    "6": [
        260335.65625,
        123337.859375,
        15289.005859375
    ],
    "7": [
        263812,
        120992.4765625,
        7644.5029296875
    ],
    "8": [
        263971.59375,
        118444.84375,
        3822.25146484375
    ]
}