{
    "0": [
        202387.5,
        202387.5,
        291219.15625
    ],
    "1": [
        202387.5,
        202387.5,
        291219.15625
    ],
    "2": [
        228218.515625,
        120383.578125,
        145609.578125
    ],
    "3": [
        189071.890625,
        102763.28125,
        101926.703125
    ],
    "4": [
        218548.21875,
        96590.703125,
        61156.0234375
    ],
    "5": [
        209126.296875,
        110902.78125,
        30578.01171875
    ],
    "6": [
        214231.40625,
        105262.546875,
        15289.005859375
    ]
}