{
    "0": [
        202387.5,
        202387.5,
        291219.15625
    ],
    "1": [
        202387.5,
        202387.5,
        291219.15625
    ],
    "2": [
        262303.34375,
        231691.21875,
        145609.578125
    ],
    "3": [
        233504.109375,
        224439.734375,
        101926.703125
    ],
    "4": [
        216693.703125,
        191724.40625,
        61156.0234375
    ],
    "5": [
        213735.6875,
        193729.96875,
        30578.01171875
    ],
    "6": [
        203666.984375,
        200489.703125,
        15289.005859375
    ],
    "7": [
        202684.875,
        196828.84375,
        7644.5029296875
    ],
    "8": [
        202219.515625,
        193990.421875,
        3822.25146484375
    ]
}