{
    "0": [
        202387.5,
        202387.5,
        291219.15625
    ],
    "1": [
        202387.5,
        202387.5,
        291219.15625
    ],
    "2": [
        256006.46875,
        132933.25,
        145609.578125
    ],
    "3": [
        251385.265625,
        150336.421875,
        101926.703125
    ],
    "4": [
        255994.90625,
        178391.078125,
        61156.0234375
    ],
    "5": [
        264981.21875,
        168366.21875,
        30578.01171875
    ],
    "6": [
        260891.234375,
        159165.640625,
        15289.005859375
    ],
    "7": [
        257768.84375,
        158332.703125,
        7644.5029296875
    ]
}