{
    "0": [
        202387.5,
        202387.5,
        291219.15625
    ],
    "1": [
        202387.5,
        202387.5,
        291219.15625
    ],
    "2": [
        149915.859375,
        139071.265625,
        145609.578125
    ],
    "3": [
        164086.046875,
        114991.484375,
        101926.703125
    ],
    "4": [
        177770.53125,
        124474.09375,
        61156.0234375
    ],
    "5": [
        164106.109375,
        117537.6953125,
        30578.01171875
    ],
    "6": [
        154898.234375,
        124649.0703125,
        15289.005859375
    ],
    "7": [
        153929.953125,
        129205.1875,
        7644.5029296875
    ]
}