{
    "0": [
        202387.5,
        202387.5,
        291219.15625
    ],
    "1": [
        202387.5,
        202387.5,
        291219.15625
    ],
    "2": [
        136274.8125,
        236703.703125,
        145609.578125
    ],
    "3": [
        176165.15625,
        226314.96875,
        101926.703125
    ],
    "4": [
        182531.8125,
        206000.625,
        61156.0234375
    ],
    "5": [
        193409.53125,
        200330.1875,
        30578.01171875
    ],
    "6": [
        200156.828125,
        212261.90625,
        15289.005859375
    ],
    "7": [
        203641.28125,
        209545.09375,
        7644.5029296875
    ]
}