{
    "0": [
        202387.5,
        202387.5,
        291219.15625
    ],
    "1": [
        202387.5,
        202387.5,
        291219.15625
    ],
    "2": [
        156019.34375,
        229844.640625,
        145609.578125
    ],
    "3": [
        147956.515625,
        233941.078125,
        101926.703125
    ],
    "4": [
        164478.9375,
        250274.078125,
        61156.0234375
    ],
    "5": [
        137088.8125,
        260037.84375,
        30578.01171875
    ],
    "6": [
        141300.4375,
        264275.46875,
        15289.005859375
    ],
    "7": [
        141975.5625,
        271534.65625,
        7644.5029296875
    ]
}