{
    "0": [
        202387.5,
        202387.5,
        291219.15625
    ],
    "1": [
        202387.5,
        202387.5,
        291219.15625
    ],
    "2": [
        143855.75,
        267219.8125,
        145609.578125
    ],
    "3": [
        154894.1875,
        270560.28125,
        101926.703125
    ],
    "4": [
        136322.40625,
        254590.34375,
        61156.0234375
    ],
    "5": [
        134333.3125,
        246877.75,
        30578.01171875
    ],
    "6": [
        138588.578125,
        235475.921875,
        15289.005859375
    ],
    "7": [
        143292.34375,
        231275.625,
        7644.5029296875
    ]
}