{
    "0": [
        202387.5,
        202387.5,
        291219.15625
    ],
    "1": [
        202387.5,
        202387.5,
        291219.15625
    ],
    "2": [
        130520.171875,
        211348,
        145609.578125
    ],
    "3": [
        168055.140625,
        225863.390625,
        101926.703125
    ],
    "4": [
        144463.015625,
        195861.359375,
        61156.0234375
    ],
    "5": [
        169348.53125,
        189186,
        30578.01171875
    ],
    "6": [
        169418.84375,
        187466.734375,
        15289.005859375
    ],
    "7": [
        173905.9375,
        183110.09375,
        7644.5029296875
    ],
    "8": [
        171790.046875,
        182420.15625,
        3822.25146484375
    ],
    "9": [
        170802.625,
        182909.25,
        1911.125732421875
    ]
}