{
    "0": [
        202387.5,
        202387.5,
        291219.15625
    ],
    "1": [
        202387.5,
        202387.5,
        291219.15625
    ],
    "2": [
        206231.21875,
        133976.75,
        145609.578125
    ],
    "3": [
        174353.96875,
        111607.8984375,
        101926.703125
    ],
    "4": [
        195374.90625,
        108712.4296875,
        61156.0234375
    ],
    "5": [
        184085.484375,
        121775.4765625,
        30578.01171875
    ],
    "6": [
        188692.46875,
        131979.96875,
        15289.005859375
    ],
    "7": [
        185838.515625,
        132854.28125,
        7644.5029296875
    ]
}