{
    "0": [
        202387.5,
        202387.5,
        291219.15625
    ],
    "1": [
        202387.5,
        202387.5,
        291219.15625
    ],
    "2": [
        256620.5,
        252324.4375,
        145609.578125
    ],
    "3": [
        292967.71875,
        258304.171875,
        101926.703125
    ],
    "4": [
        279032.4375,
        238294.40625,
        61156.0234375
    ],
    "5": [
        306507.4375,
        238499.828125,
        30578.01171875
    ],
    "6": [
        320939.28125,
        243272.875,
        15289.005859375
    ],
    "7": [
        324760.5,
        240623.359375,
        7644.5029296875
    ],
    "8": [
        321859.875,
        240098.65625,
        3822.25146484375
    ]
}