{
    "0": [
        202387.5,
        202387.5,
        291219.15625
    ],
    "1": [
        202387.5,
        202387.5,
        291219.15625
    ],
    "2": [
        116734.5859375,
        179424.359375,
        145609.578125
    ],
    "3": [
        139806.265625,
        174353.921875,
        101926.703125
    ],
    "4": [
        117681.0078125,
        193748.1875,
        61156.0234375
    ],
    "5": [
        115834.109375,
        176115.46875,
        30578.01171875
    ],
    "6": [
        120116.28125,
        168486.328125,
        15289.005859375
    ],
    "7": [
        121145.671875,
        167939.375,
        7644.5029296875
    ]
}