{
    "0": [
        202387.5,
        202387.5,
        291219.15625
    ],
    "1": [
        202387.5,
        202387.5,
        291219.15625
    ],
    "2": [
        232195.6875,
        107800.4921875,
        145609.578125
    ],
    "3": [
        244075.9375,
        89438.546875,
        101926.703125
    ],
    "4": [
        247839.15625,
        86475.5,
        61156.0234375
    ],
    "5": [
        253059.703125,
        92968.0078125,
        30578.01171875
    ],
    "6": [
        240941.0625,
        84701.15625,
        15289.005859375
    ],
    "7": [
        237872.140625,
        81845.234375,
        7644.5029296875
    ]
}