{
    "0": [
        202387.5,
        202387.5,
        291219.15625
    ],
    "1": [
        202387.5,
        202387.5,
        291219.15625
    ],
    "2": [
        252143.171875,
        100575.3125,
        145609.578125
    ],
    "3": [
        273957.84375,
        130915.8203125,
        101926.703125
    ],
    "4": [
        272110.75,
        146191.03125,
        61156.0234375
    ],
    "5": [
        281865,
        136416.40625,
        30578.01171875
    ],
    "6": [
        277482.3125,
        150739.359375,
        15289.005859375
    ],
    "7": [
        284018.84375,
        152481.390625,
        7644.5029296875
    ],
    "8": [
        283716.40625,
        151050.3125,
        3822.25146484375
    ]
}