{
    "0": [
        202387.5,
        202387.5,
        291219.15625
    ],
    "1": [
        202387.5,
        202387.5,
        291219.15625
    ],
    "2": [
        206932,
        270524.5625,
        145609.578125
    ],
    "3": [
        226709.28125,
        264747.25,
        101926.703125
    ],
    "4": [
        260787.0625,
        253537.03125,
        61156.0234375
    ],
    "5": [
        245006.265625,
        238220,
        30578.01171875
    ],
    "6": [
        230933.703125,
        244103.46875,
        15289.005859375
    ],
    "7": [
        237362.640625,
        240796.984375,
        7644.5029296875
    ],
    "8": [
        237350.234375,
        240823.0625,
        3822.25146484375
    ]
}