{
    "0": [
        202387.5,
        202387.5,
        291219.15625
    ],
    "1": [
        202387.5,
        202387.5,
        291219.15625
    ],
    "2": [
        149601.6875,
        223652.6875,
        145609.578125
    ],
    "3": [
        172766.9375,
        219968.375,
        101926.703125
    ],
    "4": [
        207805.40625,
        218207.359375,
        61156.0234375
    ],
    "5": [
        181544.5,
        206471.859375,
        30578.01171875
    ],
    "6": [
        194390.78125,
        213239.953125,
        15289.005859375
    ],
    "7": [
        192219.546875,
        209824.328125,
        7644.5029296875
    ]
}