{
    "0": [
        202387.5,
        202387.5,
        291219.15625
    ],
    "1": [
        202387.5,
        202387.5,
        291219.15625
    ],
    "2": [
        213303.734375,
        300882.3125,
        145609.578125
    ],
    "3": [
        181144.171875,
        310505.78125,
        101926.703125
    ],
    "4": [
        194027.203125,
        344637.8125,
        61156.0234375
    ],
    "5": [
        170318.84375,
        353409.53125,
        30578.01171875
    ],
    "6": [
        169493.578125,
        358562.40625,
        15289.005859375
    ],
    "7": [
        172368.8125,
        351695.625,
        7644.5029296875
    ]
}