{
    "0": [
        202387.5,
        202387.5,
        291219.15625
    ],
    "1": [
        202387.5,
        202387.5,
        291219.15625
    ],
    "2": [
        252483.984375,
        235198.421875,
        145609.578125
    ],
    "3": [
        287700.1875,
        256007.5,
        101926.703125
    ],
    "4": [
        257352.65625,
        253842.46875,
        61156.0234375
    ],
    "5": [
        250090.953125,
        246428.515625,
        30578.01171875
    ],
    "6": [
        254729.796875,
        255741.9375,
        15289.005859375
    ],
    "7": [
        252578.359375,
        249570.875,
        7644.5029296875
    ]
}