{
    "0": [
        202387.5,
        202387.5,
        291219.15625
    ],
    "1": [
        202387.5,
        202387.5,
        291219.15625
    ],
    "2": [
        279176.71875,
        180509.328125,
        145609.578125
    ],
    "3": [
        240708.09375,
        190866.546875,
        101926.703125
    ],
    "4": [
        242866.890625,
        226704.625,
        61156.0234375
    ],
    "5": [
        235903.40625,
        213446.546875,
        30578.01171875
    ],
    "6": [
        223417.734375,
        218302.828125,
        15289.005859375
    ],
    "7": [
        222476.25,
        218496.203125,
        7644.5029296875
    ],
    "8": [
        221396.546875,
        217843.375,
        3822.25146484375
    ]
}