{
    "0": [
        202387.5,
        202387.5,
        291219.15625
    ],
    "1": [
        202387.5,
        202387.5,
        291219.15625
    ],
    "2": [
        265981.78125,
        198037.3125,
        145609.578125
    ],
    "3": [
        297705.46875,
        205832.96875,
        101926.703125
    ],
    "4": [
        332896.84375,
        188179.296875,
        61156.0234375
    ],
    "5": [
        330009.40625,
        168093.09375,
        30578.01171875
    ],
    "6": [
        325306.15625,
        157893.703125,
        15289.005859375
    ],
    "7": [
        325332.71875,
        164000.359375,
        7644.5029296875
    ]
}