{
    "0": [
        202387.5,
        202387.5,
        291219.15625
    ],
    "1": [
        202387.5,
        202387.5,
        291219.15625
    ],
    "2": [
        222667.578125,
        184403.921875,
        145609.578125
    ],
    "3": [
        208766.15625,
        175131.59375,
        101926.703125
    ],
    "4": [
        248784.609375,
        174791.609375,
        61156.0234375
    ],
    "5": [
        225690.671875,
        158185.453125,
        30578.01171875
    ],
    "6": [
        223016.671875,
        157721.984375,
        15289.005859375
    ],
    "7": [
        216572.71875,
        157379.09375,
        7644.5029296875
    ]
}