{
    "0": [
        202387.5,
        202387.5,
        291219.15625
    ],
    "1": [
        202387.5,
        202387.5,
        291219.15625
    ],
    "2": [
        241593.625,
        290490,
        145609.578125
    ],
    "3": [
        240768.890625,
        277715.09375,
        101926.703125
    ],
    "4": [
        266152.6875,
        248943.96875,
        61156.0234375
    ],
    "5": [
        271286.59375,
        229236.75,
        30578.01171875
    ],
    "6": [
        261744.640625,
        227014.28125,
        15289.005859375
    ],
    "7": [
        264038.375,
        228820.71875,
        7644.5029296875
    ],
    "8": [
        263032.5,
        232495.546875,
        3822.25146484375
    ]
}