{
    "0": [
        202387.5,
        202387.5,
        291219.15625
    ],
    "1": [
        202387.5,
        202387.5,
        291219.15625
    ],
    "2": [
        314948,
        211541.921875,
        145609.578125
    ],
    "3": [
        347849.65625,
        226565.859375,
        101926.703125
    ],
    "4": [
        321239.3125,
        228700,
        61156.0234375
    ],
    "5": [
        323306.71875,
        256733.03125,
        30578.01171875
    ],
    "6": [
        316803.90625,
        251454.5,
        15289.005859375
    ],
    "7": [
        314791.125,
        248611.8125,
        7644.5029296875
    ]
}