{
    "0": [
        202387.5,
        202387.5,
        291219.15625
    ],
    "1": [
        202387.5,
        202387.5,
        291219.15625
    ],
    "2": [
        252505.65625,
        110455.4921875,
        145609.578125
    ],
    "3": [
        242979.21875,
        122221.703125,
        101926.703125
    ],
    "4": [
        226028.09375,
        149772.625,
        61156.0234375
    ],
    "5": [
        203852.0625,
        168540.25,
        30578.01171875
    ],
    "6": [
        216057.5,
        170735.109375,
        15289.005859375
    ],
    "7": [
        221019.546875,
        174868.984375,
        7644.5029296875
    ],
    "8": [
        222576.5,
        175249.09375,
        3822.25146484375
    ]
}