{
    "0": [
        202387.5,
        202387.5,
        291219.15625
    ],
    "1": [
        202387.5,
        202387.5,
        291219.15625
    ],
    "2": [
        263057.3125,
        155805,
        145609.578125
    ],
    "3": [
        249304.828125,
        143352.03125,
        101926.703125
    ],
    "4": [
        226500.53125,
        170435.953125,
        61156.0234375
    ],
    "5": [
        236099.5,
        163020.125,
        30578.01171875
    ],
    "6": [
        244087.546875,
        167596.4375,
        15289.005859375
    ],
    "7": [
        238152.4375,
        171656.9375,
        7644.5029296875
    ],
    "8": [
        238741.109375,
        174304.015625,
        3822.25146484375
    ]
}