{
    "0": [
        202387.5,
        202387.5,
        291219.15625
    ],
    "1": [
        202387.5,
        202387.5,
        291219.15625
    ],
    "2": [
        186337.265625,
        88213.1171875,
        145609.578125
    ],
    "3": [
        221824.484375,
        111653.2890625,
        101926.703125
    ],
    "4": [
        221267.96875,
        91992.0546875,
        61156.0234375
    ],
    "5": [
        207398.046875,
        87183.953125,
        30578.01171875
    ],
    "6": [
        193459.84375,
        87573.375,
        15289.005859375
    ],
    "7": [
        191573.09375,
        84542.9140625,
        7644.5029296875
    ]
}