{
    "0": [
        202387.5,
        202387.5,
        291219.15625
    ],
    "1": [
        202387.5,
        202387.5,
        291219.15625
    ],
    "2": [
        246396.890625,
        252925.671875,
        145609.578125
    ],
    "3": [
        212305.5,
        227533.6875,
        101926.703125
    ],
    "4": [
        235320.1875,
        231868.71875,
        61156.0234375
    ],
    "5": [
        222175.53125,
        206153.15625,
        30578.01171875
    ],
    "6": [
        213333.9375,
        198769.90625,
        15289.005859375
    ],
    "7": [
        216061.671875,
        202195.796875,
        7644.5029296875
    ]
}