{
    "0": [
        202387.5,
        202387.5,
        291219.15625
    ],
    "1": [
        202387.5,
        202387.5,
        291219.15625
    ],
    "2": [
        310971,
        204892.453125,
        145609.578125
    ],
    "3": [
        324697.15625,
        221423.09375,
        101926.703125
    ],
    "4": [
        315859.375,
        239078.21875,
        61156.0234375
    ],
    "5": [
        344379.15625,
        242227.0625,
        30578.01171875
    ],
    "6": [
        344226.375,
        257200.96875,
        15289.005859375
    ],
    "7": [
        342000.5625,
        255737.5625,
        7644.5029296875
    ]
}