{
    "0": [
        202387.5,
        202387.5,
        291219.15625
    ],
    "1": [
        202387.5,
        202387.5,
        291219.15625
    ],
    "2": [
        317145.1875,
        192354.0625,
        145609.578125
    ],
    "3": [
        294095.875,
        160745.984375,
        101926.703125
    ],
    "4": [
        265712.65625,
        137666.359375,
        61156.0234375
    ],
    "5": [
        285194.15625,
        122333.7734375,
        30578.01171875
    ],
    "6": [
        291272.4375,
        127359.9375,
        15289.005859375
    ],
    "7": [
        293629.5625,
        128524.3125,
        7644.5029296875
    ],
    "8": [
        294008.65625,
        125585.0703125,
        3822.25146484375
    ]
}