{
    "0": [
        202387.5,
        202387.5,
        291219.15625
    ],
    "1": [
        202387.5,
        202387.5,
        291219.15625
    ],
    "2": [
        252178.46875,
        304837.3125,
        145609.578125
    ],
    "3": [
        242759.328125,
        277382.59375,
        101926.703125
    ],
    "4": [
        252715,
        263245.75,
        61156.0234375
    ],
    "5": [
        267295.5,
        289816.71875,
        30578.01171875
    ],
    "6": [
        272483.59375,
        280320.84375,
        15289.005859375
    ],
    "7": [
        269667.53125,
        278239.3125,
        7644.5029296875
    ]
}