{
    "0": [
        202387.5,
        202387.5,
        291219.15625
    ],
    "1": [
        202387.5,
        202387.5,
        291219.15625
    ],
    "2": [
        275232.125,
        155629.75,
        145609.578125
    ],
    "3": [
        276553.78125,
        132155.859375,
        101926.703125
    ],
    "4": [
        292602.875,
        154048.96875,
        61156.0234375
    ],
    "5": [
        301684.46875,
        182739.84375,
        30578.01171875
    ],
    "6": [
        312043.15625,
        172467.484375,
        15289.005859375
    ],
    "7": [
        314323.15625,
        177836.90625,
        7644.5029296875
    ]
}