{
    "0": [
        202387.5,
        202387.5,
        291219.15625
    ],
    "1": [
        202387.5,
        202387.5,
        291219.15625
    ],
    "2": [
        274029.625,
        229758.078125,
        145609.578125
    ],
    "3": [
        258121.59375,
        198821.21875,
        101926.703125
    ],
    "4": [
        256264.75,
        181924.5625,
        61156.0234375
    ],
    "5": [
        257047.375,
        182442.28125,
        30578.01171875
    ],
    "6": [
        252505.25,
        171582.34375,
        15289.005859375
    ],
    "7": [
        255458.265625,
        168449.34375,
        7644.5029296875
    ],
    "8": [
        255375.796875,
        169231.28125,
        3822.25146484375
    ]
}