{
    "0": [
        202387.5,
        202387.5,
        291219.15625
    ],
    "1": [
        202387.5,
        202387.5,
        291219.15625
    ],
    "2": [
        184210.328125,
        104131.828125,
        145609.578125
    ],
    "3": [
        187361.6875,
        80368.234375,
        101926.703125
    ],
    "4": [
        158243.65625,
        99500.65625,
        61156.0234375
    ],
    "5": [
        158086.75,
        99419.359375,
        30578.01171875
    ],
    "6": [
        160358.28125,
        110443.4765625,
        15289.005859375
    ],
    "7": [
        163184.21875,
        107843.234375,
        7644.5029296875
    ]
}