{
    "0": [
        202387.5,
        202387.5,
        291219.15625
    ],
    "1": [
        202387.5,
        202387.5,
        291219.15625
    ],
    "2": [
        157823.90625,
        271592.1875,
        145609.578125
    ],
    "3": [
        170866.5,
        271368.25,
        101926.703125
    ],
    "4": [
        167663.234375,
        293240.0625,
        61156.0234375
    ],
    "5": [
        161096.296875,
        313769.46875,
        30578.01171875
    ],
    "6": [
        172318.859375,
        309005.4375,
        15289.005859375
    ],
    "7": [
        171521.65625,
        303503.1875,
        7644.5029296875
    ]
}