{
    "0": [
        202387.5,
        202387.5,
        291219.15625
    ],
    "1": [
        202387.5,
        202387.5,
        291219.15625
    ],
    "2": [
        298413.6875,
        212133.875,
        145609.578125
    ],
    "3": [
        301987.53125,
        192256.03125,
        101926.703125
    ],
    "4": [
        271728.125,
        173032.671875,
        61156.0234375
    ],
    "5": [
        288610.75,
        167799.171875,
        30578.01171875
    ],
    "6": [
        293676.90625,
        155259.578125,
        15289.005859375
    ],
    "7": [
        293542.125,
        161590.9375,
        7644.5029296875
    ]
}