{
    "0": [
        202387.5,
        202387.5,
        291219.15625
    ],
    "1": [
        202387.5,
        202387.5,
        291219.15625
    ],
    "2": [
        315604.65625,
        205215.421875,
        145609.578125
    ],
    "3": [
        300583.09375,
        216792,
        101926.703125
    ],
    "4": [
        316478.03125,
        192868.40625,
        61156.0234375
    ],
    "5": [
        317095.09375,
        171331.65625,
        30578.01171875
    ],
    "6": [
        313850.03125,
        181769.234375,
        15289.005859375
    ],
    "7": [
        308174.15625,
        179324.890625,
        7644.5029296875
    ]
}