{
    "0": [
        202387.5,
        202387.5,
        291219.15625
    ],
    "1": [
        202387.5,
        202387.5,
        291219.15625
    ],
    "2": [
        239632.890625,
        144792.5,
        145609.578125
    ],
    "3": [
        212181.640625,
        136932.375,
        101926.703125
    ],
    "4": [
        230957.5625,
        112449.5078125,
        61156.0234375
    ],
    "5": [
        216134.109375,
        123418.7265625,
        30578.01171875
    ],
    "6": [
        225130.6875,
        112533.265625,
        15289.005859375
    ],
    "7": [
        226530.390625,
        114412.609375,
        7644.5029296875
    ]
}