{
    "0": [
        202387.5,
        202387.5,
        291219.15625
    ],
    "1": [
        202387.5,
        202387.5,
        291219.15625
    ],
    "2": [
        164723.078125,
        300652.34375,
        145609.578125
    ],
    "3": [
        156603.15625,
        333457.15625,
        101926.703125
    ],
    "4": [
        178300.421875,
        303139.34375,
        61156.0234375
    ],
    "5": [
        166336.484375,
        289000.9375,
        30578.01171875
    ],
    "6": [
        176051,
        294070.4375,
        15289.005859375
    ]
}