{
    "0": [
        202387.5,
        202387.5,
        291219.15625
    ],
    "1": [
        202387.5,
        202387.5,
        291219.15625
    ],
    "2": [
        191512.046875,
        285322.625,
        145609.578125
    ],
    "3": [
        231443.03125,
        274046.9375,
        101926.703125
    ],
    "4": [
        202452.671875,
        290484.8125,
        61156.0234375
    ],
    "5": [
        225563.140625,
        309398.6875,
        30578.01171875
    ],
    "6": [
        215451.8125,
        317707.59375,
        15289.005859375
    ],
    "7": [
        218032.421875,
        314677.625,
        7644.5029296875
    ],
    "8": [
        217996.515625,
        314906.90625,
        3822.25146484375
    ]
}