{
    "0": [
        202387.5,
        202387.5,
        291219.15625
    ],
    "1": [
        202387.5,
        202387.5,
        291219.15625
    ],
    "2": [
        274846.84375,
        197206.921875,
        145609.578125
    ],
    "3": [
        304539.875,
        172322.09375,
        101926.703125
    ],
    "4": [
        315527.03125,
        148982.78125,
        61156.0234375
    ],
    "5": [
        335233.78125,
        163046.265625,
        30578.01171875
    ],
    "6": [
        334103.8125,
        169684.578125,
        15289.005859375
    ]
}