{
    "0": [
        202387.5,
        202387.5,
        291219.15625
    ],
    "1": [
        202387.5,
        202387.5,
        291219.15625
    ],
    "2": [
        110068.0625,
        190529.703125,
        145609.578125
    ],
    "3": [
        104008.125,
        159716.125,
        101926.703125
    ],
    "4": [
        95711.3671875,
        123766.21875,
        61156.0234375
    ],
    "5": [
        71297.3828125,
        116783.5,
        30578.01171875
    ],
    "6": [
        75643.2109375,
        130744.6953125,
        15289.005859375
    ],
    "7": [
        68792.4921875,
        129795.2578125,
        7644.5029296875
    ]
}