{
    "0": [
        202387.5,
        202387.5,
        291219.15625
    ],
    "1": [
        202387.5,
        202387.5,
        291219.15625
    ],
    "2": [
        183159.890625,
        273040.15625,
        145609.578125
    ],
    "3": [
        216595.53125,
        245245.765625,
        101926.703125
    ],
    "4": [
        239430.609375,
        278032.875,
        61156.0234375
    ],
    "5": [
        221264.71875,
        277602.6875,
        30578.01171875
    ],
    "6": [
        225312.359375,
        263966.84375,
        15289.005859375
    ],
    "7": [
        225710.53125,
        259372.453125,
        7644.5029296875
    ],
    "8": [
        226907.28125,
        261376.53125,
        3822.25146484375
    ]
}