{
    "0": [
        202387.5,
        202387.5,
        291219.15625
    ],
    "1": [
        202387.5,
        202387.5,
        291219.15625
    ],
    "2": [
        259028.328125,
        252999.421875,
        145609.578125
    ],
    "3": [
        232423.171875,
        222949.234375,
        101926.703125
    ],
    "4": [
        219141.09375,
        255857.734375,
        61156.0234375
    ],
    "5": [
        221615.265625,
        253834.125,
        30578.01171875
    ],
    "6": [
        232066.3125,
        252853,
        15289.005859375
    ],
    "7": [
        236162.0625,
        249669.921875,
        7644.5029296875
    ]
}