{
    "0": [
        202387.5,
        202387.5,
        291219.15625
    ],
    "1": [
        202387.5,
        202387.5,
        291219.15625
    ],
    "2": [
        158516.46875,
        272159.59375,
        145609.578125
    ],
    "3": [
        133613.3125,
        265889.75,
        101926.703125
    ],
    "4": [
        100828,
        271356.96875,
        61156.0234375
    ],
    "5": [
        112381.6875,
        269368.125,
        30578.01171875
    ],
    "6": [
        115493.4609375,
        274411.40625,
        15289.005859375
    ],
    "7": [
        113886.6640625,
        270763.65625,
        7644.5029296875
    ]
}