{
    "0": [
        202387.5,
        202387.5,
        291219.15625
    ],
    "1": [
        202387.5,
        202387.5,
        291219.15625
    ],
    "2": [
        132198.3125,
        204914.59375,
        145609.578125
    ],
    "3": [
        117492.1484375,
        214526.1875,
        101926.703125
    ],
    "4": [
        81518.9375,
        200384.671875,
        61156.0234375
    ],
    "5": [
        74011.734375,
        210430.71875,
        30578.01171875
    ],
    "6": [
        75379.6875,
        196101.03125,
        15289.005859375
    ],
    "7": [
        78375.109375,
        196984.703125,
        7644.5029296875
    ]
}