{
    "0": [
        202387.5,
        202387.5,
        291219.15625
    ],
    "1": [
        202387.5,
        202387.5,
        291219.15625
    ],
    "2": [
        318021.625,
        204388.703125,
        145609.578125
    ],
    "3": [
        332628.71875,
        209679.03125,
        101926.703125
    ],
    "4": [
        343327.65625,
        242725.53125,
        61156.0234375
    ],
    "5": [
        319160.75,
        242662.453125,
        30578.01171875
    ],
    "6": [
        309941.125,
        230974.4375,
        15289.005859375
    ],
    "7": [
        315233.875,
        232451,
        7644.5029296875
    ]
}