{
    "0": [
        202387.5,
        202387.5,
        291219.15625
    ],
    "1": [
        202387.5,
        202387.5,
        291219.15625
    ],
    "2": [
        248633.640625,
        122680.9296875,
        145609.578125
    ],
    "3": [
        251826.5625,
        159453.0625,
        101926.703125
    ],
    "4": [
        245424.3125,
        125137.5703125,
        61156.0234375
    ],
    "5": [
        238151.390625,
        117541.359375,
        30578.01171875
    ],
    "6": [
        247155.4375,
        109389.78125,
        15289.005859375
    ],
    "7": [
        251087.796875,
        104686.1796875,
        7644.5029296875
    ]
}