{
    "0": [
        202387.5,
        202387.5,
        291219.15625
    ],
    "1": [
        202387.5,
        202387.5,
        291219.15625
    ],
    "2": [
        269946.09375,
        187487.984375,
        145609.578125
    ],
    "3": [
        294817.25,
        155235.1875,
        101926.703125
    ],
    "4": [
        264687.90625,
        182247.1875,
        61156.0234375
    ],
    "5": [
        285177.15625,
        189236.8125,
        30578.01171875
    ],
    "6": [
        282125.28125,
        200630.578125,
        15289.005859375
    ],
    "7": [
        281613.59375,
        197995.421875,
        7644.5029296875
    ],
    "8": [
        281374.6875,
        201100.546875,
        3822.25146484375
    ]
}