{
    "0": [
        202387.5,
        202387.5,
        291219.15625
    ],
    "1": [
        202387.5,
        202387.5,
        291219.15625
    ],
    "2": [
        278268.625,
        255699.078125,
        145609.578125
    ],
    "3": [
        282433.40625,
        265196.3125,
        101926.703125
    ],
    "4": [
        279128.34375,
        255529.1875,
        61156.0234375
    ],
    "5": [
        276519.84375,
        256067.640625,
        30578.01171875
    ],
    "6": [
        271382.46875,
        246642.1875,
        15289.005859375
    ]
}