{
    "0": [
        202387.5,
        202387.5,
        291219.15625
    ],
    "1": [
        202387.5,
        202387.5,
        291219.15625
    ],
    "2": [
        247354.6875,
        245618.75,
        145609.578125
    ],
    "3": [
        228583.28125,
        264692.4375,
        101926.703125
    ],
    "4": [
        222277.8125,
        292843.375,
        61156.0234375
    ],
    "5": [
        230314.703125,
        288296,
        30578.01171875
    ],
    "6": [
        226026.796875,
        286345.90625,
        15289.005859375
    ]
}