{
    "0": [
        202387.5,
        202387.5,
        291219.15625
    ],
    "1": [
        202387.5,
        202387.5,
        291219.15625
    ],
    "2": [
        271881.84375,
        204054.015625,
        145609.578125
    ],
    "3": [
        300317.875,
        206797.71875,
        101926.703125
    ],
    "4": [
        328743.21875,
        230118.4375,
        61156.0234375
    ],
    "5": [
        306797.84375,
        248991.125,
        30578.01171875
    ],
    "6": [
        316894.4375,
        248034.09375,
        15289.005859375
    ]
}