{
    "0": [
        202387.5,
        202387.5,
        291219.15625
    ],
    "1": [
        202387.5,
        202387.5,
        291219.15625
    ],
    "2": [
        266740.28125,
        135659,
        145609.578125
    ],
    "3": [
        234785.34375,
        145206.125,
        101926.703125
    ],
    "4": [
        272758.78125,
        132432.3125,
        61156.0234375
    ],
    "5": [
        287959.71875,
        148094.0625,
        30578.01171875
    ],
    "6": [
        285721.0625,
        142118.546875,
        15289.005859375
    ],
    "7": [
        282475.65625,
        141595.78125,
        7644.5029296875
    ]
}