{
    "0": [
        202387.5,
        202387.5,
        291219.15625
    ],
    "1": [
        202387.5,
        202387.5,
        291219.15625
    ],
    "2": [
        207793.515625,
        243217.09375,
        145609.578125
    ],
    "3": [
        245471.203125,
        262994.4375,
        101926.703125
    ],
    "4": [
        270887.15625,
        236221.390625,
        61156.0234375
    ],
    "5": [
        283319.78125,
        254890.078125,
        30578.01171875
    ],
    "6": [
        276110.03125,
        268282.9375,
        15289.005859375
    ],
    "7": [
        277314.875,
        275756.375,
        7644.5029296875
    ],
    "8": [
        277017.15625,
        273462.0625,
        3822.25146484375
    ]
}