{
    "0": [
        202387.5,
        202387.5,
        291219.15625
    ],
    "1": [
        202387.5,
        202387.5,
        291219.15625
    ],
    "2": [
        234826.140625,
        149495.828125,
        145609.578125
    ],
    "3": [
        259033.765625,
        130562.5625,
        101926.703125
    ],
    "4": [
        235321.28125,
        133372.875,
        61156.0234375
    ],
    "5": [
        232653.609375,
        117108.5859375,
        30578.01171875
    ],
    "6": [
        236823.6875,
        106351.3359375,
        15289.005859375
    ],
    "7": [
        242210.09375,
        102682.7421875,
        7644.5029296875
    ]
}