{
    "0": [
        202387.5,
        202387.5,
        291219.15625
    ],
    "1": [
        202387.5,
        202387.5,
        291219.15625
    ],
    "2": [
        225843.328125,
        102921.609375,
        145609.578125
    ],
    "3": [
        260983.640625,
        127150.5390625,
        101926.703125
    ],
    "4": [
        225389.078125,
        129608.703125,
        61156.0234375
    ],
    "5": [
        233514.53125,
        104898.5703125,
        30578.01171875
    ],
    "6": [
        231447.21875,
        112454.2109375,
        15289.005859375
    ],
    "7": [
        229035.28125,
        116061.015625,
        7644.5029296875
    ],
    "8": [
        226790.34375,
        114726.6953125,
        3822.25146484375
    ]
}