{
    "0": [
        202387.5,
        202387.5,
        291219.15625
    ],
    "1": [
        202387.5,
        202387.5,
        291219.15625
    ],
    "2": [
        217427.796875,
        109551.8125,
        145609.578125
    ],
    "3": [
        229780.390625,
        72236.234375,
        101926.703125
    ],
    "4": [
        232622.21875,
        76332.1484375,
        61156.0234375
    ],
    "5": [
        231292.671875,
        79542.78125,
        30578.01171875
    ],
    "6": [
        227379.765625,
        81120.9296875,
        15289.005859375
    ],
    "7": [
        225571.21875,
        87031.859375,
        7644.5029296875
    ],
    "8": [
        226466.46875,
        90397.9609375,
        3822.25146484375
    ],
    "9": [
        226540.609375,
        89926.578125,
        1911.125732421875
    ]
}