{
    "0": [
        202387.5,
        202387.5,
        291219.15625
    ],
    "1": [
        202387.5,
        202387.5,
        291219.15625
    ],
    "2": [
        204211.640625,
        158350.640625,
        145609.578125
    ],
    "3": [
        226338.21875,
        147201.1875,
        101926.703125
    ],
    "4": [
        223804.15625,
        185191.21875,
        61156.0234375
    ],
    "5": [
        197305.125,
        194052.53125,
        30578.01171875
    ],
    "6": [
        203274.21875,
        192217.84375,
        15289.005859375
    ]
}