{
    "0": [
        202387.5,
        202387.5,
        291219.15625
    ],
    "1": [
        202387.5,
        202387.5,
        291219.15625
    ],
    "2": [
        206184.203125,
        218087.8125,
        145609.578125
    ],
    "3": [
        228302.40625,
        209816.078125,
        101926.703125
    ],
    "4": [
        233576.5,
        218450.140625,
        61156.0234375
    ],
    "5": [
        213707.3125,
        215980.875,
        30578.01171875
    ],
    "6": [
        206131.015625,
        210510.125,
        15289.005859375
    ],
    "7": [
        203401.15625,
        212614.890625,
        7644.5029296875
    ],
    "8": [
        200502.96875,
        211919.890625,
        3822.25146484375
    ]
}