{
    "0": [
        202387.5,
        202387.5,
        291219.15625
    ],
    "1": [
        202387.5,
        202387.5,
        291219.15625
    ],
    "2": [
        94867.3125,
        246565.453125,
        145609.578125
    ],
    "3": [
        63724.375,
        219043,
        101926.703125
    ],
    "4": [
        51561.078125,
        222006.515625,
        61156.0234375
    ],
    "5": [
        43817.56640625,
        221614.171875,
        30578.01171875
    ],
    "6": [
        41320.8515625,
        207299.9375,
        15289.005859375
    ],
    "7": [
        45352.55078125,
        211892.0625,
        7644.5029296875
    ]
}