{
    "0": [
        202387.5,
        202387.5,
        291219.15625
    ],
    "1": [
        202387.5,
        202387.5,
        291219.15625
    ],
    "2": [
        228983.765625,
        314845.28125,
        145609.578125
    ],
    "3": [
        209618.5625,
        276297.96875,
        101926.703125
    ],
    "4": [
        222296.640625,
        307860.5,
        61156.0234375
    ],
    "5": [
        216044.5,
        281188.25,
        30578.01171875
    ],
    "6": [
        216296.609375,
        267245.28125,
        15289.005859375
    ],
    "7": [
        214928.59375,
        266597.0625,
        7644.5029296875
    ],
    "8": [
        213445.046875,
        266153.59375,
        3822.25146484375
    ]
}