{
    "0": [
        202387.5,
        202387.5,
        291219.15625
    ],
    "1": [
        202387.5,
        202387.5,
        291219.15625
    ],
    "2": [
        144767.5,
        215671.125,
        145609.578125
    ],
    "3": [
        175351.546875,
        214970.890625,
        101926.703125
    ],
    "4": [
        215935.015625,
        216826.859375,
        61156.0234375
    ],
    "5": [
        217175.734375,
        209056.078125,
        30578.01171875
    ],
    "6": [
        210661.890625,
        195657.21875,
        15289.005859375
    ],
    "7": [
        210302.703125,
        200707.484375,
        7644.5029296875
    ],
    "8": [
        212095.453125,
        200230.6875,
        3822.25146484375
    ]
}