{
    "0": [
        202387.5,
        202387.5,
        291219.15625
    ],
    "1": [
        202387.5,
        202387.5,
        291219.15625
    ],
    "2": [
        197076.4375,
        213077.953125,
        145609.578125
    ],
    "3": [
        217655.53125,
        229996.8125,
        101926.703125
    ],
    "4": [
        189727.96875,
        247682.609375,
        61156.0234375
    ],
    "5": [
        184360.21875,
        228663.1875,
        30578.01171875
    ],
    "6": [
        187295.125,
        239521.28125,
        15289.005859375
    ],
    "7": [
        187878.890625,
        233238.703125,
        7644.5029296875
    ],
    "8": [
        187643.921875,
        231010.375,
        3822.25146484375
    ]
}