{
    "0": [
        202387.5,
        202387.5,
        291219.15625
    ],
    "1": [
        202387.5,
        202387.5,
        291219.15625
    ],
    "2": [
        160257.46875,
        252234.6875,
        145609.578125
    ],
    "3": [
        134059.390625,
        229107.671875,
        101926.703125
    ],
    "4": [
        117298.7578125,
        218897.796875,
        61156.0234375
    ],
    "5": [
        107882.4140625,
        195117.375,
        30578.01171875
    ],
    "6": [
        112047.9765625,
        205862.875,
        15289.005859375
    ],
    "7": [
        111509.359375,
        210156.359375,
        7644.5029296875
    ]
}