{
    "0": [
        202387.5,
        202387.5,
        291219.15625
    ],
    "1": [
        202387.5,
        202387.5,
        291219.15625
    ],
    "2": [
        183724.984375,
        177928.296875,
        145609.578125
    ],
    "3": [
        199315.703125,
        162263.984375,
        101926.703125
    ],
    "4": [
        169182.140625,
        156301.328125,
        61156.0234375
    ],
    "5": [
        174483.28125,
        161527.625,
        30578.01171875
    ],
    "6": [
        179088.015625,
        160670.21875,
        15289.005859375
    ],
    "7": [
        183796.5,
        156778.703125,
        7644.5029296875
    ],
    "8": [
        180242.109375,
        156237.796875,
        3822.25146484375
    ]
}