{
    "0": [
        202387.5,
        202387.5,
        291219.15625
    ],
    "1": [
        202387.5,
        202387.5,
        291219.15625
    ],
    "2": [
        140699.859375,
        106760.953125,
        145609.578125
    ],
    "3": [
        133648.71875,
        113905.0859375,
        101926.703125
    ],
    "4": [
        133458.359375,
        149161.5625,
        61156.0234375
    ],
    "5": [
        130634.6796875,
        138148.8125,
        30578.01171875
    ],
    "6": [
        137057.765625,
        127339.1796875,
        15289.005859375
    ],
    "7": [
        136602.65625,
        125941.6796875,
        7644.5029296875
    ],
    "8": [
        136502.8125,
        128617.6953125,
        3822.25146484375
    ]
}