{
    "0": [
        202387.5,
        202387.5,
        291219.15625
    ],
    "1": [
        202387.5,
        202387.5,
        291219.15625
    ],
    "2": [
        238549.28125,
        257441.625,
        145609.578125
    ],
    "3": [
        219275.0625,
        290356.5625,
        101926.703125
    ],
    "4": [
        225917.46875,
        251698.28125,
        61156.0234375
    ],
    "5": [
        200790.125,
        263485.34375,
        30578.01171875
    ],
    "6": [
        204546.15625,
        267726.40625,
        15289.005859375
    ]
}