{
    "0": [
        202387.5,
        202387.5,
        291219.15625
    ],
    "1": [
        202387.5,
        202387.5,
        291219.15625
    ],
    "2": [
        156831.75,
        196528.515625,
        145609.578125
    ],
    "3": [
        188807.8125,
        200297.921875,
        101926.703125
    ],
    "4": [
        221693.59375,
        200456.0625,
        61156.0234375
    ],
    "5": [
        248958.265625,
        199925.640625,
        30578.01171875
    ],
    "6": [
        236952.671875,
        208467.296875,
        15289.005859375
    ],
    "7": [
        230622.53125,
        212183.34375,
        7644.5029296875
    ]
}