{
    "0": [
        202387.5,
        202387.5,
        291219.15625
    ],
    "1": [
        202387.5,
        202387.5,
        291219.15625
    ],
    "2": [
        106408.5,
        189365.09375,
        145609.578125
    ],
    "3": [
        114874.265625,
        213310.75,
        101926.703125
    ],
    "4": [
        131545,
        209660.5625,
        61156.0234375
    ],
    "5": [
        140124.734375,
        216946.953125,
        30578.01171875
    ],
    "6": [
        141633.15625,
        209234.90625,
        15289.005859375
    ],
    "7": [
        142739.34375,
        209605.875,
        7644.5029296875
    ],
    "8": [
        142954.640625,
        209887.171875,
        3822.25146484375
    ]
}