{
    "0": [
        202387.5,
        202387.5,
        291219.15625
    ],
    "1": [
        202387.5,
        202387.5,
        291219.15625
    ],
    "2": [
        238846.90625,
        219667.1875,
        145609.578125
    ],
    "3": [
        254309.859375,
        203074.984375,
        101926.703125
    ],
    "4": [
        243269,
        166638.09375,
        61156.0234375
    ],
    "5": [
        263114.09375,
        175867.8125,
        30578.01171875
    ],
    "6": [
        260782.5,
        186274.671875,
        15289.005859375
    ],
    "7": [
        258343.875,
        181444.71875,
        7644.5029296875
    ],
    "8": [
        261341,
        183646.171875,
        3822.25146484375
    ]
}