{
    "0": [
        202387.5,
        202387.5,
        291219.15625
    ],
    "1": [
        202387.5,
        202387.5,
        291219.15625
    ],
    "2": [
        108296.1796875,
        209920.3125,
        145609.578125
    ],
    "3": [
        113216.9453125,
        203621,
        101926.703125
    ],
    "4": [
        124664.0859375,
        215663.21875,
        61156.0234375
    ],
    "5": [
        101741.109375,
        213676.03125,
        30578.01171875
    ],
    "6": [
        104030.15625,
        199540.65625,
        15289.005859375
    ],
    "7": [
        106486.4609375,
        195370.140625,
        7644.5029296875
    ],
    "8": [
        106365.2890625,
        198529.21875,
        3822.25146484375
    ]
}