{
    "0": [
        202387.5,
        202387.5,
        291219.15625
    ],
    "1": [
        202387.5,
        202387.5,
        291219.15625
    ],
    "2": [
        229727.421875,
        182710.28125,
        145609.578125
    ],
    "3": [
        221080.125,
        192852.9375,
        101926.703125
    ],
    "4": [
        211164.4375,
        208810.53125,
        61156.0234375
    ],
    "5": [
        231566.84375,
        216562.015625,
        30578.01171875
    ],
    "6": [
        228274.125,
        225918.703125,
        15289.005859375
    ],
    "7": [
        229225.046875,
        227373.359375,
        7644.5029296875
    ]
}