{
    "0": [
        202387.5,
        202387.5,
        291219.15625
    ],
    "1": [
        202387.5,
        202387.5,
        291219.15625
    ],
    "2": [
        233478.765625,
        190579.8125,
        145609.578125
    ],
    "3": [
        226975.09375,
        206349.9375,
        101926.703125
    ],
    "4": [
        224870.5,
        166148.828125,
        61156.0234375
    ],
    "5": [
        214275.78125,
        182030.21875,
        30578.01171875
    ],
    "6": [
        200819.5,
        178617.875,
        15289.005859375
    ]
}