{
    "0": [
        202387.5,
        202387.5,
        291219.15625
    ],
    "1": [
        202387.5,
        202387.5,
        291219.15625
    ],
    "2": [
        252726.78125,
        145599.828125,
        145609.578125
    ],
    "3": [
        218103.046875,
        134725,
        101926.703125
    ],
    "4": [
        210537.578125,
        109590.328125,
        61156.0234375
    ],
    "5": [
        203257.1875,
        116749.5390625,
        30578.01171875
    ],
    "6": [
        217911.859375,
        115692.5078125,
        15289.005859375
    ],
    "7": [
        217628.9375,
        108565.96875,
        7644.5029296875
    ],
    "8": [
        219419.921875,
        111880.7578125,
        3822.25146484375
    ]
}