{
    "0": [
        202387.5,
        202387.5,
        291219.15625
    ],
    "1": [
        202387.5,
        202387.5,
        291219.15625
    ],
    "2": [
        166888.53125,
        306809.1875,
        145609.578125
    ],
    "3": [
        139143.1875,
        282795.53125,
        101926.703125
    ],
    "4": [
        118123.734375,
        280614.71875,
        61156.0234375
    ],
    "5": [
        140458.953125,
        262946.59375,
        30578.01171875
    ],
    "6": [
        150791.984375,
        265030.8125,
        15289.005859375
    ]
}