{
    "0": [
        202387.5,
        202387.5,
        291219.15625
    ],
    "1": [
        202387.5,
        202387.5,
        291219.15625
    ],
    "2": [
        249640.4375,
        255317.75,
        145609.578125
    ],
    "3": [
        250995.265625,
        238394.34375,
        101926.703125
    ],
    "4": [
        280869.25,
        215366.296875,
        61156.0234375
    ],
    "5": [
        292387.625,
        197353.125,
        30578.01171875
    ],
    "6": [
        286671.90625,
        190014.203125,
        15289.005859375
    ],
    "7": [
        290663.78125,
        185463.65625,
        7644.5029296875
    ]
}