{
    "0": [
        202387.5,
        202387.5,
        291219.15625
    ],
    "1": [
        202387.5,
        202387.5,
        291219.15625
    ],
    "2": [
        184651.53125,
        279351.59375,
        145609.578125
    ],
    "3": [
        212618.921875,
        283652.6875,
        101926.703125
    ],
    "4": [
        214347.96875,
        311592.96875,
        61156.0234375
    ],
    "5": [
        202010.484375,
        331312.125,
        30578.01171875
    ],
    "6": [
        200601.984375,
        323176.1875,
        15289.005859375
    ],
    "7": [
        196692.546875,
        321512.75,
        7644.5029296875
    ],
    "8": [
        196698.421875,
        318640.84375,
        3822.25146484375
    ],
    "9": [
        195868.265625,
        318718.75,
        1911.125732421875
    ]
}