{
    "0": [
        202387.5,
        202387.5,
        291219.15625
    ],
    "1": [
        202387.5,
        202387.5,
        291219.15625
    ],
    "2": [
        120746.078125,
        144773.546875,
        145609.578125
    ],
    "3": [
        138598.71875,
        149981.84375,
        101926.703125
    ],
    "4": [
        116118.3984375,
        138015.859375,
        61156.0234375
    ],
    "5": [
        106518.0390625,
        153158.5625,
        30578.01171875
    ],
    "6": [
        91644.1328125,
        150337.015625,
        15289.005859375
    ],
    "7": [
        95597.7890625,
        153245.859375,
        7644.5029296875
    ]
}