{
    "0": [
        202387.5,
        202387.5,
        291219.15625
    ],
    "1": [
        202387.5,
        202387.5,
        291219.15625
    ],
    "2": [
        110788.5625,
        209854.109375,
        145609.578125
    ],
    "3": [
        82675.5625,
        221339.765625,
        101926.703125
    ],
    "4": [
        100854.875,
        187477.46875,
        61156.0234375
    ],
    "5": [
        76455.484375,
        175645.8125,
        30578.01171875
    ],
    "6": [
        65936.0859375,
        177266.296875,
        15289.005859375
    ],
    "7": [
        59795.015625,
        179372.875,
        7644.5029296875
    ]
}