{
    "0": [
        202387.5,
        202387.5,
        291219.15625
    ],
    "1": [
        202387.5,
        202387.5,
        291219.15625
    ],
    "2": [
        249335.6875,
        194617.53125,
        145609.578125
    ],
    "3": [
        249201.84375,
        153989.96875,
        101926.703125
    ],
    "4": [
        268892.25,
        159695.640625,
        61156.0234375
    ],
    "5": [
        282632.3125,
        160949.765625,
        30578.01171875
    ],
    "6": [
        289487,
        150293.203125,
        15289.005859375
    ],
    "7": [
        285850.3125,
        145156.53125,
        7644.5029296875
    ]
}