{
    "0": [
        202387.5,
        202387.5,
        291219.15625
    ],
    "1": [
        202387.5,
        202387.5,
        291219.15625
    ],
    "2": [
        256965.125,
        254190.59375,
        145609.578125
    ],
    "3": [
        295039.375,
        240077.625,
        101926.703125
    ],
    "4": [
        277238.78125,
        240691.296875,
        61156.0234375
    ],
    "5": [
        273840.15625,
        222376.90625,
        30578.01171875
    ],
    "6": [
        270522.5,
        229506.53125,
        15289.005859375
    ],
    "7": [
        275323.09375,
        225120.625,
        7644.5029296875
    ],
    "8": [
        277240.15625,
        227204.046875,
        3822.25146484375
    ]
}