{
    "0": [
        202387.5,
        202387.5,
        291219.15625
    ],
    "1": [
        202387.5,
        202387.5,
        291219.15625
    ],
    "2": [
        280736.5,
        149788.75,
        145609.578125
    ],
    "3": [
        254243.5625,
        142157.09375,
        101926.703125
    ],
    "4": [
        264028.8125,
        176451.578125,
        61156.0234375
    ],
    "5": [
        269871.5,
        189627.59375,
        30578.01171875
    ],
    "6": [
        271596.25,
        189608.796875,
        15289.005859375
    ],
    "7": [
        269935.09375,
        187636.21875,
        7644.5029296875
    ],
    "8": [
        270050.96875,
        191099.84375,
        3822.25146484375
    ]
}