{
    "0": [
        202387.5,
        202387.5,
        291219.15625
    ],
    "1": [
        202387.5,
        202387.5,
        291219.15625
    ],
    "2": [
        163014.03125,
        283903.625,
        145609.578125
    ],
    "3": [
        197442.296875,
        310403.40625,
        101926.703125
    ],
    "4": [
        187030.328125,
        343519.21875,
        61156.0234375
    ],
    "5": [
        198096.25,
        369624.96875,
        30578.01171875
    ],
    "6": [
        205355.625,
        370560.8125,
        15289.005859375
    ],
    "7": [
        212249.859375,
        367288.46875,
        7644.5029296875
    ]
}