{
    "0": [
        202387.5,
        202387.5,
        291219.15625
    ],
    "1": [
        202387.5,
        202387.5,
        291219.15625
    ],
    "2": [
        232752.640625,
        300318.59375,
        145609.578125
    ],
    "3": [
        204301.203125,
        274365.9375,
        101926.703125
    ],
    "4": [
        227440.8125,
        246521.6875,
        61156.0234375
    ],
    "5": [
        206745.140625,
        250878.125,
        30578.01171875
    ]
}