{
    "0": [
        202387.5,
        202387.5,
        291219.15625
    ],
    "1": [
        202387.5,
        202387.5,
        291219.15625
    ],
    "2": [
        200057.8125,
        233963.0625,
        145609.578125
    ],
    "3": [
        226955.03125,
        234171.8125,
        101926.703125
    ],
    "4": [
        194156.625,
        249132.75,
        61156.0234375
    ],
    "5": [
        205494.421875,
        242836.34375,
        30578.01171875
    ],
    "6": [
        202966.953125,
        228784.328125,
        15289.005859375
    ],
    "7": [
        202300.453125,
        231080.453125,
        7644.5029296875
    ],
    "8": [
        204191.203125,
        228062.625,
        3822.25146484375
    ]
}