{
    "0": [
        202387.5,
        202387.5,
        291219.15625
    ],
    "1": [
        202387.5,
        202387.5,
        291219.15625
    ],
    "2": [
        179959.265625,
        294678.5625,
        145609.578125
    ],
    "3": [
        188286.953125,
        307136.1875,
        101926.703125
    ],
    "4": [
        194408.015625,
        268810.9375,
        61156.0234375
    ],
    "5": [
        197348.234375,
        245455.03125,
        30578.01171875
    ],
    "6": [
        199152.609375,
        240754.90625,
        15289.005859375
    ],
    "7": [
        197355.765625,
        247490.921875,
        7644.5029296875
    ],
    "8": [
        197174.78125,
        247509.203125,
        3822.25146484375
    ]
}