{
    "0": [
        202387.5,
        202387.5,
        291219.15625
    ],
    "1": [
        202387.5,
        202387.5,
        291219.15625
    ],
    "2": [
        117655.8828125,
        199749.140625,
        145609.578125
    ],
    "3": [
        123936.9609375,
        181902.84375,
        101926.703125
    ],
    "4": [
        116035.9921875,
        196481.40625,
        61156.0234375
    ],
    "5": [
        107905.1953125,
        181910.015625,
        30578.01171875
    ],
    "6": [
        117548.7734375,
        187635.171875,
        15289.005859375
    ],
    "7": [
        116535.7265625,
        182146.453125,
        7644.5029296875
    ],
    "8": [
        114290.2265625,
        180255.8125,
        3822.25146484375
    ],
    "9": [
        113385.2734375,
        180453.28125,
        1911.125732421875
    ]
}