{
    "0": [
        202387.5,
        202387.5,
        291219.15625
    ],
    "1": [
        202387.5,
        202387.5,
        291219.15625
    ],
    "2": [
        278144.75,
        259855.59375,
        145609.578125
    ],
    "3": [
        274351.0625,
        285184.65625,
        101926.703125
    ],
    "4": [
        297607.09375,
        317098.875,
        61156.0234375
    ],
    "5": [
        300024.15625,
        290975.4375,
        30578.01171875
    ],
    "6": [
        297400,
        301415.90625,
        15289.005859375
    ],
    "7": [
        297280.8125,
        306185.125,
        7644.5029296875
    ]
}