{
    "0": [
        202387.5,
        202387.5,
        291219.15625
    ],
    "1": [
        202387.5,
        202387.5,
        291219.15625
    ],
    "2": [
        230648.875,
        297796.4375,
        145609.578125
    ],
    "3": [
        209217.15625,
        312938.28125,
        101926.703125
    ],
    "4": [
        194432.625,
        320256.6875,
        61156.0234375
    ],
    "5": [
        187514.640625,
        319834.28125,
        30578.01171875
    ],
    "6": [
        187711.6875,
        316345.40625,
        15289.005859375
    ],
    "7": [
        186512.828125,
        316902.25,
        7644.5029296875
    ],
    "8": [
        188625.5625,
        314824.6875,
        3822.25146484375
    ]
}