{
    "0": [
        202387.5,
        202387.5,
        291219.15625
    ],
    "1": [
        202387.5,
        202387.5,
        291219.15625
    ],
    "2": [
        257100.484375,
        233870.75,
        145609.578125
    ],
    "3": [
        235030.359375,
        225138.859375,
        101926.703125
    ],
    "4": [
        246346.96875,
        242177.4375,
        61156.0234375
    ],
    "5": [
        248655.109375,
        229765.71875,
        30578.01171875
    ],
    "6": [
        260270.28125,
        230697.890625,
        15289.005859375
    ],
    "7": [
        261233.78125,
        235021.46875,
        7644.5029296875
    ],
    "8": [
        257562.328125,
        234904.734375,
        3822.25146484375
    ]
}