{
    "0": [
        202387.5,
        202387.5,
        291219.15625
    ],
    "1": [
        202387.5,
        202387.5,
        291219.15625
    ],
    "2": [
        217983.4375,
        259941.625,
        145609.578125
    ],
    "3": [
        245109.390625,
        283998.28125,
        101926.703125
    ],
    "4": [
        275594.375,
        300191.71875,
        61156.0234375
    ],
    "5": [
        258940.28125,
        319808.0625,
        30578.01171875
    ],
    "6": [
        258970.6875,
        314139.34375,
        15289.005859375
    ]
}