{
    "0": [
        202387.5,
        202387.5,
        291219.15625
    ],
    "1": [
        202387.5,
        202387.5,
        291219.15625
    ],
    "2": [
        273375.125,
        229831.609375,
        145609.578125
    ],
    "3": [
        286990.5625,
        195384.96875,
        101926.703125
    ],
    "4": [
        292990.5625,
        217144.875,
        61156.0234375
    ],
    "5": [
        283227.0625,
        191712.703125,
        30578.01171875
    ],
    "6": [
        287128.9375,
        197339.34375,
        15289.005859375
    ],
    "7": [
        287785.96875,
        201151.9375,
        7644.5029296875
    ]
}