{
    "0": [
        202387.5,
        202387.5,
        291219.15625
    ],
    "1": [
        202387.5,
        202387.5,
        291219.15625
    ],
    "2": [
        153034.328125,
        306724.1875,
        145609.578125
    ],
    "3": [
        143518.75,
        270101.40625,
        101926.703125
    ],
    "4": [
        135517.40625,
        239790.09375,
        61156.0234375
    ],
    "5": [
        105992.96875,
        242220.75,
        30578.01171875
    ],
    "6": [
        104730.3828125,
        248714.828125,
        15289.005859375
    ],
    "7": [
        107573.7265625,
        249867.28125,
        7644.5029296875
    ],
    "8": [
        110329.8828125,
        249057.703125,
        3822.25146484375
    ]
}