{
    "0": [
        202387.5,
        202387.5,
        291219.15625
    ],
    "1": [
        202387.5,
        202387.5,
        291219.15625
    ],
    "2": [
        159801.9375,
        287233.25,
        145609.578125
    ],
    "3": [
        153326.0625,
        252780.671875,
        101926.703125
    ],
    "4": [
        188262.40625,
        260383.453125,
        61156.0234375
    ],
    "5": [
        205067.390625,
        270242.3125,
        30578.01171875
    ],
    "6": [
        200074.234375,
        259479.6875,
        15289.005859375
    ],
    "7": [
        199968.15625,
        258410.828125,
        7644.5029296875
    ]
}