{
    "0": [
        202387.5,
        202387.5,
        291219.15625
    ],
    "1": [
        202387.5,
        202387.5,
        291219.15625
    ],
    "2": [
        303269.9375,
        153403.296875,
        145609.578125
    ],
    "3": [
        317770.34375,
        133816.375,
        101926.703125
    ],
    "4": [
        338599.4375,
        120294.125,
        61156.0234375
    ],
    "5": [
        348394.03125,
        99956.0078125,
        30578.01171875
    ],
    "6": [
        350951.03125,
        99910.1640625,
        15289.005859375
    ],
    "7": [
        348710.25,
        97920.3203125,
        7644.5029296875
    ]
}