{
    "0": [
        202387.5,
        202387.5,
        291219.15625
    ],
    "1": [
        202387.5,
        202387.5,
        291219.15625
    ],
    "2": [
        121603.6484375,
        142553.265625,
        145609.578125
    ],
    "3": [
        127049.8125,
        161954.46875,
        101926.703125
    ],
    "4": [
        116790.671875,
        156713.484375,
        61156.0234375
    ],
    "5": [
        99168.859375,
        174057.796875,
        30578.01171875
    ],
    "6": [
        91399.921875,
        172705.875,
        15289.005859375
    ],
    "7": [
        87426.3046875,
        176009.703125,
        7644.5029296875
    ],
    "8": [
        85250.59375,
        178834.421875,
        3822.25146484375
    ]
}