{
    "0": [
        202387.5,
        202387.5,
        291219.15625
    ],
    "1": [
        202387.5,
        202387.5,
        291219.15625
    ],
    "2": [
        250978.796875,
        299209.25,
        145609.578125
    ],
    "3": [
        263851.5,
        316357.375,
        101926.703125
    ],
    "4": [
        245685.46875,
        282845.5,
        61156.0234375
    ],
    "5": [
        269510.03125,
        270472.90625,
        30578.01171875
    ],
    "6": [
        273319.90625,
        272984.1875,
        15289.005859375
    ]
}