{
    "0": [
        202387.5,
        202387.5,
        291219.15625
    ],
    "1": [
        202387.5,
        202387.5,
        291219.15625
    ],
    "2": [
        262431.21875,
        283531.6875,
        145609.578125
    ],
    "3": [
        244380.78125,
        244787.046875,
        101926.703125
    ],
    "4": [
        234608.6875,
        274712.6875,
        61156.0234375
    ],
    "5": [
        231338.1875,
        283691.9375,
        30578.01171875
    ],
    "6": [
        227939.4375,
        281541.03125,
        15289.005859375
    ],
    "7": [
        233233.796875,
        283552.03125,
        7644.5029296875
    ]
}