{
    "0": [
        202387.5,
        202387.5,
        291219.15625
    ],
    "1": [
        202387.5,
        202387.5,
        291219.15625
    ],
    "2": [
        185941.8125,
        234242.9375,
        145609.578125
    ],
    "3": [
        197671.4375,
        262988.21875,
        101926.703125
    ],
    "4": [
        218219.609375,
        234833.625,
        61156.0234375
    ],
    "5": [
        206135.984375,
        256163.765625,
        30578.01171875
    ],
    "6": [
        206386.46875,
        265041.78125,
        15289.005859375
    ]
}