{
    "0": [
        202387.5,
        202387.5,
        291219.15625
    ],
    "1": [
        202387.5,
        202387.5,
        291219.15625
    ],
    "2": [
        88810.5234375,
        213222.875,
        145609.578125
    ],
    "3": [
        85064.8203125,
        194012.359375,
        101926.703125
    ],
    "4": [
        67099.09375,
        182561.21875,
        61156.0234375
    ],
    "5": [
        47019.2890625,
        172467.25,
        30578.01171875
    ]
}