{
    "0": [
        202387.5,
        202387.5,
        291219.15625
    ],
    "1": [
        202387.5,
        202387.5,
        291219.15625
    ],
    "2": [
        301247.875,
        172112.765625,
        145609.578125
    ],
    "3": [
        323321.125,
        168375.171875,
        101926.703125
    ],
    "4": [
        296578.84375,
        173952.3125,
        61156.0234375
    ],
    "5": [
        293605.71875,
        199582.96875,
        30578.01171875
    ],
    "6": [
        303501.53125,
        209336.390625,
        15289.005859375
    ],
    "7": [
        302239.375,
        211572.8125,
        7644.5029296875
    ]
}