{
    "0": [
        202387.5,
        202387.5,
        291219.15625
    ],
    "1": [
        202387.5,
        202387.5,
        291219.15625
    ],
    "2": [
        142927.78125,
        207245.0625,
        145609.578125
    ],
    "3": [
        160585.90625,
        173909.640625,
        101926.703125
    ],
    "4": [
        192192.3125,
        188869.546875,
        61156.0234375
    ],
    "5": [
        193066.25,
        201248.25,
        30578.01171875
    ],
    "6": [
        197528,
        212749.359375,
        15289.005859375
    ],
    "7": [
        200212.078125,
        207623.828125,
        7644.5029296875
    ]
}