{
    "0": [
        202387.5,
        202387.5,
        291219.15625
    ],
    "1": [
        202387.5,
        202387.5,
        291219.15625
    ],
    "2": [
        118903.046875,
        263379.90625,
        145609.578125
    ],
    "3": [
        79431.5625,
        273734.78125,
        101926.703125
    ],
    "4": [
        106731.6171875,
        301234.3125,
        61156.0234375
    ],
    "5": [
        98021.921875,
        300789.125,
        30578.01171875
    ],
    "6": [
        99948.1015625,
        291222.53125,
        15289.005859375
    ],
    "7": [
        94597.4140625,
        292238.78125,
        7644.5029296875
    ],
    "8": [
        92805.5078125,
        288864.6875,
        3822.25146484375
    ]
}