{
    "0": [
        202387.5,
        202387.5,
        291219.15625
    ],
    "1": [
        202387.5,
        202387.5,
        291219.15625
    ],
    "2": [
        246249.203125,
        232315,
        145609.578125
    ],
    "3": [
        235385.875,
        269300.1875,
        101926.703125
    ],
    "4": [
        202162.328125,
        251596.15625,
        61156.0234375
    ],
    "5": [
        201426.140625,
        276173.3125,
        30578.01171875
    ],
    "6": [
        211193.75,
        285757.21875,
        15289.005859375
    ],
    "7": [
        209290.109375,
        280633.65625,
        7644.5029296875
    ],
    "8": [
        211365.453125,
        283746.9375,
        3822.25146484375
    ]
}