{
    "0": [
        202387.5,
        202387.5,
        291219.15625
    ],
    "1": [
        202387.5,
        202387.5,
        291219.15625
    ],
    "2": [
        250804.375,
        186123.5625,
        145609.578125
    ],
    "3": [
        258192.8125,
        165105.234375,
        101926.703125
    ],
    "4": [
        282541.125,
        145517.34375,
        61156.0234375
    ],
    "5": [
        299063.78125,
        159826.28125,
        30578.01171875
    ],
    "6": [
        308427.625,
        161562.84375,
        15289.005859375
    ]
}