{
    "0": [
        202387.5,
        202387.5,
        291219.15625
    ],
    "1": [
        202387.5,
        202387.5,
        291219.15625
    ],
    "2": [
        306373.53125,
        189877.671875,
        145609.578125
    ],
    "3": [
        277845.71875,
        176076.171875,
        101926.703125
    ],
    "4": [
        253381.6875,
        191446.1875,
        61156.0234375
    ],
    "5": [
        226620.96875,
        186582.40625,
        30578.01171875
    ],
    "6": [
        219800.0625,
        177553.828125,
        15289.005859375
    ]
}