{
    "0": [
        202387.5,
        202387.5,
        291219.15625
    ],
    "1": [
        202387.5,
        202387.5,
        291219.15625
    ],
    "2": [
        198851.640625,
        314724.78125,
        145609.578125
    ],
    "3": [
        213026.328125,
        311424.1875,
        101926.703125
    ],
    "4": [
        180409.078125,
        293540.96875,
        61156.0234375
    ],
    "5": [
        177548.859375,
        306548.75,
        30578.01171875
    ],
    "6": [
        175682.125,
        301000.71875,
        15289.005859375
    ],
    "7": [
        174912.828125,
        307049.6875,
        7644.5029296875
    ]
}