{
    "0": [
        202387.5,
        202387.5,
        291219.15625
    ],
    "1": [
        202387.5,
        202387.5,
        291219.15625
    ],
    "2": [
        110268.109375,
        234786.765625,
        145609.578125
    ],
    "3": [
        143083.125,
        253001.96875,
        101926.703125
    ],
    "4": [
        124193.0625,
        238857.5,
        61156.0234375
    ],
    "5": [
        111614.6796875,
        214938.90625,
        30578.01171875
    ],
    "6": [
        97893.984375,
        214010.34375,
        15289.005859375
    ],
    "7": [
        101649.078125,
        214970.265625,
        7644.5029296875
    ],
    "8": [
        101702.375,
        213368.203125,
        3822.25146484375
    ]
}