{
    "0": [
        202387.5,
        202387.5,
        291219.15625
    ],
    "1": [
        202387.5,
        202387.5,
        291219.15625
    ],
    "2": [
        269207.8125,
        147470.3125,
        145609.578125
    ],
    "3": [
        293016.90625,
        151635.53125,
        101926.703125
    ],
    "4": [
        281979.65625,
        177279.625,
        61156.0234375
    ],
    "5": [
        289227.375,
        200705.125,
        30578.01171875
    ],
    "6": [
        281745.84375,
        196180.5625,
        15289.005859375
    ],
    "7": [
        286298.625,
        200147.4375,
        7644.5029296875
    ],
    "8": [
        285132,
        201637.546875,
        3822.25146484375
    ],
    "9": [
        284939.78125,
        201431.65625,
        1911.125732421875
    ]
}