{
    "0": [
        202387.5,
        202387.5,
        291219.15625
    ],
    "1": [
        202387.5,
        202387.5,
        291219.15625
    ],
    "2": [
        203366.03125,
        167183.25,
        145609.578125
    ],
    "3": [
        204634.828125,
        132490.46875,
        101926.703125
    ],
    "4": [
        185903.375,
        158776.328125,
        61156.0234375
    ],
    "5": [
        184015.71875,
        161990.703125,
        30578.01171875
    ],
    "6": [
        173598.53125,
        152741.171875,
        15289.005859375
    ],
    "7": [
        169759.6875,
        154313.734375,
        7644.5029296875
    ]
}