{
    "0": [
        202387.5,
        202387.5,
        291219.15625
    ],
    "1": [
        202387.5,
        202387.5,
        291219.15625
    ],
    "2": [
        216557.53125,
        125957.5703125,
        145609.578125
    ],
    "3": [
        249659.453125,
        113821.53125,
        101926.703125
    ],
    "4": [
        221444.8125,
        120021.2109375,
        61156.0234375
    ],
    "5": [
        236546.046875,
        111521.9921875,
        30578.01171875
    ],
    "6": [
        230961.671875,
        119233.6484375,
        15289.005859375
    ]
}