{
    "0": [
        202387.5,
        202387.5,
        291219.15625
    ],
    "1": [
        202387.5,
        202387.5,
        291219.15625
    ],
    "2": [
        136937.53125,
        201443.40625,
        145609.578125
    ],
    "3": [
        115220.1875,
        198444.59375,
        101926.703125
    ],
    "4": [
        131783.671875,
        180172.34375,
        61156.0234375
    ],
    "5": [
        143874,
        187066.03125,
        30578.01171875
    ],
    "6": [
        134992.46875,
        180665.171875,
        15289.005859375
    ]
}