{
    "0": [
        202387.5,
        202387.5,
        291219.15625
    ],
    "1": [
        202387.5,
        202387.5,
        291219.15625
    ],
    "2": [
        195977.84375,
        123480.328125,
        145609.578125
    ],
    "3": [
        195883.296875,
        110507.8515625,
        101926.703125
    ],
    "4": [
        220589.96875,
        83586.2265625,
        61156.0234375
    ],
    "5": [
        209388.125,
        97585.296875,
        30578.01171875
    ],
    "6": [
        202640.171875,
        111072.25,
        15289.005859375
    ],
    "7": [
        209481.453125,
        109225.828125,
        7644.5029296875
    ]
}