{
    "0": [
        202387.5,
        202387.5,
        291219.15625
    ],
    "1": [
        202387.5,
        202387.5,
        291219.15625
    ],
    "2": [
        226630.875,
        184038.34375,
        145609.578125
    ],
    "3": [
        224445.609375,
        154744.203125,
        101926.703125
    ],
    "4": [
        254881.9375,
        133627.421875,
        61156.0234375
    ],
    "5": [
        281647.03125,
        133870.109375,
        30578.01171875
    ],
    "6": [
        277242.0625,
        139128.46875,
        15289.005859375
    ],
    "7": [
        271239.1875,
        137322.03125,
        7644.5029296875
    ],
    "8": [
        270120.9375,
        140213.515625,
        3822.25146484375
    ]
}