{
    "0": [
        202387.5,
        202387.5,
        291219.15625
    ],
    "1": [
        202387.5,
        202387.5,
        291219.15625
    ],
    "2": [
        257730.03125,
        148352.734375,
        145609.578125
    ],
    "3": [
        267505.96875,
        128268.6328125,
        101926.703125
    ],
    "4": [
        307193.4375,
        123228.25,
        61156.0234375
    ],
    "5": [
        327214.0625,
        103863.0546875,
        30578.01171875
    ],
    "6": [
        329283.5,
        112877.875,
        15289.005859375
    ],
    "7": [
        324917.0625,
        112254.4609375,
        7644.5029296875
    ],
    "8": [
        323090.5,
        113099.75,
        3822.25146484375
    ]
}