{
    "0": [
        202387.5,
        202387.5,
        291219.15625
    ],
    "1": [
        202387.5,
        202387.5,
        291219.15625
    ],
    "2": [
        251231.84375,
        229705.65625,
        145609.578125
    ],
    "3": [
        229830,
        202804.21875,
        101926.703125
    ],
    "4": [
        216523.015625,
        192106.9375,
        61156.0234375
    ],
    "5": [
        216257.609375,
        218810.28125,
        30578.01171875
    ],
    "6": [
        212399.359375,
        231325.328125,
        15289.005859375
    ],
    "7": [
        209706.578125,
        230820.140625,
        7644.5029296875
    ],
    "8": [
        210833.4375,
        229816.3125,
        3822.25146484375
    ]
}