{
    "0": [
        202387.5,
        202387.5,
        291219.15625
    ],
    "1": [
        202387.5,
        202387.5,
        291219.15625
    ],
    "2": [
        246881.421875,
        111670.109375,
        145609.578125
    ],
    "3": [
        249109.90625,
        92272.3203125,
        101926.703125
    ],
    "4": [
        277425.71875,
        63631,
        61156.0234375
    ],
    "5": [
        280998.875,
        58100.52734375,
        30578.01171875
    ],
    "6": [
        290424.875,
        55435.43359375,
        15289.005859375
    ]
}