{
    "0": [
        202387.5,
        202387.5,
        291219.15625
    ],
    "1": [
        202387.5,
        202387.5,
        291219.15625
    ],
    "2": [
        314853.5,
        231429.546875,
        145609.578125
    ],
    "3": [
        340371.0625,
        237221.125,
        101926.703125
    ],
    "4": [
        354636.03125,
        274971.59375,
        61156.0234375
    ],
    "5": [
        344445.4375,
        296573.3125,
        30578.01171875
    ],
    "6": [
        349914.03125,
        296541.75,
        15289.005859375
    ],
    "7": [
        347509.75,
        294269.96875,
        7644.5029296875
    ],
    "8": [
        344509.40625,
        296541.21875,
        3822.25146484375
    ]
}