{
    "0": [
        202387.5,
        202387.5,
        291219.15625
    ],
    "1": [
        202387.5,
        202387.5,
        291219.15625
    ],
    "2": [
        207309.25,
        208344.171875,
        145609.578125
    ],
    "3": [
        193531.109375,
        208686.75,
        101926.703125
    ],
    "4": [
        208738.28125,
        203676.296875,
        61156.0234375
    ],
    "5": [
        203328.390625,
        175849.3125,
        30578.01171875
    ],
    "6": [
        198672.8125,
        161632.703125,
        15289.005859375
    ]
}