{
    "0": [
        202387.5,
        202387.5,
        291219.15625
    ],
    "1": [
        202387.5,
        202387.5,
        291219.15625
    ],
    "2": [
        210650.015625,
        88695.78125,
        145609.578125
    ],
    "3": [
        228903.75,
        69581.7265625,
        101926.703125
    ],
    "4": [
        199030.4375,
        74537.671875,
        61156.0234375
    ],
    "5": [
        200272.921875,
        72578.7890625,
        30578.01171875
    ],
    "6": [
        193290.71875,
        82847.3828125,
        15289.005859375
    ]
}