{
    "0": [
        202387.5,
        202387.5,
        291219.15625
    ],
    "1": [
        202387.5,
        202387.5,
        291219.15625
    ],
    "2": [
        266167.0625,
        164363.578125,
        145609.578125
    ],
    "3": [
        278329.84375,
        178197.859375,
        101926.703125
    ],
    "4": [
        290739.53125,
        189560.234375,
        61156.0234375
    ],
    "5": [
        274618.625,
        184744,
        30578.01171875
    ],
    "6": [
        287156.53125,
        180489.40625,
        15289.005859375
    ],
    "7": [
        284750.84375,
        182281.203125,
        7644.5029296875
    ]
}