{
    "0": [
        202387.5,
        202387.5,
        291219.15625
    ],
    "1": [
        202387.5,
        202387.5,
        291219.15625
    ],
    "2": [
        219632.484375,
        140922.796875,
        145609.578125
    ],
    "3": [
        222394.328125,
        107913.234375,
        101926.703125
    ],
    "4": [
        220564.4375,
        96171.1015625,
        61156.0234375
    ],
    "5": [
        247654.21875,
        97058.6953125,
        30578.01171875
    ],
    "6": [
        259111.984375,
        94819.5859375,
        15289.005859375
    ],
    "7": [
        259796.390625,
        96744,
        7644.5029296875
    ]
}