{
    "0": [
        202387.5,
        202387.5,
        291219.15625
    ],
    "1": [
        202387.5,
        202387.5,
        291219.15625
    ],
    "2": [
        308660.125,
        159187.1875,
        145609.578125
    ],
    "3": [
        336489.15625,
        146222.125,
        101926.703125
    ],
    "4": [
        316398.28125,
        147065.984375,
        61156.0234375
    ],
    "5": [
        316986.6875,
        158632.296875,
        30578.01171875
    ]
}