{
    "0": [
        202387.5,
        202387.5,
        291219.15625
    ],
    "1": [
        202387.5,
        202387.5,
        291219.15625
    ],
    "2": [
        247725.265625,
        178106.15625,
        145609.578125
    ],
    "3": [
        254643.359375,
        191337.015625,
        101926.703125
    ],
    "4": [
        259610.578125,
        221048.015625,
        61156.0234375
    ],
    "5": [
        249533.671875,
        213744.796875,
        30578.01171875
    ],
    "6": [
        245413.359375,
        211886.515625,
        15289.005859375
    ],
    "7": [
        246292.65625,
        211886.21875,
        7644.5029296875
    ]
}