{
    "0": [
        202387.5,
        202387.5,
        291219.15625
    ],
    "1": [
        202387.5,
        202387.5,
        291219.15625
    ],
    "2": [
        253946.71875,
        155558.1875,
        145609.578125
    ],
    "3": [
        261920.125,
        178440.40625,
        101926.703125
    ],
    "4": [
        232589.203125,
        161705.390625,
        61156.0234375
    ],
    "5": [
        227082.265625,
        138647.109375,
        30578.01171875
    ],
    "6": [
        224200.703125,
        149233.5,
        15289.005859375
    ],
    "7": [
        223548.265625,
        147001.5,
        7644.5029296875
    ]
}