{
    "0": [
        202387.5,
        202387.5,
        291219.15625
    ],
    "1": [
        202387.5,
        202387.5,
        291219.15625
    ],
    "2": [
        235667.5,
        171634.921875,
        145609.578125
    ],
    "3": [
        237357.09375,
        179271.453125,
        101926.703125
    ],
    "4": [
        266933.25,
        190131.921875,
        61156.0234375
    ],
    "5": [
        242074.140625,
        175657.65625,
        30578.01171875
    ],
    "6": [
        244629.734375,
        185728.46875,
        15289.005859375
    ],
    "7": [
        245082.90625,
        182095.5625,
        7644.5029296875
    ],
    "8": [
        244976.046875,
        180394.21875,
        3822.25146484375
    ]
}