{
    "0": [
        202387.5,
        202387.5,
        291219.15625
    ],
    "1": [
        202387.5,
        202387.5,
        291219.15625
    ],
    "2": [
        224309.046875,
        109726.296875,
        145609.578125
    ],
    "3": [
        260504.125,
        127141.390625,
        101926.703125
    ],
    "4": [
        244172.265625,
        146598.875,
        61156.0234375
    ],
    "5": [
        251809.671875,
        135326.28125,
        30578.01171875
    ],
    "6": [
        244223.625,
        125163.9609375,
        15289.005859375
    ],
    "7": [
        242855.3125,
        124969.6484375,
        7644.5029296875
    ],
    "8": [
        240610.203125,
        123541.8125,
        3822.25146484375
    ]
}