{
    "0": [
        202387.5,
        202387.5,
        291219.15625
    ],
    "1": [
        202387.5,
        202387.5,
        291219.15625
    ],
    "2": [
        167375.203125,
        221140.796875,
        145609.578125
    ],
    "3": [
        146907.6875,
        251703.28125,
        101926.703125
    ],
    "4": [
        135385.4375,
        252178.71875,
        61156.0234375
    ],
    "5": [
        148277.125,
        242066.671875,
        30578.01171875
    ],
    "6": [
        145570.46875,
        239568.890625,
        15289.005859375
    ],
    "7": [
        143535.828125,
        235922.4375,
        7644.5029296875
    ],
    "8": [
        142547.3125,
        239401.65625,
        3822.25146484375
    ]
}