{
    "0": [
        202387.5,
        202387.5,
        291219.15625
    ],
    "1": [
        202387.5,
        202387.5,
        291219.15625
    ],
    "2": [
        253278.21875,
        178597.3125,
        145609.578125
    ],
    "3": [
        242770.859375,
        141571.859375,
        101926.703125
    ],
    "4": [
        224027.3125,
        155923.96875,
        61156.0234375
    ],
    "5": [
        214743.90625,
        149650.640625,
        30578.01171875
    ],
    "6": [
        218740.109375,
        161355.703125,
        15289.005859375
    ],
    "7": [
        217527.265625,
        162063.75,
        7644.5029296875
    ],
    "8": [
        220312.375,
        163725.59375,
        3822.25146484375
    ]
}