{
    "0": [
        202387.5,
        202387.5,
        291219.15625
    ],
    "1": [
        202387.5,
        202387.5,
        291219.15625
    ],
    "2": [
        288506.5,
        267708.46875,
        145609.578125
    ],
    "3": [
        276664.25,
        226884.046875,
        101926.703125
    ],
    "4": [
        281244,
        193392.5,
        61156.0234375
    ],
    "5": [
        275721.5625,
        202007.875,
        30578.01171875
    ],
    "6": [
        277550.875,
        196084.65625,
        15289.005859375
    ]
}