{
    "0": [
        202387.5,
        202387.5,
        291219.15625
    ],
    "1": [
        202387.5,
        202387.5,
        291219.15625
    ],
    "2": [
        116574.5234375,
        185804.96875,
        145609.578125
    ],
    "3": [
        96544.3515625,
        160211.09375,
        101926.703125
    ],
    "4": [
        73480.1015625,
        144860.015625,
        61156.0234375
    ],
    "5": [
        63521.6953125,
        165159.71875,
        30578.01171875
    ],
    "6": [
        55291.46875,
        171679.109375,
        15289.005859375
    ],
    "7": [
        60196.58203125,
        176355,
        7644.5029296875
    ],
    "8": [
        59086.83203125,
        174659.359375,
        3822.25146484375
    ]
}