{
    "0": [
        202387.5,
        202387.5,
        291219.15625
    ],
    "1": [
        202387.5,
        202387.5,
        291219.15625
    ],
    "2": [
        225037.4375,
        99519.6640625,
        145609.578125
    ],
    "3": [
        251795.25,
        119620.5546875,
        101926.703125
    ],
    "4": [
        221561.71875,
        103378.28125,
        61156.0234375
    ],
    "5": [
        197797.3125,
        97009.09375,
        30578.01171875
    ],
    "6": [
        195964.375,
        91751.296875,
        15289.005859375
    ],
    "7": [
        194452.15625,
        88404.0234375,
        7644.5029296875
    ]
}