{
    "0": [
        202387.5,
        202387.5,
        291219.15625
    ],
    "1": [
        202387.5,
        202387.5,
        291219.15625
    ],
    "2": [
        129293.5546875,
        291035.46875,
        145609.578125
    ],
    "3": [
        124666.3828125,
        275561.9375,
        101926.703125
    ],
    "4": [
        127362.546875,
        269871.46875,
        61156.0234375
    ],
    "5": [
        119662.4453125,
        253923.390625,
        30578.01171875
    ],
    "6": [
        113883.7578125,
        241224.25,
        15289.005859375
    ]
}