{
    "0": [
        202387.5,
        202387.5,
        291219.15625
    ],
    "1": [
        202387.5,
        202387.5,
        291219.15625
    ],
    "2": [
        201088.875,
        244688.46875,
        145609.578125
    ],
    "3": [
        221358.59375,
        263325.53125,
        101926.703125
    ],
    "4": [
        197480.390625,
        258116.453125,
        61156.0234375
    ],
    "5": [
        195765.75,
        230526.8125,
        30578.01171875
    ],
    "6": [
        189856,
        240231.9375,
        15289.005859375
    ]
}