{
    "0": [
        202387.5,
        202387.5,
        291219.15625
    ],
    "1": [
        202387.5,
        202387.5,
        291219.15625
    ],
    "2": [
        230150.875,
        279902.84375,
        145609.578125
    ],
    "3": [
        221047.0625,
        276558.03125,
        101926.703125
    ],
    "4": [
        207416.734375,
        312161.15625,
        61156.0234375
    ],
    "5": [
        197262.734375,
        314850.46875,
        30578.01171875
    ],
    "6": [
        194269.703125,
        320572.4375,
        15289.005859375
    ],
    "7": [
        194473.5,
        319282.03125,
        7644.5029296875
    ]
}