{
    "0": [
        202387.5,
        202387.5,
        291219.15625
    ],
    "1": [
        202387.5,
        202387.5,
        291219.15625
    ],
    "2": [
        258786.0625,
        198950.125,
        145609.578125
    ],
    "3": [
        279390.15625,
        203395.015625,
        101926.703125
    ],
    "4": [
        270972.5625,
        163572.140625,
        61156.0234375
    ],
    "5": [
        274649.28125,
        176731.671875,
        30578.01171875
    ],
    "6": [
        275037.0625,
        167913.359375,
        15289.005859375
    ],
    "7": [
        278206.25,
        174452.953125,
        7644.5029296875
    ]
}