{
    "0": [
        202387.5,
        202387.5,
        291219.15625
    ],
    "1": [
        202387.5,
        202387.5,
        291219.15625
    ],
    "2": [
        213515.21875,
        264017.96875,
        145609.578125
    ],
    "3": [
        189115.3125,
        230291.5,
        101926.703125
    ],
    "4": [
        174336.34375,
        261827.21875,
        61156.0234375
    ],
    "5": [
        181666.890625,
        240485.1875,
        30578.01171875
    ],
    "6": [
        180867.203125,
        230042.09375,
        15289.005859375
    ],
    "7": [
        187743.453125,
        228940.96875,
        7644.5029296875
    ],
    "8": [
        186046.71875,
        228842.328125,
        3822.25146484375
    ]
}