{
    "0": [
        202387.5,
        202387.5,
        291219.15625
    ],
    "1": [
        202387.5,
        202387.5,
        291219.15625
    ],
    "2": [
        207391.296875,
        186239.46875,
        145609.578125
    ],
    "3": [
        215285.984375,
        197301.921875,
        101926.703125
    ],
    "4": [
        202836.8125,
        203810.6875,
        61156.0234375
    ],
    "5": [
        213253.8125,
        180605.28125,
        30578.01171875
    ],
    "6": [
        223571.875,
        172128.6875,
        15289.005859375
    ],
    "7": [
        225817.75,
        173460.71875,
        7644.5029296875
    ]
}