{
    "0": [
        202387.5,
        202387.5,
        291219.15625
    ],
    "1": [
        202387.5,
        202387.5,
        291219.15625
    ],
    "2": [
        152982.4375,
        218239.828125,
        145609.578125
    ],
    "3": [
        145215.140625,
        183171.671875,
        101926.703125
    ],
    "4": [
        162858.4375,
        163933.375,
        61156.0234375
    ],
    "5": [
        142671.453125,
        158493.8125,
        30578.01171875
    ],
    "6": [
        146924.875,
        164232.296875,
        15289.005859375
    ],
    "7": [
        148706.4375,
        167557.125,
        7644.5029296875
    ]
}