{
    "0": [
        202387.5,
        202387.5,
        291219.15625
    ],
    "1": [
        202387.5,
        202387.5,
        291219.15625
    ],
    "2": [
        138114.296875,
        144443.96875,
        145609.578125
    ],
    "3": [
        136767,
        136221.046875,
        101926.703125
    ],
    "4": [
        100988.21875,
        155051.859375,
        61156.0234375
    ],
    "5": [
        109309.1328125,
        162751.28125,
        30578.01171875
    ],
    "6": [
        112555.8125,
        162262.984375,
        15289.005859375
    ],
    "7": [
        110174.9296875,
        168195.859375,
        7644.5029296875
    ],
    "8": [
        110894.1953125,
        167476.09375,
        3822.25146484375
    ],
    "9": [
        110899.3984375,
        166590.015625,
        1911.125732421875
    ]
}