{
    "0": [
        202387.5,
        202387.5,
        291219.15625
    ],
    "1": [
        202387.5,
        202387.5,
        291219.15625
    ],
    "2": [
        262545.15625,
        186818.015625,
        145609.578125
    ],
    "3": [
        287258.71875,
        188391.5,
        101926.703125
    ],
    "4": [
        314053.59375,
        189661.25,
        61156.0234375
    ],
    "5": [
        336995.625,
        206275.203125,
        30578.01171875
    ],
    "6": [
        338683.6875,
        203744.421875,
        15289.005859375
    ],
    "7": [
        337872.84375,
        202759.078125,
        7644.5029296875
    ]
}