{
    "0": [
        202387.5,
        202387.5,
        291219.15625
    ],
    "1": [
        202387.5,
        202387.5,
        291219.15625
    ],
    "2": [
        126795.65625,
        204540.65625,
        145609.578125
    ],
    "3": [
        117579.9765625,
        190526.75,
        101926.703125
    ],
    "4": [
        156933,
        197391.375,
        61156.0234375
    ],
    "5": [
        153416.484375,
        179267.625,
        30578.01171875
    ],
    "6": [
        140803.359375,
        187547.109375,
        15289.005859375
    ],
    "7": [
        137446.078125,
        190778.25,
        7644.5029296875
    ],
    "8": [
        135475.1875,
        191097.875,
        3822.25146484375
    ]
}