{
    "0": [
        202387.5,
        202387.5,
        291219.15625
    ],
    "1": [
        202387.5,
        202387.5,
        291219.15625
    ],
    "2": [
        94206.9453125,
        206943.0625,
        145609.578125
    ],
    "3": [
        91735.7109375,
        181579.296875,
        101926.703125
    ],
    "4": [
        79159.8203125,
        216248.125,
        61156.0234375
    ],
    "5": [
        65366.0078125,
        204607.0625,
        30578.01171875
    ],
    "6": [
        79306.375,
        207559.296875,
        15289.005859375
    ],
    "7": [
        80960.21875,
        201970.640625,
        7644.5029296875
    ]
}