{
    "0": [
        202387.5,
        202387.5,
        291219.15625
    ],
    "1": [
        202387.5,
        202387.5,
        291219.15625
    ],
    "2": [
        249004.703125,
        159724.109375,
        145609.578125
    ],
    "3": [
        274282,
        140195.515625,
        101926.703125
    ],
    "4": [
        283573.0625,
        163522.34375,
        61156.0234375
    ],
    "5": [
        263404.3125,
        182041.359375,
        30578.01171875
    ],
    "6": [
        265917.09375,
        168470.953125,
        15289.005859375
    ],
    "7": [
        271582,
        167532.796875,
        7644.5029296875
    ]
}