{
    "0": [
        202387.5,
        202387.5,
        291219.15625
    ],
    "1": [
        202387.5,
        202387.5,
        291219.15625
    ],
    "2": [
        314357.15625,
        211034.15625,
        145609.578125
    ],
    "3": [
        321571.1875,
        231693.703125,
        101926.703125
    ],
    "4": [
        352626.1875,
        256801.09375,
        61156.0234375
    ],
    "5": [
        352759.6875,
        284148.84375,
        30578.01171875
    ],
    "6": [
        347804.28125,
        292837.375,
        15289.005859375
    ],
    "7": [
        344267.59375,
        296795.96875,
        7644.5029296875
    ]
}