{
    "0": [
        202387.5,
        202387.5,
        291219.15625
    ],
    "1": [
        202387.5,
        202387.5,
        291219.15625
    ],
    "2": [
        198135.59375,
        99318.9453125,
        145609.578125
    ],
    "3": [
        186632.65625,
        103756.3984375,
        101926.703125
    ],
    "4": [
        206080.859375,
        129802.765625,
        61156.0234375
    ],
    "5": [
        215675.78125,
        108636.4609375,
        30578.01171875
    ],
    "6": [
        211980.1875,
        101448.5703125,
        15289.005859375
    ],
    "7": [
        213661.625,
        94424.8984375,
        7644.5029296875
    ]
}