{
    "0": [
        202387.5,
        202387.5,
        291219.15625
    ],
    "1": [
        202387.5,
        202387.5,
        291219.15625
    ],
    "2": [
        209792.375,
        286104.125,
        145609.578125
    ],
    "3": [
        199374.171875,
        298860.75,
        101926.703125
    ],
    "4": [
        190632.796875,
        308773.9375,
        61156.0234375
    ],
    "5": [
        203405.6875,
        325893.59375,
        30578.01171875
    ],
    "6": [
        204676.796875,
        319228.21875,
        15289.005859375
    ],
    "7": [
        206493.71875,
        312501.125,
        7644.5029296875
    ]
}