{
    "0": [
        202387.5,
        202387.5,
        291219.15625
    ],
    "1": [
        202387.5,
        202387.5,
        291219.15625
    ],
    "2": [
        137066.09375,
        106183.3359375,
        145609.578125
    ],
    "3": [
        93853.765625,
        110489.796875,
        101926.703125
    ],
    "4": [
        123530.3671875,
        129264.2578125,
        61156.0234375
    ],
    "5": [
        107682.3203125,
        134500.59375,
        30578.01171875
    ],
    "6": [
        109525.7734375,
        146106.578125,
        15289.005859375
    ],
    "7": [
        112217.34375,
        146753.171875,
        7644.5029296875
    ],
    "8": [
        113850.03125,
        150011.140625,
        3822.25146484375
    ]
}