{
    "0": [
        202387.5,
        202387.5,
        291219.15625
    ],
    "1": [
        202387.5,
        202387.5,
        291219.15625
    ],
    "2": [
        238599.453125,
        104315.09375,
        145609.578125
    ],
    "3": [
        246300.828125,
        146926.390625,
        101926.703125
    ],
    "4": [
        220689.65625,
        118127.5,
        61156.0234375
    ],
    "5": [
        226796.34375,
        111616.65625,
        30578.01171875
    ],
    "6": [
        238580.453125,
        117354.625,
        15289.005859375
    ],
    "7": [
        245787.625,
        119614.453125,
        7644.5029296875
    ]
}