{
    "0": [
        202387.5,
        202387.5,
        291219.15625
    ],
    "1": [
        202387.5,
        202387.5,
        291219.15625
    ],
    "2": [
        189754.703125,
        180621.875,
        145609.578125
    ],
    "3": [
        187769.09375,
        162071.3125,
        101926.703125
    ],
    "4": [
        201121.578125,
        159709.5,
        61156.0234375
    ],
    "5": [
        223654.328125,
        166253.671875,
        30578.01171875
    ],
    "6": [
        223574.71875,
        169389,
        15289.005859375
    ],
    "7": [
        221935.0625,
        164613.234375,
        7644.5029296875
    ]
}