{
    "0": [
        202387.5,
        202387.5,
        291219.15625
    ],
    "1": [
        202387.5,
        202387.5,
        291219.15625
    ],
    "2": [
        132143.96875,
        210029.9375,
        145609.578125
    ],
    "3": [
        157796.3125,
        239260.171875,
        101926.703125
    ],
    "4": [
        152267.46875,
        278786.28125,
        61156.0234375
    ],
    "5": [
        168956.75,
        262361.03125,
        30578.01171875
    ],
    "6": [
        158909.0625,
        270364.3125,
        15289.005859375
    ],
    "7": [
        155467.921875,
        270088.625,
        7644.5029296875
    ]
}