{
    "0": [
        202387.5,
        202387.5,
        291219.15625
    ],
    "1": [
        202387.5,
        202387.5,
        291219.15625
    ],
    "2": [
        205997.015625,
        216238.59375,
        145609.578125
    ],
    "3": [
        194785.421875,
        198650.96875,
        101926.703125
    ],
    "4": [
        205361.0625,
        229745.109375,
        61156.0234375
    ],
    "5": [
        185259.765625,
        237877.421875,
        30578.01171875
    ],
    "6": [
        172165.671875,
        234250.265625,
        15289.005859375
    ],
    "7": [
        170236.90625,
        238003.578125,
        7644.5029296875
    ]
}