{
    "0": [
        202387.5,
        202387.5,
        291219.15625
    ],
    "1": [
        202387.5,
        202387.5,
        291219.15625
    ],
    "2": [
        215572.765625,
        93242.5078125,
        145609.578125
    ],
    "3": [
        224813.109375,
        83957.6171875,
        101926.703125
    ],
    "4": [
        236115.109375,
        110149.890625,
        61156.0234375
    ],
    "5": [
        240764.453125,
        105267.765625,
        30578.01171875
    ],
    "6": [
        253645.140625,
        108069.609375,
        15289.005859375
    ],
    "7": [
        257135.546875,
        112333.4375,
        7644.5029296875
    ]
}