{
    "0": [
        202387.5,
        202387.5,
        291219.15625
    ],
    "1": [
        202387.5,
        202387.5,
        291219.15625
    ],
    "2": [
        195587.484375,
        274272.6875,
        145609.578125
    ],
    "3": [
        209510.09375,
        280828.6875,
        101926.703125
    ],
    "4": [
        187092.421875,
        272507.03125,
        61156.0234375
    ],
    "5": [
        168569.90625,
        294461.6875,
        30578.01171875
    ],
    "6": [
        181314.078125,
        296066.375,
        15289.005859375
    ],
    "7": [
        180324.640625,
        298821.4375,
        7644.5029296875
    ]
}