{
    "0": [
        202387.5,
        202387.5,
        291219.15625
    ],
    "1": [
        202387.5,
        202387.5,
        291219.15625
    ],
    "2": [
        255305.171875,
        199083.203125,
        145609.578125
    ],
    "3": [
        248193.203125,
        192089.765625,
        101926.703125
    ],
    "4": [
        232214.515625,
        210415.5,
        61156.0234375
    ],
    "5": [
        225778.0625,
        184056.25,
        30578.01171875
    ],
    "6": [
        224123.046875,
        183321.96875,
        15289.005859375
    ],
    "7": [
        230273.421875,
        180725.21875,
        7644.5029296875
    ]
}