{
    "0": [
        202387.5,
        202387.5,
        291219.15625
    ],
    "1": [
        202387.5,
        202387.5,
        291219.15625
    ],
    "2": [
        217412.859375,
        149127.359375,
        145609.578125
    ],
    "3": [
        253607.3125,
        158587.59375,
        101926.703125
    ],
    "4": [
        214283.078125,
        150383.71875,
        61156.0234375
    ],
    "5": [
        219630.65625,
        168297.703125,
        30578.01171875
    ],
    "6": [
        208161.71875,
        165722.6875,
        15289.005859375
    ],
    "7": [
        208232.078125,
        173171.421875,
        7644.5029296875
    ]
}