{
    "0": [
        202387.5,
        202387.5,
        291219.15625
    ],
    "1": [
        202387.5,
        202387.5,
        291219.15625
    ],
    "2": [
        219323.9375,
        195686.8125,
        145609.578125
    ],
    "3": [
        219053.28125,
        192259.875,
        101926.703125
    ],
    "4": [
        245587.75,
        214335.9375,
        61156.0234375
    ],
    "5": [
        225855.40625,
        199089,
        30578.01171875
    ],
    "6": [
        232066.140625,
        194334.359375,
        15289.005859375
    ],
    "7": [
        237640.40625,
        193628.03125,
        7644.5029296875
    ]
}