{
    "0": [
        202387.5,
        202387.5,
        291219.15625
    ],
    "1": [
        202387.5,
        202387.5,
        291219.15625
    ],
    "2": [
        245987.03125,
        282229.125,
        145609.578125
    ],
    "3": [
        248872.03125,
        253344.21875,
        101926.703125
    ],
    "4": [
        210879.6875,
        241414.28125,
        61156.0234375
    ],
    "5": [
        238084.5625,
        238807.78125,
        30578.01171875
    ],
    "6": [
        235441.28125,
        224375.296875,
        15289.005859375
    ],
    "7": [
        234414.515625,
        229494.359375,
        7644.5029296875
    ]
}