{
    "0": [
        202387.5,
        202387.5,
        291219.15625
    ],
    "1": [
        202387.5,
        202387.5,
        291219.15625
    ],
    "2": [
        235529.46875,
        288165.09375,
        145609.578125
    ],
    "3": [
        252543.40625,
        312293.4375,
        101926.703125
    ],
    "4": [
        282558.0625,
        311196.4375,
        61156.0234375
    ],
    "5": [
        302998,
        312213.3125,
        30578.01171875
    ]
}