{
    "0": [
        202387.5,
        202387.5,
        291219.15625
    ],
    "1": [
        202387.5,
        202387.5,
        291219.15625
    ],
    "2": [
        144417.34375,
        294078.9375,
        145609.578125
    ],
    "3": [
        184518.6875,
        308617.46875,
        101926.703125
    ],
    "4": [
        179805.234375,
        326887.71875,
        61156.0234375
    ],
    "5": [
        174768.421875,
        307493.21875,
        30578.01171875
    ],
    "6": [
        169655.28125,
        314963.90625,
        15289.005859375
    ],
    "7": [
        172364.90625,
        320207.34375,
        7644.5029296875
    ],
    "8": [
        174733.25,
        322731.90625,
        3822.25146484375
    ]
}