{
    "0": [
        202387.5,
        202387.5,
        291219.15625
    ],
    "1": [
        202387.5,
        202387.5,
        291219.15625
    ],
    "2": [
        122089.859375,
        152252.21875,
        145609.578125
    ],
    "3": [
        130709.484375,
        123658.53125,
        101926.703125
    ],
    "4": [
        112597.4296875,
        129141.5859375,
        61156.0234375
    ],
    "5": [
        130631.6875,
        109858.0703125,
        30578.01171875
    ],
    "6": [
        129038.4296875,
        95488,
        15289.005859375
    ],
    "7": [
        134732.328125,
        97804.9765625,
        7644.5029296875
    ],
    "8": [
        136044.984375,
        97532.7421875,
        3822.25146484375
    ]
}