{
    "0": [
        202387.5,
        202387.5,
        291219.15625
    ],
    "1": [
        202387.5,
        202387.5,
        291219.15625
    ],
    "2": [
        134359.8125,
        164755.09375,
        145609.578125
    ],
    "3": [
        147012.875,
        171310.859375,
        101926.703125
    ],
    "4": [
        164443.9375,
        145137.078125,
        61156.0234375
    ],
    "5": [
        151370.171875,
        127802.53125,
        30578.01171875
    ],
    "6": [
        143123.46875,
        124179.640625,
        15289.005859375
    ],
    "7": [
        145065.734375,
        124156.0078125,
        7644.5029296875
    ]
}