{
    "0": [
        202387.5,
        202387.5,
        291219.15625
    ],
    "1": [
        202387.5,
        202387.5,
        291219.15625
    ],
    "2": [
        296493.71875,
        181019,
        145609.578125
    ],
    "3": [
        288101.84375,
        188333.328125,
        101926.703125
    ],
    "4": [
        290989.96875,
        163551.234375,
        61156.0234375
    ],
    "5": [
        276988.40625,
        165568.953125,
        30578.01171875
    ],
    "6": [
        276513.40625,
        169754.859375,
        15289.005859375
    ],
    "7": [
        273380.03125,
        171390.1875,
        7644.5029296875
    ]
}