{
    "0": [
        202387.5,
        202387.5,
        291219.15625
    ],
    "1": [
        202387.5,
        202387.5,
        291219.15625
    ],
    "2": [
        142750.671875,
        144447.4375,
        145609.578125
    ],
    "3": [
        142724.1875,
        170412.34375,
        101926.703125
    ],
    "4": [
        107459.734375,
        150722.40625,
        61156.0234375
    ],
    "5": [
        121852.796875,
        140272.625,
        30578.01171875
    ],
    "6": [
        125979.859375,
        133054.03125,
        15289.005859375
    ]
}