{
    "0": [
        202387.5,
        202387.5,
        291219.15625
    ],
    "1": [
        202387.5,
        202387.5,
        291219.15625
    ],
    "2": [
        181744.609375,
        306688.875,
        145609.578125
    ],
    "3": [
        195727.75,
        278921.3125,
        101926.703125
    ],
    "4": [
        193646.78125,
        251761.125,
        61156.0234375
    ],
    "5": [
        202126.328125,
        234089.625,
        30578.01171875
    ],
    "6": [
        194675.90625,
        246768.8125,
        15289.005859375
    ],
    "7": [
        196315.6875,
        244084.078125,
        7644.5029296875
    ],
    "8": [
        194629.875,
        246078.3125,
        3822.25146484375
    ]
}