{
    "0": [
        202387.5,
        202387.5,
        291219.15625
    ],
    "1": [
        202387.5,
        202387.5,
        291219.15625
    ],
    "2": [
        203009.4375,
        193461.15625,
        145609.578125
    ],
    "3": [
        223371.03125,
        156153.9375,
        101926.703125
    ],
    "4": [
        237709.0625,
        154835.140625,
        61156.0234375
    ],
    "5": [
        214884.328125,
        165220.875,
        30578.01171875
    ],
    "6": [
        205222.28125,
        176583.484375,
        15289.005859375
    ],
    "7": [
        207106.046875,
        174346.5,
        7644.5029296875
    ],
    "8": [
        204008.375,
        174586.171875,
        3822.25146484375
    ]
}