{
    "0": [
        202387.5,
        202387.5,
        291219.15625
    ],
    "1": [
        202387.5,
        202387.5,
        291219.15625
    ],
    "2": [
        283896.53125,
        171779.875,
        145609.578125
    ],
    "3": [
        303354.1875,
        146484.921875,
        101926.703125
    ],
    "4": [
        270959.09375,
        138228.25,
        61156.0234375
    ],
    "5": [
        258218.75,
        150756.9375,
        30578.01171875
    ],
    "6": [
        268147.625,
        153103.953125,
        15289.005859375
    ],
    "7": [
        267864.0625,
        151180.53125,
        7644.5029296875
    ]
}