{
    "0": [
        202387.5,
        202387.5,
        291219.15625
    ],
    "1": [
        202387.5,
        202387.5,
        291219.15625
    ],
    "2": [
        157962.421875,
        95155.1640625,
        145609.578125
    ],
    "3": [
        152625.875,
        126062.3828125,
        101926.703125
    ],
    "4": [
        139305.890625,
        127350.0546875,
        61156.0234375
    ],
    "5": [
        148725.828125,
        132054.515625,
        30578.01171875
    ],
    "6": [
        141823.578125,
        133503.171875,
        15289.005859375
    ],
    "7": [
        145301.6875,
        139064.578125,
        7644.5029296875
    ]
}