{
    "0": [
        202387.5,
        202387.5,
        291219.15625
    ],
    "1": [
        202387.5,
        202387.5,
        291219.15625
    ],
    "2": [
        204961.265625,
        138465.65625,
        145609.578125
    ],
    "3": [
        242083.59375,
        148904.140625,
        101926.703125
    ],
    "4": [
        241087.8125,
        173258.71875,
        61156.0234375
    ],
    "5": [
        214793.859375,
        165808.15625,
        30578.01171875
    ],
    "6": [
        222954.828125,
        173087.171875,
        15289.005859375
    ],
    "7": [
        223214.015625,
        173528.421875,
        7644.5029296875
    ]
}