{
    "0": [
        202387.5,
        202387.5,
        291219.15625
    ],
    "1": [
        202387.5,
        202387.5,
        291219.15625
    ],
    "2": [
        224079.40625,
        219252.09375,
        145609.578125
    ],
    "3": [
        198464.75,
        244776.171875,
        101926.703125
    ],
    "4": [
        206827.40625,
        280214.375,
        61156.0234375
    ],
    "5": [
        199977.515625,
        306078.1875,
        30578.01171875
    ],
    "6": [
        204713.703125,
        293471.34375,
        15289.005859375
    ],
    "7": [
        202552.875,
        294081.4375,
        7644.5029296875
    ]
}