{
    "0": [
        202387.5,
        202387.5,
        291219.15625
    ],
    "1": [
        202387.5,
        202387.5,
        291219.15625
    ],
    "2": [
        153574.875,
        196992.15625,
        145609.578125
    ],
    "3": [
        116938.78125,
        188110.421875,
        101926.703125
    ],
    "4": [
        96876.546875,
        153290.6875,
        61156.0234375
    ],
    "5": [
        93783.8125,
        163356.9375,
        30578.01171875
    ],
    "6": [
        87089.1640625,
        162619.296875,
        15289.005859375
    ],
    "7": [
        82688.9921875,
        158053.484375,
        7644.5029296875
    ]
}