{
    "0": [
        202387.5,
        202387.5,
        291219.15625
    ],
    "1": [
        202387.5,
        202387.5,
        291219.15625
    ],
    "2": [
        272669.71875,
        148667.484375,
        145609.578125
    ],
    "3": [
        263857.53125,
        172050.09375,
        101926.703125
    ],
    "4": [
        260766.984375,
        154404.5625,
        61156.0234375
    ],
    "5": [
        240814.484375,
        147653.8125,
        30578.01171875
    ],
    "6": [
        242862.03125,
        139468.421875,
        15289.005859375
    ],
    "7": [
        237101.90625,
        143272.28125,
        7644.5029296875
    ],
    "8": [
        237474.53125,
        143653.421875,
        3822.25146484375
    ]
}