{
    "0": [
        202387.5,
        202387.5,
        291219.15625
    ],
    "1": [
        202387.5,
        202387.5,
        291219.15625
    ],
    "2": [
        305499.625,
        220738.796875,
        145609.578125
    ],
    "3": [
        325628,
        200940.859375,
        101926.703125
    ],
    "4": [
        304402.84375,
        191844.921875,
        61156.0234375
    ],
    "5": [
        305741.75,
        181427.515625,
        30578.01171875
    ],
    "6": [
        295060.625,
        184040.890625,
        15289.005859375
    ]
}