{
    "0": [
        202387.5,
        202387.5,
        291219.15625
    ],
    "1": [
        202387.5,
        202387.5,
        291219.15625
    ],
    "2": [
        217693.90625,
        311246.0625,
        145609.578125
    ],
    "3": [
        254293.546875,
        296630.15625,
        101926.703125
    ],
    "4": [
        287796.0625,
        312795.75,
        61156.0234375
    ],
    "5": [
        291744.625,
        282569.78125,
        30578.01171875
    ],
    "6": [
        280066.46875,
        280927.84375,
        15289.005859375
    ],
    "7": [
        275357.8125,
        280772.71875,
        7644.5029296875
    ]
}