{
    "0": [
        202387.5,
        202387.5,
        291219.15625
    ],
    "1": [
        202387.5,
        202387.5,
        291219.15625
    ],
    "2": [
        281705.5,
        225592.578125,
        145609.578125
    ],
    "3": [
        260549.90625,
        197560.9375,
        101926.703125
    ],
    "4": [
        285345.6875,
        207933.734375,
        61156.0234375
    ],
    "5": [
        283807.53125,
        228457.515625,
        30578.01171875
    ],
    "6": [
        294309.375,
        233423.140625,
        15289.005859375
    ],
    "7": [
        299246.65625,
        236141.34375,
        7644.5029296875
    ],
    "8": [
        295474.78125,
        235750.921875,
        3822.25146484375
    ]
}