{
    "0": [
        202387.5,
        202387.5,
        291219.15625
    ],
    "1": [
        202387.5,
        202387.5,
        291219.15625
    ],
    "2": [
        172434.03125,
        214181.078125,
        145609.578125
    ],
    "3": [
        200079.65625,
        188725.515625,
        101926.703125
    ],
    "4": [
        235198.5625,
        203555.0625,
        61156.0234375
    ],
    "5": [
        223184.78125,
        230798.59375,
        30578.01171875
    ],
    "6": [
        209927.96875,
        233154.8125,
        15289.005859375
    ],
    "7": [
        209925.5625,
        228784.703125,
        7644.5029296875
    ]
}