{
    "0": [
        202387.5,
        202387.5,
        291219.15625
    ],
    "1": [
        202387.5,
        202387.5,
        291219.15625
    ],
    "2": [
        224234.578125,
        292357.8125,
        145609.578125
    ],
    "3": [
        230024.75,
        259107.265625,
        101926.703125
    ],
    "4": [
        255413.296875,
        262475.65625,
        61156.0234375
    ],
    "5": [
        275524.28125,
        257972.40625,
        30578.01171875
    ],
    "6": [
        281638.96875,
        270000.1875,
        15289.005859375
    ],
    "7": [
        276159.875,
        271535.34375,
        7644.5029296875
    ]
}