{
    "0": [
        202387.5,
        202387.5,
        291219.15625
    ],
    "1": [
        202387.5,
        202387.5,
        291219.15625
    ],
    "2": [
        266457.6875,
        210754.640625,
        145609.578125
    ],
    "3": [
        225758.984375,
        197771.71875,
        101926.703125
    ],
    "4": [
        240511.390625,
        184590.203125,
        61156.0234375
    ],
    "5": [
        254959.890625,
        176376.921875,
        30578.01171875
    ],
    "6": [
        240861.5625,
        177906.65625,
        15289.005859375
    ],
    "7": [
        234086.375,
        181166,
        7644.5029296875
    ]
}