{
    "0": [
        202387.5,
        202387.5,
        291219.15625
    ],
    "1": [
        202387.5,
        202387.5,
        291219.15625
    ],
    "2": [
        269306.8125,
        292739.0625,
        145609.578125
    ],
    "3": [
        247699.25,
        325818.125,
        101926.703125
    ],
    "4": [
        280402.5625,
        302156.375,
        61156.0234375
    ],
    "5": [
        257466.421875,
        320007.71875,
        30578.01171875
    ],
    "6": [
        253978.859375,
        306510.6875,
        15289.005859375
    ]
}