{
    "0": [
        202387.5,
        202387.5,
        291219.15625
    ],
    "1": [
        202387.5,
        202387.5,
        291219.15625
    ],
    "2": [
        241446.890625,
        255177.53125,
        145609.578125
    ],
    "3": [
        228223.703125,
        273074.3125,
        101926.703125
    ],
    "4": [
        205807.5625,
        249974.109375,
        61156.0234375
    ],
    "5": [
        225261.625,
        233138.21875,
        30578.01171875
    ],
    "6": [
        225901.28125,
        231870.671875,
        15289.005859375
    ],
    "7": [
        230107.53125,
        235111.671875,
        7644.5029296875
    ],
    "8": [
        232046.109375,
        236968.25,
        3822.25146484375
    ]
}