{
    "0": [
        202387.5,
        202387.5,
        291219.15625
    ],
    "1": [
        202387.5,
        202387.5,
        291219.15625
    ],
    "2": [
        222762.34375,
        281703.1875,
        145609.578125
    ],
    "3": [
        241945.1875,
        297098.375,
        101926.703125
    ],
    "4": [
        201479.34375,
        293239.9375,
        61156.0234375
    ],
    "5": [
        202119.09375,
        286581.0625,
        30578.01171875
    ],
    "6": [
        210271.40625,
        299385.8125,
        15289.005859375
    ]
}