{
    "0": [
        202387.5,
        202387.5,
        291219.15625
    ],
    "1": [
        202387.5,
        202387.5,
        291219.15625
    ],
    "2": [
        284917.1875,
        227427.8125,
        145609.578125
    ],
    "3": [
        310079.3125,
        245546.953125,
        101926.703125
    ],
    "4": [
        284907.25,
        248641.453125,
        61156.0234375
    ],
    "5": [
        314010.5625,
        256095.9375,
        30578.01171875
    ],
    "6": [
        312638.40625,
        255330.296875,
        15289.005859375
    ]
}