{
    "0": [
        202387.5,
        202387.5,
        291219.15625
    ],
    "1": [
        202387.5,
        202387.5,
        291219.15625
    ],
    "2": [
        183219.9375,
        270196.75,
        145609.578125
    ],
    "3": [
        192793.0625,
        239886.328125,
        101926.703125
    ],
    "4": [
        186636.921875,
        211752.828125,
        61156.0234375
    ],
    "5": [
        192621.234375,
        236828.578125,
        30578.01171875
    ],
    "6": [
        192706.640625,
        237599.078125,
        15289.005859375
    ],
    "7": [
        190705.796875,
        237760.0625,
        7644.5029296875
    ],
    "8": [
        190128.296875,
        239364.4375,
        3822.25146484375
    ]
}