{
    "0": [
        202387.5,
        202387.5,
        291219.15625
    ],
    "1": [
        202387.5,
        202387.5,
        291219.15625
    ],
    "2": [
        273700.375,
        127244.84375,
        145609.578125
    ],
    "3": [
        290529.125,
        136849.515625,
        101926.703125
    ],
    "4": [
        301023.03125,
        168578.265625,
        61156.0234375
    ],
    "5": [
        286206.34375,
        168623.890625,
        30578.01171875
    ],
    "6": [
        297331.84375,
        158546.015625,
        15289.005859375
    ],
    "7": [
        301575.78125,
        154767.921875,
        7644.5029296875
    ],
    "8": [
        303649.1875,
        157381.703125,
        3822.25146484375
    ]
}