{
    "0": [
        202387.5,
        202387.5,
        291219.15625
    ],
    "1": [
        202387.5,
        202387.5,
        291219.15625
    ],
    "2": [
        237475.28125,
        287869.03125,
        145609.578125
    ],
    "3": [
        233413.46875,
        324978.25,
        101926.703125
    ],
    "4": [
        210045.6875,
        296185.46875,
        61156.0234375
    ],
    "5": [
        215719.578125,
        315117.90625,
        30578.01171875
    ],
    "6": [
        214171.265625,
        314861.5625,
        15289.005859375
    ],
    "7": [
        211194.5,
        320675.375,
        7644.5029296875
    ],
    "8": [
        212202.3125,
        321558.34375,
        3822.25146484375
    ]
}