{
    "0": [
        202387.5,
        202387.5,
        291219.15625
    ],
    "1": [
        202387.5,
        202387.5,
        291219.15625
    ],
    "2": [
        280658.78125,
        205211.890625,
        145609.578125
    ],
    "3": [
        301348.4375,
        192563.296875,
        101926.703125
    ],
    "4": [
        335189.75,
        179118.3125,
        61156.0234375
    ],
    "5": [
        310103.28125,
        183824.796875,
        30578.01171875
    ],
    "6": [
        305843.03125,
        180429.640625,
        15289.005859375
    ]
}