{
    "0": [
        202387.5,
        202387.5,
        291219.15625
    ],
    "1": [
        202387.5,
        202387.5,
        291219.15625
    ],
    "2": [
        222200.09375,
        170539.84375,
        145609.578125
    ],
    "3": [
        212664.296875,
        159153.703125,
        101926.703125
    ],
    "4": [
        204788,
        143651.5625,
        61156.0234375
    ],
    "5": [
        213679.921875,
        138453.28125,
        30578.01171875
    ],
    "6": [
        209905.640625,
        138018.484375,
        15289.005859375
    ],
    "7": [
        213811.5,
        142544.984375,
        7644.5029296875
    ],
    "8": [
        213229.25,
        145349.125,
        3822.25146484375
    ]
}