{
    "0": [
        202387.5,
        202387.5,
        291219.15625
    ],
    "1": [
        202387.5,
        202387.5,
        291219.15625
    ],
    "2": [
        297687.75,
        193024.296875,
        145609.578125
    ],
    "3": [
        307729.59375,
        196453.578125,
        101926.703125
    ],
    "4": [
        310646.1875,
        159244,
        61156.0234375
    ],
    "5": [
        303684.34375,
        147551.609375,
        30578.01171875
    ],
    "6": [
        309003.40625,
        159233.265625,
        15289.005859375
    ]
}