{
    "0": [
        202387.5,
        202387.5,
        291219.15625
    ],
    "1": [
        202387.5,
        202387.5,
        291219.15625
    ],
    "2": [
        114004.609375,
        251185.515625,
        145609.578125
    ],
    "3": [
        122556.21875,
        214262.53125,
        101926.703125
    ],
    "4": [
        109869.1171875,
        205786.5,
        61156.0234375
    ],
    "5": [
        105968.78125,
        215510.515625,
        30578.01171875
    ],
    "6": [
        116683.25,
        211368.03125,
        15289.005859375
    ],
    "7": [
        113456.96875,
        209189.5625,
        7644.5029296875
    ],
    "8": [
        113198.953125,
        208391.921875,
        3822.25146484375
    ]
}