{
    "0": [
        202387.5,
        202387.5,
        291219.15625
    ],
    "1": [
        202387.5,
        202387.5,
        291219.15625
    ],
    "2": [
        193633.609375,
        94177.03125,
        145609.578125
    ],
    "3": [
        215205.078125,
        127436.7265625,
        101926.703125
    ],
    "4": [
        204594.890625,
        95406.6015625,
        61156.0234375
    ],
    "5": [
        198693.984375,
        115779.265625,
        30578.01171875
    ],
    "6": [
        183750.203125,
        117638.3203125,
        15289.005859375
    ],
    "7": [
        184383.40625,
        118194.703125,
        7644.5029296875
    ]
}