{
    "0": [
        202387.5,
        202387.5,
        291219.15625
    ],
    "1": [
        202387.5,
        202387.5,
        291219.15625
    ],
    "2": [
        253914.3125,
        250086.140625,
        145609.578125
    ],
    "3": [
        284558.1875,
        253285.3125,
        101926.703125
    ],
    "4": [
        250731.71875,
        263652.25,
        61156.0234375
    ],
    "5": [
        251368.609375,
        288826.5625,
        30578.01171875
    ],
    "6": [
        243888.4375,
        290689.0625,
        15289.005859375
    ],
    "7": [
        246547.921875,
        295994.78125,
        7644.5029296875
    ],
    "8": [
        246927.859375,
        295207.15625,
        3822.25146484375
    ]
}