{
    "0": [
        202387.5,
        202387.5,
        291219.15625
    ],
    "1": [
        202387.5,
        202387.5,
        291219.15625
    ],
    "2": [
        305601.625,
        195362.03125,
        145609.578125
    ],
    "3": [
        320855.28125,
        155750.046875,
        101926.703125
    ],
    "4": [
        334073.125,
        141929.390625,
        61156.0234375
    ],
    "5": [
        325662.125,
        131088.09375,
        30578.01171875
    ],
    "6": [
        315445,
        140735.296875,
        15289.005859375
    ]
}