{
    "0": [
        202387.5,
        202387.5,
        291219.15625
    ],
    "1": [
        202387.5,
        202387.5,
        291219.15625
    ],
    "2": [
        216152.828125,
        97164.1640625,
        145609.578125
    ],
    "3": [
        225325.390625,
        92975.375,
        101926.703125
    ],
    "4": [
        258037.015625,
        76875.109375,
        61156.0234375
    ],
    "5": [
        251128.859375,
        98797.78125,
        30578.01171875
    ],
    "6": [
        243185.78125,
        107592.875,
        15289.005859375
    ],
    "7": [
        240872.375,
        101204.78125,
        7644.5029296875
    ]
}