{
    "0": [
        202387.5,
        202387.5,
        291219.15625
    ],
    "1": [
        202387.5,
        202387.5,
        291219.15625
    ],
    "2": [
        195274.546875,
        209563.109375,
        145609.578125
    ],
    "3": [
        225623.390625,
        226735.625,
        101926.703125
    ],
    "4": [
        200580.90625,
        230850.625,
        61156.0234375
    ],
    "5": [
        178375.265625,
        220935.578125,
        30578.01171875
    ],
    "6": [
        186332.296875,
        216608.171875,
        15289.005859375
    ],
    "7": [
        189463.609375,
        223174.9375,
        7644.5029296875
    ],
    "8": [
        189148.984375,
        220994.0625,
        3822.25146484375
    ]
}