{
    "0": [
        202387.5,
        202387.5,
        291219.15625
    ],
    "1": [
        202387.5,
        202387.5,
        291219.15625
    ],
    "2": [
        135408.5625,
        210771.921875,
        145609.578125
    ],
    "3": [
        126724.4453125,
        239961.390625,
        101926.703125
    ],
    "4": [
        100835.0859375,
        269999.9375,
        61156.0234375
    ],
    "5": [
        124041.671875,
        276337.46875,
        30578.01171875
    ],
    "6": [
        115822.2421875,
        273586.5,
        15289.005859375
    ],
    "7": [
        109342.328125,
        271383.25,
        7644.5029296875
    ]
}