{
    "0": [
        202387.5,
        202387.5,
        291219.15625
    ],
    "1": [
        202387.5,
        202387.5,
        291219.15625
    ],
    "2": [
        289927.59375,
        227732.796875,
        145609.578125
    ],
    "3": [
        326365.125,
        227937.21875,
        101926.703125
    ],
    "4": [
        345656.28125,
        245182.421875,
        61156.0234375
    ],
    "5": [
        351847.125,
        265443.59375,
        30578.01171875
    ],
    "6": [
        350597,
        264274.53125,
        15289.005859375
    ],
    "7": [
        353427.59375,
        259541.875,
        7644.5029296875
    ]
}