{
    "0": [
        202387.5,
        202387.5,
        291219.15625
    ],
    "1": [
        202387.5,
        202387.5,
        291219.15625
    ],
    "2": [
        128036.6640625,
        126103.2109375,
        145609.578125
    ],
    "3": [
        135184.390625,
        162575.84375,
        101926.703125
    ],
    "4": [
        151851.015625,
        179581.21875,
        61156.0234375
    ],
    "5": [
        140155.1875,
        192442.578125,
        30578.01171875
    ],
    "6": [
        149178.40625,
        197287.203125,
        15289.005859375
    ],
    "7": [
        148783.953125,
        199919.640625,
        7644.5029296875
    ]
}