{
    "0": [
        202387.5,
        202387.5,
        291219.15625
    ],
    "1": [
        202387.5,
        202387.5,
        291219.15625
    ],
    "2": [
        284008.25,
        160669.28125,
        145609.578125
    ],
    "3": [
        276832.125,
        178990.546875,
        101926.703125
    ],
    "4": [
        248475.78125,
        152717.5,
        61156.0234375
    ],
    "5": [
        228330.171875,
        160572.875,
        30578.01171875
    ],
    "6": [
        238276.40625,
        154936.09375,
        15289.005859375
    ],
    "7": [
        240663.640625,
        162117.25,
        7644.5029296875
    ],
    "8": [
        238276.015625,
        162527.265625,
        3822.25146484375
    ]
}