{
    "0": [
        202387.5,
        202387.5,
        291219.15625
    ],
    "1": [
        202387.5,
        202387.5,
        291219.15625
    ],
    "2": [
        142049.09375,
        276317.0625,
        145609.578125
    ],
    "3": [
        173756.8125,
        247443.96875,
        101926.703125
    ],
    "4": [
        171895.125,
        252011.8125,
        61156.0234375
    ],
    "5": [
        160026.703125,
        232357.46875,
        30578.01171875
    ],
    "6": [
        157259.546875,
        222967.828125,
        15289.005859375
    ],
    "7": [
        152389.75,
        222236.15625,
        7644.5029296875
    ],
    "8": [
        152173.734375,
        223299.671875,
        3822.25146484375
    ]
}