{
    "0": [
        202387.5,
        202387.5,
        291219.15625
    ],
    "1": [
        202387.5,
        202387.5,
        291219.15625
    ],
    "2": [
        299355.03125,
        231616.59375,
        145609.578125
    ],
    "3": [
        325334.8125,
        245337.78125,
        101926.703125
    ],
    "4": [
        347162.65625,
        242431.375,
        61156.0234375
    ],
    "5": [
        353975.3125,
        239446.421875,
        30578.01171875
    ],
    "6": [
        358919.125,
        246543.234375,
        15289.005859375
    ],
    "7": [
        352916.40625,
        246586.328125,
        7644.5029296875
    ]
}