{
    "0": [
        202387.5,
        202387.5,
        291219.15625
    ],
    "1": [
        202387.5,
        202387.5,
        291219.15625
    ],
    "2": [
        149203.15625,
        270906.78125,
        145609.578125
    ],
    "3": [
        121106.453125,
        274397.28125,
        101926.703125
    ],
    "4": [
        97885.875,
        248413.359375,
        61156.0234375
    ],
    "5": [
        109523.21875,
        261248.140625,
        30578.01171875
    ],
    "6": [
        117263.03125,
        255353.65625,
        15289.005859375
    ],
    "7": [
        119458.0234375,
        260472.09375,
        7644.5029296875
    ],
    "8": [
        120285.6875,
        260459.8125,
        3822.25146484375
    ]
}