{
    "0": [
        202387.5,
        202387.5,
        291219.15625
    ],
    "1": [
        202387.5,
        202387.5,
        291219.15625
    ],
    "2": [
        283273.40625,
        275732.1875,
        145609.578125
    ],
    "3": [
        264131.0625,
        283382.9375,
        101926.703125
    ],
    "4": [
        279112.59375,
        309189.75,
        61156.0234375
    ],
    "5": [
        303221.46875,
        290496.25,
        30578.01171875
    ],
    "6": [
        306692.6875,
        303848.40625,
        15289.005859375
    ],
    "7": [
        308367.9375,
        305704.96875,
        7644.5029296875
    ],
    "8": [
        309479.46875,
        306371.46875,
        3822.25146484375
    ]
}