{
    "0": [
        202387.5,
        202387.5,
        291219.15625
    ],
    "1": [
        202387.5,
        202387.5,
        291219.15625
    ],
    "2": [
        102658.609375,
        261133.1875,
        145609.578125
    ],
    "3": [
        107539.234375,
        282880.53125,
        101926.703125
    ],
    "4": [
        125920.5546875,
        251046.5625,
        61156.0234375
    ],
    "5": [
        148172.125,
        242577.15625,
        30578.01171875
    ],
    "6": [
        133169.796875,
        242268.546875,
        15289.005859375
    ],
    "7": [
        130623.5,
        248899.578125,
        7644.5029296875
    ]
}