{
    "0": [
        202387.5,
        202387.5,
        291219.15625
    ],
    "1": [
        202387.5,
        202387.5,
        291219.15625
    ],
    "2": [
        297326.5625,
        238356.078125,
        145609.578125
    ],
    "3": [
        317648.625,
        201090.40625,
        101926.703125
    ],
    "4": [
        281718.65625,
        193474.53125,
        61156.0234375
    ],
    "5": [
        263953.15625,
        201482.53125,
        30578.01171875
    ],
    "6": [
        265373.0625,
        204458.015625,
        15289.005859375
    ],
    "7": [
        261304.078125,
        203093.546875,
        7644.5029296875
    ]
}