{
    "0": [
        202387.5,
        202387.5,
        291219.15625
    ],
    "1": [
        202387.5,
        202387.5,
        291219.15625
    ],
    "2": [
        90828.9375,
        219809.578125,
        145609.578125
    ],
    "3": [
        73068.1875,
        188332.09375,
        101926.703125
    ],
    "4": [
        81561.390625,
        152847.40625,
        61156.0234375
    ],
    "5": [
        94661.2890625,
        135350.375,
        30578.01171875
    ],
    "6": [
        94627.3671875,
        134984.8125,
        15289.005859375
    ],
    "7": [
        98267.0546875,
        140433.21875,
        7644.5029296875
    ],
    "8": [
        96838.359375,
        137090.796875,
        3822.25146484375
    ]
}