{
    "0": [
        202387.5,
        202387.5,
        291219.15625
    ],
    "1": [
        202387.5,
        202387.5,
        291219.15625
    ],
    "2": [
        221055.5625,
        264859.875,
        145609.578125
    ],
    "3": [
        196909.8125,
        298912.8125,
        101926.703125
    ],
    "4": [
        230526.25,
        321512.9375,
        61156.0234375
    ],
    "5": [
        208372.8125,
        331003.03125,
        30578.01171875
    ],
    "6": [
        205227.234375,
        318530.84375,
        15289.005859375
    ],
    "7": [
        209348.34375,
        323994.5625,
        7644.5029296875
    ],
    "8": [
        207041.9375,
        321303.09375,
        3822.25146484375
    ]
}