{
    "0": [
        202387.5,
        202387.5,
        291219.15625
    ],
    "1": [
        202387.5,
        202387.5,
        291219.15625
    ],
    "2": [
        236078.25,
        236006.234375,
        145609.578125
    ],
    "3": [
        219617.03125,
        261526.5,
        101926.703125
    ],
    "4": [
        218510.8125,
        282509.75,
        61156.0234375
    ],
    "5": [
        228784.859375,
        271704,
        30578.01171875
    ],
    "6": [
        229993.34375,
        286782.1875,
        15289.005859375
    ]
}