{
    "0": [
        202387.5,
        202387.5,
        291219.15625
    ],
    "1": [
        202387.5,
        202387.5,
        291219.15625
    ],
    "2": [
        139419.3125,
        197916.390625,
        145609.578125
    ],
    "3": [
        100407.734375,
        214254.015625,
        101926.703125
    ],
    "4": [
        113368.828125,
        184837.28125,
        61156.0234375
    ],
    "5": [
        104202.1015625,
        156361.390625,
        30578.01171875
    ],
    "6": [
        89887.9453125,
        155825.75,
        15289.005859375
    ],
    "7": [
        86396.578125,
        154081.5,
        7644.5029296875
    ]
}