{
    "0": [
        202387.5,
        202387.5,
        291219.15625
    ],
    "1": [
        202387.5,
        202387.5,
        291219.15625
    ],
    "2": [
        236984.765625,
        120973.4140625,
        145609.578125
    ],
    "3": [
        205274.78125,
        123384.359375,
        101926.703125
    ],
    "4": [
        205830.46875,
        159777.609375,
        61156.0234375
    ],
    "5": [
        216799.265625,
        140589.71875,
        30578.01171875
    ],
    "6": [
        220176.734375,
        127045.4609375,
        15289.005859375
    ],
    "7": [
        216008.328125,
        124298.609375,
        7644.5029296875
    ]
}