{
    "0": [
        202387.5,
        202387.5,
        291219.15625
    ],
    "1": [
        202387.5,
        202387.5,
        291219.15625
    ],
    "2": [
        193048.59375,
        254954.9375,
        145609.578125
    ],
    "3": [
        235279.265625,
        259985.421875,
        101926.703125
    ],
    "4": [
        213470.15625,
        229228.09375,
        61156.0234375
    ],
    "5": [
        230823.84375,
        210180.5625,
        30578.01171875
    ],
    "6": [
        229127.015625,
        221289.265625,
        15289.005859375
    ],
    "7": [
        232771.75,
        215476.6875,
        7644.5029296875
    ]
}