{
    "0": [
        202387.5,
        202387.5,
        291219.15625
    ],
    "1": [
        202387.5,
        202387.5,
        291219.15625
    ],
    "2": [
        123632.609375,
        282515.6875,
        145609.578125
    ],
    "3": [
        104834.1171875,
        269719.75,
        101926.703125
    ],
    "4": [
        129417.359375,
        291820.09375,
        61156.0234375
    ],
    "5": [
        136417.9375,
        296532.03125,
        30578.01171875
    ],
    "6": [
        141239.65625,
        286181.25,
        15289.005859375
    ],
    "7": [
        138065.53125,
        285700.375,
        7644.5029296875
    ]
}