{
    "0": [
        202387.5,
        202387.5,
        291219.15625
    ],
    "1": [
        202387.5,
        202387.5,
        291219.15625
    ],
    "2": [
        159449.4375,
        282163.46875,
        145609.578125
    ],
    "3": [
        128972.546875,
        255262.078125,
        101926.703125
    ],
    "4": [
        158456.203125,
        254715.28125,
        61156.0234375
    ],
    "5": [
        135296.734375,
        249219.3125,
        30578.01171875
    ],
    "6": [
        138358.8125,
        242968.53125,
        15289.005859375
    ],
    "7": [
        144712.890625,
        240573.5,
        7644.5029296875
    ]
}