{
    "0": [
        202387.5,
        202387.5,
        291219.15625
    ],
    "1": [
        202387.5,
        202387.5,
        291219.15625
    ],
    "2": [
        138896.09375,
        118923.2734375,
        145609.578125
    ],
    "3": [
        109334.6875,
        131151.109375,
        101926.703125
    ],
    "4": [
        89908.3046875,
        123016.1484375,
        61156.0234375
    ],
    "5": [
        81279.71875,
        129713.7578125,
        30578.01171875
    ],
    "6": [
        90034.4140625,
        125450.234375,
        15289.005859375
    ],
    "7": [
        85569.71875,
        127362.5234375,
        7644.5029296875
    ],
    "8": [
        85332.1953125,
        124666.9296875,
        3822.25146484375
    ]
}