{
    "0": [
        202387.5,
        202387.5,
        291219.15625
    ],
    "1": [
        202387.5,
        202387.5,
        291219.15625
    ],
    "2": [
        243250.828125,
        155929.109375,
        145609.578125
    ],
    "3": [
        265410.84375,
        177159.453125,
        101926.703125
    ],
    "4": [
        227787.0625,
        164548.484375,
        61156.0234375
    ],
    "5": [
        233410.078125,
        163547.359375,
        30578.01171875
    ],
    "6": [
        226774.828125,
        165295.96875,
        15289.005859375
    ],
    "7": [
        222702.4375,
        163795.765625,
        7644.5029296875
    ]
}