{
    "0": [
        202387.5,
        202387.5,
        291219.15625
    ],
    "1": [
        202387.5,
        202387.5,
        291219.15625
    ],
    "2": [
        160312.578125,
        176231.140625,
        145609.578125
    ],
    "3": [
        148369.625,
        137684.328125,
        101926.703125
    ],
    "4": [
        113969.90625,
        136333.84375,
        61156.0234375
    ],
    "5": [
        107305.953125,
        136812.125,
        30578.01171875
    ],
    "6": [
        104772.4296875,
        125578.3515625,
        15289.005859375
    ]
}