{
    "0": [
        202387.5,
        202387.5,
        291219.15625
    ],
    "1": [
        202387.5,
        202387.5,
        291219.15625
    ],
    "2": [
        305035.6875,
        180084.765625,
        145609.578125
    ],
    "3": [
        316096.90625,
        149080.28125,
        101926.703125
    ],
    "4": [
        351872.5,
        163180.34375,
        61156.0234375
    ],
    "5": [
        359024,
        150939.5625,
        30578.01171875
    ],
    "6": [
        358369.96875,
        161860.0625,
        15289.005859375
    ]
}