{
    "0": [
        202387.5,
        202387.5,
        291219.15625
    ],
    "1": [
        202387.5,
        202387.5,
        291219.15625
    ],
    "2": [
        250777.25,
        168329.59375,
        145609.578125
    ],
    "3": [
        257819.0625,
        158012.265625,
        101926.703125
    ],
    "4": [
        239185.34375,
        191921.9375,
        61156.0234375
    ],
    "5": [
        218517.453125,
        184793.765625,
        30578.01171875
    ],
    "6": [
        217045.875,
        199201.125,
        15289.005859375
    ]
}