{
    "0": [
        202387.5,
        202387.5,
        291219.15625
    ],
    "1": [
        202387.5,
        202387.5,
        291219.15625
    ],
    "2": [
        218551.375,
        109656.6875,
        145609.578125
    ],
    "3": [
        223227.984375,
        77233.2109375,
        101926.703125
    ],
    "4": [
        189903.3125,
        91249.984375,
        61156.0234375
    ],
    "5": [
        187370.6875,
        78069.4375,
        30578.01171875
    ],
    "6": [
        200144.015625,
        70550.671875,
        15289.005859375
    ],
    "7": [
        196835.625,
        72802.6953125,
        7644.5029296875
    ],
    "8": [
        197617.640625,
        73948.5390625,
        3822.25146484375
    ]
}