{
    "0": [
        202387.5,
        202387.5,
        291219.15625
    ],
    "1": [
        202387.5,
        202387.5,
        291219.15625
    ],
    "2": [
        127948.3515625,
        161603,
        145609.578125
    ],
    "3": [
        113784.671875,
        192592.53125,
        101926.703125
    ],
    "4": [
        113488.515625,
        153683.796875,
        61156.0234375
    ],
    "5": [
        118303.953125,
        173193.640625,
        30578.01171875
    ],
    "6": [
        121644.7421875,
        177913.609375,
        15289.005859375
    ],
    "7": [
        128109.765625,
        174340.21875,
        7644.5029296875
    ],
    "8": [
        125743.15625,
        172278.34375,
        3822.25146484375
    ]
}