{
    "0": [
        202387.5,
        202387.5,
        291219.15625
    ],
    "1": [
        202387.5,
        202387.5,
        291219.15625
    ],
    "2": [
        208200.75,
        302466.1875,
        145609.578125
    ],
    "3": [
        201733.671875,
        264497.4375,
        101926.703125
    ],
    "4": [
        228515.65625,
        262617.3125,
        61156.0234375
    ],
    "5": [
        236612.75,
        244929.0625,
        30578.01171875
    ],
    "6": [
        229955.578125,
        237155.890625,
        15289.005859375
    ]
}