{
    "0": [
        202387.5,
        202387.5,
        291219.15625
    ],
    "1": [
        202387.5,
        202387.5,
        291219.15625
    ],
    "2": [
        177509.09375,
        121627.0390625,
        145609.578125
    ],
    "3": [
        179311.53125,
        163486.3125,
        101926.703125
    ],
    "4": [
        146025.40625,
        173165.671875,
        61156.0234375
    ],
    "5": [
        126436.40625,
        158452.46875,
        30578.01171875
    ],
    "6": [
        120768.890625,
        155429,
        15289.005859375
    ],
    "7": [
        118559.46875,
        155541.328125,
        7644.5029296875
    ]
}