{
    "0": [
        202387.5,
        202387.5,
        291219.15625
    ],
    "1": [
        202387.5,
        202387.5,
        291219.15625
    ],
    "2": [
        205733.75,
        253280.25,
        145609.578125
    ],
    "3": [
        181086.25,
        256358.484375,
        101926.703125
    ],
    "4": [
        206440.3125,
        230605.546875,
        61156.0234375
    ],
    "5": [
        192438.015625,
        234545.0625,
        30578.01171875
    ],
    "6": [
        200346.890625,
        234613.59375,
        15289.005859375
    ],
    "7": [
        198479.90625,
        230231.65625,
        7644.5029296875
    ]
}