{
    "0": [
        202387.5,
        202387.5,
        291219.15625
    ],
    "1": [
        202387.5,
        202387.5,
        291219.15625
    ],
    "2": [
        288710.9375,
        221318.875,
        145609.578125
    ],
    "3": [
        278120.40625,
        224814.5625,
        101926.703125
    ],
    "4": [
        304579.5625,
        229305.4375,
        61156.0234375
    ],
    "5": [
        287826.34375,
        228122.171875,
        30578.01171875
    ],
    "6": [
        290989.03125,
        223640.5625,
        15289.005859375
    ],
    "7": [
        287816.21875,
        229903.953125,
        7644.5029296875
    ],
    "8": [
        287508.5625,
        230455.34375,
        3822.25146484375
    ]
}