{
    "0": [
        202387.5,
        202387.5,
        291219.15625
    ],
    "1": [
        202387.5,
        202387.5,
        291219.15625
    ],
    "2": [
        273669.125,
        216729.203125,
        145609.578125
    ],
    "3": [
        267436.65625,
        236492.6875,
        101926.703125
    ],
    "4": [
        234692.21875,
        222445.15625,
        61156.0234375
    ],
    "5": [
        206519.03125,
        226608.9375,
        30578.01171875
    ],
    "6": [
        201520.484375,
        236503.578125,
        15289.005859375
    ],
    "7": [
        205865.140625,
        235866.25,
        7644.5029296875
    ],
    "8": [
        204580.515625,
        236315.328125,
        3822.25146484375
    ]
}