{
    "0": [
        202387.5,
        202387.5,
        291219.15625
    ],
    "1": [
        202387.5,
        202387.5,
        291219.15625
    ],
    "2": [
        228768,
        124879.328125,
        145609.578125
    ],
    "3": [
        199474.234375,
        100615.984375,
        101926.703125
    ],
    "4": [
        194322.703125,
        129267.015625,
        61156.0234375
    ],
    "5": [
        212771.6875,
        112375.6953125,
        30578.01171875
    ],
    "6": [
        216149.890625,
        120630.796875,
        15289.005859375
    ],
    "7": [
        216932.78125,
        114225.703125,
        7644.5029296875
    ],
    "8": [
        218467.078125,
        112434.5390625,
        3822.25146484375
    ]
}