{
    "0": [
        202387.5,
        202387.5,
        291219.15625
    ],
    "1": [
        202387.5,
        202387.5,
        291219.15625
    ],
    "2": [
        242158.953125,
        103391.71875,
        145609.578125
    ],
    "3": [
        237583.3125,
        63992.37109375,
        101926.703125
    ],
    "4": [
        272311.53125,
        57151.93359375,
        61156.0234375
    ],
    "5": [
        250951.09375,
        47684.87109375,
        30578.01171875
    ],
    "6": [
        253345.453125,
        54053.19140625,
        15289.005859375
    ],
    "7": [
        253636.5,
        55009.58203125,
        7644.5029296875
    ]
}