{
    "0": [
        202387.5,
        202387.5,
        291219.15625
    ],
    "1": [
        202387.5,
        202387.5,
        291219.15625
    ],
    "2": [
        287742.96875,
        144513.3125,
        145609.578125
    ],
    "3": [
        297109.21875,
        121319.421875,
        101926.703125
    ],
    "4": [
        334986.28125,
        132394.203125,
        61156.0234375
    ],
    "5": [
        351774.875,
        148454.5625,
        30578.01171875
    ],
    "6": [
        351800.46875,
        142318.671875,
        15289.005859375
    ]
}