{
    "0": [
        202387.5,
        202387.5,
        291219.15625
    ],
    "1": [
        202387.5,
        202387.5,
        291219.15625
    ],
    "2": [
        194741.65625,
        183855.859375,
        145609.578125
    ],
    "3": [
        200775.734375,
        203792.59375,
        101926.703125
    ],
    "4": [
        198117.890625,
        222343.234375,
        61156.0234375
    ],
    "5": [
        202085.96875,
        199691.515625,
        30578.01171875
    ],
    "6": [
        201828.359375,
        191984.09375,
        15289.005859375
    ],
    "7": [
        197205.640625,
        197605.59375,
        7644.5029296875
    ],
    "8": [
        197113.59375,
        198288.59375,
        3822.25146484375
    ],
    "9": [
        196032.890625,
        198089.265625,
        1911.125732421875
    ]
}