{
    "0": [
        202387.5,
        202387.5,
        291219.15625
    ],
    "1": [
        202387.5,
        202387.5,
        291219.15625
    ],
    "2": [
        290577.375,
        208938.40625,
        145609.578125
    ],
    "3": [
        281980.4375,
        251162.625,
        101926.703125
    ],
    "4": [
        288168.78125,
        211265.9375,
        61156.0234375
    ],
    "5": [
        306791.375,
        215131.890625,
        30578.01171875
    ],
    "6": [
        309097.03125,
        215942.28125,
        15289.005859375
    ],
    "7": [
        305312.25,
        219592.796875,
        7644.5029296875
    ]
}