{
    "0": [
        202387.5,
        202387.5,
        291219.15625
    ],
    "1": [
        202387.5,
        202387.5,
        291219.15625
    ],
    "2": [
        229433.421875,
        126444.546875,
        145609.578125
    ],
    "3": [
        253921.46875,
        94329.65625,
        101926.703125
    ],
    "4": [
        241954.875,
        132226.90625,
        61156.0234375
    ],
    "5": [
        258302.1875,
        134516.28125,
        30578.01171875
    ],
    "6": [
        265825.46875,
        139001.25,
        15289.005859375
    ],
    "7": [
        260577.3125,
        139342.546875,
        7644.5029296875
    ]
}