{
    "0": [
        202387.5,
        202387.5,
        291219.15625
    ],
    "1": [
        202387.5,
        202387.5,
        291219.15625
    ],
    "2": [
        223996.34375,
        240199.25,
        145609.578125
    ],
    "3": [
        236168.203125,
        241984.609375,
        101926.703125
    ],
    "4": [
        267427.03125,
        230206.734375,
        61156.0234375
    ],
    "5": [
        254086.59375,
        216239.03125,
        30578.01171875
    ],
    "6": [
        240300.765625,
        216519.265625,
        15289.005859375
    ],
    "7": [
        242525.09375,
        215476.28125,
        7644.5029296875
    ],
    "8": [
        242292.78125,
        217586.609375,
        3822.25146484375
    ]
}