{
    "0": [
        202387.5,
        202387.5,
        291219.15625
    ],
    "1": [
        202387.5,
        202387.5,
        291219.15625
    ],
    "2": [
        158691.375,
        155007.375,
        145609.578125
    ],
    "3": [
        121809.3125,
        158590.546875,
        101926.703125
    ],
    "4": [
        87515.8046875,
        162183.515625,
        61156.0234375
    ],
    "5": [
        111726.6875,
        165052.703125,
        30578.01171875
    ],
    "6": [
        108665.6875,
        179850.65625,
        15289.005859375
    ]
}