{
    "0": [
        202387.5,
        202387.5,
        291219.15625
    ],
    "1": [
        202387.5,
        202387.5,
        291219.15625
    ],
    "2": [
        153137.796875,
        156712.53125,
        145609.578125
    ],
    "3": [
        136946.046875,
        117786.5,
        101926.703125
    ],
    "4": [
        114111.2265625,
        134848.96875,
        61156.0234375
    ],
    "5": [
        117315.140625,
        145541.8125,
        30578.01171875
    ],
    "6": [
        124118.96875,
        152917.390625,
        15289.005859375
    ],
    "7": [
        127595.3671875,
        149956.96875,
        7644.5029296875
    ]
}