{
    "0": [
        202387.5,
        202387.5,
        291219.15625
    ],
    "1": [
        202387.5,
        202387.5,
        291219.15625
    ],
    "2": [
        185641.09375,
        188173.875,
        145609.578125
    ],
    "3": [
        154531.9375,
        185498.875,
        101926.703125
    ],
    "4": [
        162093.390625,
        149997,
        61156.0234375
    ],
    "5": [
        149549.75,
        167155.59375,
        30578.01171875
    ],
    "6": [
        147911.640625,
        171148.34375,
        15289.005859375
    ],
    "7": [
        148189.703125,
        169472.859375,
        7644.5029296875
    ]
}