{
    "0": [
        202387.5,
        202387.5,
        291219.15625
    ],
    "1": [
        202387.5,
        202387.5,
        291219.15625
    ],
    "2": [
        277807.03125,
        278622.1875,
        145609.578125
    ],
    "3": [
        293699.03125,
        274790.09375,
        101926.703125
    ],
    "4": [
        322692.96875,
        273637.875,
        61156.0234375
    ],
    "5": [
        317172.625,
        263531.4375,
        30578.01171875
    ],
    "6": [
        308785.09375,
        269436,
        15289.005859375
    ],
    "7": [
        309439.03125,
        274084,
        7644.5029296875
    ],
    "8": [
        312018.125,
        276017.5625,
        3822.25146484375
    ]
}