{
    "0": [
        202387.5,
        202387.5,
        291219.15625
    ],
    "1": [
        202387.5,
        202387.5,
        291219.15625
    ],
    "2": [
        271158.78125,
        253347.8125,
        145609.578125
    ],
    "3": [
        264912.09375,
        240157.125,
        101926.703125
    ],
    "4": [
        256516.703125,
        248359.40625,
        61156.0234375
    ],
    "5": [
        269466.1875,
        242111.0625,
        30578.01171875
    ],
    "6": [
        256497.109375,
        237278.375,
        15289.005859375
    ],
    "7": [
        259282.453125,
        239121.421875,
        7644.5029296875
    ],
    "8": [
        258683.90625,
        236481,
        3822.25146484375
    ]
}