{
    "0": [
        202387.5,
        202387.5,
        291219.15625
    ],
    "1": [
        202387.5,
        202387.5,
        291219.15625
    ],
    "2": [
        106072.5859375,
        212818,
        145609.578125
    ],
    "3": [
        81786.96875,
        221483.578125,
        101926.703125
    ],
    "4": [
        115319.453125,
        199577.90625,
        61156.0234375
    ],
    "5": [
        113795.7265625,
        214729.359375,
        30578.01171875
    ],
    "6": [
        118833.921875,
        205868.5,
        15289.005859375
    ],
    "7": [
        115479.0859375,
        200736.046875,
        7644.5029296875
    ]
}