{
    "0": [
        202387.5,
        202387.5,
        291219.15625
    ],
    "1": [
        202387.5,
        202387.5,
        291219.15625
    ],
    "2": [
        129145.1015625,
        143767.8125,
        145609.578125
    ],
    "3": [
        99133.8125,
        130187.40625,
        101926.703125
    ],
    "4": [
        120340.03125,
        154454.65625,
        61156.0234375
    ],
    "5": [
        140356.296875,
        150272.03125,
        30578.01171875
    ],
    "6": [
        130593.0625,
        159784.46875,
        15289.005859375
    ],
    "7": [
        132790.875,
        157273.59375,
        7644.5029296875
    ],
    "8": [
        132631.6875,
        160011.21875,
        3822.25146484375
    ]
}