{
    "0": [
        202387.5,
        202387.5,
        291219.15625
    ],
    "1": [
        202387.5,
        202387.5,
        291219.15625
    ],
    "2": [
        234825.109375,
        157704.90625,
        145609.578125
    ],
    "3": [
        261176.140625,
        192446.609375,
        101926.703125
    ],
    "4": [
        239697.828125,
        164727.765625,
        61156.0234375
    ],
    "5": [
        217974.5625,
        144678.734375,
        30578.01171875
    ]
}