{
    "0": [
        202387.5,
        202387.5,
        291219.15625
    ],
    "1": [
        202387.5,
        202387.5,
        291219.15625
    ],
    "2": [
        188450.28125,
        180176.375,
        145609.578125
    ],
    "3": [
        217564.65625,
        187116.65625,
        101926.703125
    ],
    "4": [
        183553.28125,
        206390.375,
        61156.0234375
    ],
    "5": [
        174168.375,
        203361.71875,
        30578.01171875
    ],
    "6": [
        177774.859375,
        188558.921875,
        15289.005859375
    ],
    "7": [
        181396.78125,
        191710.515625,
        7644.5029296875
    ]
}