{
    "0": [
        202387.5,
        202387.5,
        291219.15625
    ],
    "1": [
        202387.5,
        202387.5,
        291219.15625
    ],
    "2": [
        263331.84375,
        272408.09375,
        145609.578125
    ],
    "3": [
        292669.28125,
        295711.875,
        101926.703125
    ],
    "4": [
        320137.96875,
        272897.96875,
        61156.0234375
    ],
    "5": [
        331296.625,
        285149.9375,
        30578.01171875
    ],
    "6": [
        334613.96875,
        277938.28125,
        15289.005859375
    ],
    "7": [
        333596.53125,
        277214.84375,
        7644.5029296875
    ]
}