{
    "0": [
        202387.5,
        202387.5,
        291219.15625
    ],
    "1": [
        202387.5,
        202387.5,
        291219.15625
    ],
    "2": [
        138457.421875,
        256908.734375,
        145609.578125
    ],
    "3": [
        158202.875,
        292141.09375,
        101926.703125
    ],
    "4": [
        184545.59375,
        320764.65625,
        61156.0234375
    ],
    "5": [
        159762.234375,
        318923.375,
        30578.01171875
    ],
    "6": [
        158157.203125,
        322958.25,
        15289.005859375
    ],
    "7": [
        152048.390625,
        326182.5,
        7644.5029296875
    ]
}