{
    "0": [
        202387.5,
        202387.5,
        291219.15625
    ],
    "1": [
        202387.5,
        202387.5,
        291219.15625
    ],
    "2": [
        267814.75,
        144039.484375,
        145609.578125
    ],
    "3": [
        278908.6875,
        103143.515625,
        101926.703125
    ],
    "4": [
        317919.4375,
        113414.375,
        61156.0234375
    ],
    "5": [
        317324.21875,
        117508.6484375,
        30578.01171875
    ],
    "6": [
        329845.625,
        114181.125,
        15289.005859375
    ],
    "7": [
        325044.46875,
        110908.46875,
        7644.5029296875
    ],
    "8": [
        327855.96875,
        110523.28125,
        3822.25146484375
    ]
}