{
    "0": [
        202387.5,
        202387.5,
        291219.15625
    ],
    "1": [
        202387.5,
        202387.5,
        291219.15625
    ],
    "2": [
        137144.375,
        195845.234375,
        145609.578125
    ],
    "3": [
        149836.421875,
        154943.984375,
        101926.703125
    ],
    "4": [
        133212.9375,
        124736.15625,
        61156.0234375
    ],
    "5": [
        142186.203125,
        129144.9453125,
        30578.01171875
    ],
    "6": [
        142262.90625,
        116794.9296875,
        15289.005859375
    ],
    "7": [
        146253.984375,
        111080.8671875,
        7644.5029296875
    ]
}