{
    "0": [
        202387.5,
        202387.5,
        291219.15625
    ],
    "1": [
        202387.5,
        202387.5,
        291219.15625
    ],
    "2": [
        108591,
        218187.609375,
        145609.578125
    ],
    "3": [
        144898.71875,
        242302.96875,
        101926.703125
    ],
    "4": [
        163285.78125,
        246719.21875,
        61156.0234375
    ],
    "5": [
        167154.625,
        253574.390625,
        30578.01171875
    ],
    "6": [
        156195.328125,
        258952.140625,
        15289.005859375
    ],
    "7": [
        157966.375,
        260409.15625,
        7644.5029296875
    ]
}