{
    "0": [
        202387.5,
        202387.5,
        291219.15625
    ],
    "1": [
        202387.5,
        202387.5,
        291219.15625
    ],
    "2": [
        167758.125,
        258555.65625,
        145609.578125
    ],
    "3": [
        139398.625,
        263813.75,
        101926.703125
    ],
    "4": [
        151458.1875,
        297744.6875,
        61156.0234375
    ],
    "5": [
        134128.5625,
        295759.53125,
        30578.01171875
    ],
    "6": [
        137094.09375,
        304382.46875,
        15289.005859375
    ],
    "7": [
        133314.6875,
        308253.5,
        7644.5029296875
    ],
    "8": [
        132490.625,
        307213.21875,
        3822.25146484375
    ]
}