{
    "0": [
        202387.5,
        202387.5,
        291219.15625
    ],
    "1": [
        202387.5,
        202387.5,
        291219.15625
    ],
    "2": [
        312296.65625,
        179258.25,
        145609.578125
    ],
    "3": [
        298692.5,
        186441.09375,
        101926.703125
    ],
    "4": [
        334950.40625,
        173457.828125,
        61156.0234375
    ],
    "5": [
        358055.96875,
        173088.59375,
        30578.01171875
    ],
    "6": [
        348462.0625,
        179981.515625,
        15289.005859375
    ],
    "7": [
        355570.625,
        181147.5,
        7644.5029296875
    ],
    "8": [
        356454.9375,
        181113.609375,
        3822.25146484375
    ]
}