{
    "0": [
        202387.5,
        202387.5,
        291219.15625
    ],
    "1": [
        202387.5,
        202387.5,
        291219.15625
    ],
    "2": [
        253776.125,
        187669.734375,
        145609.578125
    ],
    "3": [
        265405.25,
        153760.03125,
        101926.703125
    ],
    "4": [
        253592.484375,
        183485.515625,
        61156.0234375
    ],
    "5": [
        267269.65625,
        164358.078125,
        30578.01171875
    ],
    "6": [
        281937.5625,
        166656.140625,
        15289.005859375
    ],
    "7": [
        277004.25,
        171399.78125,
        7644.5029296875
    ]
}