{
    "0": [
        202387.5,
        202387.5,
        291219.15625
    ],
    "1": [
        202387.5,
        202387.5,
        291219.15625
    ],
    "2": [
        141696.875,
        216482.609375,
        145609.578125
    ],
    "3": [
        137570.578125,
        191330.015625,
        101926.703125
    ],
    "4": [
        157463.265625,
        201320.34375,
        61156.0234375
    ],
    "5": [
        141649.171875,
        194606.453125,
        30578.01171875
    ],
    "6": [
        142599.890625,
        199186.84375,
        15289.005859375
    ],
    "7": [
        143967.234375,
        194091.59375,
        7644.5029296875
    ],
    "8": [
        146371.109375,
        193696.203125,
        3822.25146484375
    ]
}