{
    "0": [
        202387.5,
        202387.5,
        291219.15625
    ],
    "1": [
        202387.5,
        202387.5,
        291219.15625
    ],
    "2": [
        96016.265625,
        183869.828125,
        145609.578125
    ],
    "3": [
        68714.453125,
        157111.4375,
        101926.703125
    ],
    "4": [
        75818.796875,
        186699.234375,
        61156.0234375
    ],
    "5": [
        61161.06640625,
        180340.875,
        30578.01171875
    ],
    "6": [
        53639.68359375,
        177791.421875,
        15289.005859375
    ],
    "7": [
        55914.3125,
        180520.3125,
        7644.5029296875
    ]
}