{
    "0": [
        202387.5,
        202387.5,
        291219.15625
    ],
    "1": [
        202387.5,
        202387.5,
        291219.15625
    ],
    "2": [
        271349.53125,
        115751.375,
        145609.578125
    ],
    "3": [
        259240.25,
        129611.4921875,
        101926.703125
    ],
    "4": [
        271272.59375,
        119722.1015625,
        61156.0234375
    ],
    "5": [
        282516.25,
        99394.3515625,
        30578.01171875
    ],
    "6": [
        277376.0625,
        94066.7734375,
        15289.005859375
    ]
}