{
    "0": [
        202387.5,
        202387.5,
        291219.15625
    ],
    "1": [
        202387.5,
        202387.5,
        291219.15625
    ],
    "2": [
        103564.8046875,
        189304.015625,
        145609.578125
    ],
    "3": [
        78386.921875,
        186036.34375,
        101926.703125
    ],
    "4": [
        55823.8359375,
        219174.71875,
        61156.0234375
    ],
    "5": [
        66778.078125,
        216013.6875,
        30578.01171875
    ],
    "6": [
        71658.1015625,
        213781.8125,
        15289.005859375
    ],
    "7": [
        70480.8828125,
        220019.28125,
        7644.5029296875
    ]
}