{
    "0": [
        202387.5,
        202387.5,
        291219.15625
    ],
    "1": [
        202387.5,
        202387.5,
        291219.15625
    ],
    "2": [
        93146.6640625,
        174900.5625,
        145609.578125
    ],
    "3": [
        90301.4453125,
        152434.015625,
        101926.703125
    ],
    "4": [
        91492.234375,
        145753.59375,
        61156.0234375
    ],
    "5": [
        76227.0703125,
        127352.40625,
        30578.01171875
    ],
    "6": [
        78987.3203125,
        135354.375,
        15289.005859375
    ],
    "7": [
        80587.5703125,
        135720.09375,
        7644.5029296875
    ],
    "8": [
        77826.6171875,
        133378.015625,
        3822.25146484375
    ],
    "9": [
        77289.9375,
        133972.125,
        1911.125732421875
    ]
}