{
    "0": [
        202387.5,
        202387.5,
        291219.15625
    ],
    "1": [
        202387.5,
        202387.5,
        291219.15625
    ],
    "2": [
        119724.3671875,
        152862.921875,
        145609.578125
    ],
    "3": [
        123516.1015625,
        180201.359375,
        101926.703125
    ],
    "4": [
        84180.75,
        179850.171875,
        61156.0234375
    ],
    "5": [
        102007.5390625,
        180727.578125,
        30578.01171875
    ],
    "6": [
        95460.4375,
        187797.40625,
        15289.005859375
    ],
    "7": [
        94658.7421875,
        187635.65625,
        7644.5029296875
    ]
}