{
    "0": [
        202387.5,
        202387.5,
        291219.15625
    ],
    "1": [
        202387.5,
        202387.5,
        291219.15625
    ],
    "2": [
        112332.515625,
        179523.53125,
        145609.578125
    ],
    "3": [
        116105.59375,
        148778.265625,
        101926.703125
    ],
    "4": [
        91306.4609375,
        118489.5,
        61156.0234375
    ],
    "5": [
        119127.546875,
        115138.625,
        30578.01171875
    ],
    "6": [
        111535.609375,
        107816.6171875,
        15289.005859375
    ],
    "7": [
        108803.4609375,
        108903.1484375,
        7644.5029296875
    ]
}