{
    "0": [
        202387.5,
        202387.5,
        291219.15625
    ],
    "1": [
        202387.5,
        202387.5,
        291219.15625
    ],
    "2": [
        226751.15625,
        178149.09375,
        145609.578125
    ],
    "3": [
        234484.703125,
        199863.53125,
        101926.703125
    ],
    "4": [
        235424.203125,
        171548.203125,
        61156.0234375
    ],
    "5": [
        230451.65625,
        191327.96875,
        30578.01171875
    ],
    "6": [
        227009.359375,
        178881.390625,
        15289.005859375
    ],
    "7": [
        227152.609375,
        173372.171875,
        7644.5029296875
    ],
    "8": [
        227767.21875,
        173191.171875,
        3822.25146484375
    ]
}