{
    "0": [
        202387.5,
        202387.5,
        291219.15625
    ],
    "1": [
        202387.5,
        202387.5,
        291219.15625
    ],
    "2": [
        202926.578125,
        234903.015625,
        145609.578125
    ],
    "3": [
        214619.078125,
        236494.328125,
        101926.703125
    ],
    "4": [
        219493.515625,
        233588.765625,
        61156.0234375
    ],
    "5": [
        245061.765625,
        219910.171875,
        30578.01171875
    ],
    "6": [
        240842.578125,
        216226.90625,
        15289.005859375
    ]
}