{
    "0": [
        202387.5,
        202387.5,
        291219.15625
    ],
    "1": [
        202387.5,
        202387.5,
        291219.15625
    ],
    "2": [
        264216.9375,
        223533.375,
        145609.578125
    ],
    "3": [
        260728.9375,
        204078.21875,
        101926.703125
    ],
    "4": [
        280784.15625,
        228365.734375,
        61156.0234375
    ],
    "5": [
        309336.875,
        235460,
        30578.01171875
    ],
    "6": [
        300178.96875,
        239367.390625,
        15289.005859375
    ],
    "7": [
        298517.03125,
        239530.109375,
        7644.5029296875
    ],
    "8": [
        296404.40625,
        239921.84375,
        3822.25146484375
    ],
    "9": [
        295927.4375,
        239005.734375,
        1911.125732421875
    ]
}