{
    "0": [
        202387.5,
        202387.5,
        291219.15625
    ],
    "1": [
        202387.5,
        202387.5,
        291219.15625
    ],
    "2": [
        139484.53125,
        180631.34375,
        145609.578125
    ],
    "3": [
        138152.3125,
        189288.21875,
        101926.703125
    ],
    "4": [
        135689.671875,
        209249.6875,
        61156.0234375
    ],
    "5": [
        120367.5859375,
        193865.890625,
        30578.01171875
    ],
    "6": [
        112466.2734375,
        200435.890625,
        15289.005859375
    ],
    "7": [
        110347.15625,
        198186.8125,
        7644.5029296875
    ],
    "8": [
        113947.25,
        197114.40625,
        3822.25146484375
    ]
}