{
    "0": [
        202387.5,
        202387.5,
        291219.15625
    ],
    "1": [
        202387.5,
        202387.5,
        291219.15625
    ],
    "2": [
        300166.875,
        191536.296875,
        145609.578125
    ],
    "3": [
        338580.4375,
        183661.328125,
        101926.703125
    ],
    "4": [
        369040.625,
        181101.65625,
        61156.0234375
    ],
    "5": [
        373791.625,
        156422.484375,
        30578.01171875
    ],
    "6": [
        370336.9375,
        157810.21875,
        15289.005859375
    ],
    "7": [
        370925.09375,
        161272.5,
        7644.5029296875
    ]
}