{
    "0": [
        202387.5,
        202387.5,
        291219.15625
    ],
    "1": [
        202387.5,
        202387.5,
        291219.15625
    ],
    "2": [
        149941.625,
        238713.640625,
        145609.578125
    ],
    "3": [
        123549.2734375,
        207238.796875,
        101926.703125
    ],
    "4": [
        85422.6015625,
        220297.25,
        61156.0234375
    ],
    "5": [
        107414.7421875,
        219715.84375,
        30578.01171875
    ],
    "6": [
        117381.8984375,
        218480.546875,
        15289.005859375
    ]
}