{
    "0": [
        202387.5,
        202387.5,
        291219.15625
    ],
    "1": [
        202387.5,
        202387.5,
        291219.15625
    ],
    "2": [
        169622.84375,
        253206.90625,
        145609.578125
    ],
    "3": [
        140585.90625,
        231711.296875,
        101926.703125
    ],
    "4": [
        113122.109375,
        210361.625,
        61156.0234375
    ],
    "5": [
        85541.4375,
        200271.765625,
        30578.01171875
    ],
    "6": [
        86788.03125,
        185121.71875,
        15289.005859375
    ],
    "7": [
        81131.4765625,
        183518.609375,
        7644.5029296875
    ]
}