{
    "0": [
        202387.5,
        202387.5,
        291219.15625
    ],
    "1": [
        202387.5,
        202387.5,
        291219.15625
    ],
    "2": [
        208346.40625,
        189880.21875,
        145609.578125
    ],
    "3": [
        246226.953125,
        210558.171875,
        101926.703125
    ],
    "4": [
        213820.4375,
        208275.9375,
        61156.0234375
    ],
    "5": [
        183479.140625,
        206065.5,
        30578.01171875
    ],
    "6": [
        194265.140625,
        203649.3125,
        15289.005859375
    ],
    "7": [
        191566.953125,
        197911.78125,
        7644.5029296875
    ],
    "8": [
        193219.0625,
        198905.15625,
        3822.25146484375
    ]
}