{
    "0": [
        202387.5,
        202387.5,
        291219.15625
    ],
    "1": [
        202387.5,
        202387.5,
        291219.15625
    ],
    "2": [
        248015.28125,
        102443.65625,
        145609.578125
    ],
    "3": [
        239087.6875,
        62564.83203125,
        101926.703125
    ],
    "4": [
        220862.453125,
        95742.5859375,
        61156.0234375
    ],
    "5": [
        238243.6875,
        94163.078125,
        30578.01171875
    ],
    "6": [
        235040.921875,
        81225.9453125,
        15289.005859375
    ],
    "7": [
        234721.40625,
        82238.53125,
        7644.5029296875
    ]
}