{
    "0": [
        202387.5,
        202387.5,
        291219.15625
    ],
    "1": [
        202387.5,
        202387.5,
        291219.15625
    ],
    "2": [
        104612.0234375,
        215841.46875,
        145609.578125
    ],
    "3": [
        125351.0546875,
        206611.296875,
        101926.703125
    ],
    "4": [
        94824.109375,
        192036.9375,
        61156.0234375
    ],
    "5": [
        102607.6875,
        182665.71875,
        30578.01171875
    ],
    "6": [
        103837.484375,
        184644.828125,
        15289.005859375
    ],
    "7": [
        99406.453125,
        182889.84375,
        7644.5029296875
    ],
    "8": [
        98216.046875,
        182822.9375,
        3822.25146484375
    ]
}