{
    "0": [
        202387.5,
        202387.5,
        291219.15625
    ],
    "1": [
        202387.5,
        202387.5,
        291219.15625
    ],
    "2": [
        100162.2109375,
        167816.640625,
        145609.578125
    ],
    "3": [
        112791.9765625,
        203939.359375,
        101926.703125
    ],
    "4": [
        118704.109375,
        185848.59375,
        61156.0234375
    ],
    "5": [
        146831.984375,
        180391.859375,
        30578.01171875
    ],
    "6": [
        158482.734375,
        178878.859375,
        15289.005859375
    ],
    "7": [
        161049.125,
        174233.828125,
        7644.5029296875
    ]
}