{
    "0": [
        202387.5,
        202387.5,
        291219.15625
    ],
    "1": [
        202387.5,
        202387.5,
        291219.15625
    ],
    "2": [
        141860.046875,
        111027.34375,
        145609.578125
    ],
    "3": [
        177687.265625,
        113230.5,
        101926.703125
    ],
    "4": [
        159897.21875,
        138047.15625,
        61156.0234375
    ],
    "5": [
        132383.046875,
        140022.265625,
        30578.01171875
    ],
    "6": [
        130588.234375,
        153428.203125,
        15289.005859375
    ],
    "7": [
        127285.375,
        157554.9375,
        7644.5029296875
    ],
    "8": [
        127032.8828125,
        157902.28125,
        3822.25146484375
    ]
}