{
    "0": [
        202387.5,
        202387.5,
        291219.15625
    ],
    "1": [
        202387.5,
        202387.5,
        291219.15625
    ],
    "2": [
        251499.9375,
        186532.03125,
        145609.578125
    ],
    "3": [
        248273.0625,
        151741.828125,
        101926.703125
    ],
    "4": [
        231666.015625,
        148933.265625,
        61156.0234375
    ],
    "5": [
        248055.75,
        134653.734375,
        30578.01171875
    ],
    "6": [
        239581.234375,
        134693.640625,
        15289.005859375
    ],
    "7": [
        245507.796875,
        130503.03125,
        7644.5029296875
    ],
    "8": [
        242264.046875,
        129355.640625,
        3822.25146484375
    ]
}