{
    "0": [
        202387.5,
        202387.5,
        291219.15625
    ],
    "1": [
        202387.5,
        202387.5,
        291219.15625
    ],
    "2": [
        196497.578125,
        145664.640625,
        145609.578125
    ],
    "3": [
        183969.484375,
        174797.59375,
        101926.703125
    ],
    "4": [
        160440.125,
        158087.3125,
        61156.0234375
    ],
    "5": [
        174023.671875,
        184189.046875,
        30578.01171875
    ],
    "6": [
        185578.984375,
        180139.25,
        15289.005859375
    ],
    "7": [
        181955,
        185033.078125,
        7644.5029296875
    ]
}