{
    "0": [
        202387.5,
        202387.5,
        291219.15625
    ],
    "1": [
        202387.5,
        202387.5,
        291219.15625
    ],
    "2": [
        161839.265625,
        176747.4375,
        145609.578125
    ],
    "3": [
        138943.984375,
        209006.734375,
        101926.703125
    ],
    "4": [
        146948.578125,
        195871.125,
        61156.0234375
    ],
    "5": [
        146012.703125,
        166417.84375,
        30578.01171875
    ],
    "6": [
        155625,
        175103.90625,
        15289.005859375
    ]
}