{
    "0": [
        202387.5,
        202387.5,
        291219.15625
    ],
    "1": [
        202387.5,
        202387.5,
        291219.15625
    ],
    "2": [
        204640.921875,
        119503.46875,
        145609.578125
    ],
    "3": [
        223876.984375,
        93412.4375,
        101926.703125
    ],
    "4": [
        228425.421875,
        70418.96875,
        61156.0234375
    ],
    "5": [
        242211.15625,
        77999.890625,
        30578.01171875
    ],
    "6": [
        246645.15625,
        71611.234375,
        15289.005859375
    ],
    "7": [
        241990.71875,
        70358.8359375,
        7644.5029296875
    ],
    "8": [
        240208.375,
        69238.453125,
        3822.25146484375
    ]
}