{
    "0": [
        202387.5,
        202387.5,
        291219.15625
    ],
    "1": [
        202387.5,
        202387.5,
        291219.15625
    ],
    "2": [
        233779.375,
        271072.53125,
        145609.578125
    ],
    "3": [
        245741.9375,
        234668.4375,
        101926.703125
    ],
    "4": [
        246447.421875,
        193931.484375,
        61156.0234375
    ],
    "5": [
        257095.765625,
        194228.6875,
        30578.01171875
    ]
}