{
    "0": [
        202387.5,
        202387.5,
        291219.15625
    ],
    "1": [
        202387.5,
        202387.5,
        291219.15625
    ],
    "2": [
        158713.09375,
        198736.265625,
        145609.578125
    ],
    "3": [
        194577.046875,
        194227.046875,
        101926.703125
    ],
    "4": [
        155910.734375,
        187414.359375,
        61156.0234375
    ],
    "5": [
        132221.21875,
        201727.15625,
        30578.01171875
    ],
    "6": [
        119568.3515625,
        206889.015625,
        15289.005859375
    ]
}