{
    "0": [
        202387.5,
        202387.5,
        291219.15625
    ],
    "1": [
        202387.5,
        202387.5,
        291219.15625
    ],
    "2": [
        144677.53125,
        251825.359375,
        145609.578125
    ],
    "3": [
        124881.7890625,
        226995.796875,
        101926.703125
    ],
    "4": [
        141451.6875,
        197423.296875,
        61156.0234375
    ],
    "5": [
        150402.609375,
        196519.15625,
        30578.01171875
    ],
    "6": [
        157888.34375,
        194481.046875,
        15289.005859375
    ],
    "7": [
        150941.90625,
        195815.1875,
        7644.5029296875
    ],
    "8": [
        154094.296875,
        195400.09375,
        3822.25146484375
    ]
}