{
    "0": [
        202387.5,
        202387.5,
        291219.15625
    ],
    "1": [
        202387.5,
        202387.5,
        291219.15625
    ],
    "2": [
        137006.59375,
        192257.171875,
        145609.578125
    ],
    "3": [
        164129.921875,
        178810.828125,
        101926.703125
    ],
    "4": [
        170821.453125,
        218882.484375,
        61156.0234375
    ],
    "5": [
        198666.5,
        210724.71875,
        30578.01171875
    ],
    "6": [
        196852.125,
        196999.640625,
        15289.005859375
    ],
    "7": [
        198121.125,
        197033.71875,
        7644.5029296875
    ]
}