{
    "0": [
        202387.5,
        202387.5,
        291219.15625
    ],
    "1": [
        202387.5,
        202387.5,
        291219.15625
    ],
    "2": [
        299590,
        229272.515625,
        145609.578125
    ],
    "3": [
        296039.9375,
        186288.40625,
        101926.703125
    ],
    "4": [
        326477.40625,
        164050.78125,
        61156.0234375
    ],
    "5": [
        312992.65625,
        144770.890625,
        30578.01171875
    ],
    "6": [
        319071.90625,
        133297.046875,
        15289.005859375
    ],
    "7": [
        320711.46875,
        139189.03125,
        7644.5029296875
    ],
    "8": [
        319034.5625,
        140520.15625,
        3822.25146484375
    ]
}