{
    "0": [
        202387.5,
        202387.5,
        291219.15625
    ],
    "1": [
        202387.5,
        202387.5,
        291219.15625
    ],
    "2": [
        159433.25,
        142964.9375,
        145609.578125
    ],
    "3": [
        160603.4375,
        183025.984375,
        101926.703125
    ],
    "4": [
        134590.359375,
        194267.421875,
        61156.0234375
    ],
    "5": [
        122922.5703125,
        178456.203125,
        30578.01171875
    ],
    "6": [
        122102.109375,
        186850.59375,
        15289.005859375
    ]
}