{
    "0": [
        202387.5,
        202387.5,
        291219.15625
    ],
    "1": [
        202387.5,
        202387.5,
        291219.15625
    ],
    "2": [
        126688.2421875,
        206452.78125,
        145609.578125
    ],
    "3": [
        95779.546875,
        217057.328125,
        101926.703125
    ],
    "4": [
        87931.5625,
        192521.78125,
        61156.0234375
    ],
    "5": [
        88075.15625,
        211964.6875,
        30578.01171875
    ],
    "6": [
        91660.03125,
        204944.640625,
        15289.005859375
    ],
    "7": [
        96195.1328125,
        207513.53125,
        7644.5029296875
    ]
}