{
    "0": [
        202387.5,
        202387.5,
        291219.15625
    ],
    "1": [
        202387.5,
        202387.5,
        291219.15625
    ],
    "2": [
        204860.625,
        300014.5625,
        145609.578125
    ],
    "3": [
        182258.859375,
        331575.875,
        101926.703125
    ],
    "4": [
        161346.390625,
        334931.71875,
        61156.0234375
    ],
    "5": [
        158460.46875,
        346647.75,
        30578.01171875
    ],
    "6": [
        162688.34375,
        344451.0625,
        15289.005859375
    ],
    "7": [
        166670.96875,
        347667.21875,
        7644.5029296875
    ]
}