{
    "0": [
        202387.5,
        202387.5,
        291219.15625
    ],
    "1": [
        202387.5,
        202387.5,
        291219.15625
    ],
    "2": [
        250097.6875,
        157550.0625,
        145609.578125
    ],
    "3": [
        258828.15625,
        139980.25,
        101926.703125
    ],
    "4": [
        231513.484375,
        141099.015625,
        61156.0234375
    ],
    "5": [
        225316.234375,
        136950,
        30578.01171875
    ],
    "6": [
        223496.609375,
        128525.78125,
        15289.005859375
    ],
    "7": [
        217094.703125,
        126001.6796875,
        7644.5029296875
    ]
}