{
    "0": [
        202387.5,
        202387.5,
        291219.15625
    ],
    "1": [
        202387.5,
        202387.5,
        291219.15625
    ],
    "2": [
        256537.015625,
        220804.53125,
        145609.578125
    ],
    "3": [
        245957.1875,
        251045.4375,
        101926.703125
    ],
    "4": [
        258383.40625,
        222937.234375,
        61156.0234375
    ],
    "5": [
        236374.421875,
        235934.359375,
        30578.01171875
    ],
    "6": [
        230713.609375,
        247870.59375,
        15289.005859375
    ],
    "7": [
        229485.65625,
        244746.578125,
        7644.5029296875
    ]
}