{
    "0": [
        202387.5,
        202387.5,
        291219.15625
    ],
    "1": [
        202387.5,
        202387.5,
        291219.15625
    ],
    "2": [
        149646.8125,
        112163.265625,
        145609.578125
    ],
    "3": [
        183752,
        89374.4921875,
        101926.703125
    ],
    "4": [
        205856.65625,
        75252.2890625,
        61156.0234375
    ],
    "5": [
        228094.546875,
        86214.6796875,
        30578.01171875
    ],
    "6": [
        226841.609375,
        82558.5390625,
        15289.005859375
    ],
    "7": [
        220457.125,
        78829.296875,
        7644.5029296875
    ],
    "8": [
        222783.4375,
        80413.46875,
        3822.25146484375
    ]
}