{
    "0": [
        202387.5,
        202387.5,
        291219.15625
    ],
    "1": [
        202387.5,
        202387.5,
        291219.15625
    ],
    "2": [
        247972.234375,
        192114.8125,
        145609.578125
    ],
    "3": [
        256093.328125,
        171459,
        101926.703125
    ],
    "4": [
        282299.8125,
        175883.3125,
        61156.0234375
    ],
    "5": [
        276388.46875,
        159318.9375,
        30578.01171875
    ],
    "6": [
        285363,
        170420.859375,
        15289.005859375
    ],
    "7": [
        287989.6875,
        168426.109375,
        7644.5029296875
    ]
}