{
    "0": [
        202387.5,
        202387.5,
        291219.15625
    ],
    "1": [
        202387.5,
        202387.5,
        291219.15625
    ],
    "2": [
        188340.03125,
        225286.921875,
        145609.578125
    ],
    "3": [
        199985.96875,
        211614.5,
        101926.703125
    ],
    "4": [
        169103.34375,
        227227.140625,
        61156.0234375
    ],
    "5": [
        195285.28125,
        239876.09375,
        30578.01171875
    ],
    "6": [
        184524.484375,
        232477.15625,
        15289.005859375
    ],
    "7": [
        191024.46875,
        233420.5625,
        7644.5029296875
    ],
    "8": [
        192957.625,
        236489.21875,
        3822.25146484375
    ]
}