{
    "0": [
        202387.5,
        202387.5,
        291219.15625
    ],
    "1": [
        202387.5,
        202387.5,
        291219.15625
    ],
    "2": [
        182979.203125,
        290703.1875,
        145609.578125
    ],
    "3": [
        150923.421875,
        296939.96875,
        101926.703125
    ],
    "4": [
        175431.421875,
        267534.59375,
        61156.0234375
    ],
    "5": [
        198517.375,
        255147.546875,
        30578.01171875
    ],
    "6": [
        206288.578125,
        250532.75,
        15289.005859375
    ]
}