{
    "0": [
        202387.5,
        202387.5,
        291219.15625
    ],
    "1": [
        202387.5,
        202387.5,
        291219.15625
    ],
    "2": [
        288772.21875,
        165641.984375,
        145609.578125
    ],
    "3": [
        284943.8125,
        150859.65625,
        101926.703125
    ],
    "4": [
        291025.78125,
        167736.59375,
        61156.0234375
    ],
    "5": [
        269830.71875,
        162248.4375,
        30578.01171875
    ],
    "6": [
        261293.28125,
        163677.453125,
        15289.005859375
    ],
    "7": [
        261449.234375,
        161486.53125,
        7644.5029296875
    ],
    "8": [
        263880.21875,
        162404.9375,
        3822.25146484375
    ]
}