{
    "0": [
        202387.5,
        202387.5,
        291219.15625
    ],
    "1": [
        202387.5,
        202387.5,
        291219.15625
    ],
    "2": [
        131820.234375,
        129026.4453125,
        145609.578125
    ],
    "3": [
        91247.0859375,
        141476.625,
        101926.703125
    ],
    "4": [
        85691.71875,
        136976.109375,
        61156.0234375
    ],
    "5": [
        80293.6796875,
        138285.828125,
        30578.01171875
    ],
    "6": [
        75752.703125,
        146833.53125,
        15289.005859375
    ],
    "7": [
        75213.859375,
        142066.09375,
        7644.5029296875
    ]
}