{
    "0": [
        202387.5,
        202387.5,
        291219.15625
    ],
    "1": [
        202387.5,
        202387.5,
        291219.15625
    ],
    "2": [
        207028.28125,
        244075.96875,
        145609.578125
    ],
    "3": [
        215782.859375,
        281019.21875,
        101926.703125
    ],
    "4": [
        239211.890625,
        284807.875,
        61156.0234375
    ],
    "5": [
        218806.671875,
        278274.3125,
        30578.01171875
    ],
    "6": [
        223302.84375,
        285289.46875,
        15289.005859375
    ],
    "7": [
        218271.53125,
        280502.46875,
        7644.5029296875
    ],
    "8": [
        216990.421875,
        279441.21875,
        3822.25146484375
    ],
    "9": [
        216454.71875,
        279381.78125,
        1911.125732421875
    ]
}