{
    "0": [
        202387.5,
        202387.5,
        291219.15625
    ],
    "1": [
        202387.5,
        202387.5,
        291219.15625
    ],
    "2": [
        197737.59375,
        144422.40625,
        145609.578125
    ],
    "3": [
        205139.234375,
        109852.953125,
        101926.703125
    ],
    "4": [
        171335.28125,
        99125.9296875,
        61156.0234375
    ],
    "5": [
        190593.46875,
        120735.9921875,
        30578.01171875
    ],
    "6": [
        193973.453125,
        106914.0390625,
        15289.005859375
    ]
}