{
    "0": [
        202387.5,
        202387.5,
        291219.15625
    ],
    "1": [
        202387.5,
        202387.5,
        291219.15625
    ],
    "2": [
        294254.375,
        246283.71875,
        145609.578125
    ],
    "3": [
        299647.34375,
        215775.078125,
        101926.703125
    ],
    "4": [
        269648.96875,
        239846.3125,
        61156.0234375
    ],
    "5": [
        281185.375,
        257940.765625,
        30578.01171875
    ],
    "6": [
        268912.875,
        250558.9375,
        15289.005859375
    ]
}