{
    "0": [
        202387.5,
        202387.5,
        291219.15625
    ],
    "1": [
        202387.5,
        202387.5,
        291219.15625
    ],
    "2": [
        203050.984375,
        183641.859375,
        145609.578125
    ],
    "3": [
        240565.875,
        192886.921875,
        101926.703125
    ],
    "4": [
        231728.578125,
        226860.75,
        61156.0234375
    ],
    "5": [
        226642.109375,
        251828.546875,
        30578.01171875
    ],
    "6": [
        228497.484375,
        246013.625,
        15289.005859375
    ],
    "7": [
        233502.28125,
        243575.453125,
        7644.5029296875
    ]
}