{
    "0": [
        202387.5,
        202387.5,
        291219.15625
    ],
    "1": [
        202387.5,
        202387.5,
        291219.15625
    ],
    "2": [
        169286.9375,
        304619.65625,
        145609.578125
    ],
    "3": [
        152915.9375,
        281502.46875,
        101926.703125
    ],
    "4": [
        124292.7421875,
        253825.734375,
        61156.0234375
    ],
    "5": [
        142867.015625,
        264375.65625,
        30578.01171875
    ],
    "6": [
        140588.75,
        251035.359375,
        15289.005859375
    ]
}