{
    "0": [
        202387.5,
        202387.5,
        291219.15625
    ],
    "1": [
        202387.5,
        202387.5,
        291219.15625
    ],
    "2": [
        301653,
        235855.03125,
        145609.578125
    ],
    "3": [
        285406.84375,
        265650.0625,
        101926.703125
    ],
    "4": [
        290166.59375,
        280146.59375,
        61156.0234375
    ],
    "5": [
        287203.09375,
        288958.28125,
        30578.01171875
    ],
    "6": [
        293676.625,
        293142.71875,
        15289.005859375
    ],
    "7": [
        299742.0625,
        293639.5625,
        7644.5029296875
    ],
    "8": [
        297084.21875,
        295298.21875,
        3822.25146484375
    ]
}