{
    "0": [
        202387.5,
        202387.5,
        291219.15625
    ],
    "1": [
        202387.5,
        202387.5,
        291219.15625
    ],
    "2": [
        152337.515625,
        273113.125,
        145609.578125
    ],
    "3": [
        165123.5625,
        285335.25,
        101926.703125
    ],
    "4": [
        135412.09375,
        303249.125,
        61156.0234375
    ],
    "5": [
        119348.8828125,
        285364.9375,
        30578.01171875
    ],
    "6": [
        116535.53125,
        281254.4375,
        15289.005859375
    ]
}