{
    "0": [
        202387.5,
        202387.5,
        291219.15625
    ],
    "1": [
        202387.5,
        202387.5,
        291219.15625
    ],
    "2": [
        99060.3125,
        218825.859375,
        145609.578125
    ],
    "3": [
        122135.15625,
        203242.875,
        101926.703125
    ],
    "4": [
        107437.890625,
        165704.46875,
        61156.0234375
    ],
    "5": [
        95127.203125,
        192299.09375,
        30578.01171875
    ],
    "6": [
        93493.7578125,
        180616.875,
        15289.005859375
    ],
    "7": [
        93671.28125,
        180716.78125,
        7644.5029296875
    ],
    "8": [
        93586.0546875,
        179940.421875,
        3822.25146484375
    ]
}