{
    "0": [
        202387.5,
        202387.5,
        291219.15625
    ],
    "1": [
        202387.5,
        202387.5,
        291219.15625
    ],
    "2": [
        251124.09375,
        97586.265625,
        145609.578125
    ],
    "3": [
        285582.15625,
        71449.0859375,
        101926.703125
    ],
    "4": [
        261620.3125,
        83760.3984375,
        61156.0234375
    ],
    "5": [
        267817.96875,
        57476.40625,
        30578.01171875
    ],
    "6": [
        277648.28125,
        57815.26953125,
        15289.005859375
    ],
    "7": [
        275588.40625,
        57806.6953125,
        7644.5029296875
    ]
}