{
    "0": [
        202387.5,
        202387.5,
        291219.15625
    ],
    "1": [
        202387.5,
        202387.5,
        291219.15625
    ],
    "2": [
        286912.0625,
        251110.8125,
        145609.578125
    ],
    "3": [
        245707.4375,
        251124.375,
        101926.703125
    ],
    "4": [
        219772.0625,
        255701.96875,
        61156.0234375
    ],
    "5": [
        213349.96875,
        245397.03125,
        30578.01171875
    ],
    "6": [
        226768.65625,
        245104.015625,
        15289.005859375
    ],
    "7": [
        231225.71875,
        248532.921875,
        7644.5029296875
    ]
}