{
    "0": [
        202387.5,
        202387.5,
        291219.15625
    ],
    "1": [
        202387.5,
        202387.5,
        291219.15625
    ],
    "2": [
        245750.546875,
        138929.625,
        145609.578125
    ],
    "3": [
        233729.84375,
        138647.09375,
        101926.703125
    ],
    "4": [
        233370.46875,
        159830.5625,
        61156.0234375
    ],
    "5": [
        242795,
        183125.796875,
        30578.01171875
    ],
    "6": [
        249509.984375,
        192025.6875,
        15289.005859375
    ],
    "7": [
        248767.453125,
        191328.5625,
        7644.5029296875
    ],
    "8": [
        247972.765625,
        190359.6875,
        3822.25146484375
    ]
}