{
    "0": [
        202387.5,
        202387.5,
        291219.15625
    ],
    "1": [
        202387.5,
        202387.5,
        291219.15625
    ],
    "2": [
        242978.0625,
        220095.578125,
        145609.578125
    ],
    "3": [
        221718,
        223156.921875,
        101926.703125
    ],
    "4": [
        239489.625,
        215358.234375,
        61156.0234375
    ],
    "5": [
        246504.375,
        191965.265625,
        30578.01171875
    ],
    "6": [
        236179.640625,
        200675.265625,
        15289.005859375
    ],
    "7": [
        233303.390625,
        207436.09375,
        7644.5029296875
    ],
    "8": [
        230511.8125,
        209014.421875,
        3822.25146484375
    ]
}