{
    "0": [
        202387.5,
        202387.5,
        291219.15625
    ],
    "1": [
        202387.5,
        202387.5,
        291219.15625
    ],
    "2": [
        246752.5,
        171154.65625,
        145609.578125
    ],
    "3": [
        227327.8125,
        132309.671875,
        101926.703125
    ],
    "4": [
        219571.9375,
        147181.8125,
        61156.0234375
    ],
    "5": [
        224430.53125,
        154746.203125,
        30578.01171875
    ],
    "6": [
        231514.921875,
        153763.96875,
        15289.005859375
    ],
    "7": [
        231345.265625,
        150549.90625,
        7644.5029296875
    ]
}