{
    "0": [
        202387.5,
        202387.5,
        291219.15625
    ],
    "1": [
        202387.5,
        202387.5,
        291219.15625
    ],
    "2": [
        147545.796875,
        118583.96875,
        145609.578125
    ],
    "3": [
        176414.640625,
        139339.5,
        101926.703125
    ],
    "4": [
        157337.671875,
        164402.640625,
        61156.0234375
    ],
    "5": [
        140581.046875,
        161232.625,
        30578.01171875
    ],
    "6": [
        148719.109375,
        151534.59375,
        15289.005859375
    ],
    "7": [
        152664.515625,
        153317.140625,
        7644.5029296875
    ]
}