{
    "0": [
        202387.5,
        202387.5,
        291219.15625
    ],
    "1": [
        202387.5,
        202387.5,
        291219.15625
    ],
    "2": [
        211002.609375,
        307464.375,
        145609.578125
    ],
    "3": [
        229414.96875,
        313732.625,
        101926.703125
    ],
    "4": [
        255404.34375,
        322972.40625,
        61156.0234375
    ],
    "5": [
        237847.0625,
        334090.8125,
        30578.01171875
    ],
    "6": [
        236382.9375,
        334632.84375,
        15289.005859375
    ],
    "7": [
        238950.28125,
        334247.15625,
        7644.5029296875
    ]
}