{
    "0": [
        202387.5,
        202387.5,
        291219.15625
    ],
    "1": [
        202387.5,
        202387.5,
        291219.15625
    ],
    "2": [
        271619.59375,
        120668.265625,
        145609.578125
    ],
    "3": [
        234719.6875,
        126760.390625,
        101926.703125
    ],
    "4": [
        235721.8125,
        136672.84375,
        61156.0234375
    ],
    "5": [
        229223.28125,
        166267.359375,
        30578.01171875
    ],
    "6": [
        216628.125,
        174322.59375,
        15289.005859375
    ]
}