{
    "0": [
        202387.5,
        202387.5,
        291219.15625
    ],
    "1": [
        202387.5,
        202387.5,
        291219.15625
    ],
    "2": [
        152372.015625,
        165708.3125,
        145609.578125
    ],
    "3": [
        154478.78125,
        186627.1875,
        101926.703125
    ],
    "4": [
        140859.15625,
        173726.921875,
        61156.0234375
    ],
    "5": [
        126265.9453125,
        189625.40625,
        30578.01171875
    ],
    "6": [
        137384.609375,
        181043.25,
        15289.005859375
    ],
    "7": [
        134271.671875,
        184525.4375,
        7644.5029296875
    ],
    "8": [
        133075.828125,
        186160.75,
        3822.25146484375
    ]
}