{
    "0": [
        202387.5,
        202387.5,
        291219.15625
    ],
    "1": [
        202387.5,
        202387.5,
        291219.15625
    ],
    "2": [
        281073.25,
        197732.296875,
        145609.578125
    ],
    "3": [
        299597.6875,
        164463.140625,
        101926.703125
    ],
    "4": [
        288576.40625,
        183595.0625,
        61156.0234375
    ],
    "5": [
        314094.625,
        187087.578125,
        30578.01171875
    ],
    "6": [
        303740.84375,
        185585.390625,
        15289.005859375
    ]
}