{
    "0": [
        202387.5,
        202387.5,
        291219.15625
    ],
    "1": [
        202387.5,
        202387.5,
        291219.15625
    ],
    "2": [
        191486.21875,
        109309.8046875,
        145609.578125
    ],
    "3": [
        152606.578125,
        94232.703125,
        101926.703125
    ],
    "4": [
        121591.8125,
        95921.03125,
        61156.0234375
    ],
    "5": [
        119678.7421875,
        104812.1484375,
        30578.01171875
    ],
    "6": [
        117639.28125,
        104975.96875,
        15289.005859375
    ],
    "7": [
        121798.0625,
        107894.046875,
        7644.5029296875
    ],
    "8": [
        119845.359375,
        110465.0625,
        3822.25146484375
    ]
}