{
    "0": [
        202387.5,
        202387.5,
        291219.15625
    ],
    "1": [
        202387.5,
        202387.5,
        291219.15625
    ],
    "2": [
        99329,
        189088.8125,
        145609.578125
    ],
    "3": [
        84036.09375,
        221060.109375,
        101926.703125
    ],
    "4": [
        103133.96875,
        195674.390625,
        61156.0234375
    ],
    "5": [
        104988.859375,
        166521.59375,
        30578.01171875
    ],
    "6": [
        107004.46875,
        175589.28125,
        15289.005859375
    ],
    "7": [
        100446.53125,
        175032.6875,
        7644.5029296875
    ],
    "8": [
        99141.65625,
        174892.578125,
        3822.25146484375
    ]
}