{
    "0": [
        202387.5,
        202387.5,
        291219.15625
    ],
    "1": [
        202387.5,
        202387.5,
        291219.15625
    ],
    "2": [
        162492.484375,
        152575.625,
        145609.578125
    ],
    "3": [
        129547.0859375,
        159098.96875,
        101926.703125
    ],
    "4": [
        150710.5625,
        182177.015625,
        61156.0234375
    ],
    "5": [
        133451.046875,
        202435.953125,
        30578.01171875
    ],
    "6": [
        126734.453125,
        207549.171875,
        15289.005859375
    ],
    "7": [
        130558.65625,
        206744.4375,
        7644.5029296875
    ],
    "8": [
        131352.625,
        205153.03125,
        3822.25146484375
    ]
}