{
    "0": [
        202387.5,
        202387.5,
        291219.15625
    ],
    "1": [
        202387.5,
        202387.5,
        291219.15625
    ],
    "2": [
        273357.21875,
        271487.5625,
        145609.578125
    ],
    "3": [
        268834.5625,
        260844.359375,
        101926.703125
    ],
    "4": [
        242277.421875,
        285817.21875,
        61156.0234375
    ],
    "5": [
        253203.421875,
        301047.09375,
        30578.01171875
    ],
    "6": [
        250013.953125,
        288464.0625,
        15289.005859375
    ],
    "7": [
        252454.890625,
        291285.53125,
        7644.5029296875
    ],
    "8": [
        253944.5625,
        290179.71875,
        3822.25146484375
    ]
}