{
    "0": [
        202387.5,
        202387.5,
        291219.15625
    ],
    "1": [
        202387.5,
        202387.5,
        291219.15625
    ],
    "2": [
        298962.03125,
        246277.703125,
        145609.578125
    ],
    "3": [
        259719.578125,
        242611.015625,
        101926.703125
    ],
    "4": [
        221874.1875,
        227878.125,
        61156.0234375
    ],
    "5": [
        243620.796875,
        239489.9375,
        30578.01171875
    ],
    "6": [
        233896.140625,
        232007.59375,
        15289.005859375
    ],
    "7": [
        230563.484375,
        235719.296875,
        7644.5029296875
    ],
    "8": [
        230662.828125,
        233199.484375,
        3822.25146484375
    ],
    "9": [
        230214.34375,
        232470.890625,
        1911.125732421875
    ]
}