{
    "0": [
        202387.5,
        202387.5,
        291219.15625
    ],
    "1": [
        202387.5,
        202387.5,
        291219.15625
    ],
    "2": [
        186733.3125,
        297440.6875,
        145609.578125
    ],
    "3": [
        226943.953125,
        314426.28125,
        101926.703125
    ],
    "4": [
        211120.484375,
        339191.65625,
        61156.0234375
    ],
    "5": [
        211365.109375,
        368507,
        30578.01171875
    ],
    "6": [
        220775.78125,
        359887.25,
        15289.005859375
    ],
    "7": [
        221611.03125,
        359438.71875,
        7644.5029296875
    ],
    "8": [
        222756.34375,
        357352.0625,
        3822.25146484375
    ]
}