{
    "0": [
        202387.5,
        202387.5,
        291219.15625
    ],
    "1": [
        202387.5,
        202387.5,
        291219.15625
    ],
    "2": [
        261430.796875,
        287127.96875,
        145609.578125
    ],
    "3": [
        235041.25,
        262328.25,
        101926.703125
    ],
    "4": [
        218765.5,
        228041.796875,
        61156.0234375
    ],
    "5": [
        231537.40625,
        210076.734375,
        30578.01171875
    ],
    "6": [
        224663.265625,
        197522.78125,
        15289.005859375
    ],
    "7": [
        224655.953125,
        202279.96875,
        7644.5029296875
    ],
    "8": [
        222164.125,
        200527.765625,
        3822.25146484375
    ]
}