{
    "0": [
        202387.5,
        202387.5,
        291219.15625
    ],
    "1": [
        202387.5,
        202387.5,
        291219.15625
    ],
    "2": [
        248131.46875,
        103265.96875,
        145609.578125
    ],
    "3": [
        254847.390625,
        82643.375,
        101926.703125
    ],
    "4": [
        277596.78125,
        111473.9375,
        61156.0234375
    ],
    "5": [
        303607.21875,
        95676.0078125,
        30578.01171875
    ],
    "6": [
        307939.21875,
        106054.6875,
        15289.005859375
    ],
    "7": [
        309299.65625,
        103025.546875,
        7644.5029296875
    ]
}