{
    "0": [
        202387.5,
        202387.5,
        291219.15625
    ],
    "1": [
        202387.5,
        202387.5,
        291219.15625
    ],
    "2": [
        205743.6875,
        219997.5,
        145609.578125
    ],
    "3": [
        216971.25,
        235303.296875,
        101926.703125
    ],
    "4": [
        250793.5625,
        228600.171875,
        61156.0234375
    ],
    "5": [
        227544.296875,
        227406.890625,
        30578.01171875
    ],
    "6": [
        228826.0625,
        222350.296875,
        15289.005859375
    ]
}