{
    "0": [
        202387.5,
        202387.5,
        291219.15625
    ],
    "1": [
        202387.5,
        202387.5,
        291219.15625
    ],
    "2": [
        272665.1875,
        173729.71875,
        145609.578125
    ],
    "3": [
        257625.078125,
        209734.5625,
        101926.703125
    ],
    "4": [
        293672.03125,
        216849.53125,
        61156.0234375
    ],
    "5": [
        305226.5,
        240717.546875,
        30578.01171875
    ],
    "6": [
        309115.4375,
        233607.21875,
        15289.005859375
    ],
    "7": [
        303602.625,
        235012.0625,
        7644.5029296875
    ]
}