{
    "0": [
        202387.5,
        202387.5,
        291219.15625
    ],
    "1": [
        202387.5,
        202387.5,
        291219.15625
    ],
    "2": [
        254596.390625,
        252708.15625,
        145609.578125
    ],
    "3": [
        247257.046875,
        267046.5,
        101926.703125
    ],
    "4": [
        243604.9375,
        294503.09375,
        61156.0234375
    ],
    "5": [
        267174.4375,
        298967.21875,
        30578.01171875
    ],
    "6": [
        254955.703125,
        299858.65625,
        15289.005859375
    ],
    "7": [
        252963.484375,
        306796.875,
        7644.5029296875
    ]
}