{
    "0": [
        202387.5,
        202387.5,
        291219.15625
    ],
    "1": [
        202387.5,
        202387.5,
        291219.15625
    ],
    "2": [
        136084.671875,
        156204.03125,
        145609.578125
    ],
    "3": [
        145884.03125,
        134796.40625,
        101926.703125
    ],
    "4": [
        132898.78125,
        164997.8125,
        61156.0234375
    ],
    "5": [
        128134.28125,
        147260.53125,
        30578.01171875
    ],
    "6": [
        137873.40625,
        145320.875,
        15289.005859375
    ],
    "7": [
        138847.15625,
        140247.8125,
        7644.5029296875
    ]
}