{
    "0": [
        202387.5,
        202387.5,
        291219.15625
    ],
    "1": [
        202387.5,
        202387.5,
        291219.15625
    ],
    "2": [
        155011.078125,
        99646.4453125,
        145609.578125
    ],
    "3": [
        193371.15625,
        79206.921875,
        101926.703125
    ],
    "4": [
        196703.53125,
        101238.8125,
        61156.0234375
    ],
    "5": [
        219495.46875,
        107942.2265625,
        30578.01171875
    ],
    "6": [
        208642.234375,
        116675.75,
        15289.005859375
    ],
    "7": [
        203061.875,
        118287.28125,
        7644.5029296875
    ],
    "8": [
        202773.453125,
        116500.234375,
        3822.25146484375
    ],
    "9": [
        202089.59375,
        116423.8828125,
        1911.125732421875
    ]
}