{
    "0": [
        202387.5,
        202387.5,
        291219.15625
    ],
    "1": [
        202387.5,
        202387.5,
        291219.15625
    ],
    "2": [
        132032.78125,
        173721.09375,
        145609.578125
    ],
    "3": [
        136723.328125,
        180914.875,
        101926.703125
    ],
    "4": [
        155718.90625,
        155527.125,
        61156.0234375
    ],
    "5": [
        154540.203125,
        138585.28125,
        30578.01171875
    ],
    "6": [
        153576.859375,
        145486.84375,
        15289.005859375
    ]
}