{
    "0": [
        202387.5,
        202387.5,
        291219.15625
    ],
    "1": [
        202387.5,
        202387.5,
        291219.15625
    ],
    "2": [
        153690.640625,
        250532.21875,
        145609.578125
    ],
    "3": [
        134988.5,
        226620.03125,
        101926.703125
    ],
    "4": [
        144121.859375,
        206491.59375,
        61156.0234375
    ],
    "5": [
        159861.875,
        185737.3125,
        30578.01171875
    ],
    "6": [
        172471.6875,
        184199.5,
        15289.005859375
    ]
}