{
    "0": [
        202387.5,
        202387.5,
        291219.15625
    ],
    "1": [
        202387.5,
        202387.5,
        291219.15625
    ],
    "2": [
        157338.78125,
        221024.515625,
        145609.578125
    ],
    "3": [
        165462.34375,
        230549.046875,
        101926.703125
    ],
    "4": [
        144907.984375,
        216196.984375,
        61156.0234375
    ],
    "5": [
        120255.796875,
        206375.921875,
        30578.01171875
    ],
    "6": [
        126854.75,
        209520.421875,
        15289.005859375
    ],
    "7": [
        132238.3125,
        212737.0625,
        7644.5029296875
    ]
}