{
    "0": [
        202387.5,
        202387.5,
        291219.15625
    ],
    "1": [
        202387.5,
        202387.5,
        291219.15625
    ],
    "2": [
        256020.640625,
        235318.78125,
        145609.578125
    ],
    "3": [
        268969.21875,
        211503.78125,
        101926.703125
    ],
    "4": [
        267554.59375,
        194473,
        61156.0234375
    ],
    "5": [
        267851.96875,
        208197.125,
        30578.01171875
    ],
    "6": [
        273875.34375,
        208237.390625,
        15289.005859375
    ],
    "7": [
        275289.125,
        210443.515625,
        7644.5029296875
    ],
    "8": [
        277804.78125,
        209879.53125,
        3822.25146484375
    ]
}