{
    "0": [
        202387.5,
        202387.5,
        291219.15625
    ],
    "1": [
        202387.5,
        202387.5,
        291219.15625
    ],
    "2": [
        124914.4140625,
        235905.671875,
        145609.578125
    ],
    "3": [
        158560.6875,
        232291.765625,
        101926.703125
    ],
    "4": [
        149777.5,
        197882.53125,
        61156.0234375
    ],
    "5": [
        151254.8125,
        195470.953125,
        30578.01171875
    ],
    "6": [
        139685.5,
        200195.828125,
        15289.005859375
    ],
    "7": [
        145230.15625,
        204238.578125,
        7644.5029296875
    ]
}