{
    "0": [
        202387.5,
        202387.5,
        291219.15625
    ],
    "1": [
        202387.5,
        202387.5,
        291219.15625
    ],
    "2": [
        232253.84375,
        264977.46875,
        145609.578125
    ],
    "3": [
        245593.015625,
        305527.0625,
        101926.703125
    ],
    "4": [
        224879.484375,
        340263.875,
        61156.0234375
    ],
    "5": [
        240018.28125,
        363545.4375,
        30578.01171875
    ],
    "6": [
        239022.25,
        369514.28125,
        15289.005859375
    ],
    "7": [
        235424.421875,
        375726.625,
        7644.5029296875
    ],
    "8": [
        233923.359375,
        375410.3125,
        3822.25146484375
    ]
}