{
    "0": [
        202387.5,
        202387.5,
        291219.15625
    ],
    "1": [
        202387.5,
        202387.5,
        291219.15625
    ],
    "2": [
        310400.65625,
        176299.921875,
        145609.578125
    ],
    "3": [
        311484,
        141899.390625,
        101926.703125
    ],
    "4": [
        314882.40625,
        134943.125,
        61156.0234375
    ],
    "5": [
        288054.125,
        143384.59375,
        30578.01171875
    ],
    "6": [
        298184.375,
        142552.828125,
        15289.005859375
    ],
    "7": [
        297089.71875,
        139920.421875,
        7644.5029296875
    ]
}