{
    "0": [
        202387.5,
        202387.5,
        291219.15625
    ],
    "1": [
        202387.5,
        202387.5,
        291219.15625
    ],
    "2": [
        142736.015625,
        192282.375,
        145609.578125
    ],
    "3": [
        144027.1875,
        221888.890625,
        101926.703125
    ],
    "4": [
        157249.296875,
        251725.75,
        61156.0234375
    ],
    "5": [
        167755.03125,
        264374.9375,
        30578.01171875
    ],
    "6": [
        166441.71875,
        266245.5625,
        15289.005859375
    ],
    "7": [
        170998.3125,
        272188.3125,
        7644.5029296875
    ]
}