{
    "0": [
        202387.5,
        202387.5,
        291219.15625
    ],
    "1": [
        202387.5,
        202387.5,
        291219.15625
    ],
    "2": [
        126262.7265625,
        117789.5234375,
        145609.578125
    ],
    "3": [
        145368.171875,
        138107.578125,
        101926.703125
    ],
    "4": [
        175026.515625,
        110612.9921875,
        61156.0234375
    ],
    "5": [
        173186.8125,
        122737.6171875,
        30578.01171875
    ],
    "6": [
        166109.640625,
        127354.25,
        15289.005859375
    ]
}