{
    "0": [
        202387.5,
        202387.5,
        291219.15625
    ],
    "1": [
        202387.5,
        202387.5,
        291219.15625
    ],
    "2": [
        176029.78125,
        272950.71875,
        145609.578125
    ],
    "3": [
        167626.5,
        314959.65625,
        101926.703125
    ],
    "4": [
        184412.28125,
        306204.375,
        61156.0234375
    ],
    "5": [
        198442.09375,
        289817.4375,
        30578.01171875
    ],
    "6": [
        198340.234375,
        296300.6875,
        15289.005859375
    ],
    "7": [
        194578.953125,
        300314.15625,
        7644.5029296875
    ]
}