{
    "0": [
        202387.5,
        202387.5,
        291219.15625
    ],
    "1": [
        202387.5,
        202387.5,
        291219.15625
    ],
    "2": [
        143660.359375,
        176451.375,
        145609.578125
    ],
    "3": [
        137880.390625,
        185063.015625,
        101926.703125
    ],
    "4": [
        160737.5,
        178335.421875,
        61156.0234375
    ],
    "5": [
        180869.3125,
        197431.5,
        30578.01171875
    ],
    "6": [
        179242.0625,
        191855.53125,
        15289.005859375
    ],
    "7": [
        181987.203125,
        198509.703125,
        7644.5029296875
    ]
}