{
    "0": [
        202387.5,
        202387.5,
        291219.15625
    ],
    "1": [
        202387.5,
        202387.5,
        291219.15625
    ],
    "2": [
        271677.6875,
        238861.875,
        145609.578125
    ],
    "3": [
        288478.3125,
        255654.578125,
        101926.703125
    ],
    "4": [
        303755.40625,
        251626.609375,
        61156.0234375
    ],
    "5": [
        314702.125,
        257760.28125,
        30578.01171875
    ],
    "6": [
        328139.09375,
        251089.78125,
        15289.005859375
    ],
    "7": [
        331366.5625,
        255715.03125,
        7644.5029296875
    ]
}