{
    "0": [
        202387.5,
        202387.5,
        291219.15625
    ],
    "1": [
        202387.5,
        202387.5,
        291219.15625
    ],
    "2": [
        185338.046875,
        156553.609375,
        145609.578125
    ],
    "3": [
        151482.25,
        144688.984375,
        101926.703125
    ],
    "4": [
        185455.609375,
        137967.40625,
        61156.0234375
    ],
    "5": [
        201672.109375,
        123621.9921875,
        30578.01171875
    ],
    "6": [
        209322.546875,
        132530.71875,
        15289.005859375
    ],
    "7": [
        209548.40625,
        132290.765625,
        7644.5029296875
    ],
    "8": [
        209413.25,
        131974.328125,
        3822.25146484375
    ]
}