{
    "0": [
        202387.5,
        202387.5,
        291219.15625
    ],
    "1": [
        202387.5,
        202387.5,
        291219.15625
    ],
    "2": [
        278779.21875,
        289884.09375,
        145609.578125
    ],
    "3": [
        279372.6875,
        306447.40625,
        101926.703125
    ],
    "4": [
        317494.5625,
        294373.78125,
        61156.0234375
    ],
    "5": [
        330198.875,
        314894.5625,
        30578.01171875
    ],
    "6": [
        338237.84375,
        304435.875,
        15289.005859375
    ],
    "7": [
        332095.03125,
        304737.21875,
        7644.5029296875
    ],
    "8": [
        332027.375,
        301962.5625,
        3822.25146484375
    ]
}