{
    "0": [
        202387.5,
        202387.5,
        291219.15625
    ],
    "1": [
        202387.5,
        202387.5,
        291219.15625
    ],
    "2": [
        250513.765625,
        122109.109375,
        145609.578125
    ],
    "3": [
        275359.90625,
        143645.96875,
        101926.703125
    ],
    "4": [
        292706.90625,
        133802.15625,
        61156.0234375
    ],
    "5": [
        312347.53125,
        142221.453125,
        30578.01171875
    ],
    "6": [
        312780.34375,
        144320.453125,
        15289.005859375
    ],
    "7": [
        315212.375,
        147993.28125,
        7644.5029296875
    ]
}