{
    "0": [
        202387.5,
        202387.5,
        291219.15625
    ],
    "1": [
        202387.5,
        202387.5,
        291219.15625
    ],
    "2": [
        271571.46875,
        286739.875,
        145609.578125
    ],
    "3": [
        294706.15625,
        317174.1875,
        101926.703125
    ],
    "4": [
        269816.1875,
        293715.78125,
        61156.0234375
    ],
    "5": [
        275204.0625,
        269862.0625,
        30578.01171875
    ],
    "6": [
        268993.75,
        257166.625,
        15289.005859375
    ]
}