{
    "0": [
        202387.5,
        202387.5,
        291219.15625
    ],
    "1": [
        202387.5,
        202387.5,
        291219.15625
    ],
    "2": [
        164366.09375,
        296305.1875,
        145609.578125
    ],
    "3": [
        162688.75,
        339762.6875,
        101926.703125
    ],
    "4": [
        131404.34375,
        356860.5625,
        61156.0234375
    ],
    "5": [
        123854.3515625,
        362272.84375,
        30578.01171875
    ],
    "6": [
        125743.484375,
        355196.96875,
        15289.005859375
    ],
    "7": [
        130419.796875,
        361062.4375,
        7644.5029296875
    ],
    "8": [
        131796.34375,
        359480.1875,
        3822.25146484375
    ]
}