{
    "0": [
        202387.5,
        202387.5,
        291219.15625
    ],
    "1": [
        202387.5,
        202387.5,
        291219.15625
    ],
    "2": [
        254535.78125,
        299372.59375,
        145609.578125
    ],
    "3": [
        235250.25,
        288369.78125,
        101926.703125
    ],
    "4": [
        206080.96875,
        276015.4375,
        61156.0234375
    ],
    "5": [
        185068.921875,
        297396.75,
        30578.01171875
    ],
    "6": [
        177418.703125,
        286340.875,
        15289.005859375
    ],
    "7": [
        177245.25,
        287906.75,
        7644.5029296875
    ],
    "8": [
        177366,
        285911.59375,
        3822.25146484375
    ]
}