{
    "0": [
        202387.5,
        202387.5,
        291219.15625
    ],
    "1": [
        202387.5,
        202387.5,
        291219.15625
    ],
    "2": [
        263339.1875,
        215833.453125,
        145609.578125
    ],
    "3": [
        222084.953125,
        207567.140625,
        101926.703125
    ],
    "4": [
        243980.34375,
        228179.09375,
        61156.0234375
    ],
    "5": [
        242414.078125,
        223723.328125,
        30578.01171875
    ],
    "6": [
        232081.625,
        222873.96875,
        15289.005859375
    ],
    "7": [
        236925.875,
        220764.90625,
        7644.5029296875
    ]
}