{
    "0": [
        202387.5,
        202387.5,
        291219.15625
    ],
    "1": [
        202387.5,
        202387.5,
        291219.15625
    ],
    "2": [
        183092.140625,
        206995.921875,
        145609.578125
    ],
    "3": [
        150837.890625,
        221469.671875,
        101926.703125
    ],
    "4": [
        171758.921875,
        197199.484375,
        61156.0234375
    ],
    "5": [
        195123.6875,
        184063.125,
        30578.01171875
    ],
    "6": [
        180916.046875,
        182891.390625,
        15289.005859375
    ],
    "7": [
        179621.453125,
        190077.109375,
        7644.5029296875
    ]
}