{
    "0": [
        202387.5,
        202387.5,
        291219.15625
    ],
    "1": [
        202387.5,
        202387.5,
        291219.15625
    ],
    "2": [
        311785.6875,
        181268.625,
        145609.578125
    ],
    "3": [
        302842.3125,
        153411.140625,
        101926.703125
    ],
    "4": [
        332255.65625,
        178011.84375,
        61156.0234375
    ],
    "5": [
        356640.59375,
        171560.671875,
        30578.01171875
    ],
    "6": [
        363459.625,
        182722.953125,
        15289.005859375
    ],
    "7": [
        370035.21875,
        179537.828125,
        7644.5029296875
    ]
}