{
    "0": [
        202387.5,
        202387.5,
        291219.15625
    ],
    "1": [
        202387.5,
        202387.5,
        291219.15625
    ],
    "2": [
        140382.8125,
        277560.59375,
        145609.578125
    ],
    "3": [
        106423.8515625,
        272819.5,
        101926.703125
    ],
    "4": [
        83670.8046875,
        295835.28125,
        61156.0234375
    ],
    "5": [
        97934.0078125,
        307608.8125,
        30578.01171875
    ],
    "6": [
        89499.796875,
        300358.46875,
        15289.005859375
    ],
    "7": [
        87720.5234375,
        296268.84375,
        7644.5029296875
    ],
    "8": [
        90270.421875,
        297268.53125,
        3822.25146484375
    ]
}