{
    "0": [
        202387.5,
        202387.5,
        291219.15625
    ],
    "1": [
        202387.5,
        202387.5,
        291219.15625
    ],
    "2": [
        262094.703125,
        115456.1015625,
        145609.578125
    ],
    "3": [
        278689.6875,
        114258.078125,
        101926.703125
    ],
    "4": [
        261679.671875,
        78689.125,
        61156.0234375
    ],
    "5": [
        259202.5,
        53426.8359375,
        30578.01171875
    ],
    "6": [
        259866.125,
        49469.109375,
        15289.005859375
    ],
    "7": [
        261742.484375,
        50226.859375,
        7644.5029296875
    ]
}