{
    "0": [
        202387.5,
        202387.5,
        291219.15625
    ],
    "1": [
        202387.5,
        202387.5,
        291219.15625
    ],
    "2": [
        251293.03125,
        306605.1875,
        145609.578125
    ],
    "3": [
        242240.90625,
        297485.40625,
        101926.703125
    ],
    "4": [
        266759.8125,
        295408.03125,
        61156.0234375
    ],
    "5": [
        250773.734375,
        284673.03125,
        30578.01171875
    ],
    "6": [
        248934.296875,
        275407.15625,
        15289.005859375
    ]
}