{
    "0": [
        202387.5,
        202387.5,
        291219.15625
    ],
    "1": [
        202387.5,
        202387.5,
        291219.15625
    ],
    "2": [
        245607.3125,
        306287.34375,
        145609.578125
    ],
    "3": [
        261778.375,
        343766.875,
        101926.703125
    ],
    "4": [
        238896.234375,
        360047.03125,
        61156.0234375
    ],
    "5": [
        218978.84375,
        348856.53125,
        30578.01171875
    ],
    "6": [
        206923.0625,
        357404.0625,
        15289.005859375
    ],
    "7": [
        212237.15625,
        358332.03125,
        7644.5029296875
    ]
}