{
    "0": [
        202387.5,
        202387.5,
        291219.15625
    ],
    "1": [
        202387.5,
        202387.5,
        291219.15625
    ],
    "2": [
        211056.25,
        127412.5234375,
        145609.578125
    ],
    "3": [
        223638.640625,
        164789.421875,
        101926.703125
    ],
    "4": [
        206976.03125,
        195261.59375,
        61156.0234375
    ],
    "5": [
        225810.859375,
        179651.25,
        30578.01171875
    ],
    "6": [
        234668.953125,
        181318.875,
        15289.005859375
    ],
    "7": [
        239879.859375,
        178878.078125,
        7644.5029296875
    ]
}