{
    "0": [
        202387.5,
        202387.5,
        291219.15625
    ],
    "1": [
        202387.5,
        202387.5,
        291219.15625
    ],
    "2": [
        239624.546875,
        164993.734375,
        145609.578125
    ],
    "3": [
        220239.71875,
        193384.28125,
        101926.703125
    ],
    "4": [
        211214.984375,
        173526.515625,
        61156.0234375
    ],
    "5": [
        219630.890625,
        174634.09375,
        30578.01171875
    ],
    "6": [
        225733.71875,
        172922.90625,
        15289.005859375
    ],
    "7": [
        231711.21875,
        168418.484375,
        7644.5029296875
    ],
    "8": [
        228081.109375,
        169086.296875,
        3822.25146484375
    ]
}