{
    "0": [
        202387.5,
        202387.5,
        291219.15625
    ],
    "1": [
        202387.5,
        202387.5,
        291219.15625
    ],
    "2": [
        260785.046875,
        146303.171875,
        145609.578125
    ],
    "3": [
        252089.09375,
        119944.265625,
        101926.703125
    ],
    "4": [
        281909.5625,
        137157.265625,
        61156.0234375
    ],
    "5": [
        280829.1875,
        135829.796875,
        30578.01171875
    ],
    "6": [
        269958.0625,
        132246.453125,
        15289.005859375
    ],
    "7": [
        267397.9375,
        127484.578125,
        7644.5029296875
    ]
}