{
    "0": [
        202387.5,
        202387.5,
        291219.15625
    ],
    "1": [
        202387.5,
        202387.5,
        291219.15625
    ],
    "2": [
        153294.890625,
        285462.46875,
        145609.578125
    ],
    "3": [
        135547.78125,
        297126.0625,
        101926.703125
    ],
    "4": [
        139305.921875,
        287274.34375,
        61156.0234375
    ],
    "5": [
        163663.734375,
        286272.71875,
        30578.01171875
    ],
    "6": [
        162705.0625,
        283260.9375,
        15289.005859375
    ],
    "7": [
        162874.15625,
        278851.125,
        7644.5029296875
    ],
    "8": [
        165817.203125,
        279094.875,
        3822.25146484375
    ]
}