{
    "0": [
        202387.5,
        202387.5,
        291219.15625
    ],
    "1": [
        202387.5,
        202387.5,
        291219.15625
    ],
    "2": [
        303292.09375,
        156492.609375,
        145609.578125
    ],
    "3": [
        327653.53125,
        153253.84375,
        101926.703125
    ],
    "4": [
        334410.875,
        177629.15625,
        61156.0234375
    ],
    "5": [
        317190.34375,
        197723.515625,
        30578.01171875
    ],
    "6": [
        314816.46875,
        194138.6875,
        15289.005859375
    ],
    "7": [
        315629.75,
        201526.359375,
        7644.5029296875
    ]
}