{
    "0": [
        202387.5,
        202387.5,
        291219.15625
    ],
    "1": [
        202387.5,
        202387.5,
        291219.15625
    ],
    "2": [
        172701.8125,
        260768.75,
        145609.578125
    ],
    "3": [
        198441.09375,
        292326.65625,
        101926.703125
    ],
    "4": [
        206869.890625,
        267426.125,
        61156.0234375
    ],
    "5": [
        213002.609375,
        268116.5625,
        30578.01171875
    ],
    "6": [
        227608.5625,
        269192.53125,
        15289.005859375
    ],
    "7": [
        223134.0625,
        266905.875,
        7644.5029296875
    ],
    "8": [
        224899.9375,
        266693.9375,
        3822.25146484375
    ]
}