{
    "0": [
        202387.5,
        202387.5,
        291219.15625
    ],
    "1": [
        202387.5,
        202387.5,
        291219.15625
    ],
    "2": [
        239103.53125,
        103783.65625,
        145609.578125
    ],
    "3": [
        273616.9375,
        108609.5625,
        101926.703125
    ],
    "4": [
        256240.515625,
        82620.21875,
        61156.0234375
    ],
    "5": [
        235051.40625,
        76580.328125,
        30578.01171875
    ],
    "6": [
        233862.671875,
        64527.9453125,
        15289.005859375
    ],
    "7": [
        234070.0625,
        62609.8984375,
        7644.5029296875
    ],
    "8": [
        235875.421875,
        64597.5390625,
        3822.25146484375
    ]
}