{
    "0": [
        202387.5,
        202387.5,
        291219.15625
    ],
    "1": [
        202387.5,
        202387.5,
        291219.15625
    ],
    "2": [
        196180.296875,
        225354.84375,
        145609.578125
    ],
    "3": [
        181299.75,
        219616.6875,
        101926.703125
    ],
    "4": [
        177045.609375,
        203233.515625,
        61156.0234375
    ],
    "5": [
        187329.46875,
        226044.765625,
        30578.01171875
    ],
    "6": [
        189165.546875,
        214693.75,
        15289.005859375
    ],
    "7": [
        187752.875,
        214051.5,
        7644.5029296875
    ],
    "8": [
        189102.640625,
        216404.546875,
        3822.25146484375
    ]
}