{
    "0": [
        202387.5,
        202387.5,
        291219.15625
    ],
    "1": [
        202387.5,
        202387.5,
        291219.15625
    ],
    "2": [
        203625.421875,
        206061.6875,
        145609.578125
    ],
    "3": [
        237146.359375,
        226434.90625,
        101926.703125
    ],
    "4": [
        203116.046875,
        229481.4375,
        61156.0234375
    ],
    "5": [
        226793.375,
        221084.796875,
        30578.01171875
    ],
    "6": [
        220559.53125,
        213471.140625,
        15289.005859375
    ],
    "7": [
        221087.609375,
        220011.5625,
        7644.5029296875
    ]
}