{
    "0": [
        202387.5,
        202387.5,
        291219.15625
    ],
    "1": [
        202387.5,
        202387.5,
        291219.15625
    ],
    "2": [
        257639.671875,
        254091.3125,
        145609.578125
    ],
    "3": [
        238154.578125,
        221064.3125,
        101926.703125
    ],
    "4": [
        216348.328125,
        231644.125,
        61156.0234375
    ],
    "5": [
        225751.03125,
        213415.453125,
        30578.01171875
    ],
    "6": [
        215171.796875,
        205951.703125,
        15289.005859375
    ]
}