{
    "0": [
        202387.5,
        202387.5,
        291219.15625
    ],
    "1": [
        202387.5,
        202387.5,
        291219.15625
    ],
    "2": [
        242099.015625,
        251600.34375,
        145609.578125
    ],
    "3": [
        233156.65625,
        220392.96875,
        101926.703125
    ],
    "4": [
        218050.8125,
        192018.421875,
        61156.0234375
    ],
    "5": [
        229739.453125,
        177086.96875,
        30578.01171875
    ],
    "6": [
        233281.390625,
        176991.3125,
        15289.005859375
    ],
    "7": [
        232249.890625,
        176893.546875,
        7644.5029296875
    ],
    "8": [
        233982.453125,
        176486.125,
        3822.25146484375
    ]
}