{
    "0": [
        202387.5,
        202387.5,
        291219.15625
    ],
    "1": [
        202387.5,
        202387.5,
        291219.15625
    ],
    "2": [
        245755.734375,
        303784.0625,
        145609.578125
    ],
    "3": [
        206133.21875,
        316043.75,
        101926.703125
    ],
    "4": [
        230519.25,
        289858.8125,
        61156.0234375
    ],
    "5": [
        202722.953125,
        289315,
        30578.01171875
    ],
    "6": [
        206529.40625,
        295389.65625,
        15289.005859375
    ],
    "7": [
        204590.609375,
        301454.28125,
        7644.5029296875
    ]
}