{
    "0": [
        202387.5,
        202387.5,
        291219.15625
    ],
    "1": [
        202387.5,
        202387.5,
        291219.15625
    ],
    "2": [
        266156.09375,
        143707.15625,
        145609.578125
    ],
    "3": [
        302449.90625,
        127078.2890625,
        101926.703125
    ],
    "4": [
        303856.03125,
        167540.875,
        61156.0234375
    ],
    "5": [
        288335.78125,
        188410.265625,
        30578.01171875
    ],
    "6": [
        280404.59375,
        185371.796875,
        15289.005859375
    ]
}