{
    "0": [
        202387.5,
        202387.5,
        291219.15625
    ],
    "1": [
        202387.5,
        202387.5,
        291219.15625
    ],
    "2": [
        273204.40625,
        173563.453125,
        145609.578125
    ],
    "3": [
        283296.125,
        165091.328125,
        101926.703125
    ],
    "4": [
        261828.3125,
        150085.078125,
        61156.0234375
    ],
    "5": [
        260580.78125,
        157779.984375,
        30578.01171875
    ],
    "6": [
        271461.90625,
        165850.625,
        15289.005859375
    ]
}