{
    "0": [
        202387.5,
        202387.5,
        291219.15625
    ],
    "1": [
        202387.5,
        202387.5,
        291219.15625
    ],
    "2": [
        189755.5,
        222035.140625,
        145609.578125
    ],
    "3": [
        176508.296875,
        262013.171875,
        101926.703125
    ],
    "4": [
        150142.171875,
        248047.625,
        61156.0234375
    ],
    "5": [
        153749.546875,
        249721.796875,
        30578.01171875
    ],
    "6": [
        149043.34375,
        262245.34375,
        15289.005859375
    ],
    "7": [
        142359.625,
        265851.875,
        7644.5029296875
    ]
}