{
    "0": [
        202387.5,
        202387.5,
        291219.15625
    ],
    "1": [
        202387.5,
        202387.5,
        291219.15625
    ],
    "2": [
        141266.328125,
        249100.859375,
        145609.578125
    ],
    "3": [
        150910.78125,
        281233.6875,
        101926.703125
    ],
    "4": [
        162114.8125,
        297631.5,
        61156.0234375
    ],
    "5": [
        140229.09375,
        288823.40625,
        30578.01171875
    ],
    "6": [
        146207.90625,
        288902.1875,
        15289.005859375
    ]
}