{
    "0": [
        202387.5,
        202387.5,
        291219.15625
    ],
    "1": [
        202387.5,
        202387.5,
        291219.15625
    ],
    "2": [
        152381.9375,
        298870.9375,
        145609.578125
    ],
    "3": [
        191917.453125,
        281760.71875,
        101926.703125
    ],
    "4": [
        216937.828125,
        252755.015625,
        61156.0234375
    ],
    "5": [
        213322.46875,
        277502.75,
        30578.01171875
    ],
    "6": [
        219146.078125,
        272913.09375,
        15289.005859375
    ],
    "7": [
        214018.546875,
        269365.8125,
        7644.5029296875
    ]
}