{
    "0": [
        202387.5,
        202387.5,
        291219.15625
    ],
    "1": [
        202387.5,
        202387.5,
        291219.15625
    ],
    "2": [
        289661.21875,
        170335.484375,
        145609.578125
    ],
    "3": [
        265430.25,
        138433.53125,
        101926.703125
    ],
    "4": [
        301947.8125,
        147249.65625,
        61156.0234375
    ],
    "5": [
        310297.34375,
        118908.921875,
        30578.01171875
    ],
    "6": [
        307713.125,
        112008.640625,
        15289.005859375
    ],
    "7": [
        314117.3125,
        110351.796875,
        7644.5029296875
    ]
}