{
    "0": [
        202387.5,
        202387.5,
        291219.15625
    ],
    "1": [
        202387.5,
        202387.5,
        291219.15625
    ],
    "2": [
        127310.96875,
        213847.15625,
        145609.578125
    ],
    "3": [
        131395.15625,
        242479.75,
        101926.703125
    ],
    "4": [
        116964.484375,
        210005.59375,
        61156.0234375
    ],
    "5": [
        105378.875,
        185626.40625,
        30578.01171875
    ],
    "6": [
        94955.71875,
        193206.375,
        15289.005859375
    ],
    "7": [
        89970.09375,
        195034.1875,
        7644.5029296875
    ]
}