{
    "0": [
        202387.5,
        202387.5,
        291219.15625
    ],
    "1": [
        202387.5,
        202387.5,
        291219.15625
    ],
    "2": [
        297953.84375,
        200147.4375,
        145609.578125
    ],
    "3": [
        308959.65625,
        177224.78125,
        101926.703125
    ],
    "4": [
        305879.0625,
        184931.703125,
        61156.0234375
    ],
    "5": [
        296640.03125,
        182594.15625,
        30578.01171875
    ],
    "6": [
        304337.0625,
        189459.484375,
        15289.005859375
    ],
    "7": [
        302399.71875,
        183874.8125,
        7644.5029296875
    ],
    "8": [
        301007,
        182458.515625,
        3822.25146484375
    ]
}