{
    "0": [
        202387.5,
        202387.5,
        291219.15625
    ],
    "1": [
        202387.5,
        202387.5,
        291219.15625
    ],
    "2": [
        251010.78125,
        148863.8125,
        145609.578125
    ],
    "3": [
        254318.609375,
        133477.53125,
        101926.703125
    ],
    "4": [
        225564.828125,
        145924.625,
        61156.0234375
    ],
    "5": [
        223080.921875,
        151274.234375,
        30578.01171875
    ],
    "6": [
        225929.890625,
        141062.65625,
        15289.005859375
    ],
    "7": [
        225040.25,
        135041.296875,
        7644.5029296875
    ]
}