{
    "0": [
        202387.5,
        202387.5,
        291219.15625
    ],
    "1": [
        202387.5,
        202387.5,
        291219.15625
    ],
    "2": [
        204463.875,
        145534.390625,
        145609.578125
    ],
    "3": [
        214928,
        114580.875,
        101926.703125
    ],
    "4": [
        247298.203125,
        131503.84375,
        61156.0234375
    ],
    "5": [
        241835.15625,
        126755.6484375,
        30578.01171875
    ]
}