{
    "0": [
        202387.5,
        202387.5,
        291219.15625
    ],
    "1": [
        202387.5,
        202387.5,
        291219.15625
    ],
    "2": [
        249764.21875,
        101412.796875,
        145609.578125
    ],
    "3": [
        247525.546875,
        116962.90625,
        101926.703125
    ],
    "4": [
        242350.390625,
        151706.484375,
        61156.0234375
    ],
    "5": [
        232000.3125,
        158430.09375,
        30578.01171875
    ],
    "6": [
        242022.640625,
        150817.984375,
        15289.005859375
    ],
    "7": [
        239254.625,
        157536.03125,
        7644.5029296875
    ]
}