{
    "0": [
        202387.5,
        202387.5,
        291219.15625
    ],
    "1": [
        202387.5,
        202387.5,
        291219.15625
    ],
    "2": [
        222496.21875,
        269048.5,
        145609.578125
    ],
    "3": [
        219062.15625,
        253295.453125,
        101926.703125
    ],
    "4": [
        189669.96875,
        259272.28125,
        61156.0234375
    ],
    "5": [
        215611.53125,
        260465.890625,
        30578.01171875
    ],
    "6": [
        225385.265625,
        262022.4375,
        15289.005859375
    ],
    "7": [
        227597.59375,
        265413.09375,
        7644.5029296875
    ]
}