{
    "0": [
        202387.5,
        202387.5,
        291219.15625
    ],
    "1": [
        202387.5,
        202387.5,
        291219.15625
    ],
    "2": [
        256074.765625,
        274315,
        145609.578125
    ],
    "3": [
        280319.4375,
        244622.625,
        101926.703125
    ],
    "4": [
        268657.71875,
        247734.8125,
        61156.0234375
    ],
    "5": [
        246681.65625,
        231834.6875,
        30578.01171875
    ],
    "6": [
        244586.890625,
        228315.640625,
        15289.005859375
    ],
    "7": [
        250454.640625,
        228127.4375,
        7644.5029296875
    ],
    "8": [
        250560.15625,
        228819.40625,
        3822.25146484375
    ]
}