{
    "0": [
        202387.5,
        202387.5,
        291219.15625
    ],
    "1": [
        202387.5,
        202387.5,
        291219.15625
    ],
    "2": [
        257063.15625,
        298594.25,
        145609.578125
    ],
    "3": [
        250845.46875,
        311053.375,
        101926.703125
    ],
    "4": [
        232541.09375,
        336018.8125,
        61156.0234375
    ],
    "5": [
        243213.28125,
        356207.90625,
        30578.01171875
    ],
    "6": [
        232759.4375,
        349273.78125,
        15289.005859375
    ],
    "7": [
        226906.078125,
        344844.03125,
        7644.5029296875
    ],
    "8": [
        229088.59375,
        344564.125,
        3822.25146484375
    ]
}