{
    "0": [
        202387.5,
        202387.5,
        291219.15625
    ],
    "1": [
        202387.5,
        202387.5,
        291219.15625
    ],
    "2": [
        157578.25,
        127011.5546875,
        145609.578125
    ],
    "3": [
        152706.984375,
        92404.265625,
        101926.703125
    ],
    "4": [
        189076.28125,
        76611.90625,
        61156.0234375
    ],
    "5": [
        196449.859375,
        102859.515625,
        30578.01171875
    ],
    "6": [
        195395.234375,
        98058.5625,
        15289.005859375
    ],
    "7": [
        189369.75,
        97906.421875,
        7644.5029296875
    ]
}