{
    "0": [
        202387.5,
        202387.5,
        291219.15625
    ],
    "1": [
        202387.5,
        202387.5,
        291219.15625
    ],
    "2": [
        267898.65625,
        219726.109375,
        145609.578125
    ],
    "3": [
        242463.0625,
        246328.03125,
        101926.703125
    ],
    "4": [
        277177.34375,
        261658.75,
        61156.0234375
    ],
    "5": [
        284970.09375,
        233410.75,
        30578.01171875
    ],
    "6": [
        294587.09375,
        235917.59375,
        15289.005859375
    ],
    "7": [
        296259.875,
        238240.28125,
        7644.5029296875
    ]
}