{
    "0": [
        202387.5,
        202387.5,
        291219.15625
    ],
    "1": [
        202387.5,
        202387.5,
        291219.15625
    ],
    "2": [
        137321.1875,
        155784.5625,
        145609.578125
    ],
    "3": [
        113499.046875,
        173675.359375,
        101926.703125
    ],
    "4": [
        95419.0625,
        185976.109375,
        61156.0234375
    ],
    "5": [
        68329.2890625,
        196580.5,
        30578.01171875
    ],
    "6": [
        73531.359375,
        192283.984375,
        15289.005859375
    ],
    "7": [
        67760.5078125,
        196190.703125,
        7644.5029296875
    ]
}