{
    "0": [
        202387.5,
        202387.5,
        291219.15625
    ],
    "1": [
        202387.5,
        202387.5,
        291219.15625
    ],
    "2": [
        137218.5,
        273915.09375,
        145609.578125
    ],
    "3": [
        107414.75,
        280533.25,
        101926.703125
    ],
    "4": [
        110180.9296875,
        305022,
        61156.0234375
    ],
    "5": [
        111339.484375,
        305922.78125,
        30578.01171875
    ],
    "6": [
        111673.421875,
        318181.0625,
        15289.005859375
    ],
    "7": [
        118367.734375,
        314524.40625,
        7644.5029296875
    ]
}