{
    "0": [
        202387.5,
        202387.5,
        291219.15625
    ],
    "1": [
        202387.5,
        202387.5,
        291219.15625
    ],
    "2": [
        172071.328125,
        124469.1171875,
        145609.578125
    ],
    "3": [
        136579.375,
        108348.859375,
        101926.703125
    ],
    "4": [
        123300.9765625,
        112406.3046875,
        61156.0234375
    ],
    "5": [
        109770.421875,
        115782.46875,
        30578.01171875
    ],
    "6": [
        101796.7109375,
        126864.8671875,
        15289.005859375
    ],
    "7": [
        102901.1171875,
        120860.1796875,
        7644.5029296875
    ]
}