{
    "0": [
        202387.5,
        202387.5,
        291219.15625
    ],
    "1": [
        202387.5,
        202387.5,
        291219.15625
    ],
    "2": [
        188155.421875,
        295757.5,
        145609.578125
    ],
    "3": [
        181005.265625,
        270813.1875,
        101926.703125
    ],
    "4": [
        151928.625,
        269917.3125,
        61156.0234375
    ],
    "5": [
        160088.15625,
        245496.46875,
        30578.01171875
    ],
    "6": [
        157262.4375,
        254586.71875,
        15289.005859375
    ],
    "7": [
        155683.5625,
        252073.984375,
        7644.5029296875
    ],
    "8": [
        158338.65625,
        252163.796875,
        3822.25146484375
    ]
}