{
    "0": [
        202387.5,
        202387.5,
        291219.15625
    ],
    "1": [
        202387.5,
        202387.5,
        291219.15625
    ],
    "2": [
        95870.359375,
        233932.75,
        145609.578125
    ],
    "3": [
        99427.203125,
        236949,
        101926.703125
    ],
    "4": [
        93513.0546875,
        270105.6875,
        61156.0234375
    ],
    "5": [
        84536.96875,
        268337.125,
        30578.01171875
    ],
    "6": [
        87100.3515625,
        258222.640625,
        15289.005859375
    ]
}