{
    "0": [
        202387.5,
        202387.5,
        291219.15625
    ],
    "1": [
        202387.5,
        202387.5,
        291219.15625
    ],
    "2": [
        167429.546875,
        257665,
        145609.578125
    ],
    "3": [
        186933.84375,
        239167.734375,
        101926.703125
    ],
    "4": [
        203090.421875,
        213777.0625,
        61156.0234375
    ],
    "5": [
        181632.578125,
        210123.546875,
        30578.01171875
    ],
    "6": [
        192803.921875,
        200514.125,
        15289.005859375
    ],
    "7": [
        197298.796875,
        197237.234375,
        7644.5029296875
    ],
    "8": [
        195220.5625,
        197927.171875,
        3822.25146484375
    ],
    "9": [
        195285.1875,
        198406.828125,
        1911.125732421875
    ]
}