{
    "0": [
        202387.5,
        202387.5,
        291219.15625
    ],
    "1": [
        202387.5,
        202387.5,
        291219.15625
    ],
    "2": [
        164614.75,
        161116.28125,
        145609.578125
    ],
    "3": [
        152162.734375,
        160773.390625,
        101926.703125
    ],
    "4": [
        150668.953125,
        146358.375,
        61156.0234375
    ],
    "5": [
        140665.15625,
        128675.828125,
        30578.01171875
    ],
    "6": [
        143858.4375,
        129082.6015625,
        15289.005859375
    ],
    "7": [
        143588.875,
        133427.96875,
        7644.5029296875
    ]
}