{
    "0": [
        202387.5,
        202387.5,
        291219.15625
    ],
    "1": [
        202387.5,
        202387.5,
        291219.15625
    ],
    "2": [
        177868.53125,
        101488.25,
        145609.578125
    ],
    "3": [
        157127.125,
        95354.921875,
        101926.703125
    ],
    "4": [
        176612.0625,
        129301.890625,
        61156.0234375
    ],
    "5": [
        158425.25,
        139234.890625,
        30578.01171875
    ],
    "6": [
        154712.046875,
        126475.34375,
        15289.005859375
    ],
    "7": [
        150709.25,
        121003.625,
        7644.5029296875
    ]
}