{
    "0": [
        202387.5,
        202387.5,
        291219.15625
    ],
    "1": [
        202387.5,
        202387.5,
        291219.15625
    ],
    "2": [
        110808.515625,
        197748.8125,
        145609.578125
    ],
    "3": [
        138059.875,
        201010.015625,
        101926.703125
    ],
    "4": [
        122652.6171875,
        231489.609375,
        61156.0234375
    ],
    "5": [
        116618.0703125,
        203808.671875,
        30578.01171875
    ],
    "6": [
        114994.890625,
        206436.09375,
        15289.005859375
    ],
    "7": [
        118779.1875,
        201624.6875,
        7644.5029296875
    ],
    "8": [
        116257.4921875,
        201922.5,
        3822.25146484375
    ]
}