{
    "0": [
        202387.5,
        202387.5,
        291219.15625
    ],
    "1": [
        202387.5,
        202387.5,
        291219.15625
    ],
    "2": [
        271192.65625,
        258881.4375,
        145609.578125
    ],
    "3": [
        299465.0625,
        290020.375,
        101926.703125
    ],
    "4": [
        263482.59375,
        301436.59375,
        61156.0234375
    ],
    "5": [
        264788.8125,
        297145.9375,
        30578.01171875
    ],
    "6": [
        256941.796875,
        293867.6875,
        15289.005859375
    ],
    "7": [
        253379.84375,
        292975.25,
        7644.5029296875
    ]
}