{
    "0": [
        202387.5,
        202387.5,
        291219.15625
    ],
    "1": [
        202387.5,
        202387.5,
        291219.15625
    ],
    "2": [
        202842.96875,
        271495.5625,
        145609.578125
    ],
    "3": [
        189211.25,
        233207.109375,
        101926.703125
    ],
    "4": [
        193581.4375,
        207274.515625,
        61156.0234375
    ],
    "5": [
        168034.65625,
        211327.640625,
        30578.01171875
    ],
    "6": [
        170035.140625,
        207956.9375,
        15289.005859375
    ]
}