{
    "0": [
        202387.5,
        202387.5,
        291219.15625
    ],
    "1": [
        202387.5,
        202387.5,
        291219.15625
    ],
    "2": [
        233834.453125,
        236835.171875,
        145609.578125
    ],
    "3": [
        233518.828125,
        228533.25,
        101926.703125
    ],
    "4": [
        229484.109375,
        263622,
        61156.0234375
    ],
    "5": [
        249596.75,
        279016.84375,
        30578.01171875
    ],
    "6": [
        235613.0625,
        284670.15625,
        15289.005859375
    ],
    "7": [
        234324.765625,
        288833.53125,
        7644.5029296875
    ],
    "8": [
        233329.03125,
        291461.84375,
        3822.25146484375
    ]
}