{
    "0": [
        202387.5,
        202387.5,
        291219.15625
    ],
    "1": [
        202387.5,
        202387.5,
        291219.15625
    ],
    "2": [
        179811.546875,
        89772.640625,
        145609.578125
    ],
    "3": [
        216333.765625,
        111049.421875,
        101926.703125
    ],
    "4": [
        217987.8125,
        128347.75,
        61156.0234375
    ],
    "5": [
        227480.484375,
        109670.7734375,
        30578.01171875
    ],
    "6": [
        239042.6875,
        111980.1953125,
        15289.005859375
    ]
}