{
    "0": [
        202387.5,
        202387.5,
        291219.15625
    ],
    "1": [
        202387.5,
        202387.5,
        291219.15625
    ],
    "2": [
        238172.6875,
        149441.109375,
        145609.578125
    ],
    "3": [
        225580.421875,
        138414.453125,
        101926.703125
    ],
    "4": [
        242297.84375,
        172701.96875,
        61156.0234375
    ],
    "5": [
        235669.375,
        174264.25,
        30578.01171875
    ],
    "6": [
        222941.890625,
        178881.546875,
        15289.005859375
    ],
    "7": [
        221651.46875,
        171556.78125,
        7644.5029296875
    ],
    "8": [
        223142.90625,
        172413.078125,
        3822.25146484375
    ]
}