{
    "0": [
        202387.5,
        202387.5,
        291219.15625
    ],
    "1": [
        202387.5,
        202387.5,
        291219.15625
    ],
    "2": [
        133451.5,
        295699.59375,
        145609.578125
    ],
    "3": [
        122703.6484375,
        323089.75,
        101926.703125
    ],
    "4": [
        151604.109375,
        311296.5,
        61156.0234375
    ],
    "5": [
        133116.875,
        332451.5625,
        30578.01171875
    ],
    "6": [
        124940.0625,
        334668.96875,
        15289.005859375
    ],
    "7": [
        123080.2890625,
        336929.59375,
        7644.5029296875
    ],
    "8": [
        125535.375,
        335429.03125,
        3822.25146484375
    ]
}