{
    "0": [
        202387.5,
        202387.5,
        291219.15625
    ],
    "1": [
        202387.5,
        202387.5,
        291219.15625
    ],
    "2": [
        148904.15625,
        225706.484375,
        145609.578125
    ],
    "3": [
        142232.734375,
        206167.578125,
        101926.703125
    ],
    "4": [
        140900.09375,
        194376.984375,
        61156.0234375
    ],
    "5": [
        144619.296875,
        218820.734375,
        30578.01171875
    ],
    "6": [
        145887.046875,
        232723.84375,
        15289.005859375
    ],
    "7": [
        139353.6875,
        231957.421875,
        7644.5029296875
    ]
}