{
    "0": [
        202387.5,
        202387.5,
        291219.15625
    ],
    "1": [
        202387.5,
        202387.5,
        291219.15625
    ],
    "2": [
        195810,
        286941.03125,
        145609.578125
    ],
    "3": [
        160361.625,
        284620.9375,
        101926.703125
    ],
    "4": [
        173514.234375,
        247470.078125,
        61156.0234375
    ],
    "5": [
        158132.828125,
        245031.75,
        30578.01171875
    ],
    "6": [
        161966.375,
        244919.296875,
        15289.005859375
    ],
    "7": [
        162462.578125,
        246862.625,
        7644.5029296875
    ],
    "8": [
        162158,
        248007.109375,
        3822.25146484375
    ]
}