{
    "0": [
        202387.5,
        202387.5,
        291219.15625
    ],
    "1": [
        202387.5,
        202387.5,
        291219.15625
    ],
    "2": [
        288569.53125,
        183070.484375,
        145609.578125
    ],
    "3": [
        275981.96875,
        193099.828125,
        101926.703125
    ],
    "4": [
        275793.0625,
        213601.25,
        61156.0234375
    ],
    "5": [
        276260.625,
        192730.9375,
        30578.01171875
    ],
    "6": [
        277948.0625,
        179815.125,
        15289.005859375
    ],
    "7": [
        279949.90625,
        174146.734375,
        7644.5029296875
    ]
}