{
    "0": [
        202387.5,
        202387.5,
        291219.15625
    ],
    "1": [
        202387.5,
        202387.5,
        291219.15625
    ],
    "2": [
        225073.1875,
        150702.375,
        145609.578125
    ],
    "3": [
        232926.28125,
        157820.765625,
        101926.703125
    ],
    "4": [
        256765.96875,
        152443.703125,
        61156.0234375
    ],
    "5": [
        239390.359375,
        136759.84375,
        30578.01171875
    ],
    "6": [
        233958.1875,
        132883.609375,
        15289.005859375
    ],
    "7": [
        234546,
        140161.03125,
        7644.5029296875
    ],
    "8": [
        232457.078125,
        143244.40625,
        3822.25146484375
    ]
}