{
    "0": [
        202387.5,
        202387.5,
        291219.15625
    ],
    "1": [
        202387.5,
        202387.5,
        291219.15625
    ],
    "2": [
        315807.53125,
        220731.28125,
        145609.578125
    ],
    "3": [
        320358.78125,
        202459,
        101926.703125
    ],
    "4": [
        341502.71875,
        236340.75,
        61156.0234375
    ],
    "5": [
        345372.34375,
        249888.53125,
        30578.01171875
    ],
    "6": [
        341259.25,
        236146.703125,
        15289.005859375
    ],
    "7": [
        334398.03125,
        238713.171875,
        7644.5029296875
    ]
}