{
    "0": [
        202387.5,
        202387.5,
        291219.15625
    ],
    "1": [
        202387.5,
        202387.5,
        291219.15625
    ],
    "2": [
        281976.09375,
        174327.03125,
        145609.578125
    ],
    "3": [
        265258.6875,
        213876.71875,
        101926.703125
    ],
    "4": [
        297521.5625,
        234377.84375,
        61156.0234375
    ],
    "5": [
        295564.65625,
        214016.5625,
        30578.01171875
    ],
    "6": [
        302738.75,
        202673.71875,
        15289.005859375
    ],
    "7": [
        305540.75,
        197550.3125,
        7644.5029296875
    ]
}