{
    "0": [
        202387.5,
        202387.5,
        291219.15625
    ],
    "1": [
        202387.5,
        202387.5,
        291219.15625
    ],
    "2": [
        177772.875,
        296253,
        145609.578125
    ],
    "3": [
        159774.0625,
        264623.1875,
        101926.703125
    ],
    "4": [
        178087.59375,
        249310.609375,
        61156.0234375
    ],
    "5": [
        194294.90625,
        224362.796875,
        30578.01171875
    ],
    "6": [
        194869.046875,
        237380.40625,
        15289.005859375
    ],
    "7": [
        192416.53125,
        235896.984375,
        7644.5029296875
    ],
    "8": [
        194384.125,
        239014.1875,
        3822.25146484375
    ]
}