{
    "0": [
        202387.5,
        202387.5,
        291219.15625
    ],
    "1": [
        202387.5,
        202387.5,
        291219.15625
    ],
    "2": [
        155434.96875,
        138135.03125,
        145609.578125
    ],
    "3": [
        144321.859375,
        165903.140625,
        101926.703125
    ],
    "4": [
        154950.859375,
        197478.890625,
        61156.0234375
    ],
    "5": [
        126332.453125,
        200699.5625,
        30578.01171875
    ],
    "6": [
        114251.328125,
        196138.125,
        15289.005859375
    ],
    "7": [
        114680.59375,
        191913.578125,
        7644.5029296875
    ],
    "8": [
        117023.9765625,
        192835.328125,
        3822.25146484375
    ]
}