{
    "0": [
        202387.5,
        202387.5,
        291219.15625
    ],
    "1": [
        202387.5,
        202387.5,
        291219.15625
    ],
    "2": [
        266191.46875,
        171617.625,
        145609.578125
    ],
    "3": [
        294048.90625,
        151454.734375,
        101926.703125
    ],
    "4": [
        283113,
        180500.765625,
        61156.0234375
    ],
    "5": [
        273617.21875,
        155205.828125,
        30578.01171875
    ],
    "6": [
        287461.9375,
        155166.53125,
        15289.005859375
    ],
    "7": [
        291083.34375,
        151056.140625,
        7644.5029296875
    ]
}