{
    "0": [
        202387.5,
        202387.5,
        291219.15625
    ],
    "1": [
        202387.5,
        202387.5,
        291219.15625
    ],
    "2": [
        177562.046875,
        247628.046875,
        145609.578125
    ],
    "3": [
        175776.375,
        221107.921875,
        101926.703125
    ],
    "4": [
        178788.640625,
        234544.71875,
        61156.0234375
    ],
    "5": [
        191852.296875,
        255925.171875,
        30578.01171875
    ],
    "6": [
        190342.8125,
        251456.96875,
        15289.005859375
    ],
    "7": [
        193327.921875,
        253025.25,
        7644.5029296875
    ],
    "8": [
        193842.296875,
        251069.90625,
        3822.25146484375
    ]
}