{
    "0": [
        202387.5,
        202387.5,
        291219.15625
    ],
    "1": [
        202387.5,
        202387.5,
        291219.15625
    ],
    "2": [
        137584.8125,
        130506.28125,
        145609.578125
    ],
    "3": [
        138308.703125,
        106129.515625,
        101926.703125
    ],
    "4": [
        117315,
        134715.265625,
        61156.0234375
    ],
    "5": [
        98526.40625,
        114097.546875,
        30578.01171875
    ],
    "6": [
        99073.671875,
        119896.2578125,
        15289.005859375
    ],
    "7": [
        106107.6640625,
        116983.703125,
        7644.5029296875
    ],
    "8": [
        102953.484375,
        115888.640625,
        3822.25146484375
    ]
}