{
    "0": [
        202387.5,
        202387.5,
        291219.15625
    ],
    "1": [
        202387.5,
        202387.5,
        291219.15625
    ],
    "2": [
        152997.296875,
        122272.4453125,
        145609.578125
    ],
    "3": [
        120821.171875,
        108140.5234375,
        101926.703125
    ],
    "4": [
        95031.5,
        105039.9375,
        61156.0234375
    ],
    "5": [
        118852.8125,
        115441.0625,
        30578.01171875
    ],
    "6": [
        105560.21875,
        122278.9453125,
        15289.005859375
    ],
    "7": [
        106017.4375,
        123321.0625,
        7644.5029296875
    ],
    "8": [
        103634.0859375,
        125587.703125,
        3822.25146484375
    ]
}