{
    "0": [
        202387.5,
        202387.5,
        291219.15625
    ],
    "1": [
        202387.5,
        202387.5,
        291219.15625
    ],
    "2": [
        184622.875,
        119896.9375,
        145609.578125
    ],
    "3": [
        214495.25,
        134791.125,
        101926.703125
    ],
    "4": [
        218627.65625,
        126544.109375,
        61156.0234375
    ],
    "5": [
        210808.625,
        128237.15625,
        30578.01171875
    ],
    "6": [
        219267.203125,
        139886.296875,
        15289.005859375
    ],
    "7": [
        222555.8125,
        142240.875,
        7644.5029296875
    ]
}