{
    "0": [
        202387.5,
        202387.5,
        291219.15625
    ],
    "1": [
        202387.5,
        202387.5,
        291219.15625
    ],
    "2": [
        250797.4375,
        195080.828125,
        145609.578125
    ],
    "3": [
        268079.4375,
        205979.671875,
        101926.703125
    ],
    "4": [
        270523.21875,
        211192.140625,
        61156.0234375
    ],
    "5": [
        266974.8125,
        211785.9375,
        30578.01171875
    ],
    "6": [
        270277.71875,
        199809.109375,
        15289.005859375
    ],
    "7": [
        268773.65625,
        199296.921875,
        7644.5029296875
    ],
    "8": [
        267251.8125,
        197158.046875,
        3822.25146484375
    ],
    "9": [
        266744.3125,
        197427.203125,
        1911.125732421875
    ]
}