{
    "0": [
        202387.5,
        202387.5,
        291219.15625
    ],
    "1": [
        202387.5,
        202387.5,
        291219.15625
    ],
    "2": [
        232109.96875,
        255829.65625,
        145609.578125
    ],
    "3": [
        251247.796875,
        281268.28125,
        101926.703125
    ],
    "4": [
        270028.6875,
        255409.546875,
        61156.0234375
    ],
    "5": [
        256423.65625,
        253977.578125,
        30578.01171875
    ],
    "6": [
        267720,
        248559.828125,
        15289.005859375
    ],
    "7": [
        265259.25,
        250339.109375,
        7644.5029296875
    ]
}