{
    "0": [
        202387.5,
        202387.5,
        291219.15625
    ],
    "1": [
        202387.5,
        202387.5,
        291219.15625
    ],
    "2": [
        196539.765625,
        207769.59375,
        145609.578125
    ],
    "3": [
        203309.140625,
        170549.6875,
        101926.703125
    ],
    "4": [
        226975.796875,
        198113.703125,
        61156.0234375
    ],
    "5": [
        252852.71875,
        187488.453125,
        30578.01171875
    ],
    "6": [
        245953.46875,
        176778.578125,
        15289.005859375
    ],
    "7": [
        243575,
        176560.359375,
        7644.5029296875
    ]
}