{
    "0": [
        202387.5,
        202387.5,
        291219.15625
    ],
    "1": [
        202387.5,
        202387.5,
        291219.15625
    ],
    "2": [
        170315.375,
        215330.8125,
        145609.578125
    ],
    "3": [
        190867.6875,
        205757.5,
        101926.703125
    ],
    "4": [
        160153.921875,
        226292.390625,
        61156.0234375
    ],
    "5": [
        178665.875,
        212472.21875,
        30578.01171875
    ],
    "6": [
        189003.796875,
        213372.609375,
        15289.005859375
    ]
}