{
    "0": [
        202387.5,
        202387.5,
        291219.15625
    ],
    "1": [
        202387.5,
        202387.5,
        291219.15625
    ],
    "2": [
        257504.765625,
        235585.03125,
        145609.578125
    ],
    "3": [
        277771.21875,
        237602.125,
        101926.703125
    ],
    "4": [
        302557.6875,
        267796,
        61156.0234375
    ],
    "5": [
        322038,
        279049.15625,
        30578.01171875
    ],
    "6": [
        325765.09375,
        266616.71875,
        15289.005859375
    ],
    "7": [
        324831.4375,
        265100.78125,
        7644.5029296875
    ]
}