{
    "0": [
        202387.5,
        202387.5,
        291219.15625
    ],
    "1": [
        202387.5,
        202387.5,
        291219.15625
    ],
    "2": [
        112064.609375,
        238815.203125,
        145609.578125
    ],
    "3": [
        139030.796875,
        226187.671875,
        101926.703125
    ],
    "4": [
        172956.421875,
        214748.984375,
        61156.0234375
    ],
    "5": [
        182738.78125,
        239295.96875,
        30578.01171875
    ],
    "6": [
        190208.328125,
        248751.375,
        15289.005859375
    ],
    "7": [
        193099.40625,
        250033.609375,
        7644.5029296875
    ]
}