{
    "0": [
        202387.5,
        202387.5,
        291219.15625
    ],
    "1": [
        202387.5,
        202387.5,
        291219.15625
    ],
    "2": [
        272152.375,
        172412.0625,
        145609.578125
    ],
    "3": [
        237999.5625,
        189398.71875,
        101926.703125
    ],
    "4": [
        270575.625,
        177859.5625,
        61156.0234375
    ],
    "5": [
        267327.21875,
        180271.109375,
        30578.01171875
    ],
    "6": [
        270327.875,
        174261.125,
        15289.005859375
    ],
    "7": [
        274990.53125,
        171643.03125,
        7644.5029296875
    ]
}