{
    "0": [
        202387.5,
        202387.5,
        291219.15625
    ],
    "1": [
        202387.5,
        202387.5,
        291219.15625
    ],
    "2": [
        224739.921875,
        239488.75,
        145609.578125
    ],
    "3": [
        227544.46875,
        204373.34375,
        101926.703125
    ],
    "4": [
        240683.8125,
        240497.953125,
        61156.0234375
    ],
    "5": [
        246281.640625,
        226092.09375,
        30578.01171875
    ],
    "6": [
        235035.265625,
        229881.515625,
        15289.005859375
    ]
}