{
    "0": [
        202387.5,
        202387.5,
        291219.15625
    ],
    "1": [
        202387.5,
        202387.5,
        291219.15625
    ],
    "2": [
        102831.1875,
        185588.125,
        145609.578125
    ],
    "3": [
        141414.25,
        195284.171875,
        101926.703125
    ],
    "4": [
        113175.0546875,
        202168.8125,
        61156.0234375
    ],
    "5": [
        96914.5625,
        219948.3125,
        30578.01171875
    ],
    "6": [
        106904.828125,
        212530.859375,
        15289.005859375
    ],
    "7": [
        113914.765625,
        209861.734375,
        7644.5029296875
    ],
    "8": [
        114816.6875,
        209505.03125,
        3822.25146484375
    ]
}