{
    "0": [
        202387.5,
        202387.5,
        291219.15625
    ],
    "1": [
        202387.5,
        202387.5,
        291219.15625
    ],
    "2": [
        172266.4375,
        311584.34375,
        145609.578125
    ],
    "3": [
        165596.796875,
        336243.28125,
        101926.703125
    ],
    "4": [
        172422.1875,
        328487.875,
        61156.0234375
    ],
    "5": [
        182039.828125,
        316043.125,
        30578.01171875
    ],
    "6": [
        194730.015625,
        323341.46875,
        15289.005859375
    ],
    "7": [
        190796.28125,
        325000.40625,
        7644.5029296875
    ]
}