{
    "0": [
        202387.5,
        202387.5,
        291219.15625
    ],
    "1": [
        202387.5,
        202387.5,
        291219.15625
    ],
    "2": [
        234502.9375,
        102111.515625,
        145609.578125
    ],
    "3": [
        236483.953125,
        136164.515625,
        101926.703125
    ],
    "4": [
        224011.875,
        159448.53125,
        61156.0234375
    ],
    "5": [
        236158.0625,
        137128,
        30578.01171875
    ],
    "6": [
        229169.890625,
        125777.0546875,
        15289.005859375
    ],
    "7": [
        235227.859375,
        128369.078125,
        7644.5029296875
    ]
}