{
    "0": [
        202387.5,
        202387.5,
        291219.15625
    ],
    "1": [
        202387.5,
        202387.5,
        291219.15625
    ],
    "2": [
        318218.625,
        197382.421875,
        145609.578125
    ],
    "3": [
        344542.8125,
        211807.78125,
        101926.703125
    ],
    "4": [
        321677.59375,
        192718.90625,
        61156.0234375
    ],
    "5": [
        325783.84375,
        172333.578125,
        30578.01171875
    ],
    "6": [
        338445.5,
        178269.046875,
        15289.005859375
    ]
}