{
    "0": [
        202387.5,
        202387.5,
        291219.15625
    ],
    "1": [
        202387.5,
        202387.5,
        291219.15625
    ],
    "2": [
        121677.609375,
        134548.375,
        145609.578125
    ],
    "3": [
        130157.0546875,
        140424.484375,
        101926.703125
    ],
    "4": [
        154175.421875,
        127786.1171875,
        61156.0234375
    ],
    "5": [
        168261.6875,
        150265.6875,
        30578.01171875
    ],
    "6": [
        153541.109375,
        154106.53125,
        15289.005859375
    ],
    "7": [
        157278.78125,
        159133.140625,
        7644.5029296875
    ],
    "8": [
        160677.6875,
        159770.890625,
        3822.25146484375
    ]
}