{
    "0": [
        202387.5,
        202387.5,
        291219.15625
    ],
    "1": [
        202387.5,
        202387.5,
        291219.15625
    ],
    "2": [
        296271.09375,
        195553.390625,
        145609.578125
    ],
    "3": [
        297001.875,
        211866.390625,
        101926.703125
    ],
    "4": [
        313997.03125,
        229056.015625,
        61156.0234375
    ],
    "5": [
        325935.9375,
        236921.140625,
        30578.01171875
    ],
    "6": [
        333580.25,
        244966.296875,
        15289.005859375
    ],
    "7": [
        328196.53125,
        239882.34375,
        7644.5029296875
    ]
}