{
    "0": [
        202387.5,
        202387.5,
        291219.15625
    ],
    "1": [
        202387.5,
        202387.5,
        291219.15625
    ],
    "2": [
        211575.984375,
        221792.859375,
        145609.578125
    ],
    "3": [
        183916,
        240743.21875,
        101926.703125
    ],
    "4": [
        199491.5,
        245742.78125,
        61156.0234375
    ],
    "5": [
        211936.125,
        267018.6875,
        30578.01171875
    ],
    "6": [
        215631.890625,
        252921.65625,
        15289.005859375
    ],
    "7": [
        221318.71875,
        254550.265625,
        7644.5029296875
    ],
    "8": [
        220634.921875,
        255270.609375,
        3822.25146484375
    ]
}