{
    "0": [
        202387.5,
        202387.5,
        291219.15625
    ],
    "1": [
        202387.5,
        202387.5,
        291219.15625
    ],
    "2": [
        265416.875,
        269257.34375,
        145609.578125
    ],
    "3": [
        251508.78125,
        241257.65625,
        101926.703125
    ],
    "4": [
        233902.59375,
        238165.40625,
        61156.0234375
    ],
    "5": [
        217933.5625,
        242299.296875,
        30578.01171875
    ],
    "6": [
        227916.921875,
        235246.125,
        15289.005859375
    ],
    "7": [
        229226.609375,
        231933.078125,
        7644.5029296875
    ],
    "8": [
        228809.296875,
        232482.53125,
        3822.25146484375
    ]
}