{
    "0": [
        202387.5,
        202387.5,
        291219.15625
    ],
    "1": [
        202387.5,
        202387.5,
        291219.15625
    ],
    "2": [
        262927.0625,
        297686.5,
        145609.578125
    ],
    "3": [
        255580.6875,
        336976.34375,
        101926.703125
    ],
    "4": [
        281071.4375,
        308319.0625,
        61156.0234375
    ],
    "5": [
        259463.203125,
        299431.34375,
        30578.01171875
    ],
    "6": [
        257299.234375,
        285995.8125,
        15289.005859375
    ],
    "7": [
        251951.46875,
        282370.15625,
        7644.5029296875
    ]
}