{
    "0": [
        202387.5,
        202387.5,
        291219.15625
    ],
    "1": [
        202387.5,
        202387.5,
        291219.15625
    ],
    "2": [
        195850.34375,
        281707.5,
        145609.578125
    ],
    "3": [
        176505.53125,
        316688.75,
        101926.703125
    ],
    "4": [
        180863.03125,
        343952.0625,
        61156.0234375
    ],
    "5": [
        203362.765625,
        358795.59375,
        30578.01171875
    ],
    "6": [
        195301.484375,
        353343.8125,
        15289.005859375
    ]
}