{
    "0": [
        202387.5,
        202387.5,
        291219.15625
    ],
    "1": [
        202387.5,
        202387.5,
        291219.15625
    ],
    "2": [
        202761.96875,
        297808.96875,
        145609.578125
    ],
    "3": [
        216800.375,
        312859.4375,
        101926.703125
    ],
    "4": [
        244496.796875,
        319045.5,
        61156.0234375
    ],
    "5": [
        267896.625,
        334894.8125,
        30578.01171875
    ],
    "6": [
        257336.375,
        334835.34375,
        15289.005859375
    ],
    "7": [
        251121.21875,
        333201.5,
        7644.5029296875
    ]
}