{
    "0": [
        202387.5,
        202387.5,
        291219.15625
    ],
    "1": [
        202387.5,
        202387.5,
        291219.15625
    ],
    "2": [
        228322.515625,
        280277.28125,
        145609.578125
    ],
    "3": [
        201140.71875,
        262066.4375,
        101926.703125
    ],
    "4": [
        216239.296875,
        230268.078125,
        61156.0234375
    ],
    "5": [
        191828.40625,
        228522.734375,
        30578.01171875
    ],
    "6": [
        191234.078125,
        214881.515625,
        15289.005859375
    ],
    "7": [
        196328.53125,
        218004.4375,
        7644.5029296875
    ]
}