{
    "0": [
        202387.5,
        202387.5,
        291219.15625
    ],
    "1": [
        202387.5,
        202387.5,
        291219.15625
    ],
    "2": [
        267991.03125,
        154430.109375,
        145609.578125
    ],
    "3": [
        270623.96875,
        113479.6171875,
        101926.703125
    ],
    "4": [
        293549.625,
        96721.1875,
        61156.0234375
    ],
    "5": [
        288950.78125,
        109440.421875,
        30578.01171875
    ],
    "6": [
        279988.8125,
        108197.4296875,
        15289.005859375
    ]
}