{
    "0": [
        202387.5,
        202387.5,
        291219.15625
    ],
    "1": [
        202387.5,
        202387.5,
        291219.15625
    ],
    "2": [
        177205.390625,
        242726.078125,
        145609.578125
    ],
    "3": [
        187618.34375,
        273075.46875,
        101926.703125
    ],
    "4": [
        198240.328125,
        249449.53125,
        61156.0234375
    ],
    "5": [
        199088.71875,
        244510.453125,
        30578.01171875
    ],
    "6": [
        212511.4375,
        250615.625,
        15289.005859375
    ]
}