{
    "0": [
        202387.5,
        202387.5,
        291219.15625
    ],
    "1": [
        202387.5,
        202387.5,
        291219.15625
    ],
    "2": [
        281105.5625,
        161264.96875,
        145609.578125
    ],
    "3": [
        292313.28125,
        178610.375,
        101926.703125
    ],
    "4": [
        296843.5,
        140095.171875,
        61156.0234375
    ],
    "5": [
        268090.59375,
        135959.296875,
        30578.01171875
    ],
    "6": [
        253465.625,
        134798.5625,
        15289.005859375
    ],
    "7": [
        251290.796875,
        130143.75,
        7644.5029296875
    ]
}