{
    "0": [
        202387.5,
        202387.5,
        291219.15625
    ],
    "1": [
        202387.5,
        202387.5,
        291219.15625
    ],
    "2": [
        244333.03125,
        269231.5,
        145609.578125
    ],
    "3": [
        215313.453125,
        243143.296875,
        101926.703125
    ],
    "4": [
        182216.640625,
        220040.515625,
        61156.0234375
    ],
    "5": [
        180382.375,
        194378.546875,
        30578.01171875
    ],
    "6": [
        175731.453125,
        197737.46875,
        15289.005859375
    ],
    "7": [
        170294.40625,
        193503.765625,
        7644.5029296875
    ]
}