{
    "0": [
        202387.5,
        202387.5,
        291219.15625
    ],
    "1": [
        202387.5,
        202387.5,
        291219.15625
    ],
    "2": [
        222908.515625,
        279853.1875,
        145609.578125
    ],
    "3": [
        229322.6875,
        253273.59375,
        101926.703125
    ],
    "4": [
        190092.328125,
        263248.5,
        61156.0234375
    ],
    "5": [
        206882.15625,
        255070.390625,
        30578.01171875
    ],
    "6": [
        194492.59375,
        248424.8125,
        15289.005859375
    ],
    "7": [
        199653.78125,
        253787.84375,
        7644.5029296875
    ]
}