{
    "0": [
        202387.5,
        202387.5,
        291219.15625
    ],
    "1": [
        202387.5,
        202387.5,
        291219.15625
    ],
    "2": [
        213431.140625,
        97077.359375,
        145609.578125
    ],
    "3": [
        191970.40625,
        116249.46875,
        101926.703125
    ],
    "4": [
        154213.265625,
        127107.28125,
        61156.0234375
    ],
    "5": [
        129324.6328125,
        122038.328125,
        30578.01171875
    ],
    "6": [
        114969.09375,
        122015.4375,
        15289.005859375
    ],
    "7": [
        113760.328125,
        125789.21875,
        7644.5029296875
    ],
    "8": [
        112851.390625,
        123502.5859375,
        3822.25146484375
    ]
}