{
    "0": [
        202387.5,
        202387.5,
        291219.15625
    ],
    "1": [
        202387.5,
        202387.5,
        291219.15625
    ],
    "2": [
        238887.625,
        113063.6640625,
        145609.578125
    ],
    "3": [
        229652.625,
        116118.1953125,
        101926.703125
    ],
    "4": [
        214608.484375,
        144019.09375,
        61156.0234375
    ],
    "5": [
        225133.5,
        168717.234375,
        30578.01171875
    ],
    "6": [
        231075.46875,
        171428.078125,
        15289.005859375
    ],
    "7": [
        228400.96875,
        166796.546875,
        7644.5029296875
    ]
}