{
    "0": [
        202387.5,
        202387.5,
        291219.15625
    ],
    "1": [
        202387.5,
        202387.5,
        291219.15625
    ],
    "2": [
        190601.25,
        138531.015625,
        145609.578125
    ],
    "3": [
        188937.5625,
        124480.796875,
        101926.703125
    ],
    "4": [
        170752.046875,
        105111.03125,
        61156.0234375
    ],
    "5": [
        186227.890625,
        126033.234375,
        30578.01171875
    ],
    "6": [
        187652.453125,
        120385.40625,
        15289.005859375
    ],
    "7": [
        188879.546875,
        119972.4765625,
        7644.5029296875
    ]
}