{
    "0": [
        202387.5,
        202387.5,
        291219.15625
    ],
    "1": [
        202387.5,
        202387.5,
        291219.15625
    ],
    "2": [
        118036.6015625,
        244212.046875,
        145609.578125
    ],
    "3": [
        141628.578125,
        275926.71875,
        101926.703125
    ],
    "4": [
        159797.828125,
        264341.625,
        61156.0234375
    ],
    "5": [
        162047.1875,
        268993.5625,
        30578.01171875
    ],
    "6": [
        150813.953125,
        266340.09375,
        15289.005859375
    ],
    "7": [
        149948.671875,
        258938.46875,
        7644.5029296875
    ]
}