{
    "0": [
        202387.5,
        202387.5,
        291219.15625
    ],
    "1": [
        202387.5,
        202387.5,
        291219.15625
    ],
    "2": [
        263155.375,
        230316.1875,
        145609.578125
    ],
    "3": [
        230599.703125,
        247585.0625,
        101926.703125
    ],
    "4": [
        200883.421875,
        234303.21875,
        61156.0234375
    ],
    "5": [
        184610.109375,
        208941.796875,
        30578.01171875
    ],
    "6": [
        179446.484375,
        206064.671875,
        15289.005859375
    ],
    "7": [
        178295.25,
        204516.8125,
        7644.5029296875
    ]
}