{
    "0": [
        202387.5,
        202387.5,
        291219.15625
    ],
    "1": [
        202387.5,
        202387.5,
        291219.15625
    ],
    "2": [
        228016.546875,
        90584.7421875,
        145609.578125
    ],
    "3": [
        230712.484375,
        114834.5078125,
        101926.703125
    ],
    "4": [
        263680.71875,
        100504.4921875,
        61156.0234375
    ],
    "5": [
        270069.125,
        93716.1640625,
        30578.01171875
    ],
    "6": [
        262975.71875,
        94727.5859375,
        15289.005859375
    ],
    "7": [
        268101.46875,
        91125.3203125,
        7644.5029296875
    ],
    "8": [
        267331.78125,
        92925.84375,
        3822.25146484375
    ]
}