{
    "0": [
        202387.5,
        202387.5,
        291219.15625
    ],
    "1": [
        202387.5,
        202387.5,
        291219.15625
    ],
    "2": [
        294365.84375,
        229833.390625,
        145609.578125
    ],
    "3": [
        283893.84375,
        197287.25,
        101926.703125
    ],
    "4": [
        322941.4375,
        187257.984375,
        61156.0234375
    ],
    "5": [
        308712.1875,
        201898.390625,
        30578.01171875
    ],
    "6": [
        304062.375,
        211687.546875,
        15289.005859375
    ],
    "7": [
        301717.03125,
        214674.421875,
        7644.5029296875
    ]
}