{
    "0": [
        202387.5,
        202387.5,
        291219.15625
    ],
    "1": [
        202387.5,
        202387.5,
        291219.15625
    ],
    "2": [
        145373.171875,
        143122.171875,
        145609.578125
    ],
    "3": [
        128340.421875,
        168538.265625,
        101926.703125
    ],
    "4": [
        101525.6875,
        156966.171875,
        61156.0234375
    ],
    "5": [
        112295.21875,
        175150.09375,
        30578.01171875
    ],
    "6": [
        111237.9765625,
        177395.984375,
        15289.005859375
    ],
    "7": [
        117764.4609375,
        175949.390625,
        7644.5029296875
    ],
    "8": [
        117914,
        177438.953125,
        3822.25146484375
    ],
    "9": [
        117772.1171875,
        177467.765625,
        1911.125732421875
    ]
}