{
    "0": [
        202387.5,
        202387.5,
        291219.15625
    ],
    "1": [
        202387.5,
        202387.5,
        291219.15625
    ],
    "2": [
        158561.28125,
        97893.796875,
        145609.578125
    ],
    "3": [
        134891.65625,
        128974.0234375,
        101926.703125
    ],
    "4": [
        144004.3125,
        163174.15625,
        61156.0234375
    ],
    "5": [
        140310.546875,
        158119.953125,
        30578.01171875
    ],
    "6": [
        140011.96875,
        143067.859375,
        15289.005859375
    ],
    "7": [
        143415.203125,
        147438.34375,
        7644.5029296875
    ],
    "8": [
        143538.609375,
        146349.921875,
        3822.25146484375
    ]
}