{
    "0": [
        202387.5,
        202387.5,
        291219.15625
    ],
    "1": [
        202387.5,
        202387.5,
        291219.15625
    ],
    "2": [
        221353.125,
        134186.75,
        145609.578125
    ],
    "3": [
        229844.5625,
        101228.40625,
        101926.703125
    ],
    "4": [
        252171.90625,
        82363.546875,
        61156.0234375
    ],
    "5": [
        272983.0625,
        98194.1484375,
        30578.01171875
    ],
    "6": [
        287398.96875,
        98078.6875,
        15289.005859375
    ],
    "7": [
        287410.1875,
        103844.703125,
        7644.5029296875
    ],
    "8": [
        286261.34375,
        102854.4140625,
        3822.25146484375
    ]
}