{
    "0": [
        202387.5,
        202387.5,
        291219.15625
    ],
    "1": [
        202387.5,
        202387.5,
        291219.15625
    ],
    "2": [
        260910.078125,
        265269.09375,
        145609.578125
    ],
    "3": [
        257388.1875,
        271855.9375,
        101926.703125
    ],
    "4": [
        264440.5,
        286779.375,
        61156.0234375
    ],
    "5": [
        247498.328125,
        265570.03125,
        30578.01171875
    ],
    "6": [
        250025.71875,
        271530.46875,
        15289.005859375
    ],
    "7": [
        252585.375,
        273117.3125,
        7644.5029296875
    ],
    "8": [
        251765.703125,
        275659.75,
        3822.25146484375
    ]
}