{
    "0": [
        202387.5,
        202387.5,
        291219.15625
    ],
    "1": [
        202387.5,
        202387.5,
        291219.15625
    ],
    "2": [
        268310.875,
        218117.953125,
        145609.578125
    ],
    "3": [
        277148.71875,
        231431.9375,
        101926.703125
    ],
    "4": [
        255649.53125,
        261057.609375,
        61156.0234375
    ],
    "5": [
        228989.875,
        254846.796875,
        30578.01171875
    ]
}