{
    "0": [
        202387.5,
        202387.5,
        291219.15625
    ],
    "1": [
        202387.5,
        202387.5,
        291219.15625
    ],
    "2": [
        301577.09375,
        240189.15625,
        145609.578125
    ],
    "3": [
        284836.3125,
        232670.3125,
        101926.703125
    ],
    "4": [
        318422.9375,
        252015,
        61156.0234375
    ],
    "5": [
        334612.40625,
        232830.03125,
        30578.01171875
    ],
    "6": [
        325057.5625,
        243597.390625,
        15289.005859375
    ]
}