{
    "0": [
        202387.5,
        202387.5,
        291219.15625
    ],
    "1": [
        202387.5,
        202387.5,
        291219.15625
    ],
    "2": [
        228692.6875,
        298906.34375,
        145609.578125
    ],
    "3": [
        200398.390625,
        318600.125,
        101926.703125
    ],
    "4": [
        201203.40625,
        291446.4375,
        61156.0234375
    ],
    "5": [
        199834.578125,
        308730.78125,
        30578.01171875
    ],
    "6": [
        200607.875,
        300842.375,
        15289.005859375
    ],
    "7": [
        203455.375,
        305335.25,
        7644.5029296875
    ]
}