{
    "0": [
        202387.5,
        202387.5,
        291219.15625
    ],
    "1": [
        202387.5,
        202387.5,
        291219.15625
    ],
    "2": [
        137517.546875,
        118705.484375,
        145609.578125
    ],
    "3": [
        119044.796875,
        129965.53125,
        101926.703125
    ],
    "4": [
        95117.1953125,
        113790.9375,
        61156.0234375
    ],
    "5": [
        106854.3359375,
        117056.234375,
        30578.01171875
    ],
    "6": [
        96412.453125,
        111649.359375,
        15289.005859375
    ],
    "7": [
        95229.3984375,
        105868.078125,
        7644.5029296875
    ]
}