{
    "0": [
        202387.5,
        202387.5,
        291219.15625
    ],
    "1": [
        202387.5,
        202387.5,
        291219.15625
    ],
    "2": [
        145787.8125,
        189992.953125,
        145609.578125
    ],
    "3": [
        141221.03125,
        225443.3125,
        101926.703125
    ],
    "4": [
        157813.078125,
        260302.09375,
        61156.0234375
    ],
    "5": [
        136793.703125,
        268084.34375,
        30578.01171875
    ],
    "6": [
        139950.96875,
        273941,
        15289.005859375
    ]
}