{
    "0": [
        202387.5,
        202387.5,
        291219.15625
    ],
    "1": [
        202387.5,
        202387.5,
        291219.15625
    ],
    "2": [
        273451.6875,
        116106.953125,
        145609.578125
    ],
    "3": [
        246630.34375,
        119172.4453125,
        101926.703125
    ],
    "4": [
        221100.921875,
        135299.203125,
        61156.0234375
    ],
    "5": [
        238950.578125,
        114017.96875,
        30578.01171875
    ],
    "6": [
        249295.65625,
        121286.796875,
        15289.005859375
    ],
    "7": [
        245955.90625,
        120258.5078125,
        7644.5029296875
    ]
}