{
    "0": [
        202387.5,
        202387.5,
        291219.15625
    ],
    "1": [
        202387.5,
        202387.5,
        291219.15625
    ],
    "2": [
        160678.984375,
        98724.8359375,
        145609.578125
    ],
    "3": [
        124864.0546875,
        116491.953125,
        101926.703125
    ],
    "4": [
        157073.171875,
        96927.828125,
        61156.0234375
    ],
    "5": [
        177636.640625,
        98415.6640625,
        30578.01171875
    ],
    "6": [
        183227.359375,
        87734.28125,
        15289.005859375
    ],
    "7": [
        183621.515625,
        95268.6796875,
        7644.5029296875
    ]
}