{
    "0": [
        202387.5,
        202387.5,
        291219.15625
    ],
    "1": [
        202387.5,
        202387.5,
        291219.15625
    ],
    "2": [
        165583.421875,
        95812.1796875,
        145609.578125
    ],
    "3": [
        134604.609375,
        99947.1875,
        101926.703125
    ],
    "4": [
        105949.859375,
        115713,
        61156.0234375
    ],
    "5": [
        81957.515625,
        108937.6171875,
        30578.01171875
    ],
    "6": [
        96091.1796875,
        113195.875,
        15289.005859375
    ],
    "7": [
        103633.3671875,
        113415.4375,
        7644.5029296875
    ]
}