{
    "0": [
        202387.5,
        202387.5,
        291219.15625
    ],
    "1": [
        202387.5,
        202387.5,
        291219.15625
    ],
    "2": [
        302815.21875,
        250490.75,
        145609.578125
    ],
    "3": [
        268665.8125,
        225660.359375,
        101926.703125
    ],
    "4": [
        299615.8125,
        240964.09375,
        61156.0234375
    ],
    "5": [
        316071.46875,
        232042.828125,
        30578.01171875
    ],
    "6": [
        311346.5625,
        236875.203125,
        15289.005859375
    ],
    "7": [
        310257.3125,
        238329.75,
        7644.5029296875
    ],
    "8": [
        307770.8125,
        238159.375,
        3822.25146484375
    ]
}