{
    "0": [
        202387.5,
        202387.5,
        291219.15625
    ],
    "1": [
        202387.5,
        202387.5,
        291219.15625
    ],
    "2": [
        239832,
        275507.75,
        145609.578125
    ],
    "3": [
        257021.90625,
        307541.625,
        101926.703125
    ],
    "4": [
        287508.40625,
        306446.40625,
        61156.0234375
    ],
    "5": [
        310616.71875,
        287726.0625,
        30578.01171875
    ],
    "6": [
        321763.59375,
        290404.4375,
        15289.005859375
    ]
}