{
    "0": [
        202387.5,
        202387.5,
        291219.15625
    ],
    "1": [
        202387.5,
        202387.5,
        291219.15625
    ],
    "2": [
        168975.4375,
        311737.5,
        145609.578125
    ],
    "3": [
        160620.8125,
        334933.3125,
        101926.703125
    ],
    "4": [
        161659.0625,
        355469.90625,
        61156.0234375
    ],
    "5": [
        169794.15625,
        373438.3125,
        30578.01171875
    ],
    "6": [
        166559.71875,
        372520.03125,
        15289.005859375
    ],
    "7": [
        170150.640625,
        371295.125,
        7644.5029296875
    ],
    "8": [
        170019.53125,
        369666,
        3822.25146484375
    ]
}