{
    "0": [
        202387.5,
        202387.5,
        291219.15625
    ],
    "1": [
        202387.5,
        202387.5,
        291219.15625
    ],
    "2": [
        251563.21875,
        146630.59375,
        145609.578125
    ],
    "3": [
        292410.96875,
        144519.734375,
        101926.703125
    ],
    "4": [
        279135.03125,
        124945.609375,
        61156.0234375
    ],
    "5": [
        287998.25,
        110360.09375,
        30578.01171875
    ],
    "6": [
        290028.78125,
        121048.8984375,
        15289.005859375
    ],
    "7": [
        283027.875,
        120121.3125,
        7644.5029296875
    ],
    "8": [
        285189.65625,
        117760.5078125,
        3822.25146484375
    ]
}