{
    "0": [
        202387.5,
        202387.5,
        291219.15625
    ],
    "1": [
        202387.5,
        202387.5,
        291219.15625
    ],
    "2": [
        284081.0625,
        136453.140625,
        145609.578125
    ],
    "3": [
        275952.25,
        115977.5078125,
        101926.703125
    ],
    "4": [
        251135.390625,
        118752.9296875,
        61156.0234375
    ],
    "5": [
        252269.5,
        147426.890625,
        30578.01171875
    ],
    "6": [
        240251.296875,
        146301.796875,
        15289.005859375
    ],
    "7": [
        244367.359375,
        141278.875,
        7644.5029296875
    ],
    "8": [
        242595.703125,
        144418.328125,
        3822.25146484375
    ]
}