{
    "0": [
        202387.5,
        202387.5,
        291219.15625
    ],
    "1": [
        202387.5,
        202387.5,
        291219.15625
    ],
    "2": [
        234944,
        181121.859375,
        145609.578125
    ],
    "3": [
        240270.5,
        194285.734375,
        101926.703125
    ],
    "4": [
        248937.9375,
        222346.375,
        61156.0234375
    ],
    "5": [
        251852.515625,
        230177.6875,
        30578.01171875
    ],
    "6": [
        252507.28125,
        243088.796875,
        15289.005859375
    ],
    "7": [
        259188.859375,
        241528.125,
        7644.5029296875
    ],
    "8": [
        258246.546875,
        240096.40625,
        3822.25146484375
    ]
}