{
    "0": [
        202387.5,
        202387.5,
        291219.15625
    ],
    "1": [
        202387.5,
        202387.5,
        291219.15625
    ],
    "2": [
        205646.671875,
        166573.90625,
        145609.578125
    ],
    "3": [
        206161.46875,
        142163.28125,
        101926.703125
    ],
    "4": [
        193147,
        116922.40625,
        61156.0234375
    ],
    "5": [
        214786.09375,
        121845.984375,
        30578.01171875
    ],
    "6": [
        219448.140625,
        125735.0859375,
        15289.005859375
    ],
    "7": [
        216539.734375,
        127692.8671875,
        7644.5029296875
    ]
}