{
    "0": [
        202387.5,
        202387.5,
        291219.15625
    ],
    "1": [
        202387.5,
        202387.5,
        291219.15625
    ],
    "2": [
        173927.578125,
        271807,
        145609.578125
    ],
    "3": [
        197450.25,
        276252.25,
        101926.703125
    ],
    "4": [
        206575.46875,
        268409.53125,
        61156.0234375
    ],
    "5": [
        197000.875,
        258855.671875,
        30578.01171875
    ],
    "6": [
        186484.28125,
        258662.421875,
        15289.005859375
    ],
    "7": [
        191380.203125,
        259707.875,
        7644.5029296875
    ]
}