{
    "0": [
        202387.5,
        202387.5,
        291219.15625
    ],
    "1": [
        202387.5,
        202387.5,
        291219.15625
    ],
    "2": [
        100066.8359375,
        247519.203125,
        145609.578125
    ],
    "3": [
        114282.609375,
        288139.4375,
        101926.703125
    ],
    "4": [
        123174.203125,
        301915.3125,
        61156.0234375
    ],
    "5": [
        131701.890625,
        325579.03125,
        30578.01171875
    ],
    "6": [
        140319.84375,
        325643.46875,
        15289.005859375
    ],
    "7": [
        138601.078125,
        320038.15625,
        7644.5029296875
    ],
    "8": [
        138772.484375,
        318818.46875,
        3822.25146484375
    ],
    "9": [
        137675.890625,
        318941.875,
        1911.125732421875
    ]
}