{
    "0": [
        202387.5,
        202387.5,
        291219.15625
    ],
    "1": [
        202387.5,
        202387.5,
        291219.15625
    ],
    "2": [
        297431.90625,
        145092.21875,
        145609.578125
    ],
    "3": [
        339493.96875,
        148704.5,
        101926.703125
    ],
    "4": [
        333149.8125,
        177071.375,
        61156.0234375
    ],
    "5": [
        339752.21875,
        174338.296875,
        30578.01171875
    ],
    "6": [
        345181.71875,
        165658.390625,
        15289.005859375
    ],
    "7": [
        339913.0625,
        166968.578125,
        7644.5029296875
    ],
    "8": [
        342541.53125,
        165382.84375,
        3822.25146484375
    ],
    "9": [
        342699.65625,
        164571.171875,
        1911.125732421875
    ]
}