{
    "0": [
        202387.5,
        202387.5,
        291219.15625
    ],
    "1": [
        202387.5,
        202387.5,
        291219.15625
    ],
    "2": [
        135621.15625,
        227004.640625,
        145609.578125
    ],
    "3": [
        136036.453125,
        234260.03125,
        101926.703125
    ],
    "4": [
        130840.1484375,
        205443.296875,
        61156.0234375
    ],
    "5": [
        149188.28125,
        202266.046875,
        30578.01171875
    ],
    "6": [
        145929.203125,
        214023.6875,
        15289.005859375
    ],
    "7": [
        144536.90625,
        221365.3125,
        7644.5029296875
    ]
}