{
    "0": [
        202387.5,
        202387.5,
        291219.15625
    ],
    "1": [
        202387.5,
        202387.5,
        291219.15625
    ],
    "2": [
        116270.34375,
        254589.265625,
        145609.578125
    ],
    "3": [
        117292.265625,
        293590.4375,
        101926.703125
    ],
    "4": [
        108944.015625,
        290614.65625,
        61156.0234375
    ],
    "5": [
        86046.4296875,
        299697.125,
        30578.01171875
    ],
    "6": [
        96130.7265625,
        306574.5,
        15289.005859375
    ]
}