{
    "0": [
        202387.5,
        202387.5,
        291219.15625
    ],
    "1": [
        202387.5,
        202387.5,
        291219.15625
    ],
    "2": [
        238332.546875,
        182720.6875,
        145609.578125
    ],
    "3": [
        277385.375,
        188475.265625,
        101926.703125
    ],
    "4": [
        295635,
        172357.53125,
        61156.0234375
    ],
    "5": [
        321736.125,
        186516.046875,
        30578.01171875
    ],
    "6": [
        319711.84375,
        192566.359375,
        15289.005859375
    ],
    "7": [
        324658.6875,
        191299.953125,
        7644.5029296875
    ]
}