{
    "0": [
        202387.5,
        202387.5,
        291219.15625
    ],
    "1": [
        202387.5,
        202387.5,
        291219.15625
    ],
    "2": [
        209717.203125,
        134510.703125,
        145609.578125
    ],
    "3": [
        216768.71875,
        91703.234375,
        101926.703125
    ],
    "4": [
        242826.109375,
        83743.15625,
        61156.0234375
    ],
    "5": [
        239916.140625,
        106929.671875,
        30578.01171875
    ],
    "6": [
        237505.9375,
        113230.46875,
        15289.005859375
    ]
}