{
    "0": [
        202387.5,
        202387.5,
        291219.15625
    ],
    "1": [
        202387.5,
        202387.5,
        291219.15625
    ],
    "2": [
        290573.25,
        226338.0625,
        145609.578125
    ],
    "3": [
        260522.59375,
        208987.078125,
        101926.703125
    ],
    "4": [
        247145.421875,
        197058.265625,
        61156.0234375
    ],
    "5": [
        226029.1875,
        219098.3125,
        30578.01171875
    ],
    "6": [
        218960.21875,
        212703.25,
        15289.005859375
    ],
    "7": [
        216790.484375,
        212818.484375,
        7644.5029296875
    ]
}