{
    "0": [
        202387.5,
        202387.5,
        291219.15625
    ],
    "1": [
        202387.5,
        202387.5,
        291219.15625
    ],
    "2": [
        150382.25,
        278390,
        145609.578125
    ],
    "3": [
        129995.640625,
        281248.53125,
        101926.703125
    ],
    "4": [
        146592.15625,
        277377.40625,
        61156.0234375
    ],
    "5": [
        163563.6875,
        252667.96875,
        30578.01171875
    ],
    "6": [
        165118.171875,
        252640.78125,
        15289.005859375
    ],
    "7": [
        168462.265625,
        256764.578125,
        7644.5029296875
    ]
}