{
    "0": [
        202387.5,
        202387.5,
        291219.15625
    ],
    "1": [
        202387.5,
        202387.5,
        291219.15625
    ],
    "2": [
        206791.96875,
        214184,
        145609.578125
    ],
    "3": [
        183481.203125,
        226257.46875,
        101926.703125
    ],
    "4": [
        206824.40625,
        220759.078125,
        61156.0234375
    ],
    "5": [
        183908.984375,
        220829.78125,
        30578.01171875
    ],
    "6": [
        180384.609375,
        207642.703125,
        15289.005859375
    ],
    "7": [
        184825.25,
        212534.09375,
        7644.5029296875
    ]
}