{
    "0": [
        202387.5,
        202387.5,
        291219.15625
    ],
    "1": [
        202387.5,
        202387.5,
        291219.15625
    ],
    "2": [
        224048.765625,
        140086.515625,
        145609.578125
    ],
    "3": [
        228213.859375,
        115320.265625,
        101926.703125
    ],
    "4": [
        234965.625,
        75713.8125,
        61156.0234375
    ],
    "5": [
        218421.453125,
        85786.75,
        30578.01171875
    ],
    "6": [
        212474.4375,
        86509.6953125,
        15289.005859375
    ]
}