{
    "0": [
        202387.5,
        202387.5,
        291219.15625
    ],
    "1": [
        202387.5,
        202387.5,
        291219.15625
    ],
    "2": [
        107665.015625,
        137109.203125,
        145609.578125
    ],
    "3": [
        133471.859375,
        110852.8671875,
        101926.703125
    ],
    "4": [
        157388.015625,
        84633.859375,
        61156.0234375
    ],
    "5": [
        154344.109375,
        89682.828125,
        30578.01171875
    ],
    "6": [
        152783.03125,
        85721.4765625,
        15289.005859375
    ]
}