{
    "0": [
        202387.5,
        202387.5,
        291219.15625
    ],
    "1": [
        202387.5,
        202387.5,
        291219.15625
    ],
    "2": [
        293725.75,
        203027.53125,
        145609.578125
    ],
    "3": [
        281313.5,
        180964.625,
        101926.703125
    ],
    "4": [
        276053.15625,
        201849.421875,
        61156.0234375
    ],
    "5": [
        301636.40625,
        196017.09375,
        30578.01171875
    ],
    "6": [
        301484.09375,
        200317.59375,
        15289.005859375
    ],
    "7": [
        302602.53125,
        207638.90625,
        7644.5029296875
    ]
}