{
    "0": [
        202387.5,
        202387.5,
        291219.15625
    ],
    "1": [
        202387.5,
        202387.5,
        291219.15625
    ],
    "2": [
        128324.5078125,
        287420.75,
        145609.578125
    ],
    "3": [
        156546.578125,
        303598.5,
        101926.703125
    ],
    "4": [
        186168.25,
        287476.46875,
        61156.0234375
    ],
    "5": [
        157118.375,
        281038.75,
        30578.01171875
    ],
    "6": [
        151350.34375,
        278588.8125,
        15289.005859375
    ],
    "7": [
        155518.21875,
        277613.53125,
        7644.5029296875
    ]
}