{
    "0": [
        202387.5,
        202387.5,
        291219.15625
    ],
    "1": [
        202387.5,
        202387.5,
        291219.15625
    ],
    "2": [
        253881.765625,
        299597.9375,
        145609.578125
    ],
    "3": [
        286666.34375,
        307092.09375,
        101926.703125
    ],
    "4": [
        268517.46875,
        341321.6875,
        61156.0234375
    ],
    "5": [
        278249.3125,
        368371.875,
        30578.01171875
    ],
    "6": [
        287284.25,
        375560.9375,
        15289.005859375
    ]
}