{
    "0": [
        202387.5,
        202387.5,
        291219.15625
    ],
    "1": [
        202387.5,
        202387.5,
        291219.15625
    ],
    "2": [
        285978.375,
        220135.140625,
        145609.578125
    ],
    "3": [
        245442.625,
        225695.265625,
        101926.703125
    ],
    "4": [
        232986.4375,
        230308,
        61156.0234375
    ],
    "5": [
        239164.09375,
        200458.4375,
        30578.01171875
    ],
    "6": [
        242282.671875,
        208574.53125,
        15289.005859375
    ],
    "7": [
        245520.53125,
        205100.9375,
        7644.5029296875
    ]
}