{
    "0": [
        202387.5,
        202387.5,
        291219.15625
    ],
    "1": [
        202387.5,
        202387.5,
        291219.15625
    ],
    "2": [
        183954.609375,
        181519.53125,
        145609.578125
    ],
    "3": [
        144331.953125,
        187886.34375,
        101926.703125
    ],
    "4": [
        149395.6875,
        163659.234375,
        61156.0234375
    ],
    "5": [
        145788.28125,
        140729.546875,
        30578.01171875
    ],
    "6": [
        145491.9375,
        128924.9140625,
        15289.005859375
    ],
    "7": [
        152404.5625,
        131460.5625,
        7644.5029296875
    ]
}