{
    "0": [
        202387.5,
        202387.5,
        291219.15625
    ],
    "1": [
        202387.5,
        202387.5,
        291219.15625
    ],
    "2": [
        262228.625,
        136546.4375,
        145609.578125
    ],
    "3": [
        234075.71875,
        153194.71875,
        101926.703125
    ],
    "4": [
        240554.03125,
        116342.40625,
        61156.0234375
    ],
    "5": [
        212933.734375,
        114517.2421875,
        30578.01171875
    ],
    "6": [
        205848.078125,
        117974.390625,
        15289.005859375
    ],
    "7": [
        199770.546875,
        114172.46875,
        7644.5029296875
    ]
}