{
    "0": [
        202387.5,
        202387.5,
        291219.15625
    ],
    "1": [
        202387.5,
        202387.5,
        291219.15625
    ],
    "2": [
        210587.328125,
        316331.9375,
        145609.578125
    ],
    "3": [
        195267.828125,
        339391.03125,
        101926.703125
    ],
    "4": [
        212129.71875,
        318814.25,
        61156.0234375
    ],
    "5": [
        234404.53125,
        334662.96875,
        30578.01171875
    ],
    "6": [
        229130.6875,
        341736.09375,
        15289.005859375
    ],
    "7": [
        232944.59375,
        345171.65625,
        7644.5029296875
    ],
    "8": [
        232297.578125,
        345353,
        3822.25146484375
    ]
}