{
    "0": [
        202387.5,
        202387.5,
        291219.15625
    ],
    "1": [
        202387.5,
        202387.5,
        291219.15625
    ],
    "2": [
        220235.71875,
        127183.515625,
        145609.578125
    ],
    "3": [
        242698.96875,
        139052.234375,
        101926.703125
    ],
    "4": [
        259112.34375,
        146447.203125,
        61156.0234375
    ],
    "5": [
        270282.75,
        135156.5,
        30578.01171875
    ],
    "6": [
        259158.640625,
        133287.484375,
        15289.005859375
    ],
    "7": [
        264891.1875,
        129376.6796875,
        7644.5029296875
    ],
    "8": [
        261730.3125,
        130753.671875,
        3822.25146484375
    ]
}