{
    "0": [
        202387.5,
        202387.5,
        291219.15625
    ],
    "1": [
        202387.5,
        202387.5,
        291219.15625
    ],
    "2": [
        287846.59375,
        126591.078125,
        145609.578125
    ],
    "3": [
        247055.5,
        114953.1328125,
        101926.703125
    ],
    "4": [
        224703.1875,
        108038.3828125,
        61156.0234375
    ],
    "5": [
        217737.765625,
        110701.109375,
        30578.01171875
    ],
    "6": [
        215830.765625,
        122711.3203125,
        15289.005859375
    ],
    "7": [
        214407.875,
        125937.703125,
        7644.5029296875
    ]
}