{
    "0": [
        202387.5,
        202387.5,
        291219.15625
    ],
    "1": [
        202387.5,
        202387.5,
        291219.15625
    ],
    "2": [
        143344.03125,
        228775.515625,
        145609.578125
    ],
    "3": [
        117272.546875,
        217219.828125,
        101926.703125
    ],
    "4": [
        141009.203125,
        201806.265625,
        61156.0234375
    ],
    "5": [
        151549.25,
        218979.96875,
        30578.01171875
    ],
    "6": [
        151452.625,
        220441.875,
        15289.005859375
    ],
    "7": [
        149918.375,
        216170.625,
        7644.5029296875
    ]
}