{
    "0": [
        202387.5,
        202387.5,
        291219.15625
    ],
    "1": [
        202387.5,
        202387.5,
        291219.15625
    ],
    "2": [
        222712.671875,
        269663.78125,
        145609.578125
    ],
    "3": [
        214193.46875,
        250590.421875,
        101926.703125
    ],
    "4": [
        222127.6875,
        237606.46875,
        61156.0234375
    ],
    "5": [
        223199.84375,
        238489.359375,
        30578.01171875
    ],
    "6": [
        217257.875,
        251626.453125,
        15289.005859375
    ]
}