{
    "0": [
        202387.5,
        202387.5,
        291219.15625
    ],
    "1": [
        202387.5,
        202387.5,
        291219.15625
    ],
    "2": [
        266570.1875,
        201565.359375,
        145609.578125
    ],
    "3": [
        236475.0625,
        215155.078125,
        101926.703125
    ],
    "4": [
        233661.53125,
        178532.859375,
        61156.0234375
    ],
    "5": [
        231802.015625,
        176159.796875,
        30578.01171875
    ],
    "6": [
        225609.09375,
        165161.125,
        15289.005859375
    ],
    "7": [
        229129.453125,
        162552.703125,
        7644.5029296875
    ],
    "8": [
        230280.640625,
        163408.34375,
        3822.25146484375
    ],
    "9": [
        230097.890625,
        164344.140625,
        1911.125732421875
    ]
}