{
    "0": [
        202387.5,
        202387.5,
        291219.15625
    ],
    "1": [
        202387.5,
        202387.5,
        291219.15625
    ],
    "2": [
        253270.25,
        143689.1875,
        145609.578125
    ],
    "3": [
        228340.671875,
        123094.4375,
        101926.703125
    ],
    "4": [
        228335.703125,
        94622.875,
        61156.0234375
    ],
    "5": [
        223478.828125,
        95652.734375,
        30578.01171875
    ],
    "6": [
        224356.046875,
        91205.7734375,
        15289.005859375
    ],
    "7": [
        227749.421875,
        84415.3203125,
        7644.5029296875
    ],
    "8": [
        231074.6875,
        85707.5625,
        3822.25146484375
    ]
}