{
    "0": [
        202387.5,
        202387.5,
        291219.15625
    ],
    "1": [
        202387.5,
        202387.5,
        291219.15625
    ],
    "2": [
        199355.8125,
        177796.765625,
        145609.578125
    ],
    "3": [
        238793.4375,
        165668.015625,
        101926.703125
    ],
    "4": [
        239959.078125,
        200029.796875,
        61156.0234375
    ],
    "5": [
        239949.359375,
        192217.265625,
        30578.01171875
    ],
    "6": [
        243572.59375,
        193726.15625,
        15289.005859375
    ]
}