{
    "0": [
        202387.5,
        202387.5,
        291219.15625
    ],
    "1": [
        202387.5,
        202387.5,
        291219.15625
    ],
    "2": [
        208600.453125,
        109657.5078125,
        145609.578125
    ],
    "3": [
        184523.859375,
        117308.703125,
        101926.703125
    ],
    "4": [
        180074.828125,
        122483.9921875,
        61156.0234375
    ],
    "5": [
        172119.03125,
        122756.7734375,
        30578.01171875
    ],
    "6": [
        174788.34375,
        122964.234375,
        15289.005859375
    ],
    "7": [
        180410.9375,
        127007.5625,
        7644.5029296875
    ],
    "8": [
        181068.609375,
        124621.34375,
        3822.25146484375
    ]
}