{
    "0": [
        202387.5,
        202387.5,
        291219.15625
    ],
    "1": [
        202387.5,
        202387.5,
        291219.15625
    ],
    "2": [
        227993.890625,
        205592.25,
        145609.578125
    ],
    "3": [
        230129.890625,
        210401.890625,
        101926.703125
    ],
    "4": [
        207637.203125,
        236732.328125,
        61156.0234375
    ],
    "5": [
        179948.3125,
        241925.921875,
        30578.01171875
    ],
    "6": [
        184147.84375,
        243685.578125,
        15289.005859375
    ],
    "7": [
        181110.859375,
        243295.625,
        7644.5029296875
    ],
    "8": [
        179158.25,
        242122.90625,
        3822.25146484375
    ]
}