{
    "0": [
        202387.5,
        202387.5,
        291219.15625
    ],
    "1": [
        202387.5,
        202387.5,
        291219.15625
    ],
    "2": [
        159502.4375,
        310675.8125,
        145609.578125
    ],
    "3": [
        121020.578125,
        323189.53125,
        101926.703125
    ],
    "4": [
        142753.90625,
        332515,
        61156.0234375
    ],
    "5": [
        139130.640625,
        327306.0625,
        30578.01171875
    ],
    "6": [
        141443.0625,
        331144.15625,
        15289.005859375
    ],
    "7": [
        139901.796875,
        336741.96875,
        7644.5029296875
    ],
    "8": [
        139453.75,
        335584.875,
        3822.25146484375
    ]
}