{
    "0": [
        202387.5,
        202387.5,
        291219.15625
    ],
    "1": [
        202387.5,
        202387.5,
        291219.15625
    ],
    "2": [
        283575.875,
        159683.21875,
        145609.578125
    ],
    "3": [
        316088,
        138908.234375,
        101926.703125
    ],
    "4": [
        335813.9375,
        110709.484375,
        61156.0234375
    ],
    "5": [
        348013.03125,
        120972.28125,
        30578.01171875
    ],
    "6": [
        351012.40625,
        114722.890625,
        15289.005859375
    ],
    "7": [
        349031.0625,
        117407.7734375,
        7644.5029296875
    ],
    "8": [
        345964.28125,
        116007.515625,
        3822.25146484375
    ]
}