{
    "0": [
        202387.5,
        202387.5,
        291219.15625
    ],
    "1": [
        202387.5,
        202387.5,
        291219.15625
    ],
    "2": [
        184125.859375,
        205273.5625,
        145609.578125
    ],
    "3": [
        191644.34375,
        199664.984375,
        101926.703125
    ],
    "4": [
        187768.90625,
        235362.453125,
        61156.0234375
    ],
    "5": [
        213204.390625,
        223866.296875,
        30578.01171875
    ],
    "6": [
        212953.625,
        224772.59375,
        15289.005859375
    ],
    "7": [
        219138.84375,
        222051.1875,
        7644.5029296875
    ],
    "8": [
        222038.546875,
        220318.6875,
        3822.25146484375
    ]
}