{
    "0": [
        202387.5,
        202387.5,
        291219.15625
    ],
    "1": [
        202387.5,
        202387.5,
        291219.15625
    ],
    "2": [
        119715.4375,
        156202.703125,
        145609.578125
    ],
    "3": [
        127792.2734375,
        149509.296875,
        101926.703125
    ],
    "4": [
        98400.609375,
        130756.890625,
        61156.0234375
    ],
    "5": [
        126596.5546875,
        135026.65625,
        30578.01171875
    ],
    "6": [
        133605.859375,
        143125.5625,
        15289.005859375
    ],
    "7": [
        131868.796875,
        145096.1875,
        7644.5029296875
    ]
}