{
    "0": [
        202387.5,
        202387.5,
        291219.15625
    ],
    "1": [
        202387.5,
        202387.5,
        291219.15625
    ],
    "2": [
        295199.8125,
        269950.8125,
        145609.578125
    ],
    "3": [
        327826.8125,
        294126.375,
        101926.703125
    ],
    "4": [
        338323.9375,
        318691.59375,
        61156.0234375
    ],
    "5": [
        317145.625,
        320105.4375,
        30578.01171875
    ],
    "6": [
        310948.3125,
        328852.4375,
        15289.005859375
    ],
    "7": [
        310225.03125,
        331187.1875,
        7644.5029296875
    ]
}