{
    "0": [
        202387.5,
        202387.5,
        291219.15625
    ],
    "1": [
        202387.5,
        202387.5,
        291219.15625
    ],
    "2": [
        199944.703125,
        276565.9375,
        145609.578125
    ],
    "3": [
        199348,
        239922.296875,
        101926.703125
    ],
    "4": [
        177480.40625,
        262411.78125,
        61156.0234375
    ],
    "5": [
        160404.390625,
        245942.390625,
        30578.01171875
    ],
    "6": [
        147376.875,
        252139.46875,
        15289.005859375
    ],
    "7": [
        147091.140625,
        251638.8125,
        7644.5029296875
    ],
    "8": [
        143755.78125,
        253165.5625,
        3822.25146484375
    ]
}