{
    "0": [
        202387.5,
        202387.5,
        291219.15625
    ],
    "1": [
        202387.5,
        202387.5,
        291219.15625
    ],
    "2": [
        116523.3515625,
        232727.71875,
        145609.578125
    ],
    "3": [
        148603.328125,
        249182.375,
        101926.703125
    ],
    "4": [
        124773.4921875,
        256947.359375,
        61156.0234375
    ],
    "5": [
        131530.25,
        227238.09375,
        30578.01171875
    ],
    "6": [
        125738.6171875,
        233434.125,
        15289.005859375
    ],
    "7": [
        122707.2734375,
        240047.140625,
        7644.5029296875
    ]
}