{
    "0": [
        202387.5,
        202387.5,
        291219.15625
    ],
    "1": [
        202387.5,
        202387.5,
        291219.15625
    ],
    "2": [
        215538.9375,
        225659.5,
        145609.578125
    ],
    "3": [
        245163.65625,
        226949.1875,
        101926.703125
    ],
    "4": [
        270616.8125,
        247509.09375,
        61156.0234375
    ],
    "5": [
        274304.625,
        256918.640625,
        30578.01171875
    ],
    "6": [
        287621.59375,
        254756.625,
        15289.005859375
    ],
    "7": [
        292494.6875,
        257292.734375,
        7644.5029296875
    ],
    "8": [
        294936.96875,
        254628.71875,
        3822.25146484375
    ]
}