{
    "0": [
        202387.5,
        202387.5,
        291219.15625
    ],
    "1": [
        202387.5,
        202387.5,
        291219.15625
    ],
    "2": [
        116809.53125,
        251628.4375,
        145609.578125
    ],
    "3": [
        88812.6875,
        272575.6875,
        101926.703125
    ],
    "4": [
        92342.4921875,
        245025.34375,
        61156.0234375
    ],
    "5": [
        119681.328125,
        251926.1875,
        30578.01171875
    ],
    "6": [
        131457.109375,
        253741.109375,
        15289.005859375
    ],
    "7": [
        124266.5234375,
        254496.109375,
        7644.5029296875
    ],
    "8": [
        124900.3828125,
        256837.25,
        3822.25146484375
    ],
    "9": [
        124416.578125,
        257649.0625,
        1911.125732421875
    ]
}