{
    "0": [
        202387.5,
        202387.5,
        291219.15625
    ],
    "1": [
        202387.5,
        202387.5,
        291219.15625
    ],
    "2": [
        189008.03125,
        215577,
        145609.578125
    ],
    "3": [
        154238.09375,
        191816.125,
        101926.703125
    ],
    "4": [
        174427.5625,
        226461.625,
        61156.0234375
    ],
    "5": [
        173951.359375,
        235186.3125,
        30578.01171875
    ],
    "6": [
        184453.125,
        244389.140625,
        15289.005859375
    ],
    "7": [
        185425.28125,
        246603.46875,
        7644.5029296875
    ]
}