{
    "0": [
        202387.5,
        202387.5,
        291219.15625
    ],
    "1": [
        202387.5,
        202387.5,
        291219.15625
    ],
    "2": [
        299088.53125,
        140597.9375,
        145609.578125
    ],
    "3": [
        303874.40625,
        168986.40625,
        101926.703125
    ],
    "4": [
        280869.28125,
        179458.859375,
        61156.0234375
    ],
    "5": [
        301483.21875,
        173570.34375,
        30578.01171875
    ],
    "6": [
        312785.875,
        172541.59375,
        15289.005859375
    ],
    "7": [
        312288,
        173031.609375,
        7644.5029296875
    ]
}