{
    "0": [
        202387.5,
        202387.5,
        291219.15625
    ],
    "1": [
        202387.5,
        202387.5,
        291219.15625
    ],
    "2": [
        245152.640625,
        109146.265625,
        145609.578125
    ],
    "3": [
        228180.640625,
        71346.109375,
        101926.703125
    ],
    "4": [
        201438.1875,
        91251.390625,
        61156.0234375
    ],
    "5": [
        229477.4375,
        97160.015625,
        30578.01171875
    ],
    "6": [
        216284.046875,
        97261.3515625,
        15289.005859375
    ],
    "7": [
        211382.34375,
        97414.765625,
        7644.5029296875
    ]
}