{
    "0": [
        202387.5,
        202387.5,
        291219.15625
    ],
    "1": [
        202387.5,
        202387.5,
        291219.15625
    ],
    "2": [
        278534.09375,
        238474.140625,
        145609.578125
    ],
    "3": [
        281410.65625,
        235076.890625,
        101926.703125
    ],
    "4": [
        276962.46875,
        196764.4375,
        61156.0234375
    ],
    "5": [
        282433.78125,
        191502.890625,
        30578.01171875
    ],
    "6": [
        288200.375,
        205599.875,
        15289.005859375
    ]
}