{
    "0": [
        202387.5,
        202387.5,
        291219.15625
    ],
    "1": [
        202387.5,
        202387.5,
        291219.15625
    ],
    "2": [
        154277.15625,
        265986.9375,
        145609.578125
    ],
    "3": [
        129673.765625,
        269091.03125,
        101926.703125
    ],
    "4": [
        158523.3125,
        240728.90625,
        61156.0234375
    ],
    "5": [
        142597.40625,
        252075.078125,
        30578.01171875
    ],
    "6": [
        149788.015625,
        265049.21875,
        15289.005859375
    ],
    "7": [
        156354.90625,
        261352.921875,
        7644.5029296875
    ]
}