{
    "0": [
        202387.5,
        202387.5,
        291219.15625
    ],
    "1": [
        202387.5,
        202387.5,
        291219.15625
    ],
    "2": [
        173182.734375,
        163984.890625,
        145609.578125
    ],
    "3": [
        198210.328125,
        143623.765625,
        101926.703125
    ],
    "4": [
        186593.9375,
        160909.921875,
        61156.0234375
    ],
    "5": [
        196254.234375,
        146443.046875,
        30578.01171875
    ],
    "6": [
        197238.703125,
        149232.109375,
        15289.005859375
    ],
    "7": [
        192622.40625,
        148937.84375,
        7644.5029296875
    ],
    "8": [
        191801.15625,
        145696.328125,
        3822.25146484375
    ]
}