{
    "0": [
        202387.5,
        202387.5,
        291219.15625
    ],
    "1": [
        202387.5,
        202387.5,
        291219.15625
    ],
    "2": [
        129353.4765625,
        241931.265625,
        145609.578125
    ],
    "3": [
        103100.90625,
        207672.90625,
        101926.703125
    ],
    "4": [
        101367.65625,
        177990.015625,
        61156.0234375
    ],
    "5": [
        119609.265625,
        178428.859375,
        30578.01171875
    ],
    "6": [
        123632.65625,
        172680.875,
        15289.005859375
    ]
}