{
    "0": [
        202387.5,
        202387.5,
        291219.15625
    ],
    "1": [
        202387.5,
        202387.5,
        291219.15625
    ],
    "2": [
        105693.0234375,
        200296.734375,
        145609.578125
    ],
    "3": [
        109710.4453125,
        221151.5625,
        101926.703125
    ],
    "4": [
        102993.9921875,
        244323.8125,
        61156.0234375
    ],
    "5": [
        103986.2890625,
        219278.828125,
        30578.01171875
    ],
    "6": [
        115446.65625,
        219873.40625,
        15289.005859375
    ],
    "7": [
        113365.234375,
        212738.359375,
        7644.5029296875
    ],
    "8": [
        110042.328125,
        211111.25,
        3822.25146484375
    ]
}