{
    "0": [
        202387.5,
        202387.5,
        291219.15625
    ],
    "1": [
        202387.5,
        202387.5,
        291219.15625
    ],
    "2": [
        234792.875,
        244045.703125,
        145609.578125
    ],
    "3": [
        222458.796875,
        216301.765625,
        101926.703125
    ],
    "4": [
        206141.625,
        193540.40625,
        61156.0234375
    ],
    "5": [
        193258.15625,
        187267.546875,
        30578.01171875
    ],
    "6": [
        201403.78125,
        180692.328125,
        15289.005859375
    ],
    "7": [
        194898.046875,
        184303.59375,
        7644.5029296875
    ]
}