{
    "0": [
        202387.5,
        202387.5,
        291219.15625
    ],
    "1": [
        202387.5,
        202387.5,
        291219.15625
    ],
    "2": [
        184406.890625,
        306204.3125,
        145609.578125
    ],
    "3": [
        196541.921875,
        302218.375,
        101926.703125
    ],
    "4": [
        207325.421875,
        339570.09375,
        61156.0234375
    ],
    "5": [
        235214.46875,
        342423.8125,
        30578.01171875
    ],
    "6": [
        240049.78125,
        344721.4375,
        15289.005859375
    ],
    "7": [
        242871,
        348834.90625,
        7644.5029296875
    ],
    "8": [
        241724.328125,
        348219.71875,
        3822.25146484375
    ],
    "9": [
        241914.6875,
        349056.0625,
        1911.125732421875
    ]
}