{
    "0": [
        202387.5,
        202387.5,
        291219.15625
    ],
    "1": [
        202387.5,
        202387.5,
        291219.15625
    ],
    "2": [
        229879.75,
        161681.453125,
        145609.578125
    ],
    "3": [
        211800.515625,
        151886.90625,
        101926.703125
    ],
    "4": [
        242515.578125,
        143781.375,
        61156.0234375
    ],
    "5": [
        257731.921875,
        167744.671875,
        30578.01171875
    ]
}