{
    "0": [
        202387.5,
        202387.5,
        291219.15625
    ],
    "1": [
        202387.5,
        202387.5,
        291219.15625
    ],
    "2": [
        185269.609375,
        93713.5546875,
        145609.578125
    ],
    "3": [
        177316.125,
        92716.890625,
        101926.703125
    ],
    "4": [
        187068.25,
        80993.984375,
        61156.0234375
    ],
    "5": [
        176293.140625,
        108764.96875,
        30578.01171875
    ],
    "6": [
        174270.5625,
        108427.5859375,
        15289.005859375
    ],
    "7": [
        174738,
        101463.2734375,
        7644.5029296875
    ]
}