{
    "0": [
        202387.5,
        202387.5,
        291219.15625
    ],
    "1": [
        202387.5,
        202387.5,
        291219.15625
    ],
    "2": [
        275504.40625,
        214614.21875,
        145609.578125
    ],
    "3": [
        254145.46875,
        244140.53125,
        101926.703125
    ],
    "4": [
        220604.640625,
        254312.09375,
        61156.0234375
    ],
    "5": [
        235110.0625,
        245558.796875,
        30578.01171875
    ],
    "6": [
        246655.296875,
        240940.734375,
        15289.005859375
    ],
    "7": [
        247426.25,
        246875.390625,
        7644.5029296875
    ]
}