{
    "0": [
        202387.5,
        202387.5,
        291219.15625
    ],
    "1": [
        202387.5,
        202387.5,
        291219.15625
    ],
    "2": [
        196475.8125,
        190149,
        145609.578125
    ],
    "3": [
        226625.15625,
        163219.765625,
        101926.703125
    ],
    "4": [
        253565.84375,
        158794.828125,
        61156.0234375
    ],
    "5": [
        275972.15625,
        158016.40625,
        30578.01171875
    ],
    "6": [
        286498.5,
        152363.546875,
        15289.005859375
    ],
    "7": [
        280136.375,
        154571.875,
        7644.5029296875
    ],
    "8": [
        282497.71875,
        156604.5,
        3822.25146484375
    ]
}