{
    "0": [
        202387.5,
        202387.5,
        291219.15625
    ],
    "1": [
        202387.5,
        202387.5,
        291219.15625
    ],
    "2": [
        206182.359375,
        236566.953125,
        145609.578125
    ],
    "3": [
        229496.125,
        253960.59375,
        101926.703125
    ],
    "4": [
        253899.46875,
        243075.6875,
        61156.0234375
    ],
    "5": [
        272981.625,
        237532.9375,
        30578.01171875
    ],
    "6": [
        262025.734375,
        229763.421875,
        15289.005859375
    ],
    "7": [
        264982.9375,
        234790.421875,
        7644.5029296875
    ],
    "8": [
        265975.375,
        231635.1875,
        3822.25146484375
    ]
}