{
    "0": [
        202387.5,
        202387.5,
        291219.15625
    ],
    "1": [
        202387.5,
        202387.5,
        291219.15625
    ],
    "2": [
        279595.0625,
        242357.09375,
        145609.578125
    ],
    "3": [
        307403.625,
        236971.0625,
        101926.703125
    ],
    "4": [
        328436.375,
        263535.6875,
        61156.0234375
    ],
    "5": [
        358244.59375,
        258118.453125,
        30578.01171875
    ],
    "6": [
        351298.65625,
        252533.203125,
        15289.005859375
    ]
}