{
    "0": [
        202387.5,
        202387.5,
        291219.15625
    ],
    "1": [
        202387.5,
        202387.5,
        291219.15625
    ],
    "2": [
        101497.40625,
        169916.75,
        145609.578125
    ],
    "3": [
        115691.8828125,
        188107.453125,
        101926.703125
    ],
    "4": [
        132570.3125,
        209739.703125,
        61156.0234375
    ],
    "5": [
        127195.4296875,
        194849.65625,
        30578.01171875
    ],
    "6": [
        141515.1875,
        195010.6875,
        15289.005859375
    ],
    "7": [
        140582.8125,
        187905.609375,
        7644.5029296875
    ]
}