{
    "0": [
        202387.5,
        202387.5,
        291219.15625
    ],
    "1": [
        202387.5,
        202387.5,
        291219.15625
    ],
    "2": [
        314481.3125,
        175788.734375,
        145609.578125
    ],
    "3": [
        336269.09375,
        169579.484375,
        101926.703125
    ],
    "4": [
        357312.1875,
        200280.421875,
        61156.0234375
    ],
    "5": [
        341812.59375,
        175775.90625,
        30578.01171875
    ],
    "6": [
        329813,
        174089.625,
        15289.005859375
    ],
    "7": [
        331461.0625,
        177023.96875,
        7644.5029296875
    ]
}