{
    "0": [
        202387.5,
        202387.5,
        291219.15625
    ],
    "1": [
        202387.5,
        202387.5,
        291219.15625
    ],
    "2": [
        150975.203125,
        136663.4375,
        145609.578125
    ],
    "3": [
        120888.90625,
        118336.875,
        101926.703125
    ],
    "4": [
        88068.890625,
        133685.078125,
        61156.0234375
    ],
    "5": [
        92536.078125,
        154294.71875,
        30578.01171875
    ],
    "6": [
        90321.9296875,
        155151.40625,
        15289.005859375
    ],
    "7": [
        92993.359375,
        159213.171875,
        7644.5029296875
    ],
    "8": [
        96489.2265625,
        158493.6875,
        3822.25146484375
    ]
}