{
    "0": [
        202387.5,
        202387.5,
        291219.15625
    ],
    "1": [
        202387.5,
        202387.5,
        291219.15625
    ],
    "2": [
        183181.625,
        118103.28125,
        145609.578125
    ],
    "3": [
        215792.78125,
        108119.9296875,
        101926.703125
    ],
    "4": [
        194607.734375,
        103628.0078125,
        61156.0234375
    ],
    "5": [
        196140.9375,
        87447.890625,
        30578.01171875
    ],
    "6": [
        201180.9375,
        83043.7109375,
        15289.005859375
    ],
    "7": [
        200797.71875,
        78305.703125,
        7644.5029296875
    ]
}