{
    "0": [
        202387.5,
        202387.5,
        291219.15625
    ],
    "1": [
        202387.5,
        202387.5,
        291219.15625
    ],
    "2": [
        152268.75,
        162099.65625,
        145609.578125
    ],
    "3": [
        143055.125,
        153116.203125,
        101926.703125
    ],
    "4": [
        138809.796875,
        118425.3515625,
        61156.0234375
    ],
    "5": [
        140390.140625,
        131283.796875,
        30578.01171875
    ],
    "6": [
        139841.9375,
        132579.59375,
        15289.005859375
    ],
    "7": [
        140936.6875,
        133058.296875,
        7644.5029296875
    ]
}