{
    "0": [
        202387.5,
        202387.5,
        291219.15625
    ],
    "1": [
        202387.5,
        202387.5,
        291219.15625
    ],
    "2": [
        309965.53125,
        159439.078125,
        145609.578125
    ],
    "3": [
        293315,
        166876.21875,
        101926.703125
    ],
    "4": [
        258551.1875,
        166973.578125,
        61156.0234375
    ],
    "5": [
        259619.828125,
        147589.8125,
        30578.01171875
    ],
    "6": [
        267652.6875,
        140105.890625,
        15289.005859375
    ],
    "7": [
        264119.84375,
        138502.421875,
        7644.5029296875
    ]
}