{
    "0": [
        202387.5,
        202387.5,
        291219.15625
    ],
    "1": [
        202387.5,
        202387.5,
        291219.15625
    ],
    "2": [
        304143.65625,
        153727.421875,
        145609.578125
    ],
    "3": [
        299024.5625,
        120071.5625,
        101926.703125
    ],
    "4": [
        316370.0625,
        93079.09375,
        61156.0234375
    ],
    "5": [
        299172.46875,
        84149.4296875,
        30578.01171875
    ],
    "6": [
        298175.4375,
        93829.5859375,
        15289.005859375
    ],
    "7": [
        302560.09375,
        91144.7421875,
        7644.5029296875
    ]
}