{
    "0": [
        202387.5,
        202387.5,
        291219.15625
    ],
    "1": [
        202387.5,
        202387.5,
        291219.15625
    ],
    "2": [
        222327.234375,
        288158.125,
        145609.578125
    ],
    "3": [
        244574.4375,
        306487.15625,
        101926.703125
    ],
    "4": [
        233453.46875,
        291762.21875,
        61156.0234375
    ],
    "5": [
        225046.125,
        308059.625,
        30578.01171875
    ],
    "6": [
        212555.15625,
        307669.53125,
        15289.005859375
    ],
    "7": [
        212231.453125,
        307417.28125,
        7644.5029296875
    ],
    "8": [
        209158.34375,
        309119.75,
        3822.25146484375
    ],
    "9": [
        209648.5625,
        308866.5,
        1911.125732421875
    ]
}