{
    "0": [
        202387.5,
        202387.5,
        291219.15625
    ],
    "1": [
        202387.5,
        202387.5,
        291219.15625
    ],
    "2": [
        194851.390625,
        149889.46875,
        145609.578125
    ],
    "3": [
        161622.40625,
        148727.390625,
        101926.703125
    ],
    "4": [
        165272.140625,
        160963.890625,
        61156.0234375
    ],
    "5": [
        181840.28125,
        140674.84375,
        30578.01171875
    ],
    "6": [
        185091.03125,
        126618.6640625,
        15289.005859375
    ],
    "7": [
        179190.703125,
        128986.234375,
        7644.5029296875
    ]
}