{
    "0": [
        202387.5,
        202387.5,
        291219.15625
    ],
    "1": [
        202387.5,
        202387.5,
        291219.15625
    ],
    "2": [
        185939.65625,
        253778.4375,
        145609.578125
    ],
    "3": [
        181920.5,
        268362.75,
        101926.703125
    ],
    "4": [
        164268.953125,
        256973.140625,
        61156.0234375
    ],
    "5": [
        168228.78125,
        231980.515625,
        30578.01171875
    ],
    "6": [
        169662.328125,
        233191.46875,
        15289.005859375
    ],
    "7": [
        170199.546875,
        238000.421875,
        7644.5029296875
    ]
}