{
    "0": [
        202387.5,
        202387.5,
        291219.15625
    ],
    "1": [
        202387.5,
        202387.5,
        291219.15625
    ],
    "2": [
        195650.359375,
        116070.53125,
        145609.578125
    ],
    "3": [
        163818.6875,
        103980.7578125,
        101926.703125
    ],
    "4": [
        195111.4375,
        86346.7421875,
        61156.0234375
    ],
    "5": [
        190709.265625,
        81609.375,
        30578.01171875
    ],
    "6": [
        195596.875,
        84690.546875,
        15289.005859375
    ],
    "7": [
        194144.75,
        80475.609375,
        7644.5029296875
    ]
}