{
    "0": [
        202387.5,
        202387.5,
        291219.15625
    ],
    "1": [
        202387.5,
        202387.5,
        291219.15625
    ],
    "2": [
        227273.609375,
        127079.53125,
        145609.578125
    ],
    "3": [
        228984.53125,
        109250.921875,
        101926.703125
    ],
    "4": [
        199838,
        100830.15625,
        61156.0234375
    ],
    "5": [
        219839.921875,
        88274.4375,
        30578.01171875
    ],
    "6": [
        228911.796875,
        92648.828125,
        15289.005859375
    ],
    "7": [
        228339.609375,
        92764.1640625,
        7644.5029296875
    ]
}