{
    "0": [
        202387.5,
        202387.5,
        291219.15625
    ],
    "1": [
        202387.5,
        202387.5,
        291219.15625
    ],
    "2": [
        202473.25,
        190993.875,
        145609.578125
    ],
    "3": [
        235875.984375,
        189859.46875,
        101926.703125
    ],
    "4": [
        211556.25,
        163956.5625,
        61156.0234375
    ],
    "5": [
        197317.3125,
        172928.671875,
        30578.01171875
    ],
    "6": [
        200745.90625,
        168199.65625,
        15289.005859375
    ],
    "7": [
        200285.171875,
        165018.609375,
        7644.5029296875
    ]
}