{
    "0": [
        202387.5,
        202387.5,
        291219.15625
    ],
    "1": [
        202387.5,
        202387.5,
        291219.15625
    ],
    "2": [
        264203.75,
        167645.28125,
        145609.578125
    ],
    "3": [
        249716.140625,
        198574.578125,
        101926.703125
    ],
    "4": [
        218973.5,
        179760.3125,
        61156.0234375
    ],
    "5": [
        216321.125,
        203374.0625,
        30578.01171875
    ],
    "6": [
        204759.203125,
        195395.390625,
        15289.005859375
    ],
    "7": [
        201955.75,
        199579.75,
        7644.5029296875
    ],
    "8": [
        200562.984375,
        202551.078125,
        3822.25146484375
    ]
}