{
    "0": [
        202387.5,
        202387.5,
        291219.15625
    ],
    "1": [
        202387.5,
        202387.5,
        291219.15625
    ],
    "2": [
        182593.125,
        208487.484375,
        145609.578125
    ],
    "3": [
        212168.046875,
        225205.21875,
        101926.703125
    ],
    "4": [
        201655.78125,
        252996.0625,
        61156.0234375
    ],
    "5": [
        214575.0625,
        262636.59375,
        30578.01171875
    ],
    "6": [
        211126.28125,
        268203.59375,
        15289.005859375
    ],
    "7": [
        209945.203125,
        264018.03125,
        7644.5029296875
    ],
    "8": [
        212339.25,
        263500.40625,
        3822.25146484375
    ]
}