{
    "0": [
        202387.5,
        202387.5,
        291219.15625
    ],
    "1": [
        202387.5,
        202387.5,
        291219.15625
    ],
    "2": [
        208428.890625,
        187039.671875,
        145609.578125
    ],
    "3": [
        185606.65625,
        161022.03125,
        101926.703125
    ],
    "4": [
        182674.21875,
        141141.28125,
        61156.0234375
    ],
    "5": [
        191127.734375,
        169599.96875,
        30578.01171875
    ],
    "6": [
        183202.671875,
        174874.90625,
        15289.005859375
    ],
    "7": [
        186995.140625,
        173639.21875,
        7644.5029296875
    ],
    "8": [
        187125.03125,
        173348.59375,
        3822.25146484375
    ]
}