{
    "0": [
        202387.5,
        202387.5,
        291219.15625
    ],
    "1": [
        202387.5,
        202387.5,
        291219.15625
    ],
    "2": [
        191962.921875,
        240973.453125,
        145609.578125
    ],
    "3": [
        164081.6875,
        261159.875,
        101926.703125
    ],
    "4": [
        180164.8125,
        254506.984375,
        61156.0234375
    ],
    "5": [
        185647.046875,
        225605.78125,
        30578.01171875
    ],
    "6": [
        190656.609375,
        215901.359375,
        15289.005859375
    ],
    "7": [
        189289.65625,
        212477.265625,
        7644.5029296875
    ]
}