{
    "0": [
        202387.5,
        202387.5,
        291219.15625
    ],
    "1": [
        202387.5,
        202387.5,
        291219.15625
    ],
    "2": [
        152543.75,
        269100.5,
        145609.578125
    ],
    "3": [
        143772.59375,
        290235.1875,
        101926.703125
    ],
    "4": [
        175518.4375,
        308691.65625,
        61156.0234375
    ],
    "5": [
        150688.421875,
        312828,
        30578.01171875
    ],
    "6": [
        154032.484375,
        323732.375,
        15289.005859375
    ],
    "7": [
        156866.8125,
        323301.28125,
        7644.5029296875
    ],
    "8": [
        157835.921875,
        325514.71875,
        3822.25146484375
    ]
}