{
    "0": [
        202387.5,
        202387.5,
        291219.15625
    ],
    "1": [
        202387.5,
        202387.5,
        291219.15625
    ],
    "2": [
        246297.078125,
        211928.515625,
        145609.578125
    ],
    "3": [
        237189.03125,
        179421.4375,
        101926.703125
    ],
    "4": [
        239775.03125,
        203270.375,
        61156.0234375
    ],
    "5": [
        226903.3125,
        182707.953125,
        30578.01171875
    ],
    "6": [
        220374.6875,
        196167.765625,
        15289.005859375
    ],
    "7": [
        223417.40625,
        193136.953125,
        7644.5029296875
    ]
}