{
    "0": [
        202387.5,
        202387.5,
        291219.15625
    ],
    "1": [
        202387.5,
        202387.5,
        291219.15625
    ],
    "2": [
        302793.0625,
        230710.359375,
        145609.578125
    ],
    "3": [
        328268.65625,
        216785.6875,
        101926.703125
    ],
    "4": [
        346212.28125,
        209096.078125,
        61156.0234375
    ],
    "5": [
        350510.625,
        234100.640625,
        30578.01171875
    ],
    "6": [
        350712.625,
        229257.15625,
        15289.005859375
    ],
    "7": [
        350473.0625,
        229832.5625,
        7644.5029296875
    ]
}