{
    "0": [
        202387.5,
        202387.5,
        291219.15625
    ],
    "1": [
        202387.5,
        202387.5,
        291219.15625
    ],
    "2": [
        121721.578125,
        194622.34375,
        145609.578125
    ],
    "3": [
        140020.46875,
        161814.65625,
        101926.703125
    ],
    "4": [
        164529.078125,
        170127.25,
        61156.0234375
    ],
    "5": [
        142861.09375,
        176775.53125,
        30578.01171875
    ],
    "6": [
        152004.90625,
        170388.546875,
        15289.005859375
    ],
    "7": [
        153089.640625,
        167392.84375,
        7644.5029296875
    ]
}