{
    "0": [
        202387.5,
        202387.5,
        291219.15625
    ],
    "1": [
        202387.5,
        202387.5,
        291219.15625
    ],
    "2": [
        234188.28125,
        179932.3125,
        145609.578125
    ],
    "3": [
        251108.359375,
        207523.234375,
        101926.703125
    ],
    "4": [
        248542.140625,
        235708.640625,
        61156.0234375
    ],
    "5": [
        224997.859375,
        226022.21875,
        30578.01171875
    ],
    "6": [
        220900.59375,
        223158.265625,
        15289.005859375
    ]
}