{
    "0": [
        202387.5,
        202387.5,
        291219.15625
    ],
    "1": [
        202387.5,
        202387.5,
        291219.15625
    ],
    "2": [
        222636.609375,
        309731.625,
        145609.578125
    ],
    "3": [
        190896.875,
        280492.03125,
        101926.703125
    ],
    "4": [
        213628.90625,
        302906.59375,
        61156.0234375
    ],
    "5": [
        200872.09375,
        309411.78125,
        30578.01171875
    ],
    "6": [
        201661.140625,
        307887.53125,
        15289.005859375
    ]
}