{
    "0": [
        202387.5,
        202387.5,
        291219.15625
    ],
    "1": [
        202387.5,
        202387.5,
        291219.15625
    ],
    "2": [
        204385,
        210785.78125,
        145609.578125
    ],
    "3": [
        178430.53125,
        189838.265625,
        101926.703125
    ],
    "4": [
        156033.40625,
        186023.984375,
        61156.0234375
    ],
    "5": [
        133760.328125,
        201480.46875,
        30578.01171875
    ],
    "6": [
        139078.796875,
        204947.015625,
        15289.005859375
    ],
    "7": [
        139783.625,
        205710.296875,
        7644.5029296875
    ],
    "8": [
        139087.703125,
        204208.59375,
        3822.25146484375
    ]
}