{
    "0": [
        202387.5,
        202387.5,
        291219.15625
    ],
    "1": [
        202387.5,
        202387.5,
        291219.15625
    ],
    "2": [
        237138.375,
        197376.046875,
        145609.578125
    ],
    "3": [
        243744.09375,
        171731.203125,
        101926.703125
    ],
    "4": [
        219855.15625,
        197084.65625,
        61156.0234375
    ],
    "5": [
        243315.90625,
        188140.4375,
        30578.01171875
    ],
    "6": [
        246476.046875,
        198829.46875,
        15289.005859375
    ],
    "7": [
        246290.625,
        202081.96875,
        7644.5029296875
    ]
}