{
    "0": [
        202387.5,
        202387.5,
        291219.15625
    ],
    "1": [
        202387.5,
        202387.5,
        291219.15625
    ],
    "2": [
        114716.8359375,
        164213.109375,
        145609.578125
    ],
    "3": [
        130424.2109375,
        168293.90625,
        101926.703125
    ],
    "4": [
        109946.7109375,
        202904.15625,
        61156.0234375
    ],
    "5": [
        107100.5625,
        200667.5625,
        30578.01171875
    ],
    "6": [
        106689.5234375,
        209179.046875,
        15289.005859375
    ],
    "7": [
        107880.625,
        204120.375,
        7644.5029296875
    ],
    "8": [
        110814.5390625,
        201917.78125,
        3822.25146484375
    ]
}