{
    "0": [
        202387.5,
        202387.5,
        291219.15625
    ],
    "1": [
        202387.5,
        202387.5,
        291219.15625
    ],
    "2": [
        202792.265625,
        210137.96875,
        145609.578125
    ],
    "3": [
        222146.40625,
        228210.625,
        101926.703125
    ],
    "4": [
        194388.65625,
        248042.0625,
        61156.0234375
    ],
    "5": [
        187178.1875,
        249537.3125,
        30578.01171875
    ],
    "6": [
        181802.109375,
        250521.546875,
        15289.005859375
    ],
    "7": [
        174763.15625,
        249609.453125,
        7644.5029296875
    ]
}