{
    "0": [
        202387.5,
        202387.5,
        291219.15625
    ],
    "1": [
        202387.5,
        202387.5,
        291219.15625
    ],
    "2": [
        226155.640625,
        288106.125,
        145609.578125
    ],
    "3": [
        262318.5,
        287393.1875,
        101926.703125
    ],
    "4": [
        231599.796875,
        299688.15625,
        61156.0234375
    ],
    "5": [
        231203.046875,
        275860.1875,
        30578.01171875
    ],
    "6": [
        223283.5625,
        267399,
        15289.005859375
    ],
    "7": [
        227223.15625,
        269156,
        7644.5029296875
    ]
}