{
    "0": [
        202387.5,
        202387.5,
        291219.15625
    ],
    "1": [
        202387.5,
        202387.5,
        291219.15625
    ],
    "2": [
        295478.9375,
        229511.015625,
        145609.578125
    ],
    "3": [
        270785.5625,
        209445.9375,
        101926.703125
    ],
    "4": [
        250011.21875,
        205794.53125,
        61156.0234375
    ],
    "5": [
        240463.328125,
        192492.5625,
        30578.01171875
    ],
    "6": [
        236448.453125,
        196594.828125,
        15289.005859375
    ],
    "7": [
        237876.75,
        195009.109375,
        7644.5029296875
    ],
    "8": [
        237540.296875,
        194934.109375,
        3822.25146484375
    ]
}