{
    "0": [
        202387.5,
        202387.5,
        291219.15625
    ],
    "1": [
        202387.5,
        202387.5,
        291219.15625
    ],
    "2": [
        222661.53125,
        156528.75,
        145609.578125
    ],
    "3": [
        213898.859375,
        194935.71875,
        101926.703125
    ],
    "4": [
        250714.21875,
        207402.125,
        61156.0234375
    ],
    "5": [
        264615.5,
        213013.8125,
        30578.01171875
    ],
    "6": [
        253215.6875,
        209133.1875,
        15289.005859375
    ],
    "7": [
        252132.71875,
        214724.75,
        7644.5029296875
    ]
}