{
    "0": [
        202387.5,
        202387.5,
        291219.15625
    ],
    "1": [
        202387.5,
        202387.5,
        291219.15625
    ],
    "2": [
        147260.609375,
        251428.84375,
        145609.578125
    ],
    "3": [
        175560.15625,
        246092.890625,
        101926.703125
    ],
    "4": [
        142370.859375,
        232551.625,
        61156.0234375
    ],
    "5": [
        148719.3125,
        226992.34375,
        30578.01171875
    ],
    "6": [
        147107.125,
        225258.5,
        15289.005859375
    ],
    "7": [
        141000.109375,
        226941.390625,
        7644.5029296875
    ]
}