{
    "0": [
        202387.5,
        202387.5,
        291219.15625
    ],
    "1": [
        202387.5,
        202387.5,
        291219.15625
    ],
    "2": [
        269669.6875,
        288153.15625,
        145609.578125
    ],
    "3": [
        282236.28125,
        290848.28125,
        101926.703125
    ],
    "4": [
        309400.34375,
        304738.15625,
        61156.0234375
    ],
    "5": [
        324704.59375,
        300169,
        30578.01171875
    ],
    "6": [
        331934.125,
        292731.59375,
        15289.005859375
    ]
}