{
    "0": [
        202387.5,
        202387.5,
        291219.15625
    ],
    "1": [
        202387.5,
        202387.5,
        291219.15625
    ],
    "2": [
        249511,
        120890.4375,
        145609.578125
    ],
    "3": [
        244075.625,
        114903.6328125,
        101926.703125
    ],
    "4": [
        238684.71875,
        147639.09375,
        61156.0234375
    ],
    "5": [
        220890.9375,
        131845.703125,
        30578.01171875
    ],
    "6": [
        215818.8125,
        135833.46875,
        15289.005859375
    ],
    "7": [
        212065.796875,
        138059.53125,
        7644.5029296875
    ]
}