{
    "0": [
        202387.5,
        202387.5,
        291219.15625
    ],
    "1": [
        202387.5,
        202387.5,
        291219.15625
    ],
    "2": [
        96110.4375,
        172690.15625,
        145609.578125
    ],
    "3": [
        132715.78125,
        148978.578125,
        101926.703125
    ],
    "4": [
        142281.390625,
        134615.953125,
        61156.0234375
    ],
    "5": [
        138640.875,
        118124.78125,
        30578.01171875
    ],
    "6": [
        141960.640625,
        116264,
        15289.005859375
    ],
    "7": [
        148870.5,
        116087.2109375,
        7644.5029296875
    ]
}