{
    "0": [
        202387.5,
        202387.5,
        291219.15625
    ],
    "1": [
        202387.5,
        202387.5,
        291219.15625
    ],
    "2": [
        170198.25,
        101124.59375,
        145609.578125
    ],
    "3": [
        199935.9375,
        116267.8203125,
        101926.703125
    ],
    "4": [
        219054.65625,
        145146.546875,
        61156.0234375
    ],
    "5": [
        233909,
        151401.421875,
        30578.01171875
    ],
    "6": [
        223380.5625,
        152078.609375,
        15289.005859375
    ],
    "7": [
        224028.8125,
        151026.296875,
        7644.5029296875
    ]
}