{
    "0": [
        202387.5,
        202387.5,
        291219.15625
    ],
    "1": [
        202387.5,
        202387.5,
        291219.15625
    ],
    "2": [
        142602.8125,
        104592.859375,
        145609.578125
    ],
    "3": [
        172977.578125,
        118420.7421875,
        101926.703125
    ],
    "4": [
        159819.703125,
        85063.25,
        61156.0234375
    ],
    "5": [
        164999.953125,
        112940.390625,
        30578.01171875
    ],
    "6": [
        161228.296875,
        126715.953125,
        15289.005859375
    ]
}