{
    "0": [
        202387.5,
        202387.5,
        291219.15625
    ],
    "1": [
        202387.5,
        202387.5,
        291219.15625
    ],
    "2": [
        225486.890625,
        88275.4296875,
        145609.578125
    ],
    "3": [
        185750.46875,
        100335.109375,
        101926.703125
    ],
    "4": [
        198605.59375,
        120837.203125,
        61156.0234375
    ],
    "5": [
        203442.65625,
        107596.1796875,
        30578.01171875
    ],
    "6": [
        197183.6875,
        111276.2421875,
        15289.005859375
    ],
    "7": [
        199091.859375,
        116331.515625,
        7644.5029296875
    ]
}