{
    "0": [
        202387.5,
        202387.5,
        291219.15625
    ],
    "1": [
        202387.5,
        202387.5,
        291219.15625
    ],
    "2": [
        158955.46875,
        257167.609375,
        145609.578125
    ],
    "3": [
        169457.6875,
        235974.296875,
        101926.703125
    ],
    "4": [
        148482.875,
        219496.09375,
        61156.0234375
    ],
    "5": [
        140830.40625,
        192317.484375,
        30578.01171875
    ],
    "6": [
        139742.109375,
        177324.515625,
        15289.005859375
    ],
    "7": [
        144362.8125,
        175964.859375,
        7644.5029296875
    ]
}