{
    "0": [
        202387.5,
        202387.5,
        291219.15625
    ],
    "1": [
        202387.5,
        202387.5,
        291219.15625
    ],
    "2": [
        210133.171875,
        179655.515625,
        145609.578125
    ],
    "3": [
        234965.84375,
        184845.328125,
        101926.703125
    ],
    "4": [
        204421.4375,
        169646.375,
        61156.0234375
    ],
    "5": [
        228508.625,
        170182.203125,
        30578.01171875
    ],
    "6": [
        240879.40625,
        174067.953125,
        15289.005859375
    ],
    "7": [
        239649.28125,
        170678.328125,
        7644.5029296875
    ]
}