{
    "0": [
        202387.5,
        202387.5,
        291219.15625
    ],
    "1": [
        202387.5,
        202387.5,
        291219.15625
    ],
    "2": [
        273963.25,
        141020.921875,
        145609.578125
    ],
    "3": [
        311926.40625,
        148829.140625,
        101926.703125
    ],
    "4": [
        274235.09375,
        143131.765625,
        61156.0234375
    ],
    "5": [
        255394.328125,
        132651.71875,
        30578.01171875
    ],
    "6": [
        252618.984375,
        128285.5625,
        15289.005859375
    ],
    "7": [
        245408.8125,
        128082.84375,
        7644.5029296875
    ],
    "8": [
        248296.578125,
        129058.0390625,
        3822.25146484375
    ]
}