{
    "0": [
        202387.5,
        202387.5,
        291219.15625
    ],
    "1": [
        202387.5,
        202387.5,
        291219.15625
    ],
    "2": [
        232920.4375,
        148103.03125,
        145609.578125
    ],
    "3": [
        221670.84375,
        156325.046875,
        101926.703125
    ],
    "4": [
        221829.9375,
        190892.5625,
        61156.0234375
    ],
    "5": [
        225776.1875,
        206415.703125,
        30578.01171875
    ],
    "6": [
        234160.515625,
        199978.5625,
        15289.005859375
    ],
    "7": [
        230783.59375,
        203412.578125,
        7644.5029296875
    ]
}