{
    "0": [
        202387.5,
        202387.5,
        291219.15625
    ],
    "1": [
        202387.5,
        202387.5,
        291219.15625
    ],
    "2": [
        258370.90625,
        182513.296875,
        145609.578125
    ],
    "3": [
        241921.78125,
        192195.671875,
        101926.703125
    ],
    "4": [
        235398,
        171286.609375,
        61156.0234375
    ],
    "5": [
        238984.921875,
        201028.140625,
        30578.01171875
    ],
    "6": [
        246305.53125,
        208565.609375,
        15289.005859375
    ],
    "7": [
        243402.765625,
        205477.703125,
        7644.5029296875
    ]
}