{
    "0": [
        202387.5,
        202387.5,
        291219.15625
    ],
    "1": [
        202387.5,
        202387.5,
        291219.15625
    ],
    "2": [
        148327.734375,
        183042.328125,
        145609.578125
    ],
    "3": [
        118712.7421875,
        169823.34375,
        101926.703125
    ],
    "4": [
        90035.21875,
        169116.46875,
        61156.0234375
    ],
    "5": [
        90740.7578125,
        166394.28125,
        30578.01171875
    ],
    "6": [
        91405.515625,
        151353.984375,
        15289.005859375
    ],
    "7": [
        92856.859375,
        156445.203125,
        7644.5029296875
    ],
    "8": [
        93840.1953125,
        159040.234375,
        3822.25146484375
    ]
}