{
    "0": [
        202387.5,
        202387.5,
        291219.15625
    ],
    "1": [
        202387.5,
        202387.5,
        291219.15625
    ],
    "2": [
        249062.234375,
        250741.71875,
        145609.578125
    ],
    "3": [
        249881.0625,
        292391.5,
        101926.703125
    ],
    "4": [
        268620.125,
        280573.1875,
        61156.0234375
    ],
    "5": [
        275640,
        284362.84375,
        30578.01171875
    ],
    "6": [
        275413.96875,
        279327.9375,
        15289.005859375
    ],
    "7": [
        269081.34375,
        277158.875,
        7644.5029296875
    ]
}