{
    "0": [
        202387.5,
        202387.5,
        291219.15625
    ],
    "1": [
        202387.5,
        202387.5,
        291219.15625
    ],
    "2": [
        274188.34375,
        152636.28125,
        145609.578125
    ],
    "3": [
        233726.046875,
        150452.390625,
        101926.703125
    ],
    "4": [
        262234.375,
        150742.03125,
        61156.0234375
    ],
    "5": [
        243547.734375,
        174881.484375,
        30578.01171875
    ],
    "6": [
        241914.25,
        165475.671875,
        15289.005859375
    ],
    "7": [
        242079.34375,
        164624.546875,
        7644.5029296875
    ]
}