{
    "0": [
        202387.5,
        202387.5,
        291219.15625
    ],
    "1": [
        202387.5,
        202387.5,
        291219.15625
    ],
    "2": [
        211204.96875,
        154848.53125,
        145609.578125
    ],
    "3": [
        219400.796875,
        116842.171875,
        101926.703125
    ],
    "4": [
        205348.140625,
        143764.9375,
        61156.0234375
    ],
    "5": [
        200824.265625,
        127892.3515625,
        30578.01171875
    ],
    "6": [
        191592.453125,
        131826.421875,
        15289.005859375
    ],
    "7": [
        196743.34375,
        130135.4453125,
        7644.5029296875
    ],
    "8": [
        198755.921875,
        129890.78125,
        3822.25146484375
    ]
}