{
    "0": [
        202387.5,
        202387.5,
        291219.15625
    ],
    "1": [
        202387.5,
        202387.5,
        291219.15625
    ],
    "2": [
        210076.375,
        224381.46875,
        145609.578125
    ],
    "3": [
        175735.90625,
        226567.03125,
        101926.703125
    ],
    "4": [
        142616.6875,
        215456.671875,
        61156.0234375
    ],
    "5": [
        132136.125,
        203382.5625,
        30578.01171875
    ],
    "6": [
        134648.03125,
        196223.515625,
        15289.005859375
    ],
    "7": [
        141167.546875,
        198590.09375,
        7644.5029296875
    ]
}