{
    "0": [
        202387.5,
        202387.5,
        291219.15625
    ],
    "1": [
        202387.5,
        202387.5,
        291219.15625
    ],
    "2": [
        177919.828125,
        189579.25,
        145609.578125
    ],
    "3": [
        198721.8125,
        223641.546875,
        101926.703125
    ],
    "4": [
        165169.90625,
        227706.90625,
        61156.0234375
    ],
    "5": [
        169593.109375,
        233624.390625,
        30578.01171875
    ],
    "6": [
        158528.609375,
        233596.578125,
        15289.005859375
    ],
    "7": [
        154153.09375,
        228346.59375,
        7644.5029296875
    ],
    "8": [
        153827.9375,
        229715.09375,
        3822.25146484375
    ]
}