{
    "0": [
        202387.5,
        202387.5,
        291219.15625
    ],
    "1": [
        202387.5,
        202387.5,
        291219.15625
    ],
    "2": [
        182967.875,
        207280.09375,
        145609.578125
    ],
    "3": [
        190432.375,
        194532.546875,
        101926.703125
    ],
    "4": [
        186162.609375,
        204824.78125,
        61156.0234375
    ],
    "5": [
        192255.1875,
        222534.375,
        30578.01171875
    ],
    "6": [
        200926.125,
        232011.453125,
        15289.005859375
    ],
    "7": [
        194113.328125,
        233515.140625,
        7644.5029296875
    ],
    "8": [
        191996.625,
        234661.8125,
        3822.25146484375
    ]
}