{
    "0": [
        202387.5,
        202387.5,
        291219.15625
    ],
    "1": [
        202387.5,
        202387.5,
        291219.15625
    ],
    "2": [
        203402.328125,
        154512.71875,
        145609.578125
    ],
    "3": [
        167767.5,
        156646.875,
        101926.703125
    ],
    "4": [
        155904.0625,
        186784.21875,
        61156.0234375
    ],
    "5": [
        183889.4375,
        178260.21875,
        30578.01171875
    ],
    "6": [
        185007.59375,
        187271.359375,
        15289.005859375
    ],
    "7": [
        178119.328125,
        184730.796875,
        7644.5029296875
    ],
    "8": [
        178510.546875,
        184601.375,
        3822.25146484375
    ]
}