{
    "0": [
        202387.5,
        202387.5,
        291219.15625
    ],
    "1": [
        202387.5,
        202387.5,
        291219.15625
    ],
    "2": [
        102778.234375,
        184017.40625,
        145609.578125
    ],
    "3": [
        92832.078125,
        182610.5625,
        101926.703125
    ],
    "4": [
        63533.828125,
        161231.984375,
        61156.0234375
    ],
    "5": [
        79541.6015625,
        172059.078125,
        30578.01171875
    ],
    "6": [
        76158.046875,
        182501.0625,
        15289.005859375
    ],
    "7": [
        74546.625,
        187997.3125,
        7644.5029296875
    ]
}