{
    "0": [
        202387.5,
        202387.5,
        291219.15625
    ],
    "1": [
        202387.5,
        202387.5,
        291219.15625
    ],
    "2": [
        239983.15625,
        307491,
        145609.578125
    ],
    "3": [
        255986.390625,
        315204.96875,
        101926.703125
    ],
    "4": [
        259150.015625,
        310378.09375,
        61156.0234375
    ],
    "5": [
        240342.0625,
        321302.71875,
        30578.01171875
    ],
    "6": [
        240609.3125,
        314396.09375,
        15289.005859375
    ],
    "7": [
        245452.625,
        311886.0625,
        7644.5029296875
    ]
}