{
    "0": [
        202387.5,
        202387.5,
        291219.15625
    ],
    "1": [
        202387.5,
        202387.5,
        291219.15625
    ],
    "2": [
        143945.03125,
        169311.6875,
        145609.578125
    ],
    "3": [
        156827.65625,
        174649.953125,
        101926.703125
    ],
    "4": [
        158899.796875,
        195115.359375,
        61156.0234375
    ],
    "5": [
        177306.625,
        216777.046875,
        30578.01171875
    ],
    "6": [
        177883.5,
        226486.34375,
        15289.005859375
    ],
    "7": [
        173165.90625,
        232138.703125,
        7644.5029296875
    ]
}