{
    "0": [
        202387.5,
        202387.5,
        291219.15625
    ],
    "1": [
        202387.5,
        202387.5,
        291219.15625
    ],
    "2": [
        289733.25,
        172888.5625,
        145609.578125
    ],
    "3": [
        305247.875,
        164266.203125,
        101926.703125
    ],
    "4": [
        341225.15625,
        172068.109375,
        61156.0234375
    ],
    "5": [
        327576.21875,
        190564.8125,
        30578.01171875
    ],
    "6": [
        319383.40625,
        183987.5,
        15289.005859375
    ],
    "7": [
        324135.5,
        185285.453125,
        7644.5029296875
    ]
}