{
    "0": [
        202387.5,
        202387.5,
        291219.15625
    ],
    "1": [
        202387.5,
        202387.5,
        291219.15625
    ],
    "2": [
        167251.625,
        106156.6953125,
        145609.578125
    ],
    "3": [
        127772.46875,
        111419.90625,
        101926.703125
    ],
    "4": [
        153220.203125,
        132692.1875,
        61156.0234375
    ],
    "5": [
        134655.859375,
        128060.5390625,
        30578.01171875
    ],
    "6": [
        133365.3125,
        121720.546875,
        15289.005859375
    ],
    "7": [
        127244.578125,
        117817.21875,
        7644.5029296875
    ]
}