{
    "0": [
        202387.5,
        202387.5,
        291219.15625
    ],
    "1": [
        202387.5,
        202387.5,
        291219.15625
    ],
    "2": [
        174825.359375,
        302441.34375,
        145609.578125
    ],
    "3": [
        196614.109375,
        304173.65625,
        101926.703125
    ],
    "4": [
        187645.046875,
        280590.09375,
        61156.0234375
    ],
    "5": [
        175420.609375,
        307802.84375,
        30578.01171875
    ],
    "6": [
        176507.4375,
        316192.46875,
        15289.005859375
    ],
    "7": [
        179145.53125,
        314333.6875,
        7644.5029296875
    ]
}