{
    "0": [
        202387.5,
        202387.5,
        291219.15625
    ],
    "1": [
        202387.5,
        202387.5,
        291219.15625
    ],
    "2": [
        255911.796875,
        120312.1484375,
        145609.578125
    ],
    "3": [
        285917.0625,
        151131.90625,
        101926.703125
    ],
    "4": [
        291654.28125,
        125710.3984375,
        61156.0234375
    ],
    "5": [
        297721.5,
        115373.140625,
        30578.01171875
    ],
    "6": [
        292204.125,
        112051.78125,
        15289.005859375
    ],
    "7": [
        287511.84375,
        116468.515625,
        7644.5029296875
    ]
}