{
    "0": [
        202387.5,
        202387.5,
        291219.15625
    ],
    "1": [
        202387.5,
        202387.5,
        291219.15625
    ],
    "2": [
        229709.328125,
        111559.0625,
        145609.578125
    ],
    "3": [
        220189.4375,
        124454.484375,
        101926.703125
    ],
    "4": [
        186188.828125,
        128582.015625,
        61156.0234375
    ],
    "5": [
        175336.25,
        123104.6875,
        30578.01171875
    ],
    "6": [
        173790.0625,
        129720.140625,
        15289.005859375
    ],
    "7": [
        169309.46875,
        124606.4921875,
        7644.5029296875
    ],
    "8": [
        168188.34375,
        123084.484375,
        3822.25146484375
    ]
}