{
    "0": [
        202387.5,
        202387.5,
        291219.15625
    ],
    "1": [
        202387.5,
        202387.5,
        291219.15625
    ],
    "2": [
        259046.84375,
        178359.25,
        145609.578125
    ],
    "3": [
        294667.125,
        183690.1875,
        101926.703125
    ],
    "4": [
        277458.46875,
        147084.96875,
        61156.0234375
    ],
    "5": [
        262720.09375,
        123439.140625,
        30578.01171875
    ],
    "6": [
        269501.3125,
        136705.65625,
        15289.005859375
    ],
    "7": [
        265985.78125,
        135993.203125,
        7644.5029296875
    ]
}