{
    "0": [
        202387.5,
        202387.5,
        291219.15625
    ],
    "1": [
        202387.5,
        202387.5,
        291219.15625
    ],
    "2": [
        276457.4375,
        256057.359375,
        145609.578125
    ],
    "3": [
        277291.59375,
        235974,
        101926.703125
    ],
    "4": [
        238161.125,
        244307.703125,
        61156.0234375
    ],
    "5": [
        218854.203125,
        248881.53125,
        30578.01171875
    ],
    "6": [
        215507.3125,
        242489.484375,
        15289.005859375
    ],
    "7": [
        215674.015625,
        236096.8125,
        7644.5029296875
    ],
    "8": [
        216953.203125,
        233899.78125,
        3822.25146484375
    ]
}