{
    "0": [
        202387.5,
        202387.5,
        291219.15625
    ],
    "1": [
        202387.5,
        202387.5,
        291219.15625
    ],
    "2": [
        137316.0625,
        210580.75,
        145609.578125
    ],
    "3": [
        114312.046875,
        218410.3125,
        101926.703125
    ],
    "4": [
        100632.609375,
        183024.0625,
        61156.0234375
    ],
    "5": [
        83812.1640625,
        176677.734375,
        30578.01171875
    ],
    "6": [
        84274.5859375,
        170576.65625,
        15289.005859375
    ]
}