{
    "0": [
        202387.5,
        202387.5,
        291219.15625
    ],
    "1": [
        202387.5,
        202387.5,
        291219.15625
    ],
    "2": [
        286013.8125,
        219318.375,
        145609.578125
    ],
    "3": [
        285566.3125,
        258047.90625,
        101926.703125
    ],
    "4": [
        268419.34375,
        241646.328125,
        61156.0234375
    ],
    "5": [
        272249.28125,
        218639.984375,
        30578.01171875
    ],
    "6": [
        283958.15625,
        225357.4375,
        15289.005859375
    ],
    "7": [
        287643,
        223351.515625,
        7644.5029296875
    ]
}