{
    "0": [
        202387.5,
        202387.5,
        291219.15625
    ],
    "1": [
        202387.5,
        202387.5,
        291219.15625
    ],
    "2": [
        223425.46875,
        263839.75,
        145609.578125
    ],
    "3": [
        226791.3125,
        241007.375,
        101926.703125
    ],
    "4": [
        215752.234375,
        246589.65625,
        61156.0234375
    ],
    "5": [
        225860,
        274019.5,
        30578.01171875
    ],
    "6": [
        217616.53125,
        277779.6875,
        15289.005859375
    ],
    "7": [
        212828.234375,
        280532.28125,
        7644.5029296875
    ]
}