{
    "0": [
        202387.5,
        202387.5,
        291219.15625
    ],
    "1": [
        202387.5,
        202387.5,
        291219.15625
    ],
    "2": [
        184714.375,
        158241.453125,
        145609.578125
    ],
    "3": [
        222814.375,
        143084.671875,
        101926.703125
    ],
    "4": [
        218265.984375,
        123249.984375,
        61156.0234375
    ],
    "5": [
        200563.296875,
        138832.046875,
        30578.01171875
    ],
    "6": [
        211400.15625,
        148874.609375,
        15289.005859375
    ],
    "7": [
        215532.5625,
        153050.5625,
        7644.5029296875
    ],
    "8": [
        212350.390625,
        152568.265625,
        3822.25146484375
    ]
}