{
    "0": [
        202387.5,
        202387.5,
        291219.15625
    ],
    "1": [
        202387.5,
        202387.5,
        291219.15625
    ],
    "2": [
        190234.984375,
        219844.625,
        145609.578125
    ],
    "3": [
        185800.3125,
        221430.640625,
        101926.703125
    ],
    "4": [
        218852.96875,
        223036.09375,
        61156.0234375
    ],
    "5": [
        215561.421875,
        194340.109375,
        30578.01171875
    ],
    "6": [
        225716.75,
        202163.359375,
        15289.005859375
    ]
}