{
    "0": [
        202387.5,
        202387.5,
        291219.15625
    ],
    "1": [
        202387.5,
        202387.5,
        291219.15625
    ],
    "2": [
        92646.203125,
        167059.9375,
        145609.578125
    ],
    "3": [
        99780.6875,
        125761.7578125,
        101926.703125
    ],
    "4": [
        118037.4375,
        140870.265625,
        61156.0234375
    ],
    "5": [
        118184.2890625,
        141911.046875,
        30578.01171875
    ],
    "6": [
        117213.234375,
        153770.203125,
        15289.005859375
    ],
    "7": [
        119595.9140625,
        153191.359375,
        7644.5029296875
    ],
    "8": [
        116825.8828125,
        153801.515625,
        3822.25146484375
    ]
}