{
    "0": [
        202387.5,
        202387.5,
        291219.15625
    ],
    "1": [
        202387.5,
        202387.5,
        291219.15625
    ],
    "2": [
        310999.125,
        215345.984375,
        145609.578125
    ],
    "3": [
        329618.21875,
        202913.53125,
        101926.703125
    ],
    "4": [
        332867.875,
        212845.328125,
        61156.0234375
    ],
    "5": [
        362022.78125,
        207802.609375,
        30578.01171875
    ],
    "6": [
        355667.40625,
        209020.984375,
        15289.005859375
    ]
}