{
    "0": [
        202387.5,
        202387.5,
        291219.15625
    ],
    "1": [
        202387.5,
        202387.5,
        291219.15625
    ],
    "2": [
        181359.03125,
        124125.578125,
        145609.578125
    ],
    "3": [
        147597.140625,
        144068.453125,
        101926.703125
    ],
    "4": [
        116346.453125,
        160956.59375,
        61156.0234375
    ],
    "5": [
        125040.765625,
        184171.53125,
        30578.01171875
    ],
    "6": [
        116300.359375,
        172390.265625,
        15289.005859375
    ]
}