{
    "0": [
        202387.5,
        202387.5,
        291219.15625
    ],
    "1": [
        202387.5,
        202387.5,
        291219.15625
    ],
    "2": [
        158194.75,
        94915.828125,
        145609.578125
    ],
    "3": [
        147166.8125,
        125370.109375,
        101926.703125
    ],
    "4": [
        179672.0625,
        109225.3515625,
        61156.0234375
    ],
    "5": [
        160135.84375,
        91435.8125,
        30578.01171875
    ],
    "6": [
        161371.546875,
        102976.765625,
        15289.005859375
    ]
}