{
    "0": [
        202387.5,
        202387.5,
        291219.15625
    ],
    "1": [
        202387.5,
        202387.5,
        291219.15625
    ],
    "2": [
        284765.78125,
        198272.8125,
        145609.578125
    ],
    "3": [
        296506.15625,
        180785.859375,
        101926.703125
    ],
    "4": [
        310373.28125,
        213100.28125,
        61156.0234375
    ],
    "5": [
        292087.5625,
        235652.25,
        30578.01171875
    ],
    "6": [
        293889.15625,
        241487.953125,
        15289.005859375
    ],
    "7": [
        292104.65625,
        248438.25,
        7644.5029296875
    ]
}