{
    "0": [
        202387.5,
        202387.5,
        291219.15625
    ],
    "1": [
        202387.5,
        202387.5,
        291219.15625
    ],
    "2": [
        227941.390625,
        267656.75,
        145609.578125
    ],
    "3": [
        195424.46875,
        280740.5,
        101926.703125
    ],
    "4": [
        175331.1875,
        281740.96875,
        61156.0234375
    ],
    "5": [
        170934.4375,
        278152.21875,
        30578.01171875
    ],
    "6": [
        160708.75,
        272287.0625,
        15289.005859375
    ],
    "7": [
        158962.640625,
        279144.125,
        7644.5029296875
    ]
}