{
    "0": [
        202387.5,
        202387.5,
        291219.15625
    ],
    "1": [
        202387.5,
        202387.5,
        291219.15625
    ],
    "2": [
        247258.875,
        266240.8125,
        145609.578125
    ],
    "3": [
        230563.296875,
        246668.90625,
        101926.703125
    ],
    "4": [
        193628.203125,
        258151.875,
        61156.0234375
    ],
    "5": [
        167165.59375,
        262634.03125,
        30578.01171875
    ],
    "6": [
        178392.078125,
        268576,
        15289.005859375
    ],
    "7": [
        173685.9375,
        273352.0625,
        7644.5029296875
    ]
}