{
    "0": [
        202387.5,
        202387.5,
        291219.15625
    ],
    "1": [
        202387.5,
        202387.5,
        291219.15625
    ],
    "2": [
        268383.40625,
        195229.28125,
        145609.578125
    ],
    "3": [
        278705.40625,
        236764.59375,
        101926.703125
    ],
    "4": [
        277785.125,
        208985.75,
        61156.0234375
    ],
    "5": [
        271611.4375,
        201939.015625,
        30578.01171875
    ],
    "6": [
        271662.4375,
        188654.984375,
        15289.005859375
    ],
    "7": [
        271241.15625,
        193527.6875,
        7644.5029296875
    ]
}