{
    "0": [
        202387.5,
        202387.5,
        291219.15625
    ],
    "1": [
        202387.5,
        202387.5,
        291219.15625
    ],
    "2": [
        214065.703125,
        192230.09375,
        145609.578125
    ],
    "3": [
        242742.453125,
        206241.78125,
        101926.703125
    ],
    "4": [
        269669.59375,
        176197.71875,
        61156.0234375
    ],
    "5": [
        265430.34375,
        161302.71875,
        30578.01171875
    ],
    "6": [
        253655.234375,
        155608.640625,
        15289.005859375
    ],
    "7": [
        246431.640625,
        155886.546875,
        7644.5029296875
    ]
}