{
    "0": [
        202387.5,
        202387.5,
        291219.15625
    ],
    "1": [
        202387.5,
        202387.5,
        291219.15625
    ],
    "2": [
        187408.875,
        141355.03125,
        145609.578125
    ],
    "3": [
        229750.59375,
        133113.375,
        101926.703125
    ],
    "4": [
        223930.015625,
        144976.5,
        61156.0234375
    ],
    "5": [
        229863.328125,
        162698.671875,
        30578.01171875
    ],
    "6": [
        222075.859375,
        165090.484375,
        15289.005859375
    ],
    "7": [
        223302,
        166536.109375,
        7644.5029296875
    ]
}