{
    "0": [
        202387.5,
        202387.5,
        291219.15625
    ],
    "1": [
        202387.5,
        202387.5,
        291219.15625
    ],
    "2": [
        290681.1875,
        255236.71875,
        145609.578125
    ],
    "3": [
        283175.34375,
        297718.3125,
        101926.703125
    ],
    "4": [
        277081.9375,
        258576.140625,
        61156.0234375
    ],
    "5": [
        261917,
        259439.53125,
        30578.01171875
    ],
    "6": [
        253198.1875,
        270088.6875,
        15289.005859375
    ],
    "7": [
        255497.3125,
        263182.4375,
        7644.5029296875
    ]
}