{
    "0": [
        202387.5,
        202387.5,
        291219.15625
    ],
    "1": [
        202387.5,
        202387.5,
        291219.15625
    ],
    "2": [
        265739.875,
        222819.171875,
        145609.578125
    ],
    "3": [
        255304.125,
        207811.875,
        101926.703125
    ],
    "4": [
        264256.9375,
        211102.984375,
        61156.0234375
    ],
    "5": [
        290469.40625,
        215234.703125,
        30578.01171875
    ],
    "6": [
        301402.6875,
        222121.015625,
        15289.005859375
    ],
    "7": [
        302470.09375,
        223771.84375,
        7644.5029296875
    ],
    "8": [
        298990.375,
        222992.046875,
        3822.25146484375
    ]
}