{
    "0": [
        202387.5,
        202387.5,
        291219.15625
    ],
    "1": [
        202387.5,
        202387.5,
        291219.15625
    ],
    "2": [
        228610.0625,
        193117.28125,
        145609.578125
    ],
    "3": [
        255482.109375,
        190842.171875,
        101926.703125
    ],
    "4": [
        269674.78125,
        215066.640625,
        61156.0234375
    ],
    "5": [
        242286.25,
        210833.859375,
        30578.01171875
    ],
    "6": [
        243612.40625,
        213456.890625,
        15289.005859375
    ],
    "7": [
        249085.96875,
        215538.46875,
        7644.5029296875
    ],
    "8": [
        251992.3125,
        217448.84375,
        3822.25146484375
    ]
}