{
    "0": [
        202387.5,
        202387.5,
        291219.15625
    ],
    "1": [
        202387.5,
        202387.5,
        291219.15625
    ],
    "2": [
        206206,
        233612.375,
        145609.578125
    ],
    "3": [
        200187.5,
        215416.125,
        101926.703125
    ],
    "4": [
        179918.09375,
        199758.015625,
        61156.0234375
    ],
    "5": [
        181410.5625,
        208838.6875,
        30578.01171875
    ],
    "6": [
        171247.640625,
        206756.96875,
        15289.005859375
    ],
    "7": [
        168375.78125,
        211396.703125,
        7644.5029296875
    ]
}