{
    "0": [
        202387.5,
        202387.5,
        291219.15625
    ],
    "1": [
        202387.5,
        202387.5,
        291219.15625
    ],
    "2": [
        276865.625,
        216819.65625,
        145609.578125
    ],
    "3": [
        257491.578125,
        215592.875,
        101926.703125
    ],
    "4": [
        267017.5625,
        228070.71875,
        61156.0234375
    ],
    "5": [
        274290.53125,
        230980.375,
        30578.01171875
    ],
    "6": [
        277203.1875,
        222387.296875,
        15289.005859375
    ],
    "7": [
        276703.34375,
        222328.25,
        7644.5029296875
    ],
    "8": [
        278616,
        219632.265625,
        3822.25146484375
    ]
}