{
    "0": [
        202387.5,
        202387.5,
        291219.15625
    ],
    "1": [
        202387.5,
        202387.5,
        291219.15625
    ],
    "2": [
        189222.703125,
        233187.34375,
        145609.578125
    ],
    "3": [
        211155.875,
        258047.5,
        101926.703125
    ],
    "4": [
        203017.0625,
        253253.78125,
        61156.0234375
    ],
    "5": [
        214019.65625,
        235364.90625,
        30578.01171875
    ],
    "6": [
        207079.625,
        238394.328125,
        15289.005859375
    ]
}