{
    "0": [
        202387.5,
        202387.5,
        291219.15625
    ],
    "1": [
        202387.5,
        202387.5,
        291219.15625
    ],
    "2": [
        212643.890625,
        267333.625,
        145609.578125
    ],
    "3": [
        243649.8125,
        286922.90625,
        101926.703125
    ],
    "4": [
        220165.859375,
        286554.3125,
        61156.0234375
    ],
    "5": [
        202976.421875,
        304391.75,
        30578.01171875
    ],
    "6": [
        192406.015625,
        311000.53125,
        15289.005859375
    ],
    "7": [
        190188.53125,
        306480.09375,
        7644.5029296875
    ]
}