{
    "0": [
        202387.5,
        202387.5,
        291219.15625
    ],
    "1": [
        202387.5,
        202387.5,
        291219.15625
    ],
    "2": [
        210972.203125,
        279487.28125,
        145609.578125
    ],
    "3": [
        244488.734375,
        256751.375,
        101926.703125
    ],
    "4": [
        282976.3125,
        256869.1875,
        61156.0234375
    ],
    "5": [
        254598.859375,
        262901.625,
        30578.01171875
    ],
    "6": [
        244124.484375,
        271173.71875,
        15289.005859375
    ],
    "7": [
        242601.78125,
        265994.625,
        7644.5029296875
    ],
    "8": [
        243484.765625,
        265182.625,
        3822.25146484375
    ]
}