{
    "0": [
        202387.5,
        202387.5,
        291219.15625
    ],
    "1": [
        202387.5,
        202387.5,
        291219.15625
    ],
    "2": [
        86662.734375,
        211157.265625,
        145609.578125
    ],
    "3": [
        104221.328125,
        217445.59375,
        101926.703125
    ],
    "4": [
        129898.8671875,
        199976.203125,
        61156.0234375
    ],
    "5": [
        100844.203125,
        201326.265625,
        30578.01171875
    ],
    "6": [
        106153.7421875,
        194882.125,
        15289.005859375
    ],
    "7": [
        102867.125,
        197840.4375,
        7644.5029296875
    ]
}