{
    "0": [
        202387.5,
        202387.5,
        291219.15625
    ],
    "1": [
        202387.5,
        202387.5,
        291219.15625
    ],
    "2": [
        268386.3125,
        242740.265625,
        145609.578125
    ],
    "3": [
        289783,
        272543.4375,
        101926.703125
    ],
    "4": [
        266341.4375,
        248606.03125,
        61156.0234375
    ],
    "5": [
        281863.21875,
        258565.78125,
        30578.01171875
    ],
    "6": [
        277485.78125,
        262885.84375,
        15289.005859375
    ],
    "7": [
        281994.53125,
        260538.625,
        7644.5029296875
    ]
}