{
    "0": [
        202387.5,
        202387.5,
        291219.15625
    ],
    "1": [
        202387.5,
        202387.5,
        291219.15625
    ],
    "2": [
        151793.359375,
        147925.75,
        145609.578125
    ],
    "3": [
        187968.34375,
        124237.4921875,
        101926.703125
    ],
    "4": [
        218365.8125,
        115152.953125,
        61156.0234375
    ],
    "5": [
        220947.34375,
        98070.34375,
        30578.01171875
    ],
    "6": [
        217655.703125,
        111716.78125,
        15289.005859375
    ]
}