{
    "0": [
        202387.5,
        202387.5,
        291219.15625
    ],
    "1": [
        202387.5,
        202387.5,
        291219.15625
    ],
    "2": [
        209258.8125,
        93045.15625,
        145609.578125
    ],
    "3": [
        213667.34375,
        76371.265625,
        101926.703125
    ],
    "4": [
        234865.046875,
        57517.921875,
        61156.0234375
    ],
    "5": [
        233040.359375,
        46558.875,
        30578.01171875
    ],
    "6": [
        227715.875,
        49866.578125,
        15289.005859375
    ],
    "7": [
        229343.984375,
        57306.20703125,
        7644.5029296875
    ]
}