{
    "0": [
        202387.5,
        202387.5,
        291219.15625
    ],
    "1": [
        202387.5,
        202387.5,
        291219.15625
    ],
    "2": [
        265177.46875,
        204961.1875,
        145609.578125
    ],
    "3": [
        242573.359375,
        200965.796875,
        101926.703125
    ],
    "4": [
        243913.734375,
        223958.953125,
        61156.0234375
    ],
    "5": [
        264478.6875,
        202169.78125,
        30578.01171875
    ],
    "6": [
        264238,
        187673.015625,
        15289.005859375
    ]
}