{
    "0": [
        202387.5,
        202387.5,
        291219.15625
    ],
    "1": [
        202387.5,
        202387.5,
        291219.15625
    ],
    "2": [
        202087.359375,
        285142.46875,
        145609.578125
    ],
    "3": [
        215801.875,
        286958.90625,
        101926.703125
    ],
    "4": [
        215382.03125,
        273778.25,
        61156.0234375
    ],
    "5": [
        200926.671875,
        285048.78125,
        30578.01171875
    ],
    "6": [
        212791.6875,
        279402.9375,
        15289.005859375
    ],
    "7": [
        215639.390625,
        285591.375,
        7644.5029296875
    ],
    "8": [
        213462.6875,
        286328.875,
        3822.25146484375
    ]
}