{
    "0": [
        202387.5,
        202387.5,
        291219.15625
    ],
    "1": [
        202387.5,
        202387.5,
        291219.15625
    ],
    "2": [
        156499.84375,
        145662.59375,
        145609.578125
    ],
    "3": [
        136761.46875,
        163317.578125,
        101926.703125
    ],
    "4": [
        145916.3125,
        127334.453125,
        61156.0234375
    ],
    "5": [
        137798.859375,
        101953.5078125,
        30578.01171875
    ],
    "6": [
        136065.796875,
        99480.5390625,
        15289.005859375
    ],
    "7": [
        133280.171875,
        101816.0859375,
        7644.5029296875
    ]
}