{
    "0": [
        202387.5,
        202387.5,
        291219.15625
    ],
    "1": [
        202387.5,
        202387.5,
        291219.15625
    ],
    "2": [
        275116.84375,
        290763.34375,
        145609.578125
    ],
    "3": [
        260396.15625,
        311782.0625,
        101926.703125
    ],
    "4": [
        259163.015625,
        298701.96875,
        61156.0234375
    ],
    "5": [
        274050.0625,
        291559.375,
        30578.01171875
    ],
    "6": [
        270081.75,
        298375.46875,
        15289.005859375
    ],
    "7": [
        267242.25,
        297324.5,
        7644.5029296875
    ]
}