{
    "0": [
        202387.5,
        202387.5,
        291219.15625
    ],
    "1": [
        202387.5,
        202387.5,
        291219.15625
    ],
    "2": [
        218935.21875,
        262373.46875,
        145609.578125
    ],
    "3": [
        226790.5625,
        300964.3125,
        101926.703125
    ],
    "4": [
        237890.734375,
        329632.46875,
        61156.0234375
    ],
    "5": [
        216067.84375,
        347960.6875,
        30578.01171875
    ],
    "6": [
        210621.78125,
        361957.5,
        15289.005859375
    ],
    "7": [
        214697.578125,
        362710.3125,
        7644.5029296875
    ]
}