{
    "0": [
        202387.5,
        202387.5,
        291219.15625
    ],
    "1": [
        202387.5,
        202387.5,
        291219.15625
    ],
    "2": [
        194177.5625,
        258457.296875,
        145609.578125
    ],
    "3": [
        227327.75,
        258737.09375,
        101926.703125
    ],
    "4": [
        208171.296875,
        254046.65625,
        61156.0234375
    ],
    "5": [
        199235.703125,
        246568.28125,
        30578.01171875
    ],
    "6": [
        187964.65625,
        244313.71875,
        15289.005859375
    ]
}