{
    "0": [
        202387.5,
        202387.5,
        291219.15625
    ],
    "1": [
        202387.5,
        202387.5,
        291219.15625
    ],
    "2": [
        199607.6875,
        275642.34375,
        145609.578125
    ],
    "3": [
        194157.171875,
        250907.21875,
        101926.703125
    ],
    "4": [
        189611.4375,
        225198.046875,
        61156.0234375
    ],
    "5": [
        193667.046875,
        199166.109375,
        30578.01171875
    ],
    "6": [
        193195.296875,
        192352.796875,
        15289.005859375
    ],
    "7": [
        188055.3125,
        192787.953125,
        7644.5029296875
    ]
}