{
    "0": [
        202387.5,
        202387.5,
        291219.15625
    ],
    "1": [
        202387.5,
        202387.5,
        291219.15625
    ],
    "2": [
        266637.78125,
        143748.65625,
        145609.578125
    ],
    "3": [
        271824.875,
        172721.421875,
        101926.703125
    ],
    "4": [
        304065.5625,
        196375.984375,
        61156.0234375
    ],
    "5": [
        297487,
        185023.421875,
        30578.01171875
    ],
    "6": [
        291400.125,
        194329.15625,
        15289.005859375
    ],
    "7": [
        288974.25,
        191041.84375,
        7644.5029296875
    ],
    "8": [
        290382.96875,
        190910.359375,
        3822.25146484375
    ]
}