{
    "0": [
        202387.5,
        202387.5,
        291219.15625
    ],
    "1": [
        202387.5,
        202387.5,
        291219.15625
    ],
    "2": [
        109049.65625,
        212366.484375,
        145609.578125
    ],
    "3": [
        133496.03125,
        181405.703125,
        101926.703125
    ],
    "4": [
        128996.1796875,
        210270.59375,
        61156.0234375
    ],
    "5": [
        146611.75,
        196130.90625,
        30578.01171875
    ],
    "6": [
        146355.296875,
        198982.578125,
        15289.005859375
    ],
    "7": [
        140553.53125,
        198646.921875,
        7644.5029296875
    ],
    "8": [
        139815.546875,
        196432.1875,
        3822.25146484375
    ]
}