{
    "0": [
        202387.5,
        202387.5,
        291219.15625
    ],
    "1": [
        202387.5,
        202387.5,
        291219.15625
    ],
    "2": [
        252802.765625,
        186628.015625,
        145609.578125
    ],
    "3": [
        265529.5625,
        191057.375,
        101926.703125
    ],
    "4": [
        285306.25,
        185134.703125,
        61156.0234375
    ],
    "5": [
        291413.375,
        185063.96875,
        30578.01171875
    ],
    "6": [
        288635.8125,
        171949.109375,
        15289.005859375
    ],
    "7": [
        283082.9375,
        174339.734375,
        7644.5029296875
    ]
}