{
    "0": [
        202387.5,
        202387.5,
        291219.15625
    ],
    "1": [
        202387.5,
        202387.5,
        291219.15625
    ],
    "2": [
        96118.703125,
        189460.578125,
        145609.578125
    ],
    "3": [
        135036.875,
        175441.328125,
        101926.703125
    ],
    "4": [
        98740.1171875,
        176407.359375,
        61156.0234375
    ],
    "5": [
        79826.4453125,
        168303.765625,
        30578.01171875
    ],
    "6": [
        77826.015625,
        171373.453125,
        15289.005859375
    ],
    "7": [
        72158.7109375,
        174091.46875,
        7644.5029296875
    ]
}