{
    "0": [
        202387.5,
        202387.5,
        291219.15625
    ],
    "1": [
        202387.5,
        202387.5,
        291219.15625
    ],
    "2": [
        167185.390625,
        292485,
        145609.578125
    ],
    "3": [
        134676.359375,
        316094.625,
        101926.703125
    ],
    "4": [
        117998.9375,
        335359.53125,
        61156.0234375
    ],
    "5": [
        123274.2265625,
        305458.59375,
        30578.01171875
    ],
    "6": [
        115961.328125,
        298466.53125,
        15289.005859375
    ],
    "7": [
        113505.25,
        301355.15625,
        7644.5029296875
    ]
}