{
    "0": [
        202387.5,
        202387.5,
        291219.15625
    ],
    "1": [
        202387.5,
        202387.5,
        291219.15625
    ],
    "2": [
        131544.1875,
        114426.9765625,
        145609.578125
    ],
    "3": [
        143988.734375,
        137504.53125,
        101926.703125
    ],
    "4": [
        142235.734375,
        160104.765625,
        61156.0234375
    ],
    "5": [
        125572.46875,
        156640.375,
        30578.01171875
    ],
    "6": [
        113557.0625,
        148636.53125,
        15289.005859375
    ],
    "7": [
        115291.0546875,
        154724.46875,
        7644.5029296875
    ],
    "8": [
        117314.5703125,
        154039.90625,
        3822.25146484375
    ]
}