{
    "0": [
        202387.5,
        202387.5,
        291219.15625
    ],
    "1": [
        202387.5,
        202387.5,
        291219.15625
    ],
    "2": [
        104161.15625,
        156010.875,
        145609.578125
    ],
    "3": [
        69450.1328125,
        164859.328125,
        101926.703125
    ],
    "4": [
        49119.17578125,
        144697.546875,
        61156.0234375
    ],
    "5": [
        60149.19140625,
        131319.5625,
        30578.01171875
    ],
    "6": [
        54375.28125,
        135387.875,
        15289.005859375
    ]
}