{
    "0": [
        202387.5,
        202387.5,
        291219.15625
    ],
    "1": [
        202387.5,
        202387.5,
        291219.15625
    ],
    "2": [
        245170.640625,
        286024.1875,
        145609.578125
    ],
    "3": [
        232745.171875,
        280274.53125,
        101926.703125
    ],
    "4": [
        228669.40625,
        242579.375,
        61156.0234375
    ],
    "5": [
        200358.875,
        232468.046875,
        30578.01171875
    ],
    "6": [
        210116.078125,
        229192.65625,
        15289.005859375
    ],
    "7": [
        203904.875,
        232788.796875,
        7644.5029296875
    ]
}