{
    "0": [
        202387.5,
        202387.5,
        291219.15625
    ],
    "1": [
        202387.5,
        202387.5,
        291219.15625
    ],
    "2": [
        292005.8125,
        206410.421875,
        145609.578125
    ],
    "3": [
        261099.671875,
        204263.0625,
        101926.703125
    ],
    "4": [
        241369.578125,
        180760.796875,
        61156.0234375
    ],
    "5": [
        231228.484375,
        169164.25,
        30578.01171875
    ],
    "6": [
        220068.65625,
        179310.109375,
        15289.005859375
    ],
    "7": [
        222374.6875,
        172040.0625,
        7644.5029296875
    ],
    "8": [
        220040.125,
        170230.296875,
        3822.25146484375
    ]
}