{
    "0": [
        202387.5,
        202387.5,
        291219.15625
    ],
    "1": [
        202387.5,
        202387.5,
        291219.15625
    ],
    "2": [
        284732.4375,
        211171.140625,
        145609.578125
    ],
    "3": [
        321983.0625,
        231824.671875,
        101926.703125
    ],
    "4": [
        350653.375,
        214923.09375,
        61156.0234375
    ],
    "5": [
        356407.03125,
        205890.5,
        30578.01171875
    ],
    "6": [
        362657.40625,
        193221.15625,
        15289.005859375
    ],
    "7": [
        363333.53125,
        199709.21875,
        7644.5029296875
    ]
}