{
    "0": [
        202387.5,
        202387.5,
        291219.15625
    ],
    "1": [
        202387.5,
        202387.5,
        291219.15625
    ],
    "2": [
        228812.484375,
        197418.140625,
        145609.578125
    ],
    "3": [
        223658.546875,
        171049.328125,
        101926.703125
    ],
    "4": [
        227866.296875,
        209950.9375,
        61156.0234375
    ],
    "5": [
        220213.75,
        230864.21875,
        30578.01171875
    ],
    "6": [
        209184.859375,
        231025.75,
        15289.005859375
    ],
    "7": [
        207065.0625,
        233441.078125,
        7644.5029296875
    ],
    "8": [
        203524.90625,
        233792.078125,
        3822.25146484375
    ]
}