{
    "0": [
        202387.5,
        202387.5,
        291219.15625
    ],
    "1": [
        202387.5,
        202387.5,
        291219.15625
    ],
    "2": [
        248429.53125,
        112646.2578125,
        145609.578125
    ],
    "3": [
        222081.984375,
        82410.890625,
        101926.703125
    ],
    "4": [
        224153.25,
        111468.9609375,
        61156.0234375
    ],
    "5": [
        240748.984375,
        113545.1640625,
        30578.01171875
    ],
    "6": [
        251715.09375,
        121076.4921875,
        15289.005859375
    ],
    "7": [
        252618.40625,
        123430.6328125,
        7644.5029296875
    ],
    "8": [
        253415.84375,
        122970.4140625,
        3822.25146484375
    ]
}