{
    "0": [
        202387.5,
        202387.5,
        291219.15625
    ],
    "1": [
        202387.5,
        202387.5,
        291219.15625
    ],
    "2": [
        226947.09375,
        110805.0703125,
        145609.578125
    ],
    "3": [
        237632.1875,
        140992.34375,
        101926.703125
    ],
    "4": [
        249696.296875,
        152237.015625,
        61156.0234375
    ],
    "5": [
        259935.109375,
        180064.5625,
        30578.01171875
    ],
    "6": [
        249433.8125,
        186100.078125,
        15289.005859375
    ],
    "7": [
        243582.28125,
        190549.515625,
        7644.5029296875
    ],
    "8": [
        242574.40625,
        189467.328125,
        3822.25146484375
    ]
}