{
    "0": [
        202387.5,
        202387.5,
        291219.15625
    ],
    "1": [
        202387.5,
        202387.5,
        291219.15625
    ],
    "2": [
        135345.3125,
        149896.890625,
        145609.578125
    ],
    "3": [
        142967.234375,
        118202.78125,
        101926.703125
    ],
    "4": [
        156731.875,
        133643.171875,
        61156.0234375
    ],
    "5": [
        159775.09375,
        139340.234375,
        30578.01171875
    ],
    "6": [
        161168.375,
        126139.25,
        15289.005859375
    ],
    "7": [
        155531.328125,
        126935.4609375,
        7644.5029296875
    ]
}