{
    "0": [
        202387.5,
        202387.5,
        291219.15625
    ],
    "1": [
        202387.5,
        202387.5,
        291219.15625
    ],
    "2": [
        204887.875,
        123368.984375,
        145609.578125
    ],
    "3": [
        216642.984375,
        149596.890625,
        101926.703125
    ],
    "4": [
        244011.90625,
        147087.546875,
        61156.0234375
    ],
    "5": [
        262222.03125,
        155629.578125,
        30578.01171875
    ],
    "6": [
        264593.34375,
        159099.703125,
        15289.005859375
    ],
    "7": [
        262277.6875,
        162765.1875,
        7644.5029296875
    ]
}