{
    "0": [
        202387.5,
        202387.5,
        291219.15625
    ],
    "1": [
        202387.5,
        202387.5,
        291219.15625
    ],
    "2": [
        277629.3125,
        210336.484375,
        145609.578125
    ],
    "3": [
        293733.1875,
        247588.796875,
        101926.703125
    ],
    "4": [
        271362.40625,
        219032.96875,
        61156.0234375
    ],
    "5": [
        282550.84375,
        210707.75,
        30578.01171875
    ],
    "6": [
        285775.4375,
        209111.46875,
        15289.005859375
    ]
}