{
    "0": [
        202387.5,
        202387.5,
        291219.15625
    ],
    "1": [
        202387.5,
        202387.5,
        291219.15625
    ],
    "2": [
        119524.6171875,
        148602.640625,
        145609.578125
    ],
    "3": [
        147994.984375,
        158499.6875,
        101926.703125
    ],
    "4": [
        116316.03125,
        154960.25,
        61156.0234375
    ],
    "5": [
        135089.171875,
        171671.140625,
        30578.01171875
    ],
    "6": [
        145682.765625,
        180709.875,
        15289.005859375
    ],
    "7": [
        140905.578125,
        186342.65625,
        7644.5029296875
    ],
    "8": [
        140101.40625,
        185680.859375,
        3822.25146484375
    ]
}