{
    "0": [
        202387.5,
        202387.5,
        291219.15625
    ],
    "1": [
        202387.5,
        202387.5,
        291219.15625
    ],
    "2": [
        206544.640625,
        262973.71875,
        145609.578125
    ],
    "3": [
        225432.9375,
        276401.375,
        101926.703125
    ],
    "4": [
        212122.671875,
        258957.78125,
        61156.0234375
    ],
    "5": [
        198705.265625,
        284203.25,
        30578.01171875
    ],
    "6": [
        200104.765625,
        269354.96875,
        15289.005859375
    ]
}