{
    "0": [
        202387.5,
        202387.5,
        291219.15625
    ],
    "1": [
        202387.5,
        202387.5,
        291219.15625
    ],
    "2": [
        226533.921875,
        268194.03125,
        145609.578125
    ],
    "3": [
        229111.375,
        263741.875,
        101926.703125
    ],
    "4": [
        201498.609375,
        276205.5625,
        61156.0234375
    ]
}