{
    "0": [
        202387.5,
        202387.5,
        291219.15625
    ],
    "1": [
        202387.5,
        202387.5,
        291219.15625
    ],
    "2": [
        201942.34375,
        248111.03125,
        145609.578125
    ],
    "3": [
        227336.953125,
        244176.3125,
        101926.703125
    ],
    "4": [
        229893.5625,
        278316.90625,
        61156.0234375
    ],
    "5": [
        206690.53125,
        261308.75,
        30578.01171875
    ],
    "6": [
        219661.671875,
        258145.71875,
        15289.005859375
    ],
    "7": [
        224897.5,
        261891.4375,
        7644.5029296875
    ]
}