{
    "0": [
        202387.5,
        202387.5,
        291219.15625
    ],
    "1": [
        202387.5,
        202387.5,
        291219.15625
    ],
    "2": [
        213307.625,
        127459.015625,
        145609.578125
    ],
    "3": [
        213174.78125,
        142792.546875,
        101926.703125
    ],
    "4": [
        236454.3125,
        160892.03125,
        61156.0234375
    ],
    "5": [
        253992.140625,
        180474.03125,
        30578.01171875
    ],
    "6": [
        242816.6875,
        176223.5625,
        15289.005859375
    ],
    "7": [
        238409.921875,
        175539.75,
        7644.5029296875
    ],
    "8": [
        238555.75,
        176083.5,
        3822.25146484375
    ]
}