{
    "0": [
        202387.5,
        202387.5,
        291219.15625
    ],
    "1": [
        202387.5,
        202387.5,
        291219.15625
    ],
    "2": [
        172104.96875,
        204230.9375,
        145609.578125
    ],
    "3": [
        180696.125,
        187347.4375,
        101926.703125
    ],
    "4": [
        193532.828125,
        199898.34375,
        61156.0234375
    ],
    "5": [
        201417.390625,
        177649.40625,
        30578.01171875
    ],
    "6": [
        199823.578125,
        171371.1875,
        15289.005859375
    ],
    "7": [
        194415.0625,
        173058.578125,
        7644.5029296875
    ],
    "8": [
        194119.203125,
        172564.25,
        3822.25146484375
    ]
}