{
    "0": [
        202387.5,
        202387.5,
        291219.15625
    ],
    "1": [
        202387.5,
        202387.5,
        291219.15625
    ],
    "2": [
        269833.5,
        196317.671875,
        145609.578125
    ],
    "3": [
        289124.0625,
        184199.0625,
        101926.703125
    ],
    "4": [
        272164.84375,
        210715.78125,
        61156.0234375
    ],
    "5": [
        281556.59375,
        203295.5625,
        30578.01171875
    ]
}