{
    "0": [
        202387.5,
        202387.5,
        291219.15625
    ],
    "1": [
        202387.5,
        202387.5,
        291219.15625
    ],
    "2": [
        159634.9375,
        103101.8828125,
        145609.578125
    ],
    "3": [
        177856.5,
        88158.8828125,
        101926.703125
    ],
    "4": [
        182189.8125,
        102904.515625,
        61156.0234375
    ],
    "5": [
        190098.5,
        85743.75,
        30578.01171875
    ],
    "6": [
        200894.8125,
        84325.71875,
        15289.005859375
    ],
    "7": [
        199746.375,
        78728.265625,
        7644.5029296875
    ]
}