{
    "0": [
        202387.5,
        202387.5,
        291219.15625
    ],
    "1": [
        202387.5,
        202387.5,
        291219.15625
    ],
    "2": [
        279055.0625,
        164690.890625,
        145609.578125
    ],
    "3": [
        254956.078125,
        180407.53125,
        101926.703125
    ],
    "4": [
        226198.28125,
        180802.546875,
        61156.0234375
    ],
    "5": [
        232430.796875,
        205370.953125,
        30578.01171875
    ],
    "6": [
        234191.9375,
        191890.578125,
        15289.005859375
    ],
    "7": [
        236583.875,
        186722.109375,
        7644.5029296875
    ]
}