{
    "0": [
        202387.5,
        202387.5,
        291219.15625
    ],
    "1": [
        202387.5,
        202387.5,
        291219.15625
    ],
    "2": [
        92982.9609375,
        162515.515625,
        145609.578125
    ],
    "3": [
        63523.9921875,
        142426.96875,
        101926.703125
    ],
    "4": [
        49798.140625,
        178791.71875,
        61156.0234375
    ],
    "5": [
        61386.34375,
        197846.0625,
        30578.01171875
    ],
    "6": [
        61605.62109375,
        209252.75,
        15289.005859375
    ],
    "7": [
        58341.1171875,
        206119.703125,
        7644.5029296875
    ]
}