{
    "0": [
        202387.5,
        202387.5,
        291219.15625
    ],
    "1": [
        202387.5,
        202387.5,
        291219.15625
    ],
    "2": [
        165240.90625,
        246150.015625,
        145609.578125
    ],
    "3": [
        173126.03125,
        245358.234375,
        101926.703125
    ],
    "4": [
        152612.375,
        267797,
        61156.0234375
    ],
    "5": [
        174129.125,
        287338.1875,
        30578.01171875
    ],
    "6": [
        174265.375,
        274453.09375,
        15289.005859375
    ],
    "7": [
        170738.046875,
        275642.5625,
        7644.5029296875
    ]
}