{
    "0": [
        202387.5,
        202387.5,
        291219.15625
    ],
    "1": [
        202387.5,
        202387.5,
        291219.15625
    ],
    "2": [
        148693.890625,
        137255.15625,
        145609.578125
    ],
    "3": [
        145037.75,
        176630.078125,
        101926.703125
    ],
    "4": [
        183731.421875,
        187457.015625,
        61156.0234375
    ],
    "5": [
        189633.65625,
        202567.34375,
        30578.01171875
    ],
    "6": [
        185468,
        199240.953125,
        15289.005859375
    ],
    "7": [
        186927.609375,
        201287.6875,
        7644.5029296875
    ],
    "8": [
        188649.03125,
        201779,
        3822.25146484375
    ],
    "9": [
        189263.140625,
        202236.9375,
        1911.125732421875
    ]
}