{
    "0": [
        202387.5,
        202387.5,
        291219.15625
    ],
    "1": [
        202387.5,
        202387.5,
        291219.15625
    ],
    "2": [
        213194.796875,
        229429.578125,
        145609.578125
    ],
    "3": [
        244882.59375,
        207069.3125,
        101926.703125
    ],
    "4": [
        217747.78125,
        215189.75,
        61156.0234375
    ],
    "5": [
        220578.796875,
        219828.5,
        30578.01171875
    ],
    "6": [
        220814.90625,
        233678.875,
        15289.005859375
    ],
    "7": [
        226807.890625,
        234345.21875,
        7644.5029296875
    ]
}