{
    "0": [
        202387.5,
        202387.5,
        291219.15625
    ],
    "1": [
        202387.5,
        202387.5,
        291219.15625
    ],
    "2": [
        262072.34375,
        113006.9296875,
        145609.578125
    ],
    "3": [
        256594.796875,
        114823.9296875,
        101926.703125
    ],
    "4": [
        272774.78125,
        114960.71875,
        61156.0234375
    ],
    "5": [
        284835.9375,
        87446.890625,
        30578.01171875
    ],
    "6": [
        283056.46875,
        92224.71875,
        15289.005859375
    ]
}