{
    "0": [
        202387.5,
        202387.5,
        291219.15625
    ],
    "1": [
        202387.5,
        202387.5,
        291219.15625
    ],
    "2": [
        155997.984375,
        159105.28125,
        145609.578125
    ],
    "3": [
        168000.671875,
        167751.671875,
        101926.703125
    ],
    "4": [
        160364.1875,
        162665.859375,
        61156.0234375
    ],
    "5": [
        181649.515625,
        143256.234375,
        30578.01171875
    ],
    "6": [
        186214.9375,
        132948.75,
        15289.005859375
    ],
    "7": [
        183156.296875,
        136083.84375,
        7644.5029296875
    ]
}