{
    "0": [
        202387.5,
        202387.5,
        291219.15625
    ],
    "1": [
        202387.5,
        202387.5,
        291219.15625
    ],
    "2": [
        248994.5625,
        197634.640625,
        145609.578125
    ],
    "3": [
        210710.453125,
        198647.53125,
        101926.703125
    ],
    "4": [
        210633.375,
        186490.078125,
        61156.0234375
    ],
    "5": [
        230568.53125,
        194500.4375,
        30578.01171875
    ],
    "6": [
        235434.078125,
        193352.015625,
        15289.005859375
    ],
    "7": [
        239885.515625,
        192776.0625,
        7644.5029296875
    ]
}