{
    "0": [
        202387.5,
        202387.5,
        291219.15625
    ],
    "1": [
        202387.5,
        202387.5,
        291219.15625
    ],
    "2": [
        202858.71875,
        256757.59375,
        145609.578125
    ],
    "3": [
        190752.6875,
        288782.8125,
        101926.703125
    ],
    "4": [
        206908.8125,
        320690.0625,
        61156.0234375
    ],
    "5": [
        213826.390625,
        312556.3125,
        30578.01171875
    ],
    "6": [
        227530.171875,
        310408.71875,
        15289.005859375
    ],
    "7": [
        226829.65625,
        313237.53125,
        7644.5029296875
    ]
}