{
    "0": [
        202387.5,
        202387.5,
        291219.15625
    ],
    "1": [
        202387.5,
        202387.5,
        291219.15625
    ],
    "2": [
        158477.34375,
        303846.96875,
        145609.578125
    ],
    "3": [
        143849.78125,
        339511.15625,
        101926.703125
    ],
    "4": [
        170775.1875,
        364069.25,
        61156.0234375
    ],
    "5": [
        184201.375,
        350865.375,
        30578.01171875
    ],
    "6": [
        197250.34375,
        353534.5625,
        15289.005859375
    ],
    "7": [
        202053.0625,
        355948.3125,
        7644.5029296875
    ]
}