{
    "0": [
        202387.5,
        202387.5,
        291219.15625
    ],
    "1": [
        202387.5,
        202387.5,
        291219.15625
    ],
    "2": [
        281749.46875,
        190188.609375,
        145609.578125
    ],
    "3": [
        287827.21875,
        217024.265625,
        101926.703125
    ],
    "4": [
        256132.953125,
        235190.421875,
        61156.0234375
    ],
    "5": [
        262337.71875,
        231848.25,
        30578.01171875
    ],
    "6": [
        256367.875,
        241144.203125,
        15289.005859375
    ],
    "7": [
        256365.234375,
        242060.5625,
        7644.5029296875
    ],
    "8": [
        252860.921875,
        241145.53125,
        3822.25146484375
    ]
}