{
    "0": [
        202387.5,
        202387.5,
        291219.15625
    ],
    "1": [
        202387.5,
        202387.5,
        291219.15625
    ],
    "2": [
        209463.3125,
        174857.03125,
        145609.578125
    ],
    "3": [
        199601.9375,
        170885.25,
        101926.703125
    ],
    "4": [
        191320.75,
        185565.1875,
        61156.0234375
    ],
    "5": [
        194621.640625,
        176410.03125,
        30578.01171875
    ],
    "6": [
        196285.34375,
        173421,
        15289.005859375
    ]
}