{
    "0": [
        202387.5,
        202387.5,
        291219.15625
    ],
    "1": [
        202387.5,
        202387.5,
        291219.15625
    ],
    "2": [
        207916.109375,
        213138.15625,
        145609.578125
    ],
    "3": [
        201893.96875,
        238826.03125,
        101926.703125
    ],
    "4": [
        218450.140625,
        231153.65625,
        61156.0234375
    ],
    "5": [
        225366.65625,
        256868.1875,
        30578.01171875
    ],
    "6": [
        221361.546875,
        249254.625,
        15289.005859375
    ]
}