{
    "0": [
        202387.5,
        202387.5,
        291219.15625
    ],
    "1": [
        202387.5,
        202387.5,
        291219.15625
    ],
    "2": [
        271435.5,
        243374.5625,
        145609.578125
    ],
    "3": [
        240863.03125,
        233720.078125,
        101926.703125
    ],
    "4": [
        277918.625,
        238132.78125,
        61156.0234375
    ],
    "5": [
        263261.15625,
        222494.875,
        30578.01171875
    ],
    "6": [
        250794.640625,
        226491.984375,
        15289.005859375
    ],
    "7": [
        248573.265625,
        229435.0625,
        7644.5029296875
    ]
}