{
    "0": [
        202387.5,
        202387.5,
        291219.15625
    ],
    "1": [
        202387.5,
        202387.5,
        291219.15625
    ],
    "2": [
        105672.0859375,
        187306.625,
        145609.578125
    ],
    "3": [
        127907.9921875,
        160677.78125,
        101926.703125
    ],
    "4": [
        161425.78125,
        162179.1875,
        61156.0234375
    ],
    "5": [
        156283.421875,
        157839.4375,
        30578.01171875
    ],
    "6": [
        166554.46875,
        167941.65625,
        15289.005859375
    ],
    "7": [
        167208.109375,
        170786.84375,
        7644.5029296875
    ]
}