{
    "0": [
        202387.5,
        202387.5,
        291219.15625
    ],
    "1": [
        202387.5,
        202387.5,
        291219.15625
    ],
    "2": [
        99014.1015625,
        197072.171875,
        145609.578125
    ],
    "3": [
        84455.875,
        186595.859375,
        101926.703125
    ],
    "4": [
        90117.296875,
        193088.921875,
        61156.0234375
    ],
    "5": [
        64390.953125,
        200200.65625,
        30578.01171875
    ],
    "6": [
        64813.28515625,
        198212.28125,
        15289.005859375
    ],
    "7": [
        60603.37890625,
        204546.875,
        7644.5029296875
    ],
    "8": [
        64284.0234375,
        205187.15625,
        3822.25146484375
    ]
}