{
    "0": [
        202387.5,
        202387.5,
        291219.15625
    ],
    "1": [
        202387.5,
        202387.5,
        291219.15625
    ],
    "2": [
        219653.671875,
        241560.296875,
        145609.578125
    ],
    "3": [
        203370.078125,
        207417,
        101926.703125
    ],
    "4": [
        227891.703125,
        175860.3125,
        61156.0234375
    ],
    "5": [
        250172.640625,
        167744.140625,
        30578.01171875
    ],
    "6": [
        264288.59375,
        170177.578125,
        15289.005859375
    ]
}