{
    "0": [
        202387.5,
        202387.5,
        291219.15625
    ],
    "1": [
        202387.5,
        202387.5,
        291219.15625
    ],
    "2": [
        108846.796875,
        204853.9375,
        145609.578125
    ],
    "3": [
        77623.3203125,
        192666.890625,
        101926.703125
    ],
    "4": [
        117570.40625,
        186939.765625,
        61156.0234375
    ],
    "5": [
        106087.03125,
        176058.078125,
        30578.01171875
    ],
    "6": [
        98887.8515625,
        184469.625,
        15289.005859375
    ],
    "7": [
        101818.796875,
        187246.40625,
        7644.5029296875
    ]
}