{
    "0": [
        202387.5,
        202387.5,
        291219.15625
    ],
    "1": [
        202387.5,
        202387.5,
        291219.15625
    ],
    "2": [
        312015.53125,
        181286.5,
        145609.578125
    ],
    "3": [
        271451.9375,
        177189.90625,
        101926.703125
    ],
    "4": [
        263877.0625,
        158305.859375,
        61156.0234375
    ],
    "5": [
        254903.796875,
        184122.4375,
        30578.01171875
    ],
    "6": [
        266238.625,
        187783.28125,
        15289.005859375
    ]
}