{
    "0": [
        202387.5,
        202387.5,
        291219.15625
    ],
    "1": [
        202387.5,
        202387.5,
        291219.15625
    ],
    "2": [
        303978.125,
        151164.90625,
        145609.578125
    ],
    "3": [
        281210.28125,
        133907.625,
        101926.703125
    ],
    "4": [
        315714.625,
        143945.28125,
        61156.0234375
    ],
    "5": [
        288598.5,
        131790.515625,
        30578.01171875
    ],
    "6": [
        284801.84375,
        128426.015625,
        15289.005859375
    ],
    "7": [
        282555.40625,
        129279.421875,
        7644.5029296875
    ]
}