{
    "0": [
        202387.5,
        202387.5,
        291219.15625
    ],
    "1": [
        202387.5,
        202387.5,
        291219.15625
    ],
    "2": [
        164245.453125,
        277397.375,
        145609.578125
    ],
    "3": [
        196795.1875,
        281743.40625,
        101926.703125
    ],
    "4": [
        215725.171875,
        268438.46875,
        61156.0234375
    ],
    "5": [
        240528.828125,
        270992.4375,
        30578.01171875
    ],
    "6": [
        235328.84375,
        268261.3125,
        15289.005859375
    ],
    "7": [
        236963.796875,
        263960.15625,
        7644.5029296875
    ]
}