{
    "0": [
        202387.5,
        202387.5,
        291219.15625
    ],
    "1": [
        202387.5,
        202387.5,
        291219.15625
    ],
    "2": [
        153843.34375,
        138102,
        145609.578125
    ],
    "3": [
        151956.71875,
        124273.078125,
        101926.703125
    ],
    "4": [
        121831.515625,
        122257.859375,
        61156.0234375
    ],
    "5": [
        138781.875,
        110295.1015625,
        30578.01171875
    ],
    "6": [
        128568.203125,
        114610.171875,
        15289.005859375
    ],
    "7": [
        131853.953125,
        111693.609375,
        7644.5029296875
    ],
    "8": [
        130449.640625,
        109122.8046875,
        3822.25146484375
    ]
}