{
    "0": [
        202387.5,
        202387.5,
        291219.15625
    ],
    "1": [
        202387.5,
        202387.5,
        291219.15625
    ],
    "2": [
        151962.234375,
        238717.625,
        145609.578125
    ],
    "3": [
        130360.5234375,
        212499.953125,
        101926.703125
    ],
    "4": [
        111012.078125,
        197948.4375,
        61156.0234375
    ],
    "5": [
        123365.671875,
        203149.34375,
        30578.01171875
    ],
    "6": [
        128747.75,
        196615.375,
        15289.005859375
    ]
}