{
    "0": [
        202387.5,
        202387.5,
        291219.15625
    ],
    "1": [
        202387.5,
        202387.5,
        291219.15625
    ],
    "2": [
        129299.84375,
        122358.1171875,
        145609.578125
    ],
    "3": [
        110851.65625,
        160676.625,
        101926.703125
    ],
    "4": [
        108135.8203125,
        162216.40625,
        61156.0234375
    ],
    "5": [
        112593.2109375,
        140446.046875,
        30578.01171875
    ],
    "6": [
        113393.890625,
        136735.1875,
        15289.005859375
    ],
    "7": [
        117004.1328125,
        134880.609375,
        7644.5029296875
    ]
}