{
    "0": [
        202387.5,
        202387.5,
        291219.15625
    ],
    "1": [
        202387.5,
        202387.5,
        291219.15625
    ],
    "2": [
        283541.03125,
        212405.46875,
        145609.578125
    ],
    "3": [
        258606.1875,
        195428.78125,
        101926.703125
    ],
    "4": [
        265958.5,
        178929.484375,
        61156.0234375
    ],
    "5": [
        271523.40625,
        161237.390625,
        30578.01171875
    ],
    "6": [
        261892.25,
        165149.375,
        15289.005859375
    ]
}