{
    "0": [
        202387.5,
        202387.5,
        291219.15625
    ],
    "1": [
        202387.5,
        202387.5,
        291219.15625
    ],
    "2": [
        244968.203125,
        153313.296875,
        145609.578125
    ],
    "3": [
        274150.03125,
        152902.234375,
        101926.703125
    ],
    "4": [
        240293.890625,
        146353.390625,
        61156.0234375
    ],
    "5": [
        262884.5625,
        133175.0625,
        30578.01171875
    ],
    "6": [
        251065.734375,
        136473.703125,
        15289.005859375
    ],
    "7": [
        252626.515625,
        142997.71875,
        7644.5029296875
    ],
    "8": [
        253504,
        141726.03125,
        3822.25146484375
    ]
}