{
    "0": [
        202387.5,
        202387.5,
        291219.15625
    ],
    "1": [
        202387.5,
        202387.5,
        291219.15625
    ],
    "2": [
        179698.296875,
        201842.203125,
        145609.578125
    ],
    "3": [
        169445.359375,
        221434,
        101926.703125
    ],
    "4": [
        201143.890625,
        222020.328125,
        61156.0234375
    ],
    "5": [
        173231.046875,
        210131.671875,
        30578.01171875
    ],
    "6": [
        168045.875,
        214403.953125,
        15289.005859375
    ],
    "7": [
        173338.328125,
        216207.625,
        7644.5029296875
    ],
    "8": [
        175308.078125,
        217511.359375,
        3822.25146484375
    ]
}