{
    "0": [
        202387.5,
        202387.5,
        291219.15625
    ],
    "1": [
        202387.5,
        202387.5,
        291219.15625
    ],
    "2": [
        96919.3359375,
        163900.84375,
        145609.578125
    ],
    "3": [
        94225.0703125,
        165742.171875,
        101926.703125
    ],
    "4": [
        113194,
        152493.203125,
        61156.0234375
    ],
    "5": [
        122457.109375,
        148285.1875,
        30578.01171875
    ],
    "6": [
        131764.125,
        155533.15625,
        15289.005859375
    ],
    "7": [
        125052.2578125,
        152163.046875,
        7644.5029296875
    ],
    "8": [
        123152.9453125,
        153923.265625,
        3822.25146484375
    ]
}