{
    "0": [
        202387.5,
        202387.5,
        291219.15625
    ],
    "1": [
        202387.5,
        202387.5,
        291219.15625
    ],
    "2": [
        167856.90625,
        270183.875,
        145609.578125
    ],
    "3": [
        144587.96875,
        250358.484375,
        101926.703125
    ],
    "4": [
        155104.5625,
        221776.375,
        61156.0234375
    ],
    "5": [
        168889.546875,
        234419.484375,
        30578.01171875
    ],
    "6": [
        173216.8125,
        246929,
        15289.005859375
    ],
    "7": [
        177322.5625,
        241049.484375,
        7644.5029296875
    ]
}