{
    "0": [
        202387.5,
        202387.5,
        291219.15625
    ],
    "1": [
        202387.5,
        202387.5,
        291219.15625
    ],
    "2": [
        127484.25,
        287204.6875,
        145609.578125
    ],
    "3": [
        145640.1875,
        284296.6875,
        101926.703125
    ],
    "4": [
        154990.125,
        279710.6875,
        61156.0234375
    ],
    "5": [
        151272.21875,
        253495.625,
        30578.01171875
    ],
    "6": [
        161504.171875,
        256588.359375,
        15289.005859375
    ]
}