{
    "0": [
        202387.5,
        202387.5,
        291219.15625
    ],
    "1": [
        202387.5,
        202387.5,
        291219.15625
    ],
    "2": [
        245346.96875,
        135678.3125,
        145609.578125
    ],
    "3": [
        275512.125,
        166982.5625,
        101926.703125
    ],
    "4": [
        277278.15625,
        203545.703125,
        61156.0234375
    ],
    "5": [
        299307.09375,
        206531.125,
        30578.01171875
    ],
    "6": [
        297859,
        201625.8125,
        15289.005859375
    ]
}