{
    "0": [
        202387.5,
        202387.5,
        291219.15625
    ],
    "1": [
        202387.5,
        202387.5,
        291219.15625
    ],
    "2": [
        296975.1875,
        227309.34375,
        145609.578125
    ],
    "3": [
        330033.375,
        221865.5,
        101926.703125
    ],
    "4": [
        317038.5625,
        217249.21875,
        61156.0234375
    ],
    "5": [
        305660.125,
        224206.265625,
        30578.01171875
    ],
    "6": [
        305723.375,
        238188.75,
        15289.005859375
    ],
    "7": [
        306866,
        235751.96875,
        7644.5029296875
    ],
    "8": [
        306830.5,
        234472.515625,
        3822.25146484375
    ]
}