{
    "0": [
        202387.5,
        202387.5,
        291219.15625
    ],
    "1": [
        202387.5,
        202387.5,
        291219.15625
    ],
    "2": [
        308968.40625,
        162844.390625,
        145609.578125
    ],
    "3": [
        266294.8125,
        155576.40625,
        101926.703125
    ],
    "4": [
        254160.9375,
        139614.78125,
        61156.0234375
    ],
    "5": [
        281033.3125,
        145758.171875,
        30578.01171875
    ],
    "6": [
        278529.59375,
        140605.296875,
        15289.005859375
    ],
    "7": [
        274594.34375,
        140905.296875,
        7644.5029296875
    ]
}