{
    "0": [
        202387.5,
        202387.5,
        291219.15625
    ],
    "1": [
        202387.5,
        202387.5,
        291219.15625
    ],
    "2": [
        163777.71875,
        170723.859375,
        145609.578125
    ],
    "3": [
        187067.484375,
        172041.6875,
        101926.703125
    ],
    "4": [
        197936.578125,
        187384.171875,
        61156.0234375
    ],
    "5": [
        211403.609375,
        188101.765625,
        30578.01171875
    ],
    "6": [
        215334.5,
        179012.40625,
        15289.005859375
    ]
}