{
    "0": [
        202387.5,
        202387.5,
        291219.15625
    ],
    "1": [
        202387.5,
        202387.5,
        291219.15625
    ],
    "2": [
        237416.75,
        305198.125,
        145609.578125
    ],
    "3": [
        274683.21875,
        282901.15625,
        101926.703125
    ],
    "4": [
        261669.640625,
        314036.3125,
        61156.0234375
    ],
    "5": [
        269062.875,
        298281.8125,
        30578.01171875
    ],
    "6": [
        277514.34375,
        302095.375,
        15289.005859375
    ],
    "7": [
        281239.125,
        303275.40625,
        7644.5029296875
    ],
    "8": [
        282584.125,
        303703.65625,
        3822.25146484375
    ]
}