{
    "0": [
        202387.5,
        202387.5,
        291219.15625
    ],
    "1": [
        202387.5,
        202387.5,
        291219.15625
    ],
    "2": [
        213492.21875,
        215252.125,
        145609.578125
    ],
    "3": [
        238703.953125,
        236150.125,
        101926.703125
    ],
    "4": [
        251058.453125,
        205961.5,
        61156.0234375
    ],
    "5": [
        259911.453125,
        184647.78125,
        30578.01171875
    ],
    "6": [
        264429.21875,
        183330.765625,
        15289.005859375
    ],
    "7": [
        263660.1875,
        186320.984375,
        7644.5029296875
    ],
    "8": [
        264059.6875,
        185897.375,
        3822.25146484375
    ]
}