{
    "0": [
        202387.5,
        202387.5,
        291219.15625
    ],
    "1": [
        202387.5,
        202387.5,
        291219.15625
    ],
    "2": [
        262101.328125,
        268201.4375,
        145609.578125
    ],
    "3": [
        239207.296875,
        254613.984375,
        101926.703125
    ],
    "4": [
        262792.40625,
        244291.125,
        61156.0234375
    ],
    "5": [
        274789.65625,
        231357.3125,
        30578.01171875
    ],
    "6": [
        276037.71875,
        229602.3125,
        15289.005859375
    ],
    "7": [
        274560.28125,
        226144.421875,
        7644.5029296875
    ],
    "8": [
        276514.78125,
        228890.546875,
        3822.25146484375
    ]
}