{
    "0": [
        202387.5,
        202387.5,
        291219.15625
    ],
    "1": [
        202387.5,
        202387.5,
        291219.15625
    ],
    "2": [
        224176.578125,
        288950.71875,
        145609.578125
    ],
    "3": [
        244467.734375,
        308367.25,
        101926.703125
    ],
    "4": [
        238498.90625,
        294987.6875,
        61156.0234375
    ],
    "5": [
        243902.21875,
        309234.96875,
        30578.01171875
    ],
    "6": [
        258247.953125,
        311191.875,
        15289.005859375
    ]
}