{
    "0": [
        202387.5,
        202387.5,
        291219.15625
    ],
    "1": [
        202387.5,
        202387.5,
        291219.15625
    ],
    "2": [
        308282,
        211094.359375,
        145609.578125
    ],
    "3": [
        265721.9375,
        214425.671875,
        101926.703125
    ],
    "4": [
        234643.609375,
        224919.890625,
        61156.0234375
    ],
    "5": [
        218249.578125,
        231118.21875,
        30578.01171875
    ],
    "6": [
        208528.09375,
        226730.796875,
        15289.005859375
    ],
    "7": [
        202885.359375,
        230682.3125,
        7644.5029296875
    ]
}