{
    "0": [
        202387.5,
        202387.5,
        291219.15625
    ],
    "1": [
        202387.5,
        202387.5,
        291219.15625
    ],
    "2": [
        93457.796875,
        193481.4375,
        145609.578125
    ],
    "3": [
        126198.03125,
        210366.65625,
        101926.703125
    ],
    "4": [
        111828.4921875,
        213314.703125,
        61156.0234375
    ],
    "5": [
        126755.8046875,
        215203.734375,
        30578.01171875
    ],
    "6": [
        117761.1484375,
        211394.9375,
        15289.005859375
    ]
}