{
    "0": [
        202387.5,
        202387.5,
        291219.15625
    ],
    "1": [
        202387.5,
        202387.5,
        291219.15625
    ],
    "2": [
        108406.4453125,
        251110.5625,
        145609.578125
    ],
    "3": [
        85968.2890625,
        250460.578125,
        101926.703125
    ],
    "4": [
        101793.21875,
        224460.921875,
        61156.0234375
    ],
    "5": [
        84842.09375,
        223786.703125,
        30578.01171875
    ],
    "6": [
        81156.65625,
        223094.71875,
        15289.005859375
    ]
}