{
    "0": [
        202387.5,
        202387.5,
        291219.15625
    ],
    "1": [
        202387.5,
        202387.5,
        291219.15625
    ],
    "2": [
        177530.796875,
        280250.15625,
        145609.578125
    ],
    "3": [
        189767.578125,
        259541.8125,
        101926.703125
    ],
    "4": [
        187137.875,
        283906.5,
        61156.0234375
    ],
    "5": [
        180622.53125,
        312468.09375,
        30578.01171875
    ],
    "6": [
        172433.671875,
        308797,
        15289.005859375
    ],
    "7": [
        168423.671875,
        310880.65625,
        7644.5029296875
    ],
    "8": [
        168833.328125,
        313476.875,
        3822.25146484375
    ]
}