{
    "0": [
        202387.5,
        202387.5,
        291219.15625
    ],
    "1": [
        202387.5,
        202387.5,
        291219.15625
    ],
    "2": [
        142382.375,
        169913.703125,
        145609.578125
    ],
    "3": [
        155373.203125,
        182791.078125,
        101926.703125
    ],
    "4": [
        139835.1875,
        212077.578125,
        61156.0234375
    ],
    "5": [
        151019.015625,
        236803.390625,
        30578.01171875
    ],
    "6": [
        153909.171875,
        248543.453125,
        15289.005859375
    ],
    "7": [
        150588.96875,
        254668.96875,
        7644.5029296875
    ]
}