{
    "0": [
        202387.5,
        202387.5,
        291219.15625
    ],
    "1": [
        202387.5,
        202387.5,
        291219.15625
    ],
    "2": [
        303523.84375,
        199052.40625,
        145609.578125
    ],
    "3": [
        319221.21875,
        212184.484375,
        101926.703125
    ],
    "4": [
        287604.53125,
        201818.296875,
        61156.0234375
    ],
    "5": [
        261935.796875,
        217382.546875,
        30578.01171875
    ],
    "6": [
        259799.046875,
        221553.71875,
        15289.005859375
    ]
}