{
    "0": [
        202387.5,
        202387.5,
        291219.15625
    ],
    "1": [
        202387.5,
        202387.5,
        291219.15625
    ],
    "2": [
        293689.125,
        231825.65625,
        145609.578125
    ],
    "3": [
        268645.5,
        210883.828125,
        101926.703125
    ],
    "4": [
        238312.53125,
        199262.9375,
        61156.0234375
    ],
    "5": [
        221688.46875,
        186292,
        30578.01171875
    ],
    "6": [
        225275.703125,
        174702.6875,
        15289.005859375
    ]
}