{
    "0": [
        202387.5,
        202387.5,
        291219.15625
    ],
    "1": [
        202387.5,
        202387.5,
        291219.15625
    ],
    "2": [
        263412.9375,
        243022.875,
        145609.578125
    ],
    "3": [
        265727.46875,
        279721.6875,
        101926.703125
    ],
    "4": [
        242237.3125,
        290966.4375,
        61156.0234375
    ],
    "5": [
        249404.84375,
        292115.3125,
        30578.01171875
    ],
    "6": [
        262687.03125,
        287802.8125,
        15289.005859375
    ],
    "7": [
        260926.296875,
        292681.40625,
        7644.5029296875
    ]
}