{
    "0": [
        202387.5,
        202387.5,
        291219.15625
    ],
    "1": [
        202387.5,
        202387.5,
        291219.15625
    ],
    "2": [
        155847.78125,
        96251.3984375,
        145609.578125
    ],
    "3": [
        171810.1875,
        94790.4921875,
        101926.703125
    ],
    "4": [
        201653.046875,
        118104.90625,
        61156.0234375
    ],
    "5": [
        190550.53125,
        124910.5625,
        30578.01171875
    ],
    "6": [
        181451.5,
        123710.3984375,
        15289.005859375
    ],
    "7": [
        181244.96875,
        123516.140625,
        7644.5029296875
    ],
    "8": [
        181275.921875,
        123062.0546875,
        3822.25146484375
    ]
}