{
    "0": [
        202387.5,
        202387.5,
        291219.15625
    ],
    "1": [
        202387.5,
        202387.5,
        291219.15625
    ],
    "2": [
        199714.03125,
        209427.234375,
        145609.578125
    ],
    "3": [
        204052.140625,
        222417.09375,
        101926.703125
    ],
    "4": [
        175232.171875,
        247238.140625,
        61156.0234375
    ],
    "5": [
        198589.390625,
        244718.234375,
        30578.01171875
    ],
    "6": [
        212081.53125,
        242310.921875,
        15289.005859375
    ]
}