{
    "0": [
        202387.5,
        202387.5,
        291219.15625
    ],
    "1": [
        202387.5,
        202387.5,
        291219.15625
    ],
    "2": [
        155164.265625,
        283943.15625,
        145609.578125
    ],
    "3": [
        182392.640625,
        301470.5625,
        101926.703125
    ],
    "4": [
        169466.953125,
        338243.0625,
        61156.0234375
    ],
    "5": [
        167368.625,
        333594.375,
        30578.01171875
    ],
    "6": [
        163530.84375,
        338628.71875,
        15289.005859375
    ],
    "7": [
        162080.09375,
        345047.78125,
        7644.5029296875
    ]
}