{
    "0": [
        202387.5,
        202387.5,
        291219.15625
    ],
    "1": [
        202387.5,
        202387.5,
        291219.15625
    ],
    "2": [
        138449.546875,
        147863.1875,
        145609.578125
    ],
    "3": [
        131051.7578125,
        187237.515625,
        101926.703125
    ],
    "4": [
        119764.5078125,
        151999.765625,
        61156.0234375
    ],
    "5": [
        121222.2578125,
        181318.65625,
        30578.01171875
    ],
    "6": [
        134760.15625,
        177913.453125,
        15289.005859375
    ],
    "7": [
        134038.8125,
        184707.359375,
        7644.5029296875
    ]
}