{
    "0": [
        202387.5,
        202387.5,
        291219.15625
    ],
    "1": [
        202387.5,
        202387.5,
        291219.15625
    ],
    "2": [
        100538.6875,
        208174.390625,
        145609.578125
    ],
    "3": [
        128958.90625,
        204640.265625,
        101926.703125
    ],
    "4": [
        103936.984375,
        197170.03125,
        61156.0234375
    ],
    "5": [
        85568.6484375,
        205806.453125,
        30578.01171875
    ],
    "6": [
        78189.5390625,
        216403.765625,
        15289.005859375
    ],
    "7": [
        82823.984375,
        217693,
        7644.5029296875
    ],
    "8": [
        81880.7109375,
        215634.359375,
        3822.25146484375
    ]
}