{
    "0": [
        202387.5,
        202387.5,
        291219.15625
    ],
    "1": [
        202387.5,
        202387.5,
        291219.15625
    ],
    "2": [
        171580.28125,
        126432.1875,
        145609.578125
    ],
    "3": [
        161825.578125,
        156905.65625,
        101926.703125
    ],
    "4": [
        131729.796875,
        145685.359375,
        61156.0234375
    ],
    "5": [
        148845.125,
        131136.734375,
        30578.01171875
    ],
    "6": [
        149937.6875,
        137141.390625,
        15289.005859375
    ]
}