{
    "0": [
        202387.5,
        202387.5,
        291219.15625
    ],
    "1": [
        202387.5,
        202387.5,
        291219.15625
    ],
    "2": [
        266173.1875,
        188278.96875,
        145609.578125
    ],
    "3": [
        268142,
        196265.328125,
        101926.703125
    ],
    "4": [
        299575.59375,
        208415,
        61156.0234375
    ],
    "5": [
        274556.6875,
        195803.5625,
        30578.01171875
    ],
    "6": [
        268997.625,
        206156.984375,
        15289.005859375
    ],
    "7": [
        267209,
        203917.578125,
        7644.5029296875
    ],
    "8": [
        266997.21875,
        207147.515625,
        3822.25146484375
    ]
}