{
    "0": [
        202387.5,
        202387.5,
        291219.15625
    ],
    "1": [
        202387.5,
        202387.5,
        291219.15625
    ],
    "2": [
        260151.171875,
        212039.875,
        145609.578125
    ],
    "3": [
        242700.171875,
        173447,
        101926.703125
    ],
    "4": [
        259551.34375,
        186108.828125,
        61156.0234375
    ],
    "5": [
        238509.6875,
        175103.0625,
        30578.01171875
    ],
    "6": [
        249592.28125,
        164616.65625,
        15289.005859375
    ],
    "7": [
        255000.3125,
        159974.5625,
        7644.5029296875
    ]
}