{
    "0": [
        202387.5,
        202387.5,
        291219.15625
    ],
    "1": [
        202387.5,
        202387.5,
        291219.15625
    ],
    "2": [
        233350.171875,
        185607.328125,
        145609.578125
    ],
    "3": [
        257102.265625,
        218580.828125,
        101926.703125
    ],
    "4": [
        255224.859375,
        232096.421875,
        61156.0234375
    ],
    "5": [
        275281.375,
        233212.90625,
        30578.01171875
    ],
    "6": [
        262682.46875,
        240116.125,
        15289.005859375
    ],
    "7": [
        267764.28125,
        236648.46875,
        7644.5029296875
    ]
}