{
    "0": [
        202387.5,
        202387.5,
        291219.15625
    ],
    "1": [
        202387.5,
        202387.5,
        291219.15625
    ],
    "2": [
        293902.625,
        178558.265625,
        145609.578125
    ],
    "3": [
        335321.75,
        180247.046875,
        101926.703125
    ],
    "4": [
        373374.25,
        176517.78125,
        61156.0234375
    ],
    "5": [
        374249.9375,
        178839.640625,
        30578.01171875
    ],
    "6": [
        367233.59375,
        182293.46875,
        15289.005859375
    ]
}