{
    "0": [
        202387.5,
        202387.5,
        291219.15625
    ],
    "1": [
        202387.5,
        202387.5,
        291219.15625
    ],
    "2": [
        232125.390625,
        202703.25,
        145609.578125
    ],
    "3": [
        257117.71875,
        233237.515625,
        101926.703125
    ],
    "4": [
        221919.578125,
        252490.109375,
        61156.0234375
    ],
    "5": [
        228596.328125,
        245064.40625,
        30578.01171875
    ],
    "6": [
        237122.390625,
        233193.78125,
        15289.005859375
    ],
    "7": [
        239132.328125,
        233021.828125,
        7644.5029296875
    ],
    "8": [
        241337.125,
        234681.609375,
        3822.25146484375
    ]
}