{
    "0": [
        202387.5,
        202387.5,
        291219.15625
    ],
    "1": [
        202387.5,
        202387.5,
        291219.15625
    ],
    "2": [
        236635.875,
        283325,
        145609.578125
    ],
    "3": [
        273682.90625,
        269345.09375,
        101926.703125
    ],
    "4": [
        250654.0625,
        278862.625,
        61156.0234375
    ],
    "5": [
        260802.0625,
        270130.5,
        30578.01171875
    ],
    "6": [
        251104.40625,
        269452.75,
        15289.005859375
    ],
    "7": [
        253993.171875,
        262545.9375,
        7644.5029296875
    ],
    "8": [
        252699.015625,
        262712.59375,
        3822.25146484375
    ]
}