{
    "0": [
        202387.5,
        202387.5,
        291219.15625
    ],
    "1": [
        202387.5,
        202387.5,
        291219.15625
    ],
    "2": [
        229970.0625,
        191823.1875,
        145609.578125
    ],
    "3": [
        257105.1875,
        176109.25,
        101926.703125
    ],
    "4": [
        289092.28125,
        170098.046875,
        61156.0234375
    ],
    "5": [
        288535.59375,
        189567.25,
        30578.01171875
    ],
    "6": [
        282111.875,
        197177.703125,
        15289.005859375
    ],
    "7": [
        287070.3125,
        197568.984375,
        7644.5029296875
    ],
    "8": [
        284577.65625,
        195935.96875,
        3822.25146484375
    ]
}