{
    "0": [
        202387.5,
        202387.5,
        291219.15625
    ],
    "1": [
        202387.5,
        202387.5,
        291219.15625
    ],
    "2": [
        148417.15625,
        285598.125,
        145609.578125
    ],
    "3": [
        148394.234375,
        271248.53125,
        101926.703125
    ],
    "4": [
        140858.640625,
        274649.5,
        61156.0234375
    ],
    "5": [
        124041.046875,
        289055.25,
        30578.01171875
    ],
    "6": [
        128320.953125,
        303470.71875,
        15289.005859375
    ],
    "7": [
        127313.2890625,
        308209.71875,
        7644.5029296875
    ]
}