{
    "0": [
        202387.5,
        202387.5,
        291219.15625
    ],
    "1": [
        202387.5,
        202387.5,
        291219.15625
    ],
    "2": [
        167604.921875,
        254768.96875,
        145609.578125
    ],
    "3": [
        128199.140625,
        239917.453125,
        101926.703125
    ],
    "4": [
        134883.921875,
        264350.4375,
        61156.0234375
    ],
    "5": [
        132502.234375,
        250964.640625,
        30578.01171875
    ],
    "6": [
        126282.984375,
        245068.65625,
        15289.005859375
    ],
    "7": [
        130995.3046875,
        240918.0625,
        7644.5029296875
    ],
    "8": [
        131282.34375,
        240199.140625,
        3822.25146484375
    ]
}