{
    "0": [
        202387.5,
        202387.5,
        291219.15625
    ],
    "1": [
        202387.5,
        202387.5,
        291219.15625
    ],
    "2": [
        202932.8125,
        289655.25,
        145609.578125
    ],
    "3": [
        167373.3125,
        309805.1875,
        101926.703125
    ],
    "4": [
        192958.40625,
        318734.0625,
        61156.0234375
    ],
    "5": [
        215005.8125,
        301862.53125,
        30578.01171875
    ],
    "6": [
        226821.28125,
        310555.96875,
        15289.005859375
    ],
    "7": [
        227132.046875,
        310893.375,
        7644.5029296875
    ]
}