{
    "0": [
        202387.5,
        202387.5,
        291219.15625
    ],
    "1": [
        202387.5,
        202387.5,
        291219.15625
    ],
    "2": [
        228541.984375,
        202956.828125,
        145609.578125
    ],
    "3": [
        185518.171875,
        195802.28125,
        101926.703125
    ],
    "4": [
        156342.015625,
        221138.5,
        61156.0234375
    ],
    "5": [
        151614.78125,
        203098.46875,
        30578.01171875
    ],
    "6": [
        140045.6875,
        196787.984375,
        15289.005859375
    ],
    "7": [
        139490.96875,
        194192.3125,
        7644.5029296875
    ],
    "8": [
        139159.40625,
        191174.46875,
        3822.25146484375
    ]
}