{
    "0": [
        202387.5,
        202387.5,
        291219.15625
    ],
    "1": [
        202387.5,
        202387.5,
        291219.15625
    ],
    "2": [
        124384.9375,
        209239.109375,
        145609.578125
    ],
    "3": [
        87968.4609375,
        224988.40625,
        101926.703125
    ],
    "4": [
        67496.1875,
        192299.28125,
        61156.0234375
    ],
    "5": [
        63670.359375,
        161991.046875,
        30578.01171875
    ],
    "6": [
        77667.1015625,
        156392.890625,
        15289.005859375
    ]
}