{
    "0": [
        202387.5,
        202387.5,
        291219.15625
    ],
    "1": [
        202387.5,
        202387.5,
        291219.15625
    ],
    "2": [
        213401.890625,
        198104.46875,
        145609.578125
    ],
    "3": [
        182336.375,
        194480.125,
        101926.703125
    ],
    "4": [
        204402.53125,
        175448.765625,
        61156.0234375
    ],
    "5": [
        209247.71875,
        191490.890625,
        30578.01171875
    ],
    "6": [
        220803.890625,
        191796.3125,
        15289.005859375
    ]
}