{
    "0": [
        202387.5,
        202387.5,
        291219.15625
    ],
    "1": [
        202387.5,
        202387.5,
        291219.15625
    ],
    "2": [
        193178.578125,
        187751.234375,
        145609.578125
    ],
    "3": [
        206538.28125,
        210825.953125,
        101926.703125
    ],
    "4": [
        200424,
        172486.96875,
        61156.0234375
    ],
    "5": [
        195962.8125,
        195374.046875,
        30578.01171875
    ],
    "6": [
        195172,
        191805.390625,
        15289.005859375
    ],
    "7": [
        194463.25,
        190087.21875,
        7644.5029296875
    ],
    "8": [
        193894.1875,
        186716.421875,
        3822.25146484375
    ]
}