{
    "0": [
        202387.5,
        202387.5,
        291219.15625
    ],
    "1": [
        202387.5,
        202387.5,
        291219.15625
    ],
    "2": [
        277952.3125,
        138362.265625,
        145609.578125
    ],
    "3": [
        313812.25,
        124097.40625,
        101926.703125
    ],
    "4": [
        308299,
        91426.046875,
        61156.0234375
    ],
    "5": [
        323190.96875,
        106119.0625,
        30578.01171875
    ],
    "6": [
        319592.75,
        108822.1953125,
        15289.005859375
    ]
}