{
    "0": [
        202387.5,
        202387.5,
        291219.15625
    ],
    "1": [
        202387.5,
        202387.5,
        291219.15625
    ],
    "2": [
        128264.3203125,
        243956.25,
        145609.578125
    ],
    "3": [
        113261.046875,
        268504.875,
        101926.703125
    ],
    "4": [
        78528.484375,
        288038.0625,
        61156.0234375
    ],
    "5": [
        85127.9921875,
        289924.5625,
        30578.01171875
    ],
    "6": [
        75951.7734375,
        295859.90625,
        15289.005859375
    ],
    "7": [
        80916.234375,
        290803.25,
        7644.5029296875
    ],
    "8": [
        78998.5859375,
        290269.8125,
        3822.25146484375
    ]
}