{
    "0": [
        202387.5,
        202387.5,
        291219.15625
    ],
    "1": [
        202387.5,
        202387.5,
        291219.15625
    ],
    "2": [
        194467.84375,
        258668.40625,
        145609.578125
    ],
    "3": [
        189277.6875,
        289251.4375,
        101926.703125
    ],
    "4": [
        165636.15625,
        309897.78125,
        61156.0234375
    ],
    "5": [
        167962.828125,
        301406.65625,
        30578.01171875
    ],
    "6": [
        165531.078125,
        290487.53125,
        15289.005859375
    ],
    "7": [
        169754.59375,
        296684.46875,
        7644.5029296875
    ]
}