{
    "0": [
        202387.5,
        202387.5,
        291219.15625
    ],
    "1": [
        202387.5,
        202387.5,
        291219.15625
    ],
    "2": [
        179393.859375,
        179439.921875,
        145609.578125
    ],
    "3": [
        138343.3125,
        193292.8125,
        101926.703125
    ],
    "4": [
        171440.421875,
        208922.109375,
        61156.0234375
    ],
    "5": [
        143563.203125,
        220535.046875,
        30578.01171875
    ],
    "6": [
        150212.84375,
        217026.4375,
        15289.005859375
    ]
}