{
    "0": [
        202387.5,
        202387.5,
        291219.15625
    ],
    "1": [
        202387.5,
        202387.5,
        291219.15625
    ],
    "2": [
        196923.1875,
        169543.15625,
        145609.578125
    ],
    "3": [
        225057.25,
        147074.703125,
        101926.703125
    ],
    "4": [
        218740.125,
        179029.140625,
        61156.0234375
    ],
    "5": [
        209816.53125,
        174176.34375,
        30578.01171875
    ],
    "6": [
        215769.921875,
        165783.625,
        15289.005859375
    ],
    "7": [
        218458.703125,
        167411.109375,
        7644.5029296875
    ]
}