{
    "0": [
        202387.5,
        202387.5,
        291219.15625
    ],
    "1": [
        202387.5,
        202387.5,
        291219.15625
    ],
    "2": [
        159622.296875,
        229157.65625,
        145609.578125
    ],
    "3": [
        176895.421875,
        225871.765625,
        101926.703125
    ],
    "4": [
        195816.78125,
        190691.609375,
        61156.0234375
    ],
    "5": [
        215687.890625,
        200322.015625,
        30578.01171875
    ],
    "6": [
        218818.6875,
        195581.34375,
        15289.005859375
    ]
}