{
    "0": [
        202387.5,
        202387.5,
        291219.15625
    ],
    "1": [
        202387.5,
        202387.5,
        291219.15625
    ],
    "2": [
        282151.34375,
        187291.328125,
        145609.578125
    ],
    "3": [
        262966.125,
        160329.296875,
        101926.703125
    ],
    "4": [
        273847.40625,
        180832.8125,
        61156.0234375
    ],
    "5": [
        276378.40625,
        172066.609375,
        30578.01171875
    ],
    "6": [
        277244.90625,
        181270.90625,
        15289.005859375
    ]
}