{
    "0": [
        202387.5,
        202387.5,
        291219.15625
    ],
    "1": [
        202387.5,
        202387.5,
        291219.15625
    ],
    "2": [
        210550,
        168877.28125,
        145609.578125
    ],
    "3": [
        215948.171875,
        165184.34375,
        101926.703125
    ],
    "4": [
        227219.828125,
        204010.375,
        61156.0234375
    ],
    "5": [
        242585.125,
        199061.140625,
        30578.01171875
    ],
    "6": [
        238792.03125,
        192439.21875,
        15289.005859375
    ],
    "7": [
        236579.4375,
        193332.5625,
        7644.5029296875
    ]
}