{
    "0": [
        202387.5,
        202387.5,
        291219.15625
    ],
    "1": [
        202387.5,
        202387.5,
        291219.15625
    ],
    "2": [
        110731.3046875,
        188546.703125,
        145609.578125
    ],
    "3": [
        108919.171875,
        196708.03125,
        101926.703125
    ],
    "4": [
        122539.71875,
        161886.359375,
        61156.0234375
    ],
    "5": [
        100181.328125,
        158653.265625,
        30578.01171875
    ],
    "6": [
        98214.25,
        154590.921875,
        15289.005859375
    ],
    "7": [
        93836.34375,
        156401.203125,
        7644.5029296875
    ]
}