{
    "0": [
        202387.5,
        202387.5,
        291219.15625
    ],
    "1": [
        202387.5,
        202387.5,
        291219.15625
    ],
    "2": [
        255905.125,
        171254.921875,
        145609.578125
    ],
    "3": [
        214569.546875,
        173211.90625,
        101926.703125
    ],
    "4": [
        237032.6875,
        162173.21875,
        61156.0234375
    ],
    "5": [
        256804.8125,
        146708.78125,
        30578.01171875
    ],
    "6": [
        264400.75,
        158599.328125,
        15289.005859375
    ]
}