{
    "0": [
        202387.5,
        202387.5,
        291219.15625
    ],
    "1": [
        202387.5,
        202387.5,
        291219.15625
    ],
    "2": [
        122415.578125,
        141639.703125,
        145609.578125
    ],
    "3": [
        158499.296875,
        152510.859375,
        101926.703125
    ],
    "4": [
        169068.796875,
        113600.34375,
        61156.0234375
    ],
    "5": [
        147101.84375,
        115138.328125,
        30578.01171875
    ],
    "6": [
        133071.296875,
        115588.7109375,
        15289.005859375
    ],
    "7": [
        127618.71875,
        116870.9765625,
        7644.5029296875
    ],
    "8": [
        127691.6015625,
        120033.09375,
        3822.25146484375
    ]
}