{
    "0": [
        202387.5,
        202387.5,
        291219.15625
    ],
    "1": [
        202387.5,
        202387.5,
        291219.15625
    ],
    "2": [
        144836.859375,
        216717.59375,
        145609.578125
    ],
    "3": [
        127354.859375,
        235265.328125,
        101926.703125
    ],
    "4": [
        145841.390625,
        233954.546875,
        61156.0234375
    ],
    "5": [
        131508.203125,
        228190.203125,
        30578.01171875
    ],
    "6": [
        135051.5625,
        225121.8125,
        15289.005859375
    ],
    "7": [
        130873.140625,
        225338.09375,
        7644.5029296875
    ]
}