{
    "0": [
        202387.5,
        202387.5,
        291219.15625
    ],
    "1": [
        202387.5,
        202387.5,
        291219.15625
    ],
    "2": [
        201521.5625,
        93816.4375,
        145609.578125
    ],
    "3": [
        211262.578125,
        120424.6328125,
        101926.703125
    ],
    "4": [
        182978.828125,
        95628.828125,
        61156.0234375
    ],
    "5": [
        184998,
        81261.28125,
        30578.01171875
    ],
    "6": [
        187815.875,
        87568.4375,
        15289.005859375
    ]
}