{
    "0": [
        202387.5,
        202387.5,
        291219.15625
    ],
    "1": [
        202387.5,
        202387.5,
        291219.15625
    ],
    "2": [
        185043.75,
        164612.390625,
        145609.578125
    ],
    "3": [
        186000.859375,
        121130.796875,
        101926.703125
    ],
    "4": [
        194181.1875,
        133354.296875,
        61156.0234375
    ],
    "5": [
        194060.234375,
        125390.2265625,
        30578.01171875
    ],
    "6": [
        205698.375,
        131798.59375,
        15289.005859375
    ],
    "7": [
        205366.3125,
        130962.625,
        7644.5029296875
    ],
    "8": [
        206531.03125,
        129084.8515625,
        3822.25146484375
    ]
}