{
    "0": [
        202387.5,
        202387.5,
        291219.15625
    ],
    "1": [
        202387.5,
        202387.5,
        291219.15625
    ],
    "2": [
        245395.9375,
        197801.125,
        145609.578125
    ],
    "3": [
        233874.203125,
        223540.015625,
        101926.703125
    ],
    "4": [
        273755.125,
        218286.296875,
        61156.0234375
    ],
    "5": [
        254267.96875,
        224337.921875,
        30578.01171875
    ],
    "6": [
        257199.53125,
        227527.703125,
        15289.005859375
    ],
    "7": [
        259013.890625,
        232776.03125,
        7644.5029296875
    ]
}