{
    "0": [
        202387.5,
        202387.5,
        291219.15625
    ],
    "1": [
        202387.5,
        202387.5,
        291219.15625
    ],
    "2": [
        244963.65625,
        200521.859375,
        145609.578125
    ],
    "3": [
        218906.625,
        204732.703125,
        101926.703125
    ],
    "4": [
        210283.546875,
        213464.375,
        61156.0234375
    ],
    "5": [
        232807.59375,
        232265.984375,
        30578.01171875
    ],
    "6": [
        230055.796875,
        226213.796875,
        15289.005859375
    ]
}