{
    "0": [
        202387.5,
        202387.5,
        291219.15625
    ],
    "1": [
        202387.5,
        202387.5,
        291219.15625
    ],
    "2": [
        151202.328125,
        285070.34375,
        145609.578125
    ],
    "3": [
        170216.78125,
        296121.28125,
        101926.703125
    ],
    "4": [
        182210.671875,
        319143.875,
        61156.0234375
    ],
    "5": [
        170018.796875,
        332969.59375,
        30578.01171875
    ],
    "6": [
        170624.03125,
        339283.78125,
        15289.005859375
    ],
    "7": [
        176221.703125,
        343280.03125,
        7644.5029296875
    ],
    "8": [
        174901.71875,
        342878.125,
        3822.25146484375
    ]
}