{
    "0": [
        202387.5,
        202387.5,
        291219.15625
    ],
    "1": [
        202387.5,
        202387.5,
        291219.15625
    ],
    "2": [
        185871.578125,
        194105.546875,
        145609.578125
    ],
    "3": [
        187433.09375,
        219315.703125,
        101926.703125
    ],
    "4": [
        181911.484375,
        227941.296875,
        61156.0234375
    ],
    "5": [
        206157.71875,
        226269.046875,
        30578.01171875
    ],
    "6": [
        204801.609375,
        237287.71875,
        15289.005859375
    ]
}