{
    "0": [
        202387.5,
        202387.5,
        291219.15625
    ],
    "1": [
        202387.5,
        202387.5,
        291219.15625
    ],
    "2": [
        292383.5,
        159145.875,
        145609.578125
    ],
    "3": [
        264209.9375,
        185461.765625,
        101926.703125
    ],
    "4": [
        235589.015625,
        212352.1875,
        61156.0234375
    ],
    "5": [
        238231.734375,
        213113,
        30578.01171875
    ],
    "6": [
        236681.625,
        202300.046875,
        15289.005859375
    ]
}