{
    "0": [
        202387.5,
        202387.5,
        291219.15625
    ],
    "1": [
        202387.5,
        202387.5,
        291219.15625
    ],
    "2": [
        172019.796875,
        229769.265625,
        145609.578125
    ],
    "3": [
        138989.046875,
        238785.59375,
        101926.703125
    ],
    "4": [
        137880.890625,
        229403.765625,
        61156.0234375
    ],
    "5": [
        149180,
        248548.65625,
        30578.01171875
    ],
    "6": [
        146523.859375,
        257977.359375,
        15289.005859375
    ],
    "7": [
        141754.546875,
        255869.8125,
        7644.5029296875
    ],
    "8": [
        141605.515625,
        257915.84375,
        3822.25146484375
    ]
}