{
    "0": [
        202387.5,
        202387.5,
        291219.15625
    ],
    "1": [
        202387.5,
        202387.5,
        291219.15625
    ],
    "2": [
        196027.40625,
        144583.421875,
        145609.578125
    ],
    "3": [
        206554.765625,
        105841.1875,
        101926.703125
    ],
    "4": [
        219098.34375,
        126462.453125,
        61156.0234375
    ],
    "5": [
        211116.9375,
        112344.6640625,
        30578.01171875
    ],
    "6": [
        220858.15625,
        106586.625,
        15289.005859375
    ],
    "7": [
        221922.78125,
        113986.6328125,
        7644.5029296875
    ],
    "8": [
        221994.8125,
        114007.890625,
        3822.25146484375
    ]
}