{
    "0": [
        202387.5,
        202387.5,
        291219.15625
    ],
    "1": [
        202387.5,
        202387.5,
        291219.15625
    ],
    "2": [
        160745.9375,
        139839.78125,
        145609.578125
    ],
    "3": [
        175389.921875,
        111367.796875,
        101926.703125
    ],
    "4": [
        190930.984375,
        116261.328125,
        61156.0234375
    ],
    "5": [
        202539.640625,
        89987.703125,
        30578.01171875
    ],
    "6": [
        197151.1875,
        91118.09375,
        15289.005859375
    ],
    "7": [
        201866.890625,
        94705.46875,
        7644.5029296875
    ]
}