{
    "0": [
        202387.5,
        202387.5,
        291219.15625
    ],
    "1": [
        202387.5,
        202387.5,
        291219.15625
    ],
    "2": [
        275044.4375,
        190303.96875,
        145609.578125
    ],
    "3": [
        315052.3125,
        205092.015625,
        101926.703125
    ],
    "4": [
        317018.59375,
        166227.34375,
        61156.0234375
    ],
    "5": [
        306502.28125,
        140734.203125,
        30578.01171875
    ],
    "6": [
        293953.25,
        139975.53125,
        15289.005859375
    ],
    "7": [
        295114.25,
        142237.71875,
        7644.5029296875
    ],
    "8": [
        294932.90625,
        140249.734375,
        3822.25146484375
    ]
}