{
    "0": [
        202387.5,
        202387.5,
        291219.15625
    ],
    "1": [
        202387.5,
        202387.5,
        291219.15625
    ],
    "2": [
        107530.6328125,
        241238.109375,
        145609.578125
    ],
    "3": [
        94609.71875,
        278295.65625,
        101926.703125
    ],
    "4": [
        128843.921875,
        291219.8125,
        61156.0234375
    ],
    "5": [
        121279.109375,
        283620.25,
        30578.01171875
    ],
    "6": [
        113597.7734375,
        288411.75,
        15289.005859375
    ],
    "7": [
        107012.328125,
        289701.9375,
        7644.5029296875
    ]
}