{
    "0": [
        202387.5,
        202387.5,
        291219.15625
    ],
    "1": [
        202387.5,
        202387.5,
        291219.15625
    ],
    "2": [
        160387.6875,
        267054.3125,
        145609.578125
    ],
    "3": [
        179861.265625,
        303218.9375,
        101926.703125
    ],
    "4": [
        191857.5625,
        329769.375,
        61156.0234375
    ],
    "5": [
        193485.328125,
        359343.375,
        30578.01171875
    ],
    "6": [
        194937.75,
        360741.09375,
        15289.005859375
    ],
    "7": [
        197124.3125,
        356024.25,
        7644.5029296875
    ],
    "8": [
        199292.140625,
        354920.875,
        3822.25146484375
    ]
}