{
    "0": [
        202387.5,
        202387.5,
        291219.15625
    ],
    "1": [
        202387.5,
        202387.5,
        291219.15625
    ],
    "2": [
        296662.8125,
        207595.375,
        145609.578125
    ],
    "3": [
        290187.1875,
        187770.78125,
        101926.703125
    ],
    "4": [
        273689.40625,
        190087.390625,
        61156.0234375
    ],
    "5": [
        272592.78125,
        189857.21875,
        30578.01171875
    ],
    "6": [
        263404.15625,
        188496.8125,
        15289.005859375
    ],
    "7": [
        261276.65625,
        188855.8125,
        7644.5029296875
    ],
    "8": [
        262216.0625,
        187075.140625,
        3822.25146484375
    ]
}