{
    "0": [
        202387.5,
        202387.5,
        291219.15625
    ],
    "1": [
        202387.5,
        202387.5,
        291219.15625
    ],
    "2": [
        282729.53125,
        188860.875,
        145609.578125
    ],
    "3": [
        289037.75,
        160064.828125,
        101926.703125
    ],
    "4": [
        300927.0625,
        127823.234375,
        61156.0234375
    ],
    "5": [
        278978.90625,
        114676.1015625,
        30578.01171875
    ],
    "6": [
        282706.71875,
        102642.8984375,
        15289.005859375
    ],
    "7": [
        286861.03125,
        103006.125,
        7644.5029296875
    ],
    "8": [
        288633.71875,
        102432.21875,
        3822.25146484375
    ]
}