{
    "0": [
        202387.5,
        202387.5,
        291219.15625
    ],
    "1": [
        202387.5,
        202387.5,
        291219.15625
    ],
    "2": [
        157819.5,
        161947.15625,
        145609.578125
    ],
    "3": [
        182443.53125,
        137617.625,
        101926.703125
    ],
    "4": [
        210401.9375,
        154533.375,
        61156.0234375
    ],
    "5": [
        190118.515625,
        162695.09375,
        30578.01171875
    ],
    "6": [
        194184.140625,
        148213.6875,
        15289.005859375
    ],
    "7": [
        195954.015625,
        140843.5,
        7644.5029296875
    ]
}