{
    "0": [
        202387.5,
        202387.5,
        291219.15625
    ],
    "1": [
        202387.5,
        202387.5,
        291219.15625
    ],
    "2": [
        142404.78125,
        136992.203125,
        145609.578125
    ],
    "3": [
        136774.84375,
        146900.9375,
        101926.703125
    ],
    "4": [
        129566.8984375,
        137073.734375,
        61156.0234375
    ],
    "5": [
        123344.2421875,
        130701.96875,
        30578.01171875
    ],
    "6": [
        127566.25,
        135681.09375,
        15289.005859375
    ]
}