{
    "0": [
        202387.5,
        202387.5,
        291219.15625
    ],
    "1": [
        202387.5,
        202387.5,
        291219.15625
    ],
    "2": [
        236051,
        111678.953125,
        145609.578125
    ],
    "3": [
        273317.875,
        120615.0625,
        101926.703125
    ],
    "4": [
        294766.03125,
        102258.9375,
        61156.0234375
    ],
    "5": [
        279769.6875,
        100996.1796875,
        30578.01171875
    ],
    "6": [
        265163.75,
        97854.46875,
        15289.005859375
    ],
    "7": [
        264400.03125,
        100969.0546875,
        7644.5029296875
    ]
}