{
    "0": [
        202387.5,
        202387.5,
        291219.15625
    ],
    "1": [
        202387.5,
        202387.5,
        291219.15625
    ],
    "2": [
        119875.1328125,
        152323.625,
        145609.578125
    ],
    "3": [
        153690.015625,
        154827.859375,
        101926.703125
    ],
    "4": [
        191464.890625,
        144490.96875,
        61156.0234375
    ],
    "5": [
        204570.609375,
        122788.515625,
        30578.01171875
    ],
    "6": [
        211520.125,
        129040.390625,
        15289.005859375
    ],
    "7": [
        209004.0625,
        128409.4140625,
        7644.5029296875
    ],
    "8": [
        212589.5,
        129363.0625,
        3822.25146484375
    ]
}