{
    "0": [
        202387.5,
        202387.5,
        291219.15625
    ],
    "1": [
        202387.5,
        202387.5,
        291219.15625
    ],
    "2": [
        222754.25,
        206588,
        145609.578125
    ],
    "3": [
        255371.921875,
        228676.25,
        101926.703125
    ],
    "4": [
        278222.34375,
        208532.109375,
        61156.0234375
    ],
    "5": [
        287019.5,
        211113.203125,
        30578.01171875
    ],
    "6": [
        295067.4375,
        202691.078125,
        15289.005859375
    ],
    "7": [
        298503.875,
        207219.015625,
        7644.5029296875
    ]
}