{
    "0": [
        202387.5,
        202387.5,
        291219.15625
    ],
    "1": [
        202387.5,
        202387.5,
        291219.15625
    ],
    "2": [
        175735.84375,
        186635.3125,
        145609.578125
    ],
    "3": [
        196261.03125,
        212570.203125,
        101926.703125
    ],
    "4": [
        183944.15625,
        183279.109375,
        61156.0234375
    ],
    "5": [
        195105.3125,
        158059.109375,
        30578.01171875
    ],
    "6": [
        188774.015625,
        157035,
        15289.005859375
    ],
    "7": [
        194840.359375,
        156145,
        7644.5029296875
    ]
}