{
    "0": [
        202387.5,
        202387.5,
        291219.15625
    ],
    "1": [
        202387.5,
        202387.5,
        291219.15625
    ],
    "2": [
        98248.9609375,
        216483.15625,
        145609.578125
    ],
    "3": [
        70927.5859375,
        188101.90625,
        101926.703125
    ],
    "4": [
        51027.4296875,
        172360.5625,
        61156.0234375
    ],
    "5": [
        75474.03125,
        183810.875,
        30578.01171875
    ],
    "6": [
        79902.609375,
        196262.296875,
        15289.005859375
    ],
    "7": [
        78010.625,
        192030.265625,
        7644.5029296875
    ]
}