{
    "0": [
        202387.5,
        202387.5,
        291219.15625
    ],
    "1": [
        202387.5,
        202387.5,
        291219.15625
    ],
    "2": [
        255494,
        241216.96875,
        145609.578125
    ],
    "3": [
        236534.09375,
        217124,
        101926.703125
    ],
    "4": [
        262002.875,
        188961.3125,
        61156.0234375
    ],
    "5": [
        268915.46875,
        187513.296875,
        30578.01171875
    ],
    "6": [
        258496.890625,
        179442.265625,
        15289.005859375
    ],
    "7": [
        252534.34375,
        177020.125,
        7644.5029296875
    ]
}