{
    "0": [
        202387.5,
        202387.5,
        291219.15625
    ],
    "1": [
        202387.5,
        202387.5,
        291219.15625
    ],
    "2": [
        206675.109375,
        207514.21875,
        145609.578125
    ],
    "3": [
        175558.34375,
        223028.203125,
        101926.703125
    ],
    "4": [
        201844.25,
        235375.546875,
        61156.0234375
    ],
    "5": [
        207275.90625,
        206021,
        30578.01171875
    ],
    "6": [
        205145.515625,
        212583.25,
        15289.005859375
    ],
    "7": [
        202566.703125,
        213129.1875,
        7644.5029296875
    ]
}