{
    "0": [
        202387.5,
        202387.5,
        291219.15625
    ],
    "1": [
        202387.5,
        202387.5,
        291219.15625
    ],
    "2": [
        293692.03125,
        133731.15625,
        145609.578125
    ],
    "3": [
        284381.125,
        98087.0234375,
        101926.703125
    ],
    "4": [
        269490.46875,
        96345.7265625,
        61156.0234375
    ],
    "5": [
        286525.78125,
        102454.890625,
        30578.01171875
    ],
    "6": [
        273905.75,
        97134.734375,
        15289.005859375
    ],
    "7": [
        271528.09375,
        99883.546875,
        7644.5029296875
    ]
}