{
    "0": [
        202387.5,
        202387.5,
        291219.15625
    ],
    "1": [
        202387.5,
        202387.5,
        291219.15625
    ],
    "2": [
        160786,
        154885.234375,
        145609.578125
    ],
    "3": [
        139633.234375,
        117868.421875,
        101926.703125
    ],
    "4": [
        129689.4609375,
        154825.671875,
        61156.0234375
    ],
    "5": [
        154309.953125,
        161775.421875,
        30578.01171875
    ],
    "6": [
        167232.328125,
        154588.765625,
        15289.005859375
    ],
    "7": [
        167380.625,
        158744.03125,
        7644.5029296875
    ],
    "8": [
        168215.96875,
        155395.21875,
        3822.25146484375
    ]
}