{
    "0": [
        202387.5,
        202387.5,
        291219.15625
    ],
    "1": [
        202387.5,
        202387.5,
        291219.15625
    ],
    "2": [
        258881.515625,
        200518.859375,
        145609.578125
    ],
    "3": [
        267286.46875,
        222658.78125,
        101926.703125
    ],
    "4": [
        230449.078125,
        239845.953125,
        61156.0234375
    ],
    "5": [
        229669.78125,
        238456.8125,
        30578.01171875
    ],
    "6": [
        227856.8125,
        232185.171875,
        15289.005859375
    ]
}