{
    "0": [
        202387.5,
        202387.5,
        291219.15625
    ],
    "1": [
        202387.5,
        202387.5,
        291219.15625
    ],
    "2": [
        114926.65625,
        240099.6875,
        145609.578125
    ],
    "3": [
        144139.5,
        244718.1875,
        101926.703125
    ],
    "4": [
        163190.40625,
        251916.515625,
        61156.0234375
    ],
    "5": [
        156314.046875,
        279621.125,
        30578.01171875
    ],
    "6": [
        164271.703125,
        287584.625,
        15289.005859375
    ],
    "7": [
        165865.3125,
        280792.375,
        7644.5029296875
    ],
    "8": [
        163383.109375,
        283020.84375,
        3822.25146484375
    ]
}