{
    "0": [
        202387.5,
        202387.5,
        291219.15625
    ],
    "1": [
        202387.5,
        202387.5,
        291219.15625
    ],
    "2": [
        243115.171875,
        163735.09375,
        145609.578125
    ],
    "3": [
        239008.109375,
        185494,
        101926.703125
    ],
    "4": [
        222441.3125,
        205483.8125,
        61156.0234375
    ],
    "5": [
        212891.640625,
        194833.5625,
        30578.01171875
    ],
    "6": [
        211527.03125,
        181339.875,
        15289.005859375
    ],
    "7": [
        213734.46875,
        185396.71875,
        7644.5029296875
    ]
}