{
    "0": [
        202387.5,
        202387.5,
        291219.15625
    ],
    "1": [
        202387.5,
        202387.5,
        291219.15625
    ],
    "2": [
        247639.59375,
        224111.5625,
        145609.578125
    ],
    "3": [
        265496.6875,
        196434.609375,
        101926.703125
    ],
    "4": [
        234558.546875,
        189034.046875,
        61156.0234375
    ],
    "5": [
        245091.125,
        161270.21875,
        30578.01171875
    ],
    "6": [
        244269.78125,
        167633.03125,
        15289.005859375
    ],
    "7": [
        240650.640625,
        165835.109375,
        7644.5029296875
    ]
}