{
    "0": [
        202387.5,
        202387.5,
        291219.15625
    ],
    "1": [
        202387.5,
        202387.5,
        291219.15625
    ],
    "2": [
        296858.3125,
        162045.953125,
        145609.578125
    ],
    "3": [
        264553.875,
        178920.953125,
        101926.703125
    ],
    "4": [
        299359.5,
        157703.421875,
        61156.0234375
    ],
    "5": [
        311501.65625,
        171021.546875,
        30578.01171875
    ],
    "6": [
        306016.75,
        159526.953125,
        15289.005859375
    ],
    "7": [
        301694.90625,
        155468.75,
        7644.5029296875
    ]
}