{
    "0": [
        202387.5,
        202387.5,
        291219.15625
    ],
    "1": [
        202387.5,
        202387.5,
        291219.15625
    ],
    "2": [
        144683,
        176534.421875,
        145609.578125
    ],
    "3": [
        137124.234375,
        207501.140625,
        101926.703125
    ],
    "4": [
        141812.046875,
        206037.890625,
        61156.0234375
    ],
    "5": [
        125108.171875,
        231056.453125,
        30578.01171875
    ],
    "6": [
        118355.109375,
        236302.375,
        15289.005859375
    ],
    "7": [
        120482.1875,
        243455.671875,
        7644.5029296875
    ]
}