{
    "0": [
        202387.5,
        202387.5,
        291219.15625
    ],
    "1": [
        202387.5,
        202387.5,
        291219.15625
    ],
    "2": [
        276085.375,
        254165.46875,
        145609.578125
    ],
    "3": [
        306312.25,
        281116.5625,
        101926.703125
    ],
    "4": [
        275970.21875,
        295199.71875,
        61156.0234375
    ],
    "5": [
        249170.6875,
        308367.21875,
        30578.01171875
    ],
    "6": [
        252464.4375,
        321832.5,
        15289.005859375
    ],
    "7": [
        245420.015625,
        321234.71875,
        7644.5029296875
    ]
}