{
    "0": [
        202387.5,
        202387.5,
        291219.15625
    ],
    "1": [
        202387.5,
        202387.5,
        291219.15625
    ],
    "2": [
        198971.96875,
        298684.625,
        145609.578125
    ],
    "3": [
        226272.109375,
        277705.375,
        101926.703125
    ],
    "4": [
        225297.25,
        254823.28125,
        61156.0234375
    ],
    "5": [
        223021.03125,
        241108.65625,
        30578.01171875
    ],
    "6": [
        222517.25,
        242734.03125,
        15289.005859375
    ],
    "7": [
        221814.90625,
        237622.5625,
        7644.5029296875
    ]
}