{
    "0": [
        202387.5,
        202387.5,
        291219.15625
    ],
    "1": [
        202387.5,
        202387.5,
        291219.15625
    ],
    "2": [
        242802.78125,
        186656.171875,
        145609.578125
    ],
    "3": [
        236472.515625,
        182558.0625,
        101926.703125
    ],
    "4": [
        241457.046875,
        155170.96875,
        61156.0234375
    ],
    "5": [
        246143.671875,
        163546.359375,
        30578.01171875
    ],
    "6": [
        239703.125,
        169605.0625,
        15289.005859375
    ],
    "7": [
        242047.453125,
        170968.78125,
        7644.5029296875
    ]
}