{
    "0": [
        202387.5,
        202387.5,
        291219.15625
    ],
    "1": [
        202387.5,
        202387.5,
        291219.15625
    ],
    "2": [
        158692.140625,
        234478.8125,
        145609.578125
    ],
    "3": [
        174236.4375,
        216015.15625,
        101926.703125
    ],
    "4": [
        206260.6875,
        190934.375,
        61156.0234375
    ],
    "5": [
        204803.234375,
        213951.578125,
        30578.01171875
    ],
    "6": [
        196199.90625,
        216624.796875,
        15289.005859375
    ],
    "7": [
        202160.65625,
        215770.765625,
        7644.5029296875
    ],
    "8": [
        200935.71875,
        213733.484375,
        3822.25146484375
    ]
}