{
    "0": [
        202387.5,
        202387.5,
        291219.15625
    ],
    "1": [
        202387.5,
        202387.5,
        291219.15625
    ],
    "2": [
        255924.390625,
        166897.5625,
        145609.578125
    ],
    "3": [
        235186.875,
        141249.25,
        101926.703125
    ],
    "4": [
        263615.28125,
        115741.125,
        61156.0234375
    ],
    "5": [
        246578.046875,
        127988.8203125,
        30578.01171875
    ],
    "6": [
        255244.953125,
        133909.03125,
        15289.005859375
    ],
    "7": [
        252442.078125,
        140631.265625,
        7644.5029296875
    ],
    "8": [
        252323.859375,
        140818.375,
        3822.25146484375
    ]
}