{
    "0": [
        202387.5,
        202387.5,
        291219.15625
    ],
    "1": [
        202387.5,
        202387.5,
        291219.15625
    ],
    "2": [
        304043.96875,
        211980.578125,
        145609.578125
    ],
    "3": [
        283369.78125,
        211193.421875,
        101926.703125
    ],
    "4": [
        296219.96875,
        221265.640625,
        61156.0234375
    ],
    "5": [
        293484.625,
        213690.65625,
        30578.01171875
    ],
    "6": [
        298685.75,
        224287.625,
        15289.005859375
    ],
    "7": [
        294259.71875,
        220310.59375,
        7644.5029296875
    ]
}