{
    "0": [
        202387.5,
        202387.5,
        291219.15625
    ],
    "1": [
        202387.5,
        202387.5,
        291219.15625
    ],
    "2": [
        294986.0625,
        256974.703125,
        145609.578125
    ],
    "3": [
        289406.15625,
        260219.921875,
        101926.703125
    ],
    "4": [
        284636.09375,
        292881.375,
        61156.0234375
    ],
    "5": [
        262754.09375,
        274122.6875,
        30578.01171875
    ],
    "6": [
        276584.34375,
        274270.4375,
        15289.005859375
    ],
    "7": [
        273940.59375,
        278849.84375,
        7644.5029296875
    ]
}