{
    "0": [
        202387.5,
        202387.5,
        291219.15625
    ],
    "1": [
        202387.5,
        202387.5,
        291219.15625
    ],
    "2": [
        257127.890625,
        289654.03125,
        145609.578125
    ],
    "3": [
        262894.375,
        315043.625,
        101926.703125
    ],
    "4": [
        285846.0625,
        296573.53125,
        61156.0234375
    ],
    "5": [
        296202,
        288108.75,
        30578.01171875
    ],
    "6": [
        290431.5,
        296036.875,
        15289.005859375
    ]
}