{
    "0": [
        202387.5,
        202387.5,
        291219.15625
    ],
    "1": [
        202387.5,
        202387.5,
        291219.15625
    ],
    "2": [
        215112.359375,
        133798.46875,
        145609.578125
    ],
    "3": [
        257676.34375,
        143546.421875,
        101926.703125
    ],
    "4": [
        288834.9375,
        160285.171875,
        61156.0234375
    ],
    "5": [
        276201.9375,
        169294.109375,
        30578.01171875
    ],
    "6": [
        288518.9375,
        173914.03125,
        15289.005859375
    ],
    "7": [
        284741.03125,
        175005.53125,
        7644.5029296875
    ]
}