{
    "0": [
        202387.5,
        202387.5,
        291219.15625
    ],
    "1": [
        202387.5,
        202387.5,
        291219.15625
    ],
    "2": [
        169569.6875,
        251144.8125,
        145609.578125
    ],
    "3": [
        155197.953125,
        277744.75,
        101926.703125
    ],
    "4": [
        179133.546875,
        284606.8125,
        61156.0234375
    ],
    "5": [
        151723.71875,
        286934.28125,
        30578.01171875
    ],
    "6": [
        162686.640625,
        296209.53125,
        15289.005859375
    ],
    "7": [
        166151.53125,
        296804.125,
        7644.5029296875
    ]
}