{
    "0": [
        202387.5,
        202387.5,
        291219.15625
    ],
    "1": [
        202387.5,
        202387.5,
        291219.15625
    ],
    "2": [
        204382.71875,
        198811.75,
        145609.578125
    ],
    "3": [
        239998.171875,
        188973.28125,
        101926.703125
    ],
    "4": [
        218058.59375,
        221995.625,
        61156.0234375
    ],
    "5": [
        197296.59375,
        208752.203125,
        30578.01171875
    ],
    "6": [
        201436.71875,
        209110.796875,
        15289.005859375
    ],
    "7": [
        203231.015625,
        207521.34375,
        7644.5029296875
    ]
}