{
    "0": [
        202387.5,
        202387.5,
        291219.15625
    ],
    "1": [
        202387.5,
        202387.5,
        291219.15625
    ],
    "2": [
        305927.78125,
        151350.15625,
        145609.578125
    ],
    "3": [
        314890.90625,
        151088,
        101926.703125
    ],
    "4": [
        289353.0625,
        143295.296875,
        61156.0234375
    ],
    "5": [
        298988.75,
        152457.53125,
        30578.01171875
    ],
    "6": [
        310783.96875,
        145340.90625,
        15289.005859375
    ],
    "7": [
        317088.59375,
        149297.15625,
        7644.5029296875
    ],
    "8": [
        318133.6875,
        145715.890625,
        3822.25146484375
    ]
}