{
    "0": [
        202387.5,
        202387.5,
        291219.15625
    ],
    "1": [
        202387.5,
        202387.5,
        291219.15625
    ],
    "2": [
        159636.484375,
        95172.421875,
        145609.578125
    ],
    "3": [
        193357.390625,
        103274.15625,
        101926.703125
    ],
    "4": [
        223028.375,
        97927.5625,
        61156.0234375
    ],
    "5": [
        230601.484375,
        81998.28125,
        30578.01171875
    ],
    "6": [
        235963.671875,
        70821.5546875,
        15289.005859375
    ]
}