{
    "0": [
        202387.5,
        202387.5,
        291219.15625
    ],
    "1": [
        202387.5,
        202387.5,
        291219.15625
    ],
    "2": [
        215915.671875,
        113400.9453125,
        145609.578125
    ],
    "3": [
        200097.828125,
        77143.703125,
        101926.703125
    ],
    "4": [
        230155.0625,
        80997.8984375,
        61156.0234375
    ],
    "5": [
        246755.34375,
        75776.9765625,
        30578.01171875
    ],
    "6": [
        240746.203125,
        83263.125,
        15289.005859375
    ],
    "7": [
        238227.734375,
        79398.359375,
        7644.5029296875
    ]
}