{
    "0": [
        202387.5,
        202387.5,
        291219.15625
    ],
    "1": [
        202387.5,
        202387.5,
        291219.15625
    ],
    "2": [
        251305.71875,
        191281.484375,
        145609.578125
    ],
    "3": [
        283756.5,
        169428.328125,
        101926.703125
    ],
    "4": [
        282198.78125,
        206504.15625,
        61156.0234375
    ],
    "5": [
        295090.53125,
        219961.296875,
        30578.01171875
    ],
    "6": [
        306093.28125,
        225979.234375,
        15289.005859375
    ],
    "7": [
        303042.25,
        221392.71875,
        7644.5029296875
    ]
}