{
    "0": [
        202387.5,
        202387.5,
        291219.15625
    ],
    "1": [
        202387.5,
        202387.5,
        291219.15625
    ],
    "2": [
        260350.65625,
        164089.3125,
        145609.578125
    ],
    "3": [
        265185.5625,
        134479.59375,
        101926.703125
    ],
    "4": [
        269391.875,
        109231.6640625,
        61156.0234375
    ],
    "5": [
        258144.515625,
        124544.6171875,
        30578.01171875
    ],
    "6": [
        248810.125,
        118275.140625,
        15289.005859375
    ],
    "7": [
        248027.25,
        118620.3984375,
        7644.5029296875
    ],
    "8": [
        251259.46875,
        117806.40625,
        3822.25146484375
    ]
}