{
    "0": [
        202387.5,
        202387.5,
        291219.15625
    ],
    "1": [
        202387.5,
        202387.5,
        291219.15625
    ],
    "2": [
        173954,
        113488.4140625,
        145609.578125
    ],
    "3": [
        196719.84375,
        149284,
        101926.703125
    ],
    "4": [
        196631.015625,
        128185.71875,
        61156.0234375
    ],
    "5": [
        217823.703125,
        122141.7578125,
        30578.01171875
    ],
    "6": [
        213046.359375,
        125151.0625,
        15289.005859375
    ],
    "7": [
        206336.640625,
        123098.2265625,
        7644.5029296875
    ]
}