{
    "0": [
        202387.5,
        202387.5,
        291219.15625
    ],
    "1": [
        202387.5,
        202387.5,
        291219.15625
    ],
    "2": [
        207925.96875,
        310084.25,
        145609.578125
    ],
    "3": [
        186785.609375,
        299407.40625,
        101926.703125
    ],
    "4": [
        183400.375,
        272343.15625,
        61156.0234375
    ],
    "5": [
        200648.34375,
        288962.46875,
        30578.01171875
    ],
    "6": [
        209829.828125,
        295111.09375,
        15289.005859375
    ],
    "7": [
        209981.828125,
        300406.75,
        7644.5029296875
    ]
}