{
    "0": [
        202387.5,
        202387.5,
        291219.15625
    ],
    "1": [
        202387.5,
        202387.5,
        291219.15625
    ],
    "2": [
        185298.046875,
        190004.953125,
        145609.578125
    ],
    "3": [
        190654.53125,
        205879.3125,
        101926.703125
    ],
    "4": [
        206769.578125,
        186112.3125,
        61156.0234375
    ],
    "5": [
        230673.875,
        181790.75,
        30578.01171875
    ],
    "6": [
        224224.765625,
        194703.859375,
        15289.005859375
    ],
    "7": [
        219652.109375,
        194503.328125,
        7644.5029296875
    ]
}