{
    "0": [
        202387.5,
        202387.5,
        291219.15625
    ],
    "1": [
        202387.5,
        202387.5,
        291219.15625
    ],
    "2": [
        195022.375,
        234180.3125,
        145609.578125
    ],
    "3": [
        167143.5,
        227542.6875,
        101926.703125
    ],
    "4": [
        177302.078125,
        266954.125,
        61156.0234375
    ],
    "5": [
        175317.65625,
        267250.625,
        30578.01171875
    ],
    "6": [
        177802.40625,
        276402.9375,
        15289.005859375
    ],
    "7": [
        175831.578125,
        282907,
        7644.5029296875
    ],
    "8": [
        178659.671875,
        282147.0625,
        3822.25146484375
    ]
}