{
    "0": [
        202387.5,
        202387.5,
        291219.15625
    ],
    "1": [
        202387.5,
        202387.5,
        291219.15625
    ],
    "2": [
        254410.109375,
        172221.453125,
        145609.578125
    ],
    "3": [
        270502.65625,
        190953.3125,
        101926.703125
    ],
    "4": [
        279140.90625,
        153052.546875,
        61156.0234375
    ],
    "5": [
        277330.1875,
        180175,
        30578.01171875
    ],
    "6": [
        264651.84375,
        179997.828125,
        15289.005859375
    ],
    "7": [
        260924.625,
        183238.75,
        7644.5029296875
    ],
    "8": [
        261128.609375,
        182525.71875,
        3822.25146484375
    ]
}