{
    "0": [
        202387.5,
        202387.5,
        291219.15625
    ],
    "1": [
        202387.5,
        202387.5,
        291219.15625
    ],
    "2": [
        156288.375,
        130748.7265625,
        145609.578125
    ],
    "3": [
        128527.5703125,
        115389.0546875,
        101926.703125
    ],
    "4": [
        94097.984375,
        103123.203125,
        61156.0234375
    ],
    "5": [
        85241.7109375,
        113437.34375,
        30578.01171875
    ],
    "6": [
        80325.2734375,
        124725.71875,
        15289.005859375
    ],
    "7": [
        85706.2421875,
        123128.59375,
        7644.5029296875
    ]
}