{
    "0": [
        202387.5,
        202387.5,
        291219.15625
    ],
    "1": [
        202387.5,
        202387.5,
        291219.15625
    ],
    "2": [
        111104.375,
        218183.15625,
        145609.578125
    ],
    "3": [
        72152.6875,
        214573.453125,
        101926.703125
    ],
    "4": [
        85094,
        188396.59375,
        61156.0234375
    ],
    "5": [
        92148.375,
        188830.890625,
        30578.01171875
    ],
    "6": [
        93186.3828125,
        192350.671875,
        15289.005859375
    ],
    "7": [
        93755.25,
        185472.4375,
        7644.5029296875
    ],
    "8": [
        96608.9140625,
        185138.078125,
        3822.25146484375
    ]
}