{
    "0": [
        202387.5,
        202387.5,
        291219.15625
    ],
    "1": [
        202387.5,
        202387.5,
        291219.15625
    ],
    "2": [
        154789.234375,
        261649.6875,
        145609.578125
    ],
    "3": [
        170050.90625,
        294467.0625,
        101926.703125
    ],
    "4": [
        188753.234375,
        284452.5625,
        61156.0234375
    ],
    "5": [
        205171.46875,
        277633.96875,
        30578.01171875
    ],
    "6": [
        198243.53125,
        290678.8125,
        15289.005859375
    ],
    "7": [
        196184.328125,
        284136.84375,
        7644.5029296875
    ]
}