{
    "0": [
        202387.5,
        202387.5,
        291219.15625
    ],
    "1": [
        202387.5,
        202387.5,
        291219.15625
    ],
    "2": [
        96615.6875,
        225081.9375,
        145609.578125
    ],
    "3": [
        91138.703125,
        217848.34375,
        101926.703125
    ],
    "4": [
        102935.4765625,
        186732.75,
        61156.0234375
    ],
    "5": [
        83701.6484375,
        178362.234375,
        30578.01171875
    ],
    "6": [
        88020,
        189453.4375,
        15289.005859375
    ],
    "7": [
        87259.4609375,
        185525.59375,
        7644.5029296875
    ]
}