{
    "0": [
        202387.5,
        202387.5,
        291219.15625
    ],
    "1": [
        202387.5,
        202387.5,
        291219.15625
    ],
    "2": [
        227969.703125,
        272596.28125,
        145609.578125
    ],
    "3": [
        244504.171875,
        238910.96875,
        101926.703125
    ],
    "4": [
        221274.796875,
        262587.28125,
        61156.0234375
    ],
    "5": [
        242734.671875,
        244030.390625,
        30578.01171875
    ],
    "6": [
        240615.171875,
        245518.3125,
        15289.005859375
    ],
    "7": [
        244541.484375,
        247899.234375,
        7644.5029296875
    ]
}