{
    "0": [
        202387.5,
        202387.5,
        291219.15625
    ],
    "1": [
        202387.5,
        202387.5,
        291219.15625
    ],
    "2": [
        207826.265625,
        221198.984375,
        145609.578125
    ],
    "3": [
        226247.21875,
        234146.71875,
        101926.703125
    ],
    "4": [
        222961.765625,
        274663.25,
        61156.0234375
    ],
    "5": [
        220646.828125,
        275796.5,
        30578.01171875
    ],
    "6": [
        224605.90625,
        277059.15625,
        15289.005859375
    ],
    "7": [
        231551.359375,
        278416.8125,
        7644.5029296875
    ]
}