{
    "0": [
        202387.5,
        202387.5,
        291219.15625
    ],
    "1": [
        202387.5,
        202387.5,
        291219.15625
    ],
    "2": [
        123163.8984375,
        191656.28125,
        145609.578125
    ],
    "3": [
        92075.4921875,
        192705,
        101926.703125
    ],
    "4": [
        83740.1484375,
        204653.421875,
        61156.0234375
    ],
    "5": [
        94867.421875,
        195804.734375,
        30578.01171875
    ],
    "6": [
        92537.28125,
        197010.328125,
        15289.005859375
    ],
    "7": [
        98682.921875,
        194354.234375,
        7644.5029296875
    ]
}