{
    "0": [
        202387.5,
        202387.5,
        291219.15625
    ],
    "1": [
        202387.5,
        202387.5,
        291219.15625
    ],
    "2": [
        254561.15625,
        217204.390625,
        145609.578125
    ],
    "3": [
        285989.125,
        198086.9375,
        101926.703125
    ],
    "4": [
        315094.21875,
        202050.375,
        61156.0234375
    ],
    "5": [
        293559.0625,
        206159.390625,
        30578.01171875
    ],
    "6": [
        302992.6875,
        213204.6875,
        15289.005859375
    ],
    "7": [
        303701.1875,
        215054.5625,
        7644.5029296875
    ]
}