{
    "0": [
        202387.5,
        202387.5,
        291219.15625
    ],
    "1": [
        202387.5,
        202387.5,
        291219.15625
    ],
    "2": [
        176878.3125,
        227151.953125,
        145609.578125
    ],
    "3": [
        141015.3125,
        219904.28125,
        101926.703125
    ],
    "4": [
        169806.1875,
        241034.765625,
        61156.0234375
    ],
    "5": [
        167383.796875,
        225152.359375,
        30578.01171875
    ],
    "6": [
        181273.578125,
        223459.421875,
        15289.005859375
    ],
    "7": [
        180116.734375,
        217367.96875,
        7644.5029296875
    ],
    "8": [
        182616.21875,
        216163.21875,
        3822.25146484375
    ]
}