{
    "0": [
        202387.5,
        202387.5,
        291219.15625
    ],
    "1": [
        202387.5,
        202387.5,
        291219.15625
    ],
    "2": [
        236857.109375,
        225016.828125,
        145609.578125
    ],
    "3": [
        232507.515625,
        181834.78125,
        101926.703125
    ],
    "4": [
        248008.25,
        172592.796875,
        61156.0234375
    ],
    "5": [
        259191.5625,
        180359.5,
        30578.01171875
    ],
    "6": [
        272398.78125,
        182247.6875,
        15289.005859375
    ],
    "7": [
        271314.6875,
        187020.796875,
        7644.5029296875
    ]
}