{
    "0": [
        202387.5,
        202387.5,
        291219.15625
    ],
    "1": [
        202387.5,
        202387.5,
        291219.15625
    ],
    "2": [
        188883.453125,
        235284.328125,
        145609.578125
    ],
    "3": [
        187229.53125,
        255137.59375,
        101926.703125
    ],
    "4": [
        185184.953125,
        242145.125,
        61156.0234375
    ],
    "5": [
        177676.46875,
        265332.375,
        30578.01171875
    ],
    "6": [
        168871.109375,
        259841.53125,
        15289.005859375
    ],
    "7": [
        171297.90625,
        265245.90625,
        7644.5029296875
    ],
    "8": [
        171169.03125,
        263150.625,
        3822.25146484375
    ]
}