{
    "0": [
        202387.5,
        202387.5,
        291219.15625
    ],
    "1": [
        202387.5,
        202387.5,
        291219.15625
    ],
    "2": [
        204652.0625,
        265352.25,
        145609.578125
    ],
    "3": [
        235613.6875,
        286662.78125,
        101926.703125
    ],
    "4": [
        218573.4375,
        308781.59375,
        61156.0234375
    ],
    "5": [
        207266.765625,
        300321.4375,
        30578.01171875
    ],
    "6": [
        194270.40625,
        297954.09375,
        15289.005859375
    ]
}