{
    "0": [
        202387.5,
        202387.5,
        291219.15625
    ],
    "1": [
        202387.5,
        202387.5,
        291219.15625
    ],
    "2": [
        189664.046875,
        169518.515625,
        145609.578125
    ],
    "3": [
        202189.40625,
        198494.71875,
        101926.703125
    ],
    "4": [
        229687.59375,
        171810.140625,
        61156.0234375
    ],
    "5": [
        210471.859375,
        182026.078125,
        30578.01171875
    ],
    "6": [
        213353.234375,
        190444.375,
        15289.005859375
    ],
    "7": [
        212579.109375,
        186561.453125,
        7644.5029296875
    ],
    "8": [
        215595.546875,
        184478.25,
        3822.25146484375
    ]
}