{
    "0": [
        202387.5,
        202387.5,
        291219.15625
    ],
    "1": [
        202387.5,
        202387.5,
        291219.15625
    ],
    "2": [
        307023,
        208731.1875,
        145609.578125
    ],
    "3": [
        346533.375,
        203400.75,
        101926.703125
    ],
    "4": [
        319528.1875,
        192226.78125,
        61156.0234375
    ],
    "5": [
        333746.21875,
        195360.546875,
        30578.01171875
    ],
    "6": [
        328914.375,
        189762.84375,
        15289.005859375
    ],
    "7": [
        330809.125,
        196023.234375,
        7644.5029296875
    ]
}