{
    "0": [
        202387.5,
        202387.5,
        291219.15625
    ],
    "1": [
        202387.5,
        202387.5,
        291219.15625
    ],
    "2": [
        258105.984375,
        212974.765625,
        145609.578125
    ],
    "3": [
        294891.09375,
        218034.375,
        101926.703125
    ],
    "4": [
        309956.5,
        209373.4375,
        61156.0234375
    ],
    "5": [
        313216.59375,
        184306.1875,
        30578.01171875
    ],
    "6": [
        314005.25,
        187989.078125,
        15289.005859375
    ],
    "7": [
        318042.1875,
        189310.375,
        7644.5029296875
    ],
    "8": [
        316680.9375,
        190981.578125,
        3822.25146484375
    ]
}