{
    "0": [
        202387.5,
        202387.5,
        291219.15625
    ],
    "1": [
        202387.5,
        202387.5,
        291219.15625
    ],
    "2": [
        198180.59375,
        132110.734375,
        145609.578125
    ],
    "3": [
        191239.796875,
        134394.734375,
        101926.703125
    ],
    "4": [
        164228.03125,
        143504.40625,
        61156.0234375
    ],
    "5": [
        146447.71875,
        155751.953125,
        30578.01171875
    ],
    "6": [
        155010.71875,
        147589.828125,
        15289.005859375
    ],
    "7": [
        151171.046875,
        149622.765625,
        7644.5029296875
    ]
}