{
    "0": [
        202387.5,
        202387.5,
        291219.15625
    ],
    "1": [
        202387.5,
        202387.5,
        291219.15625
    ],
    "2": [
        132872.390625,
        166594.015625,
        145609.578125
    ],
    "3": [
        157368.921875,
        198666.546875,
        101926.703125
    ],
    "4": [
        193041.34375,
        184334.375,
        61156.0234375
    ],
    "5": [
        180180.109375,
        184479.328125,
        30578.01171875
    ],
    "6": [
        194079.21875,
        183206.328125,
        15289.005859375
    ],
    "7": [
        193234,
        179866.734375,
        7644.5029296875
    ]
}