{
    "0": [
        202387.5,
        202387.5,
        291219.15625
    ],
    "1": [
        202387.5,
        202387.5,
        291219.15625
    ],
    "2": [
        259236.671875,
        180868.171875,
        145609.578125
    ],
    "3": [
        273664.03125,
        210791.421875,
        101926.703125
    ],
    "4": [
        300556.8125,
        204833.1875,
        61156.0234375
    ],
    "5": [
        309770.25,
        175946.75,
        30578.01171875
    ],
    "6": [
        318189.09375,
        182290.71875,
        15289.005859375
    ]
}