{
    "0": [
        202387.5,
        202387.5,
        291219.15625
    ],
    "1": [
        202387.5,
        202387.5,
        291219.15625
    ],
    "2": [
        242377.515625,
        171805.625,
        145609.578125
    ],
    "3": [
        235658.875,
        145772.078125,
        101926.703125
    ],
    "4": [
        228664.625,
        181598.609375,
        61156.0234375
    ],
    "5": [
        236152.765625,
        163750.71875,
        30578.01171875
    ]
}