{
    "0": [
        202387.5,
        202387.5,
        291219.15625
    ],
    "1": [
        202387.5,
        202387.5,
        291219.15625
    ],
    "2": [
        247804.21875,
        101533.2578125,
        145609.578125
    ],
    "3": [
        218514.03125,
        110853.359375,
        101926.703125
    ],
    "4": [
        211200.359375,
        81720.046875,
        61156.0234375
    ],
    "5": [
        238554.90625,
        92986.9140625,
        30578.01171875
    ],
    "6": [
        226717.765625,
        97737.703125,
        15289.005859375
    ],
    "7": [
        222282.59375,
        101373.390625,
        7644.5029296875
    ]
}