{
    "0": [
        202387.5,
        202387.5,
        291219.15625
    ],
    "1": [
        202387.5,
        202387.5,
        291219.15625
    ],
    "2": [
        99371.109375,
        174968.640625,
        145609.578125
    ],
    "3": [
        116265.8125,
        198840.453125,
        101926.703125
    ],
    "4": [
        153418.46875,
        215431.328125,
        61156.0234375
    ],
    "5": [
        164851,
        231040.015625,
        30578.01171875
    ],
    "6": [
        174059.21875,
        241734,
        15289.005859375
    ]
}