{
    "0": [
        202387.5,
        202387.5,
        291219.15625
    ],
    "1": [
        202387.5,
        202387.5,
        291219.15625
    ],
    "2": [
        105232.1640625,
        250110.25,
        145609.578125
    ],
    "3": [
        136371.578125,
        271596.9375,
        101926.703125
    ],
    "4": [
        149970.984375,
        308954.21875,
        61156.0234375
    ],
    "5": [
        155115.5,
        283402.53125,
        30578.01171875
    ],
    "6": [
        166071.3125,
        289082.5,
        15289.005859375
    ],
    "7": [
        161656.265625,
        287671.40625,
        7644.5029296875
    ],
    "8": [
        159289.5,
        289276.125,
        3822.25146484375
    ]
}