{
    "0": [
        202387.5,
        202387.5,
        291219.15625
    ],
    "1": [
        202387.5,
        202387.5,
        291219.15625
    ],
    "2": [
        199252.171875,
        116689.8515625,
        145609.578125
    ],
    "3": [
        178532.46875,
        92953.8203125,
        101926.703125
    ],
    "4": [
        193639.71875,
        123880.4609375,
        61156.0234375
    ],
    "5": [
        210580.734375,
        112952.7578125,
        30578.01171875
    ],
    "6": [
        214300.234375,
        127041.15625,
        15289.005859375
    ],
    "7": [
        220687.484375,
        130372.625,
        7644.5029296875
    ],
    "8": [
        223864.046875,
        131534.59375,
        3822.25146484375
    ]
}