{
    "0": [
        202387.5,
        202387.5,
        291219.15625
    ],
    "1": [
        202387.5,
        202387.5,
        291219.15625
    ],
    "2": [
        146584.9375,
        224681.734375,
        145609.578125
    ],
    "3": [
        140452.15625,
        220872.3125,
        101926.703125
    ],
    "4": [
        123004.5234375,
        232441.109375,
        61156.0234375
    ],
    "5": [
        146538.65625,
        226594,
        30578.01171875
    ],
    "6": [
        155873.375,
        218056.40625,
        15289.005859375
    ],
    "7": [
        152352.203125,
        220939.828125,
        7644.5029296875
    ],
    "8": [
        151963.890625,
        217771.046875,
        3822.25146484375
    ]
}