{
    "0": [
        202387.5,
        202387.5,
        291219.15625
    ],
    "1": [
        202387.5,
        202387.5,
        291219.15625
    ],
    "2": [
        186122.46875,
        97417.359375,
        145609.578125
    ],
    "3": [
        210234.953125,
        73384.7734375,
        101926.703125
    ],
    "4": [
        246757.90625,
        83428.8515625,
        61156.0234375
    ],
    "5": [
        248021.203125,
        76637.9140625,
        30578.01171875
    ],
    "6": [
        249064.203125,
        86302.9609375,
        15289.005859375
    ]
}