{
    "0": [
        202387.5,
        202387.5,
        291219.15625
    ],
    "1": [
        202387.5,
        202387.5,
        291219.15625
    ],
    "2": [
        227923,
        245461.359375,
        145609.578125
    ],
    "3": [
        221819.375,
        258955.03125,
        101926.703125
    ],
    "4": [
        204029.859375,
        228540.8125,
        61156.0234375
    ],
    "5": [
        225901.96875,
        245887.203125,
        30578.01171875
    ],
    "6": [
        223971.78125,
        257551.109375,
        15289.005859375
    ],
    "7": [
        225779.5625,
        259923.390625,
        7644.5029296875
    ]
}