{
    "0": [
        202387.5,
        202387.5,
        291219.15625
    ],
    "1": [
        202387.5,
        202387.5,
        291219.15625
    ],
    "2": [
        287509.625,
        204432.390625,
        145609.578125
    ],
    "3": [
        268471.0625,
        169027.90625,
        101926.703125
    ],
    "4": [
        234388.15625,
        174850.203125,
        61156.0234375
    ],
    "5": [
        204728.734375,
        168888.90625,
        30578.01171875
    ],
    "6": [
        209795.5,
        175575.328125,
        15289.005859375
    ],
    "7": [
        216363.96875,
        171778.625,
        7644.5029296875
    ]
}