{
    "0": [
        202387.5,
        202387.5,
        291219.15625
    ],
    "1": [
        202387.5,
        202387.5,
        291219.15625
    ],
    "2": [
        180200.59375,
        293381.75,
        145609.578125
    ],
    "3": [
        196660.375,
        330377.71875,
        101926.703125
    ],
    "4": [
        235298.5625,
        332901.1875,
        61156.0234375
    ],
    "5": [
        257423.234375,
        346401.34375,
        30578.01171875
    ],
    "6": [
        246748.8125,
        344328.25,
        15289.005859375
    ],
    "7": [
        244743.265625,
        350614.21875,
        7644.5029296875
    ],
    "8": [
        247442.09375,
        351721.625,
        3822.25146484375
    ]
}