{
    "0": [
        202387.5,
        202387.5,
        291219.15625
    ],
    "1": [
        202387.5,
        202387.5,
        291219.15625
    ],
    "2": [
        247230.734375,
        193655.875,
        145609.578125
    ],
    "3": [
        246433.265625,
        217466.53125,
        101926.703125
    ],
    "4": [
        208947.515625,
        216895.859375,
        61156.0234375
    ],
    "5": [
        231003.9375,
        203136.671875,
        30578.01171875
    ],
    "6": [
        238146.203125,
        194623.71875,
        15289.005859375
    ]
}