{
    "0": [
        202387.5,
        202387.5,
        291219.15625
    ],
    "1": [
        202387.5,
        202387.5,
        291219.15625
    ],
    "2": [
        147732.625,
        168131.65625,
        145609.578125
    ],
    "3": [
        180057.9375,
        194502.515625,
        101926.703125
    ],
    "4": [
        163153.859375,
        220083.953125,
        61156.0234375
    ],
    "5": [
        160906.84375,
        228212.515625,
        30578.01171875
    ],
    "6": [
        152585.28125,
        226260.53125,
        15289.005859375
    ],
    "7": [
        150656.546875,
        231781.9375,
        7644.5029296875
    ]
}