{
    "0": [
        202387.5,
        202387.5,
        291219.15625
    ],
    "1": [
        202387.5,
        202387.5,
        291219.15625
    ],
    "2": [
        124771.53125,
        286981.34375,
        145609.578125
    ],
    "3": [
        144372.40625,
        260845.3125,
        101926.703125
    ],
    "4": [
        164738.5625,
        253959.234375,
        61156.0234375
    ],
    "5": [
        171895.53125,
        236805.796875,
        30578.01171875
    ]
}