{
    "0": [
        202387.5,
        202387.5,
        291219.15625
    ],
    "1": [
        202387.5,
        202387.5,
        291219.15625
    ],
    "2": [
        139543.984375,
        260102.578125,
        145609.578125
    ],
    "3": [
        177210.25,
        264484.21875,
        101926.703125
    ],
    "4": [
        152806.8125,
        287865.4375,
        61156.0234375
    ],
    "5": [
        171070.921875,
        308096.15625,
        30578.01171875
    ],
    "6": [
        182623.0625,
        315229.25,
        15289.005859375
    ]
}