{
    "0": [
        202387.5,
        202387.5,
        291219.15625
    ],
    "1": [
        202387.5,
        202387.5,
        291219.15625
    ],
    "2": [
        213338.84375,
        177934.265625,
        145609.578125
    ],
    "3": [
        231446.234375,
        139411.34375,
        101926.703125
    ],
    "4": [
        227550.875,
        175976.34375,
        61156.0234375
    ],
    "5": [
        228594,
        178422.578125,
        30578.01171875
    ],
    "6": [
        228737.84375,
        190821.515625,
        15289.005859375
    ],
    "7": [
        227031.046875,
        197481.046875,
        7644.5029296875
    ]
}