{
    "0": [
        202387.5,
        202387.5,
        291219.15625
    ],
    "1": [
        202387.5,
        202387.5,
        291219.15625
    ],
    "2": [
        103619.2890625,
        199517.765625,
        145609.578125
    ],
    "3": [
        115344.1484375,
        190853.71875,
        101926.703125
    ],
    "4": [
        112508.7109375,
        214283.796875,
        61156.0234375
    ],
    "5": [
        103606.203125,
        221075.0625,
        30578.01171875
    ],
    "6": [
        98821.609375,
        224896.6875,
        15289.005859375
    ],
    "7": [
        97420.7265625,
        223767.875,
        7644.5029296875
    ]
}