{
    "0": [
        202387.5,
        202387.5,
        291219.15625
    ],
    "1": [
        202387.5,
        202387.5,
        291219.15625
    ],
    "2": [
        297706.625,
        252408.5625,
        145609.578125
    ],
    "3": [
        297445.15625,
        235316.359375,
        101926.703125
    ],
    "4": [
        306641.28125,
        214714,
        61156.0234375
    ],
    "5": [
        312829.03125,
        230434.21875,
        30578.01171875
    ],
    "6": [
        313614.5625,
        224278.09375,
        15289.005859375
    ]
}