{
    "0": [
        202387.5,
        202387.5,
        291219.15625
    ],
    "1": [
        202387.5,
        202387.5,
        291219.15625
    ],
    "2": [
        158486.65625,
        294748.375,
        145609.578125
    ],
    "3": [
        178948.796875,
        330241.25,
        101926.703125
    ],
    "4": [
        178561.875,
        308008.34375,
        61156.0234375
    ],
    "5": [
        189721.4375,
        327610.1875,
        30578.01171875
    ],
    "6": [
        190718.078125,
        316129.5,
        15289.005859375
    ],
    "7": [
        194202.59375,
        314734.53125,
        7644.5029296875
    ]
}