{
    "0": [
        202387.5,
        202387.5,
        291219.15625
    ],
    "1": [
        202387.5,
        202387.5,
        291219.15625
    ],
    "2": [
        247018.390625,
        107808.6015625,
        145609.578125
    ],
    "3": [
        237161.546875,
        66177.8984375,
        101926.703125
    ],
    "4": [
        247435.65625,
        82917.0078125,
        61156.0234375
    ],
    "5": [
        273513.09375,
        86955.21875,
        30578.01171875
    ],
    "6": [
        261876.671875,
        81987.8828125,
        15289.005859375
    ],
    "7": [
        254406.328125,
        81161.53125,
        7644.5029296875
    ]
}