{
    "0": [
        202387.5,
        202387.5,
        291219.15625
    ],
    "1": [
        202387.5,
        202387.5,
        291219.15625
    ],
    "2": [
        275764.8125,
        123100.234375,
        145609.578125
    ],
    "3": [
        289958.875,
        160294.640625,
        101926.703125
    ],
    "4": [
        300688,
        122832.375,
        61156.0234375
    ],
    "5": [
        310140.5,
        148788.875,
        30578.01171875
    ],
    "6": [
        323223.59375,
        145398.9375,
        15289.005859375
    ],
    "7": [
        320585.15625,
        143041.46875,
        7644.5029296875
    ],
    "8": [
        323019.9375,
        141061.375,
        3822.25146484375
    ]
}