{
    "0": [
        202387.5,
        202387.5,
        291219.15625
    ],
    "1": [
        202387.5,
        202387.5,
        291219.15625
    ],
    "2": [
        186527.796875,
        105310.6953125,
        145609.578125
    ],
    "3": [
        225146.796875,
        107056.671875,
        101926.703125
    ],
    "4": [
        191034.03125,
        90707.296875,
        61156.0234375
    ],
    "5": [
        185986.765625,
        97735.09375,
        30578.01171875
    ],
    "6": [
        177267.703125,
        90989.2890625,
        15289.005859375
    ],
    "7": [
        175480,
        92158.9375,
        7644.5029296875
    ],
    "8": [
        174973.828125,
        93969.2734375,
        3822.25146484375
    ]
}