{
    "0": [
        202387.5,
        202387.5,
        291219.15625
    ],
    "1": [
        202387.5,
        202387.5,
        291219.15625
    ],
    "2": [
        157568.796875,
        150246.6875,
        145609.578125
    ],
    "3": [
        165411.203125,
        150765.25,
        101926.703125
    ],
    "4": [
        127001.4609375,
        150013.921875,
        61156.0234375
    ],
    "5": [
        118383.8671875,
        133742.328125,
        30578.01171875
    ],
    "6": [
        121469.5859375,
        138358.5625,
        15289.005859375
    ],
    "7": [
        121518.5,
        141943.53125,
        7644.5029296875
    ],
    "8": [
        121820.2109375,
        142338.625,
        3822.25146484375
    ]
}