{
    "0": [
        202387.5,
        202387.5,
        291219.15625
    ],
    "1": [
        202387.5,
        202387.5,
        291219.15625
    ],
    "2": [
        316834.625,
        194525.65625,
        145609.578125
    ],
    "3": [
        329782.46875,
        153424.96875,
        101926.703125
    ],
    "4": [
        303552.5625,
        165186.953125,
        61156.0234375
    ],
    "5": [
        279832.84375,
        152308.515625,
        30578.01171875
    ],
    "6": [
        288569.25,
        146449.390625,
        15289.005859375
    ],
    "7": [
        283711.5625,
        152128.890625,
        7644.5029296875
    ]
}