{
    "0": [
        202387.5,
        202387.5,
        291219.15625
    ],
    "1": [
        202387.5,
        202387.5,
        291219.15625
    ],
    "2": [
        254852.78125,
        125425.046875,
        145609.578125
    ],
    "3": [
        276410.1875,
        155126.90625,
        101926.703125
    ],
    "4": [
        298647.6875,
        182447,
        61156.0234375
    ],
    "5": [
        325281.46875,
        187153.296875,
        30578.01171875
    ],
    "6": [
        323258.5,
        192383.90625,
        15289.005859375
    ]
}