{
    "0": [
        202387.5,
        202387.5,
        291219.15625
    ],
    "1": [
        202387.5,
        202387.5,
        291219.15625
    ],
    "2": [
        217622.046875,
        275893.4375,
        145609.578125
    ],
    "3": [
        205284.03125,
        260989.75,
        101926.703125
    ],
    "4": [
        172121.96875,
        281179.59375,
        61156.0234375
    ],
    "5": [
        178532.203125,
        265590.09375,
        30578.01171875
    ],
    "6": [
        186174.9375,
        255020.03125,
        15289.005859375
    ],
    "7": [
        184144.3125,
        258233,
        7644.5029296875
    ]
}