{
    "0": [
        202387.5,
        202387.5,
        291219.15625
    ],
    "1": [
        202387.5,
        202387.5,
        291219.15625
    ],
    "2": [
        182238.109375,
        191042.890625,
        145609.578125
    ],
    "3": [
        204280.921875,
        208561.859375,
        101926.703125
    ],
    "4": [
        203574.21875,
        198209.875,
        61156.0234375
    ],
    "5": [
        174087.90625,
        201196.25,
        30578.01171875
    ],
    "6": [
        171726.578125,
        206746.203125,
        15289.005859375
    ],
    "7": [
        172254.734375,
        210324.671875,
        7644.5029296875
    ],
    "8": [
        169449.875,
        211968.65625,
        3822.25146484375
    ]
}