{
    "0": [
        202387.5,
        202387.5,
        291219.15625
    ],
    "1": [
        202387.5,
        202387.5,
        291219.15625
    ],
    "2": [
        278501.9375,
        115681.6796875,
        145609.578125
    ],
    "3": [
        301405.1875,
        126892.3125,
        101926.703125
    ],
    "4": [
        265626.9375,
        133895.0625,
        61156.0234375
    ],
    "5": [
        249633.25,
        132689.0625,
        30578.01171875
    ],
    "6": [
        251716.453125,
        147180.4375,
        15289.005859375
    ],
    "7": [
        254372.9375,
        153343.6875,
        7644.5029296875
    ],
    "8": [
        253286.734375,
        156232.328125,
        3822.25146484375
    ]
}