{
    "0": [
        202387.5,
        202387.5,
        291219.15625
    ],
    "1": [
        202387.5,
        202387.5,
        291219.15625
    ],
    "2": [
        200409.953125,
        254992.578125,
        145609.578125
    ],
    "3": [
        170037.546875,
        263520.625,
        101926.703125
    ],
    "4": [
        179517.25,
        238350.9375,
        61156.0234375
    ],
    "5": [
        197182.96875,
        252575.609375,
        30578.01171875
    ],
    "6": [
        204503.875,
        240628.703125,
        15289.005859375
    ],
    "7": [
        199261.203125,
        239044.703125,
        7644.5029296875
    ],
    "8": [
        199456.75,
        235819.859375,
        3822.25146484375
    ]
}