{
    "0": [
        202387.5,
        202387.5,
        291219.15625
    ],
    "1": [
        202387.5,
        202387.5,
        291219.15625
    ],
    "2": [
        254005.484375,
        139225.984375,
        145609.578125
    ],
    "3": [
        292725.625,
        136582.328125,
        101926.703125
    ],
    "4": [
        323825.03125,
        119802.9765625,
        61156.0234375
    ],
    "5": [
        330037.5625,
        92784.171875,
        30578.01171875
    ],
    "6": [
        335233.15625,
        102944.203125,
        15289.005859375
    ],
    "7": [
        336559,
        102440.421875,
        7644.5029296875
    ],
    "8": [
        335136.28125,
        99777.6953125,
        3822.25146484375
    ]
}