{
    "0": [
        202387.5,
        202387.5,
        291219.15625
    ],
    "1": [
        202387.5,
        202387.5,
        291219.15625
    ],
    "2": [
        113784.46875,
        172348.671875,
        145609.578125
    ],
    "3": [
        122423.109375,
        143308.0625,
        101926.703125
    ],
    "4": [
        158631.46875,
        134913.71875,
        61156.0234375
    ],
    "5": [
        141380.5625,
        139007.4375,
        30578.01171875
    ],
    "6": [
        142515.125,
        124782.5234375,
        15289.005859375
    ],
    "7": [
        136940.9375,
        119923.875,
        7644.5029296875
    ],
    "8": [
        138381.765625,
        119626.1640625,
        3822.25146484375
    ]
}