{
    "0": [
        202387.5,
        202387.5,
        291219.15625
    ],
    "1": [
        202387.5,
        202387.5,
        291219.15625
    ],
    "2": [
        174758.09375,
        248794.375,
        145609.578125
    ],
    "3": [
        188543,
        275656.34375,
        101926.703125
    ],
    "4": [
        187764.703125,
        316294.375,
        61156.0234375
    ],
    "5": [
        203898.53125,
        305024.9375,
        30578.01171875
    ],
    "6": [
        195127.953125,
        312618.375,
        15289.005859375
    ],
    "7": [
        197332.03125,
        311445.5,
        7644.5029296875
    ]
}