{
    "0": [
        202387.5,
        202387.5,
        291219.15625
    ],
    "1": [
        202387.5,
        202387.5,
        291219.15625
    ],
    "2": [
        205524.25,
        111039.328125,
        145609.578125
    ],
    "3": [
        213179.390625,
        116285.9609375,
        101926.703125
    ],
    "4": [
        234898.59375,
        106168.09375,
        61156.0234375
    ],
    "5": [
        231389.765625,
        133222,
        30578.01171875
    ],
    "6": [
        221842.296875,
        138810.8125,
        15289.005859375
    ],
    "7": [
        221059.1875,
        133111.21875,
        7644.5029296875
    ]
}