{
    "0": [
        202387.5,
        202387.5,
        291219.15625
    ],
    "1": [
        202387.5,
        202387.5,
        291219.15625
    ],
    "2": [
        130616.2734375,
        162917.34375,
        145609.578125
    ],
    "3": [
        126347.7578125,
        185797.9375,
        101926.703125
    ],
    "4": [
        93586.34375,
        187248.640625,
        61156.0234375
    ],
    "5": [
        108202.59375,
        167100.6875,
        30578.01171875
    ],
    "6": [
        110521.4453125,
        164504.140625,
        15289.005859375
    ],
    "7": [
        103207.28125,
        165941.578125,
        7644.5029296875
    ],
    "8": [
        100407.328125,
        166466.21875,
        3822.25146484375
    ]
}