{
    "0": [
        202387.5,
        202387.5,
        291219.15625
    ],
    "1": [
        202387.5,
        202387.5,
        291219.15625
    ],
    "2": [
        225009.359375,
        275782,
        145609.578125
    ],
    "3": [
        237672.65625,
        256666.09375,
        101926.703125
    ],
    "4": [
        274263.0625,
        268558.84375,
        61156.0234375
    ],
    "5": [
        262111.78125,
        273867.71875,
        30578.01171875
    ],
    "6": [
        248896.828125,
        273394.53125,
        15289.005859375
    ],
    "7": [
        248097.25,
        266303.15625,
        7644.5029296875
    ],
    "8": [
        244559.90625,
        264960.34375,
        3822.25146484375
    ]
}