{
    "0": [
        202387.5,
        202387.5,
        291219.15625
    ],
    "1": [
        202387.5,
        202387.5,
        291219.15625
    ],
    "2": [
        101284.796875,
        181166.15625,
        145609.578125
    ],
    "3": [
        69102.9296875,
        204554.09375,
        101926.703125
    ],
    "4": [
        54533.09765625,
        180782.984375,
        61156.0234375
    ],
    "5": [
        51427.953125,
        188029.53125,
        30578.01171875
    ],
    "6": [
        56525.3359375,
        173682.8125,
        15289.005859375
    ],
    "7": [
        57393.25,
        177966.171875,
        7644.5029296875
    ]
}