{
    "0": [
        202387.5,
        202387.5,
        291219.15625
    ],
    "1": [
        202387.5,
        202387.5,
        291219.15625
    ],
    "2": [
        204226,
        143254.359375,
        145609.578125
    ],
    "3": [
        199742.953125,
        113471.5078125,
        101926.703125
    ],
    "4": [
        195485.5625,
        116115.3828125,
        61156.0234375
    ],
    "5": [
        176943.453125,
        133143.828125,
        30578.01171875
    ],
    "6": [
        178896.40625,
        138038.390625,
        15289.005859375
    ],
    "7": [
        180389.046875,
        135101.890625,
        7644.5029296875
    ],
    "8": [
        179510.171875,
        134816.859375,
        3822.25146484375
    ]
}