{
    "0": [
        202387.5,
        202387.5,
        291219.15625
    ],
    "1": [
        202387.5,
        202387.5,
        291219.15625
    ],
    "2": [
        242906.53125,
        288835.625,
        145609.578125
    ],
    "3": [
        223485.203125,
        310411.875,
        101926.703125
    ],
    "4": [
        237492.6875,
        272759.5625,
        61156.0234375
    ],
    "5": [
        221991.296875,
        259166.796875,
        30578.01171875
    ],
    "6": [
        210047.34375,
        267685.15625,
        15289.005859375
    ]
}