{
    "0": [
        202387.5,
        202387.5,
        291219.15625
    ],
    "1": [
        202387.5,
        202387.5,
        291219.15625
    ],
    "2": [
        137687.109375,
        289483.3125,
        145609.578125
    ],
    "3": [
        133050.734375,
        271438.125,
        101926.703125
    ],
    "4": [
        96255.65625,
        285995.21875,
        61156.0234375
    ],
    "5": [
        79487.734375,
        293223.4375,
        30578.01171875
    ],
    "6": [
        90837.109375,
        293665.625,
        15289.005859375
    ],
    "7": [
        93936.96875,
        293769.75,
        7644.5029296875
    ],
    "8": [
        90441.921875,
        292685.25,
        3822.25146484375
    ]
}