{
    "0": [
        202387.5,
        202387.5,
        291219.15625
    ],
    "1": [
        202387.5,
        202387.5,
        291219.15625
    ],
    "2": [
        95717.2578125,
        202156.78125,
        145609.578125
    ],
    "3": [
        58630.890625,
        194674.0625,
        101926.703125
    ],
    "4": [
        67460.1171875,
        203276.953125,
        61156.0234375
    ],
    "5": [
        51643.76171875,
        216591.15625,
        30578.01171875
    ],
    "6": [
        44597.6953125,
        225589.015625,
        15289.005859375
    ]
}