{
    "0": [
        202387.5,
        202387.5,
        291219.15625
    ],
    "1": [
        202387.5,
        202387.5,
        291219.15625
    ],
    "2": [
        281390.28125,
        178417.75,
        145609.578125
    ],
    "3": [
        309974.34375,
        178797.53125,
        101926.703125
    ],
    "4": [
        289089.34375,
        146356.203125,
        61156.0234375
    ],
    "5": [
        279275.5625,
        169776.703125,
        30578.01171875
    ],
    "6": [
        275223.625,
        173913.171875,
        15289.005859375
    ],
    "7": [
        269807.28125,
        172549.25,
        7644.5029296875
    ]
}