{
    "0": [
        202387.5,
        202387.5,
        291219.15625
    ],
    "1": [
        202387.5,
        202387.5,
        291219.15625
    ],
    "2": [
        223973.828125,
        254755.03125,
        145609.578125
    ],
    "3": [
        186803.40625,
        252786.90625,
        101926.703125
    ],
    "4": [
        198795.703125,
        245026.65625,
        61156.0234375
    ],
    "5": [
        208583.765625,
        252484.109375,
        30578.01171875
    ],
    "6": [
        214852.28125,
        241754.125,
        15289.005859375
    ],
    "7": [
        220679.078125,
        245655.84375,
        7644.5029296875
    ]
}