{
    "0": [
        202387.5,
        202387.5,
        291219.15625
    ],
    "1": [
        202387.5,
        202387.5,
        291219.15625
    ],
    "2": [
        100307.0234375,
        240238.78125,
        145609.578125
    ],
    "3": [
        70764.9375,
        224021.078125,
        101926.703125
    ],
    "4": [
        85843.7265625,
        259184.25,
        61156.0234375
    ],
    "5": [
        93609.28125,
        277450.59375,
        30578.01171875
    ],
    "6": [
        98836.8828125,
        266387.71875,
        15289.005859375
    ],
    "7": [
        101952.1484375,
        269840.625,
        7644.5029296875
    ]
}