{
    "0": [
        202387.5,
        202387.5,
        291219.15625
    ],
    "1": [
        202387.5,
        202387.5,
        291219.15625
    ],
    "2": [
        103011.09375,
        246625.625,
        145609.578125
    ],
    "3": [
        103235.9453125,
        221203.65625,
        101926.703125
    ],
    "4": [
        94623.1015625,
        249181.5,
        61156.0234375
    ],
    "5": [
        86289.40625,
        268002.5,
        30578.01171875
    ],
    "6": [
        91547.578125,
        269834.78125,
        15289.005859375
    ],
    "7": [
        91015.5390625,
        262641.71875,
        7644.5029296875
    ]
}