{
    "0": [
        202387.5,
        202387.5,
        291219.15625
    ],
    "1": [
        202387.5,
        202387.5,
        291219.15625
    ],
    "2": [
        188236.671875,
        273415.3125,
        145609.578125
    ],
    "3": [
        192969.84375,
        249538.015625,
        101926.703125
    ],
    "4": [
        199460.59375,
        214356.296875,
        61156.0234375
    ],
    "5": [
        214967.734375,
        199084.53125,
        30578.01171875
    ],
    "6": [
        223382.484375,
        208557.46875,
        15289.005859375
    ],
    "7": [
        224008.9375,
        210531.640625,
        7644.5029296875
    ],
    "8": [
        224147.46875,
        210738.546875,
        3822.25146484375
    ]
}