{
    "0": [
        202387.5,
        202387.5,
        291219.15625
    ],
    "1": [
        202387.5,
        202387.5,
        291219.15625
    ],
    "2": [
        306618.0625,
        209015.921875,
        145609.578125
    ],
    "3": [
        288752.09375,
        183312.0625,
        101926.703125
    ],
    "4": [
        265132.375,
        151444.90625,
        61156.0234375
    ],
    "5": [
        268131.53125,
        165364.4375,
        30578.01171875
    ],
    "6": [
        275338.96875,
        175849.3125,
        15289.005859375
    ]
}