{
    "0": [
        202387.5,
        202387.5,
        291219.15625
    ],
    "1": [
        202387.5,
        202387.5,
        291219.15625
    ],
    "2": [
        194044.890625,
        131168.4375,
        145609.578125
    ],
    "3": [
        221205.15625,
        141667.609375,
        101926.703125
    ],
    "4": [
        237436.40625,
        111765.234375,
        61156.0234375
    ],
    "5": [
        260103.25,
        112231.4765625,
        30578.01171875
    ],
    "6": [
        266655.6875,
        106100.0859375,
        15289.005859375
    ],
    "7": [
        268640.90625,
        105438.375,
        7644.5029296875
    ],
    "8": [
        270955.375,
        105814.2734375,
        3822.25146484375
    ]
}