{
    "0": [
        202387.5,
        202387.5,
        291219.15625
    ],
    "1": [
        202387.5,
        202387.5,
        291219.15625
    ],
    "2": [
        284084.9375,
        134555.421875,
        145609.578125
    ],
    "3": [
        299549.09375,
        106398.9921875,
        101926.703125
    ],
    "4": [
        276028.15625,
        128935.625,
        61156.0234375
    ],
    "5": [
        270701.4375,
        115058.0078125,
        30578.01171875
    ],
    "6": [
        260028.796875,
        118587.234375,
        15289.005859375
    ],
    "7": [
        265292.25,
        119219.0234375,
        7644.5029296875
    ]
}