{
    "0": [
        202387.5,
        202387.5,
        291219.15625
    ],
    "1": [
        202387.5,
        202387.5,
        291219.15625
    ],
    "2": [
        125265.9375,
        158476.46875,
        145609.578125
    ],
    "3": [
        141978.65625,
        167064.65625,
        101926.703125
    ],
    "4": [
        130575.375,
        191043.09375,
        61156.0234375
    ],
    "5": [
        112818.5703125,
        196552.890625,
        30578.01171875
    ],
    "6": [
        98547.21875,
        197930.4375,
        15289.005859375
    ],
    "7": [
        102805.6015625,
        202843.578125,
        7644.5029296875
    ]
}