{
    "0": [
        202387.5,
        202387.5,
        291219.15625
    ],
    "1": [
        202387.5,
        202387.5,
        291219.15625
    ],
    "2": [
        158154.671875,
        107935.0625,
        145609.578125
    ],
    "3": [
        131944.796875,
        138572.078125,
        101926.703125
    ],
    "4": [
        125783.6953125,
        153749.0625,
        61156.0234375
    ],
    "5": [
        119886.7421875,
        130171.40625,
        30578.01171875
    ],
    "6": [
        112992.5234375,
        128079.8359375,
        15289.005859375
    ],
    "7": [
        115284.5390625,
        130338.5078125,
        7644.5029296875
    ]
}