{
    "0": [
        202387.5,
        202387.5,
        291219.15625
    ],
    "1": [
        202387.5,
        202387.5,
        291219.15625
    ],
    "2": [
        239972.78125,
        105699.40625,
        145609.578125
    ],
    "3": [
        243936.5,
        138266.296875,
        101926.703125
    ],
    "4": [
        220615.21875,
        127737.296875,
        61156.0234375
    ],
    "5": [
        221448.484375,
        127618.4609375,
        30578.01171875
    ],
    "6": [
        220933.90625,
        142218.671875,
        15289.005859375
    ],
    "7": [
        225848.921875,
        146387.734375,
        7644.5029296875
    ],
    "8": [
        225613.46875,
        146077.078125,
        3822.25146484375
    ]
}