{
    "0": [
        202387.5,
        202387.5,
        291219.15625
    ],
    "1": [
        202387.5,
        202387.5,
        291219.15625
    ],
    "2": [
        279075.34375,
        273250.625,
        145609.578125
    ],
    "3": [
        249665.1875,
        242889.03125,
        101926.703125
    ],
    "4": [
        246141.65625,
        223971.8125,
        61156.0234375
    ],
    "5": [
        219478.046875,
        232960.75,
        30578.01171875
    ],
    "6": [
        214997.484375,
        223934.34375,
        15289.005859375
    ],
    "7": [
        220644.34375,
        224352.296875,
        7644.5029296875
    ]
}