{
    "0": [
        202387.5,
        202387.5,
        291219.15625
    ],
    "1": [
        202387.5,
        202387.5,
        291219.15625
    ],
    "2": [
        124216.953125,
        204641.46875,
        145609.578125
    ],
    "3": [
        137704.09375,
        192125.03125,
        101926.703125
    ],
    "4": [
        121524.5859375,
        170075.203125,
        61156.0234375
    ],
    "5": [
        148964.84375,
        160949.796875,
        30578.01171875
    ],
    "6": [
        152763.65625,
        170348.609375,
        15289.005859375
    ],
    "7": [
        149215.015625,
        166528.15625,
        7644.5029296875
    ],
    "8": [
        145850.4375,
        166353.984375,
        3822.25146484375
    ]
}