{
    "0": [
        202387.5,
        202387.5,
        291219.15625
    ],
    "1": [
        202387.5,
        202387.5,
        291219.15625
    ],
    "2": [
        117723.5078125,
        215129.296875,
        145609.578125
    ],
    "3": [
        138612.40625,
        203990.328125,
        101926.703125
    ],
    "4": [
        119342.203125,
        184993.28125,
        61156.0234375
    ],
    "5": [
        123359.265625,
        202069.28125,
        30578.01171875
    ],
    "6": [
        134681.96875,
        193478.375,
        15289.005859375
    ],
    "7": [
        133062.09375,
        194315.75,
        7644.5029296875
    ],
    "8": [
        136339.3125,
        192389.203125,
        3822.25146484375
    ]
}