{
    "0": [
        202387.5,
        202387.5,
        291219.15625
    ],
    "1": [
        202387.5,
        202387.5,
        291219.15625
    ],
    "2": [
        122928.546875,
        199571.640625,
        145609.578125
    ],
    "3": [
        142928.375,
        178365.46875,
        101926.703125
    ],
    "4": [
        161527.6875,
        149423.171875,
        61156.0234375
    ],
    "5": [
        155562.625,
        167820.859375,
        30578.01171875
    ],
    "6": [
        153103.96875,
        169155.4375,
        15289.005859375
    ],
    "7": [
        153273.84375,
        170988.9375,
        7644.5029296875
    ]
}