{
    "0": [
        202387.5,
        202387.5,
        291219.15625
    ],
    "1": [
        202387.5,
        202387.5,
        291219.15625
    ],
    "2": [
        166661.0625,
        92930.5234375,
        145609.578125
    ],
    "3": [
        163765.4375,
        103882.1015625,
        101926.703125
    ],
    "4": [
        187669.8125,
        112060.1328125,
        61156.0234375
    ],
    "5": [
        215691.203125,
        115895.3203125,
        30578.01171875
    ],
    "6": [
        208616.9375,
        105293.21875,
        15289.005859375
    ],
    "7": [
        211327.640625,
        99326.4765625,
        7644.5029296875
    ],
    "8": [
        212976.703125,
        100525.4609375,
        3822.25146484375
    ],
    "9": [
        213215.9375,
        101152.1171875,
        1911.125732421875
    ]
}