{
    "0": [
        202387.5,
        202387.5,
        291219.15625
    ],
    "1": [
        202387.5,
        202387.5,
        291219.15625
    ],
    "2": [
        241213.40625,
        148931.1875,
        145609.578125
    ],
    "3": [
        279540.0625,
        134203.03125,
        101926.703125
    ],
    "4": [
        319593.75,
        128682.40625,
        61156.0234375
    ],
    "5": [
        329007.65625,
        108832.671875,
        30578.01171875
    ],
    "6": [
        328775.6875,
        95127.4453125,
        15289.005859375
    ],
    "7": [
        331919.9375,
        100172.484375,
        7644.5029296875
    ]
}