{
    "0": [
        202387.5,
        202387.5,
        291219.15625
    ],
    "1": [
        202387.5,
        202387.5,
        291219.15625
    ],
    "2": [
        148021.9375,
        225948.171875,
        145609.578125
    ],
    "3": [
        130138.2265625,
        230893.703125,
        101926.703125
    ],
    "4": [
        166251.46875,
        225236.015625,
        61156.0234375
    ],
    "5": [
        182336.046875,
        202667.828125,
        30578.01171875
    ],
    "6": [
        178436.984375,
        200058.921875,
        15289.005859375
    ],
    "7": [
        175147.203125,
        199409.515625,
        7644.5029296875
    ]
}