{
    "0": [
        202387.5,
        202387.5,
        291219.15625
    ],
    "1": [
        202387.5,
        202387.5,
        291219.15625
    ],
    "2": [
        313994.21875,
        181920.109375,
        145609.578125
    ],
    "3": [
        330679.8125,
        149617.28125,
        101926.703125
    ],
    "4": [
        291938.8125,
        138016.953125,
        61156.0234375
    ],
    "5": [
        309958.21875,
        146439.765625,
        30578.01171875
    ],
    "6": [
        316955.21875,
        156845.6875,
        15289.005859375
    ],
    "7": [
        314289.5625,
        154279.421875,
        7644.5029296875
    ],
    "8": [
        312499.375,
        152496.8125,
        3822.25146484375
    ]
}