{
    "0": [
        202387.5,
        202387.5,
        291219.15625
    ],
    "1": [
        202387.5,
        202387.5,
        291219.15625
    ],
    "2": [
        158100.265625,
        176652.765625,
        145609.578125
    ],
    "3": [
        162534.203125,
        150300.6875,
        101926.703125
    ],
    "4": [
        153693.046875,
        148214.15625,
        61156.0234375
    ],
    "5": [
        150040.390625,
        142028.5625,
        30578.01171875
    ],
    "6": [
        149667.96875,
        128932.046875,
        15289.005859375
    ]
}