{
    "0": [
        202387.5,
        202387.5,
        291219.15625
    ],
    "1": [
        202387.5,
        202387.5,
        291219.15625
    ],
    "2": [
        206647.953125,
        113699.3515625,
        145609.578125
    ],
    "3": [
        202516.296875,
        127800.0859375,
        101926.703125
    ],
    "4": [
        166029.859375,
        126520.90625,
        61156.0234375
    ],
    "5": [
        157203.8125,
        125940.4765625,
        30578.01171875
    ],
    "6": [
        146528.1875,
        135647.75,
        15289.005859375
    ],
    "7": [
        143758.765625,
        135773.421875,
        7644.5029296875
    ]
}