{
    "0": [
        202387.5,
        202387.5,
        291219.15625
    ],
    "1": [
        202387.5,
        202387.5,
        291219.15625
    ],
    "2": [
        112459.2734375,
        212558.828125,
        145609.578125
    ],
    "3": [
        137685.03125,
        202679.859375,
        101926.703125
    ],
    "4": [
        144714.3125,
        228611.09375,
        61156.0234375
    ],
    "5": [
        115127.09375,
        232731.4375,
        30578.01171875
    ],
    "6": [
        118436.25,
        237252.546875,
        15289.005859375
    ],
    "7": [
        117939.4375,
        232387.453125,
        7644.5029296875
    ]
}