{
    "0": [
        202387.5,
        202387.5,
        291219.15625
    ],
    "1": [
        202387.5,
        202387.5,
        291219.15625
    ],
    "2": [
        294270.25,
        215325.625,
        145609.578125
    ],
    "3": [
        313233.15625,
        241873.96875,
        101926.703125
    ],
    "4": [
        321913.84375,
        249800.8125,
        61156.0234375
    ],
    "5": [
        333166.65625,
        226290.078125,
        30578.01171875
    ],
    "6": [
        322689.375,
        228277.5,
        15289.005859375
    ],
    "7": [
        327195.25,
        224329.796875,
        7644.5029296875
    ]
}