{
    "0": [
        202387.5,
        202387.5,
        291219.15625
    ],
    "1": [
        202387.5,
        202387.5,
        291219.15625
    ],
    "2": [
        149114.25,
        176240.375,
        145609.578125
    ],
    "3": [
        165630.78125,
        152375.140625,
        101926.703125
    ],
    "4": [
        200957.421875,
        140345.515625,
        61156.0234375
    ],
    "5": [
        197816.125,
        116044.109375,
        30578.01171875
    ],
    "6": [
        203705.375,
        115602.8828125,
        15289.005859375
    ],
    "7": [
        207298.328125,
        121882.0703125,
        7644.5029296875
    ],
    "8": [
        204767.3125,
        123612.4140625,
        3822.25146484375
    ]
}