{
    "0": [
        202387.5,
        202387.5,
        291219.15625
    ],
    "1": [
        202387.5,
        202387.5,
        291219.15625
    ],
    "2": [
        106625.84375,
        238478.359375,
        145609.578125
    ],
    "3": [
        83982.2734375,
        210828.296875,
        101926.703125
    ],
    "4": [
        68029.09375,
        221935.96875,
        61156.0234375
    ],
    "5": [
        64580.47265625,
        224157.796875,
        30578.01171875
    ],
    "6": [
        62386.125,
        220685.765625,
        15289.005859375
    ]
}