{
    "0": [
        202387.5,
        202387.5,
        291219.15625
    ],
    "1": [
        202387.5,
        202387.5,
        291219.15625
    ],
    "2": [
        100120.21875,
        156624.75,
        145609.578125
    ],
    "3": [
        92262.828125,
        152258.84375,
        101926.703125
    ],
    "4": [
        99791.3046875,
        134322.84375,
        61156.0234375
    ],
    "5": [
        85982.03125,
        121788.0546875,
        30578.01171875
    ],
    "6": [
        84630.9765625,
        124946.390625,
        15289.005859375
    ],
    "7": [
        84230.75,
        124268.484375,
        7644.5029296875
    ]
}