{
    "0": [
        202387.5,
        202387.5,
        291219.15625
    ],
    "1": [
        202387.5,
        202387.5,
        291219.15625
    ],
    "2": [
        162665.25,
        248969.40625,
        145609.578125
    ],
    "3": [
        152861.203125,
        251064.90625,
        101926.703125
    ],
    "4": [
        130936.1484375,
        235520.390625,
        61156.0234375
    ],
    "5": [
        142109.5,
        218974.375,
        30578.01171875
    ],
    "6": [
        142690.828125,
        212057.8125,
        15289.005859375
    ],
    "7": [
        142457.203125,
        208657.8125,
        7644.5029296875
    ],
    "8": [
        143392.4375,
        208898.53125,
        3822.25146484375
    ]
}