{
    "0": [
        202387.5,
        202387.5,
        291219.15625
    ],
    "1": [
        202387.5,
        202387.5,
        291219.15625
    ],
    "2": [
        274349.84375,
        178992.640625,
        145609.578125
    ],
    "3": [
        253012.6875,
        152041.125,
        101926.703125
    ],
    "4": [
        279064.59375,
        142779.65625,
        61156.0234375
    ],
    "5": [
        276084.03125,
        171958.84375,
        30578.01171875
    ],
    "6": [
        286371.625,
        171352.171875,
        15289.005859375
    ]
}