{
    "0": [
        202387.5,
        202387.5,
        291219.15625
    ],
    "1": [
        202387.5,
        202387.5,
        291219.15625
    ],
    "2": [
        122796.8828125,
        193948.140625,
        145609.578125
    ],
    "3": [
        86685.828125,
        171195.609375,
        101926.703125
    ],
    "4": [
        57781.82421875,
        173545.578125,
        61156.0234375
    ],
    "5": [
        45365.0234375,
        160147.484375,
        30578.01171875
    ],
    "6": [
        53575.890625,
        166942.3125,
        15289.005859375
    ],
    "7": [
        49746.4609375,
        167579.875,
        7644.5029296875
    ]
}