{
    "0": [
        202387.5,
        202387.5,
        291219.15625
    ],
    "1": [
        202387.5,
        202387.5,
        291219.15625
    ],
    "2": [
        111843.8046875,
        181948.9375,
        145609.578125
    ],
    "3": [
        106395.15625,
        156611.125,
        101926.703125
    ],
    "4": [
        102450.7734375,
        124071.8046875,
        61156.0234375
    ],
    "5": [
        108261.1171875,
        128261.34375,
        30578.01171875
    ],
    "6": [
        95830.484375,
        134119.265625,
        15289.005859375
    ],
    "7": [
        102028.71875,
        133049.90625,
        7644.5029296875
    ],
    "8": [
        102841.2265625,
        134297.890625,
        3822.25146484375
    ]
}