{
    "0": [
        202387.5,
        202387.5,
        291219.15625
    ],
    "1": [
        202387.5,
        202387.5,
        291219.15625
    ],
    "2": [
        233021.765625,
        292743.9375,
        145609.578125
    ],
    "3": [
        200705.625,
        310276.21875,
        101926.703125
    ],
    "4": [
        224186.78125,
        281585.28125,
        61156.0234375
    ],
    "5": [
        220447.875,
        278929.40625,
        30578.01171875
    ],
    "6": [
        214619.328125,
        284871.8125,
        15289.005859375
    ],
    "7": [
        215257.421875,
        278702.09375,
        7644.5029296875
    ]
}