{
    "0": [
        202387.5,
        202387.5,
        291219.15625
    ],
    "1": [
        202387.5,
        202387.5,
        291219.15625
    ],
    "2": [
        253075.78125,
        209526.171875,
        145609.578125
    ],
    "3": [
        233670.140625,
        221285.171875,
        101926.703125
    ],
    "4": [
        216413.671875,
        233530.984375,
        61156.0234375
    ],
    "5": [
        223746.5,
        247053.671875,
        30578.01171875
    ],
    "6": [
        222297.6875,
        251469.5625,
        15289.005859375
    ],
    "7": [
        223713.421875,
        250893.9375,
        7644.5029296875
    ]
}