{
    "0": [
        202387.5,
        202387.5,
        291219.15625
    ],
    "1": [
        202387.5,
        202387.5,
        291219.15625
    ],
    "2": [
        199108.578125,
        89868.6796875,
        145609.578125
    ],
    "3": [
        214699.3125,
        109379.78125,
        101926.703125
    ],
    "4": [
        244281.046875,
        107214.2421875,
        61156.0234375
    ],
    "5": [
        257417.265625,
        104946.875,
        30578.01171875
    ],
    "6": [
        258296.78125,
        115324.9609375,
        15289.005859375
    ],
    "7": [
        257660.296875,
        122615.203125,
        7644.5029296875
    ],
    "8": [
        256980.265625,
        122934.78125,
        3822.25146484375
    ],
    "9": [
        257100.296875,
        122802.6796875,
        1911.125732421875
    ]
}