{
    "0": [
        202387.5,
        202387.5,
        291219.15625
    ],
    "1": [
        202387.5,
        202387.5,
        291219.15625
    ],
    "2": [
        222287.46875,
        243654.6875,
        145609.578125
    ],
    "3": [
        183233.078125,
        231663.140625,
        101926.703125
    ],
    "4": [
        158213.890625,
        224070.015625,
        61156.0234375
    ],
    "5": [
        165017.984375,
        248569.84375,
        30578.01171875
    ],
    "6": [
        163989.03125,
        249726.03125,
        15289.005859375
    ]
}