{
    "0": [
        202387.5,
        202387.5,
        291219.15625
    ],
    "1": [
        202387.5,
        202387.5,
        291219.15625
    ],
    "2": [
        223779.40625,
        205671.21875,
        145609.578125
    ],
    "3": [
        190233.96875,
        183085.53125,
        101926.703125
    ],
    "4": [
        154175.5625,
        184452.890625,
        61156.0234375
    ],
    "5": [
        149546.90625,
        203983.3125,
        30578.01171875
    ],
    "6": [
        144365.203125,
        205296.578125,
        15289.005859375
    ],
    "7": [
        142056.46875,
        207299.015625,
        7644.5029296875
    ]
}