{
    "0": [
        202387.5,
        202387.5,
        291219.15625
    ],
    "1": [
        202387.5,
        202387.5,
        291219.15625
    ],
    "2": [
        283124.53125,
        158605.640625,
        145609.578125
    ],
    "3": [
        293701.625,
        135349.96875,
        101926.703125
    ],
    "4": [
        271121.1875,
        102489.21875,
        61156.0234375
    ],
    "5": [
        242158.734375,
        109827.46875,
        30578.01171875
    ],
    "6": [
        249237.609375,
        99147.5546875,
        15289.005859375
    ]
}