{
    "0": [
        202387.5,
        202387.5,
        291219.15625
    ],
    "1": [
        202387.5,
        202387.5,
        291219.15625
    ],
    "2": [
        126847.1640625,
        186556.078125,
        145609.578125
    ],
    "3": [
        102565.828125,
        161099.25,
        101926.703125
    ],
    "4": [
        118140.71875,
        136770.78125,
        61156.0234375
    ],
    "5": [
        89697.640625,
        136251,
        30578.01171875
    ],
    "6": [
        86196.5703125,
        124242.0625,
        15289.005859375
    ]
}