{
    "0": [
        202387.5,
        202387.5,
        291219.15625
    ],
    "1": [
        202387.5,
        202387.5,
        291219.15625
    ],
    "2": [
        135870.65625,
        126479.9453125,
        145609.578125
    ],
    "3": [
        137302.703125,
        106075.9296875,
        101926.703125
    ],
    "4": [
        136535.78125,
        138881.03125,
        61156.0234375
    ],
    "5": [
        143367.359375,
        112376.53125,
        30578.01171875
    ],
    "6": [
        136457.203125,
        105896.9375,
        15289.005859375
    ],
    "7": [
        136615.953125,
        109656.5859375,
        7644.5029296875
    ],
    "8": [
        134612.640625,
        112141.0625,
        3822.25146484375
    ]
}