{
    "0": [
        202387.5,
        202387.5,
        291219.15625
    ],
    "1": [
        202387.5,
        202387.5,
        291219.15625
    ],
    "2": [
        238643.8125,
        207327.90625,
        145609.578125
    ],
    "3": [
        212433.484375,
        185028.921875,
        101926.703125
    ],
    "4": [
        203374.203125,
        150858.015625,
        61156.0234375
    ],
    "5": [
        187656.21875,
        127228.7890625,
        30578.01171875
    ],
    "6": [
        180773.25,
        124032.3125,
        15289.005859375
    ],
    "7": [
        180983.125,
        128684.6328125,
        7644.5029296875
    ]
}