{
    "0": [
        202387.5,
        202387.5,
        291219.15625
    ],
    "1": [
        202387.5,
        202387.5,
        291219.15625
    ],
    "2": [
        267450.0625,
        177728.625,
        145609.578125
    ],
    "3": [
        293335.28125,
        144881.78125,
        101926.703125
    ],
    "4": [
        264512.9375,
        126864.4140625,
        61156.0234375
    ],
    "5": [
        261693.484375,
        138526.140625,
        30578.01171875
    ],
    "6": [
        259170.40625,
        125725.546875,
        15289.005859375
    ],
    "7": [
        261238.3125,
        132366.546875,
        7644.5029296875
    ]
}