{
    "0": [
        202387.5,
        202387.5,
        291219.15625
    ],
    "1": [
        202387.5,
        202387.5,
        291219.15625
    ],
    "2": [
        225156.90625,
        245127.078125,
        145609.578125
    ],
    "3": [
        192411.03125,
        242824.09375,
        101926.703125
    ],
    "4": [
        225134.125,
        228530.515625,
        61156.0234375
    ],
    "5": [
        218921.671875,
        248604.78125,
        30578.01171875
    ],
    "6": [
        223993.421875,
        235795.21875,
        15289.005859375
    ],
    "7": [
        228365.109375,
        238753.671875,
        7644.5029296875
    ]
}