{
    "0": [
        202387.5,
        202387.5,
        291219.15625
    ],
    "1": [
        202387.5,
        202387.5,
        291219.15625
    ],
    "2": [
        213599.984375,
        86474.0703125,
        145609.578125
    ],
    "3": [
        246135.828125,
        100007.09375,
        101926.703125
    ],
    "4": [
        249927.453125,
        81994.2734375,
        61156.0234375
    ],
    "5": [
        237516.078125,
        97192.390625,
        30578.01171875
    ],
    "6": [
        243904.734375,
        111061.8984375,
        15289.005859375
    ],
    "7": [
        245548.546875,
        112242.2421875,
        7644.5029296875
    ],
    "8": [
        243889.0625,
        112615.890625,
        3822.25146484375
    ]
}