{
    "0": [
        202387.5,
        202387.5,
        291219.15625
    ],
    "1": [
        202387.5,
        202387.5,
        291219.15625
    ],
    "2": [
        121036.1953125,
        255642.15625,
        145609.578125
    ],
    "3": [
        141085.03125,
        230523.453125,
        101926.703125
    ],
    "4": [
        153557.875,
        197218.75,
        61156.0234375
    ],
    "5": [
        154455.453125,
        196137.09375,
        30578.01171875
    ],
    "6": [
        157005.71875,
        200749.671875,
        15289.005859375
    ],
    "7": [
        154746.15625,
        201869.34375,
        7644.5029296875
    ]
}