{
    "0": [
        202387.5,
        202387.5,
        291219.15625
    ],
    "1": [
        202387.5,
        202387.5,
        291219.15625
    ],
    "2": [
        276846.8125,
        196867.515625,
        145609.578125
    ],
    "3": [
        299424.5,
        205309.28125,
        101926.703125
    ],
    "4": [
        323261.1875,
        216919.328125,
        61156.0234375
    ],
    "5": [
        323302.6875,
        220115.234375,
        30578.01171875
    ],
    "6": [
        324757.5,
        208803.34375,
        15289.005859375
    ],
    "7": [
        322691.4375,
        213307.140625,
        7644.5029296875
    ]
}