{
    "0": [
        202387.5,
        202387.5,
        291219.15625
    ],
    "1": [
        202387.5,
        202387.5,
        291219.15625
    ],
    "2": [
        240508.0625,
        295680.21875,
        145609.578125
    ],
    "3": [
        201305.84375,
        292856.5625,
        101926.703125
    ],
    "4": [
        173377.859375,
        294502.90625,
        61156.0234375
    ],
    "5": [
        149692.703125,
        284815.625,
        30578.01171875
    ],
    "6": [
        144286.453125,
        286097.21875,
        15289.005859375
    ],
    "7": [
        149923.453125,
        285309.71875,
        7644.5029296875
    ]
}