{
    "0": [
        202387.5,
        202387.5,
        291219.15625
    ],
    "1": [
        202387.5,
        202387.5,
        291219.15625
    ],
    "2": [
        255414.9375,
        121747.953125,
        145609.578125
    ],
    "3": [
        239406.1875,
        101116.46875,
        101926.703125
    ],
    "4": [
        205146.140625,
        110912.3984375,
        61156.0234375
    ],
    "5": [
        207817.53125,
        140442.5,
        30578.01171875
    ],
    "6": [
        205381.59375,
        135888.765625,
        15289.005859375
    ],
    "7": [
        208189.34375,
        134931.046875,
        7644.5029296875
    ],
    "8": [
        207295.703125,
        132531.09375,
        3822.25146484375
    ]
}