{
    "0": [
        202387.5,
        202387.5,
        291219.15625
    ],
    "1": [
        202387.5,
        202387.5,
        291219.15625
    ],
    "2": [
        108079.8046875,
        210073.9375,
        145609.578125
    ],
    "3": [
        71381.171875,
        217315.40625,
        101926.703125
    ],
    "4": [
        94716.90625,
        248132.921875,
        61156.0234375
    ],
    "5": [
        72160.1875,
        232640.609375,
        30578.01171875
    ],
    "6": [
        68770.3828125,
        225945.375,
        15289.005859375
    ],
    "7": [
        67019.203125,
        225252.640625,
        7644.5029296875
    ],
    "8": [
        67379.734375,
        227774.53125,
        3822.25146484375
    ]
}