{
    "0": [
        202387.5,
        202387.5,
        291219.15625
    ],
    "1": [
        202387.5,
        202387.5,
        291219.15625
    ],
    "2": [
        155320.578125,
        240844.5,
        145609.578125
    ],
    "3": [
        196389.875,
        248272.6875,
        101926.703125
    ],
    "4": [
        179231.71875,
        217242.765625,
        61156.0234375
    ],
    "5": [
        173815.3125,
        210339.4375,
        30578.01171875
    ],
    "6": [
        176746.765625,
        222987.5625,
        15289.005859375
    ],
    "7": [
        174566.421875,
        218744,
        7644.5029296875
    ]
}