{
    "0": [
        202387.5,
        202387.5,
        291219.15625
    ],
    "1": [
        202387.5,
        202387.5,
        291219.15625
    ],
    "2": [
        267702.1875,
        213473.625,
        145609.578125
    ],
    "3": [
        250744.46875,
        177995.59375,
        101926.703125
    ],
    "4": [
        265606.5625,
        189023,
        61156.0234375
    ],
    "5": [
        240012.515625,
        196578.578125,
        30578.01171875
    ],
    "6": [
        252623.8125,
        192949.71875,
        15289.005859375
    ]
}