{
    "0": [
        202387.5,
        202387.5,
        291219.15625
    ],
    "1": [
        202387.5,
        202387.5,
        291219.15625
    ],
    "2": [
        284648.40625,
        278468.5625,
        145609.578125
    ],
    "3": [
        252928.609375,
        282368.71875,
        101926.703125
    ],
    "4": [
        221612.390625,
        275904.03125,
        61156.0234375
    ],
    "5": [
        196022.25,
        280844.4375,
        30578.01171875
    ],
    "6": [
        194154.484375,
        269739.6875,
        15289.005859375
    ]
}