{
    "0": [
        202387.5,
        202387.5,
        291219.15625
    ],
    "1": [
        202387.5,
        202387.5,
        291219.15625
    ],
    "2": [
        259370.875,
        139755.03125,
        145609.578125
    ],
    "3": [
        288433.25,
        140541.625,
        101926.703125
    ],
    "4": [
        322115.15625,
        122831.0078125,
        61156.0234375
    ],
    "5": [
        319249.96875,
        120772.4296875,
        30578.01171875
    ],
    "6": [
        328073.25,
        111675.46875,
        15289.005859375
    ]
}