{
    "0": [
        202387.5,
        202387.5,
        291219.15625
    ],
    "1": [
        202387.5,
        202387.5,
        291219.15625
    ],
    "2": [
        177571.234375,
        168632.21875,
        145609.578125
    ],
    "3": [
        210672.953125,
        182661.90625,
        101926.703125
    ],
    "4": [
        193588.78125,
        146253.96875,
        61156.0234375
    ],
    "5": [
        191054.03125,
        121657.7109375,
        30578.01171875
    ],
    "6": [
        193286.09375,
        132545.625,
        15289.005859375
    ],
    "7": [
        197662.140625,
        136999.4375,
        7644.5029296875
    ],
    "8": [
        198859.03125,
        136432.46875,
        3822.25146484375
    ]
}