{
    "0": [
        202387.5,
        202387.5,
        291219.15625
    ],
    "1": [
        202387.5,
        202387.5,
        291219.15625
    ],
    "2": [
        217018.734375,
        196056.90625,
        145609.578125
    ],
    "3": [
        234480.140625,
        191844.390625,
        101926.703125
    ],
    "4": [
        196848.359375,
        191937.6875,
        61156.0234375
    ],
    "5": [
        185208.453125,
        173701.21875,
        30578.01171875
    ],
    "6": [
        192662.703125,
        181827.484375,
        15289.005859375
    ],
    "7": [
        192067.046875,
        175733.4375,
        7644.5029296875
    ],
    "8": [
        191762.296875,
        175249.40625,
        3822.25146484375
    ]
}