{
    "0": [
        202387.5,
        202387.5,
        291219.15625
    ],
    "1": [
        202387.5,
        202387.5,
        291219.15625
    ],
    "2": [
        234504.75,
        131211.140625,
        145609.578125
    ],
    "3": [
        248274.5,
        100629.375,
        101926.703125
    ],
    "4": [
        248537.046875,
        141138.96875,
        61156.0234375
    ],
    "5": [
        255237.3125,
        121272.8203125,
        30578.01171875
    ],
    "6": [
        248151.359375,
        130856.640625,
        15289.005859375
    ],
    "7": [
        251368.296875,
        133556.734375,
        7644.5029296875
    ],
    "8": [
        253980.890625,
        134756.3125,
        3822.25146484375
    ],
    "9": [
        253222.484375,
        134486.46875,
        1911.125732421875
    ]
}