{
    "0": [
        202387.5,
        202387.5,
        291219.15625
    ],
    "1": [
        202387.5,
        202387.5,
        291219.15625
    ],
    "2": [
        188503.71875,
        138877.640625,
        145609.578125
    ],
    "3": [
        205054.40625,
        122922.1171875,
        101926.703125
    ],
    "4": [
        234115.375,
        114541.1953125,
        61156.0234375
    ],
    "5": [
        227563.53125,
        86581.625,
        30578.01171875
    ],
    "6": [
        221278.875,
        88938.3671875,
        15289.005859375
    ],
    "7": [
        228440.421875,
        87435.2109375,
        7644.5029296875
    ]
}