{
    "0": [
        202387.5,
        202387.5,
        291219.15625
    ],
    "1": [
        202387.5,
        202387.5,
        291219.15625
    ],
    "2": [
        199353.890625,
        276831.9375,
        145609.578125
    ],
    "3": [
        187153.09375,
        307788.09375,
        101926.703125
    ],
    "4": [
        184281.25,
        319579.6875,
        61156.0234375
    ],
    "5": [
        175218.203125,
        320584.25,
        30578.01171875
    ],
    "6": [
        187571.796875,
        324512.71875,
        15289.005859375
    ],
    "7": [
        186701.625,
        324453.40625,
        7644.5029296875
    ]
}