{
    "0": [
        202387.5,
        202387.5,
        291219.15625
    ],
    "1": [
        202387.5,
        202387.5,
        291219.15625
    ],
    "2": [
        121930.734375,
        204034.953125,
        145609.578125
    ],
    "3": [
        120327.21875,
        168736.375,
        101926.703125
    ],
    "4": [
        106227.8671875,
        164627.625,
        61156.0234375
    ],
    "5": [
        102147,
        167578.5,
        30578.01171875
    ],
    "6": [
        88018.140625,
        162653.03125,
        15289.005859375
    ],
    "7": [
        87253.09375,
        160602.34375,
        7644.5029296875
    ],
    "8": [
        85597.515625,
        162680.453125,
        3822.25146484375
    ]
}