{
    "0": [
        202387.5,
        202387.5,
        291219.15625
    ],
    "1": [
        202387.5,
        202387.5,
        291219.15625
    ],
    "2": [
        229658.09375,
        150379.890625,
        145609.578125
    ],
    "3": [
        263539.3125,
        171353.21875,
        101926.703125
    ],
    "4": [
        242351.203125,
        138189.046875,
        61156.0234375
    ],
    "5": [
        230473.0625,
        126825.0703125,
        30578.01171875
    ],
    "6": [
        228701.71875,
        122612.328125,
        15289.005859375
    ],
    "7": [
        231683.59375,
        115880.375,
        7644.5029296875
    ]
}