{
    "0": [
        202387.5,
        202387.5,
        291219.15625
    ],
    "1": [
        202387.5,
        202387.5,
        291219.15625
    ],
    "2": [
        172867.96875,
        197770.703125,
        145609.578125
    ],
    "3": [
        187617.328125,
        194274.484375,
        101926.703125
    ],
    "4": [
        171259.703125,
        219450.96875,
        61156.0234375
    ],
    "5": [
        153186.71875,
        224838.703125,
        30578.01171875
    ],
    "6": [
        145952.59375,
        234824.640625,
        15289.005859375
    ]
}