{
    "0": [
        202387.5,
        202387.5,
        291219.15625
    ],
    "1": [
        202387.5,
        202387.5,
        291219.15625
    ],
    "2": [
        96744.1953125,
        191958.5625,
        145609.578125
    ],
    "3": [
        123616.21875,
        161713.34375,
        101926.703125
    ],
    "4": [
        120216.34375,
        198768.609375,
        61156.0234375
    ],
    "5": [
        96674.53125,
        192838.75,
        30578.01171875
    ],
    "6": [
        107343.578125,
        189303.5625,
        15289.005859375
    ],
    "7": [
        102655.6875,
        184559.734375,
        7644.5029296875
    ]
}