{
    "0": [
        202387.5,
        202387.5,
        291219.15625
    ],
    "1": [
        202387.5,
        202387.5,
        291219.15625
    ],
    "2": [
        261420.015625,
        163801.390625,
        145609.578125
    ],
    "3": [
        248609.328125,
        193200.1875,
        101926.703125
    ],
    "4": [
        226358.5,
        171099.203125,
        61156.0234375
    ],
    "5": [
        255022,
        170107.234375,
        30578.01171875
    ],
    "6": [
        253707.5,
        179894.0625,
        15289.005859375
    ],
    "7": [
        253937.546875,
        180365.515625,
        7644.5029296875
    ],
    "8": [
        253696.4375,
        182581.453125,
        3822.25146484375
    ]
}