{
    "0": [
        202387.5,
        202387.5,
        291219.15625
    ],
    "1": [
        202387.5,
        202387.5,
        291219.15625
    ],
    "2": [
        195911.390625,
        167053.578125,
        145609.578125
    ],
    "3": [
        196257.984375,
        174847.71875,
        101926.703125
    ],
    "4": [
        165096.265625,
        193914.15625,
        61156.0234375
    ],
    "5": [
        150194.796875,
        219350.859375,
        30578.01171875
    ],
    "6": [
        148037.140625,
        234025.96875,
        15289.005859375
    ],
    "7": [
        144928.46875,
        239727.78125,
        7644.5029296875
    ],
    "8": [
        145304.828125,
        240410.875,
        3822.25146484375
    ]
}