{
    "0": [
        202387.5,
        202387.5,
        291219.15625
    ],
    "1": [
        202387.5,
        202387.5,
        291219.15625
    ],
    "2": [
        281461.59375,
        226668.625,
        145609.578125
    ],
    "3": [
        300286.1875,
        261210.53125,
        101926.703125
    ],
    "4": [
        290068.125,
        287245.125,
        61156.0234375
    ],
    "5": [
        286073.96875,
        263552.71875,
        30578.01171875
    ],
    "6": [
        280804.15625,
        276086.15625,
        15289.005859375
    ],
    "7": [
        274137.8125,
        278143,
        7644.5029296875
    ]
}