{
    "0": [
        202387.5,
        202387.5,
        291219.15625
    ],
    "1": [
        202387.5,
        202387.5,
        291219.15625
    ],
    "2": [
        184917.28125,
        244936.0625,
        145609.578125
    ],
    "3": [
        177935.75,
        222521.9375,
        101926.703125
    ],
    "4": [
        182504,
        251579.328125,
        61156.0234375
    ],
    "5": [
        158255.671875,
        249644.453125,
        30578.01171875
    ],
    "6": [
        162520.328125,
        245714.296875,
        15289.005859375
    ]
}