{
    "0": [
        202387.5,
        202387.5,
        291219.15625
    ],
    "1": [
        202387.5,
        202387.5,
        291219.15625
    ],
    "2": [
        139730.59375,
        244289.34375,
        145609.578125
    ],
    "3": [
        150255,
        217389.984375,
        101926.703125
    ],
    "4": [
        126555.0625,
        224086.1875,
        61156.0234375
    ],
    "5": [
        107308,
        216971.359375,
        30578.01171875
    ],
    "6": [
        104415.2578125,
        209850.765625,
        15289.005859375
    ],
    "7": [
        105268.140625,
        203970.390625,
        7644.5029296875
    ]
}