{
    "0": [
        202387.5,
        202387.5,
        291219.15625
    ],
    "1": [
        202387.5,
        202387.5,
        291219.15625
    ],
    "2": [
        200536.3125,
        264115.375,
        145609.578125
    ],
    "3": [
        186896.484375,
        260491.125,
        101926.703125
    ],
    "4": [
        160339.15625,
        250796.8125,
        61156.0234375
    ],
    "5": [
        173411.40625,
        259730.234375,
        30578.01171875
    ],
    "6": [
        178950.9375,
        271868.09375,
        15289.005859375
    ],
    "7": [
        183336,
        268577.65625,
        7644.5029296875
    ],
    "8": [
        183211.265625,
        269718.1875,
        3822.25146484375
    ]
}