{
    "0": [
        202387.5,
        202387.5,
        291219.15625
    ],
    "1": [
        202387.5,
        202387.5,
        291219.15625
    ],
    "2": [
        230245.15625,
        236909,
        145609.578125
    ],
    "3": [
        224935.578125,
        200766.25,
        101926.703125
    ],
    "4": [
        209462.171875,
        238481.25,
        61156.0234375
    ],
    "5": [
        203995.515625,
        256588.984375,
        30578.01171875
    ],
    "6": [
        212792.5625,
        257473.0625,
        15289.005859375
    ],
    "7": [
        213384.6875,
        263160,
        7644.5029296875
    ]
}