{
    "0": [
        202387.5,
        202387.5,
        291219.15625
    ],
    "1": [
        202387.5,
        202387.5,
        291219.15625
    ],
    "2": [
        153069.375,
        295234.0625,
        145609.578125
    ],
    "3": [
        186586.015625,
        315972.21875,
        101926.703125
    ],
    "4": [
        186620.59375,
        291875.90625,
        61156.0234375
    ],
    "5": [
        169637.125,
        301813.5,
        30578.01171875
    ],
    "6": [
        179884.640625,
        305260.34375,
        15289.005859375
    ],
    "7": [
        181184.296875,
        312086.34375,
        7644.5029296875
    ],
    "8": [
        181499,
        312069.65625,
        3822.25146484375
    ]
}