{
    "0": [
        202387.5,
        202387.5,
        291219.15625
    ],
    "1": [
        202387.5,
        202387.5,
        291219.15625
    ],
    "2": [
        257301.453125,
        218968.59375,
        145609.578125
    ],
    "3": [
        250830.484375,
        235774.34375,
        101926.703125
    ],
    "4": [
        217160.34375,
        249484.15625,
        61156.0234375
    ],
    "5": [
        240204.640625,
        239175.03125,
        30578.01171875
    ],
    "6": [
        242789.71875,
        241425.890625,
        15289.005859375
    ],
    "7": [
        248819.828125,
        242817,
        7644.5029296875
    ],
    "8": [
        250657.671875,
        241014.8125,
        3822.25146484375
    ]
}