{
    "0": [
        202387.5,
        202387.5,
        291219.15625
    ],
    "1": [
        202387.5,
        202387.5,
        291219.15625
    ],
    "2": [
        296920,
        188899.859375,
        145609.578125
    ],
    "3": [
        273309.9375,
        181020.796875,
        101926.703125
    ],
    "4": [
        277823.625,
        172848.53125,
        61156.0234375
    ],
    "5": [
        263495.5625,
        162417.296875,
        30578.01171875
    ],
    "6": [
        263484.375,
        149543.21875,
        15289.005859375
    ]
}