{
    "0": [
        202387.5,
        202387.5,
        291219.15625
    ],
    "1": [
        202387.5,
        202387.5,
        291219.15625
    ],
    "2": [
        297001.125,
        156072.21875,
        145609.578125
    ],
    "3": [
        323697.125,
        145232.25,
        101926.703125
    ],
    "4": [
        352445.53125,
        137234.203125,
        61156.0234375
    ],
    "5": [
        363875.34375,
        113152.3125,
        30578.01171875
    ],
    "6": [
        354317.21875,
        115780.9609375,
        15289.005859375
    ]
}