{
    "0": [
        202387.5,
        202387.5,
        291219.15625
    ],
    "1": [
        202387.5,
        202387.5,
        291219.15625
    ],
    "2": [
        115179.2890625,
        198041.8125,
        145609.578125
    ],
    "3": [
        139574.59375,
        165834.765625,
        101926.703125
    ],
    "4": [
        163450.65625,
        171666.484375,
        61156.0234375
    ],
    "5": [
        151333.25,
        187804.203125,
        30578.01171875
    ],
    "6": [
        150284.8125,
        180182.578125,
        15289.005859375
    ],
    "7": [
        147248.203125,
        176056.984375,
        7644.5029296875
    ]
}