{
    "0": [
        202387.5,
        202387.5,
        291219.15625
    ],
    "1": [
        202387.5,
        202387.5,
        291219.15625
    ],
    "2": [
        175202.90625,
        130533.3984375,
        145609.578125
    ],
    "3": [
        166269.296875,
        147094.4375,
        101926.703125
    ],
    "4": [
        200360.28125,
        133502.25,
        61156.0234375
    ],
    "5": [
        176093.359375,
        115185.796875,
        30578.01171875
    ],
    "6": [
        172918.65625,
        107737.875,
        15289.005859375
    ],
    "7": [
        175527.171875,
        101847.8203125,
        7644.5029296875
    ],
    "8": [
        175777.59375,
        102522.9140625,
        3822.25146484375
    ]
}