{
    "0": [
        202387.5,
        202387.5,
        291219.15625
    ],
    "1": [
        202387.5,
        202387.5,
        291219.15625
    ],
    "2": [
        147466.015625,
        175705.453125,
        145609.578125
    ],
    "3": [
        146182.703125,
        143443.15625,
        101926.703125
    ],
    "4": [
        147016.5625,
        152002.84375,
        61156.0234375
    ],
    "5": [
        121447.359375,
        143102.171875,
        30578.01171875
    ],
    "6": [
        122880.3359375,
        146702.125,
        15289.005859375
    ],
    "7": [
        120419.5703125,
        139947.5,
        7644.5029296875
    ]
}