{
    "0": [
        202387.5,
        202387.5,
        291219.15625
    ],
    "1": [
        202387.5,
        202387.5,
        291219.15625
    ],
    "2": [
        156765.515625,
        239718.078125,
        145609.578125
    ],
    "3": [
        187538.3125,
        249721.515625,
        101926.703125
    ],
    "4": [
        192047.859375,
        216113.609375,
        61156.0234375
    ],
    "5": [
        179223.125,
        191435.9375,
        30578.01171875
    ],
    "6": [
        171590.015625,
        203490.15625,
        15289.005859375
    ],
    "7": [
        169859.15625,
        208907.28125,
        7644.5029296875
    ]
}