{
    "0": [
        202387.5,
        202387.5,
        291219.15625
    ],
    "1": [
        202387.5,
        202387.5,
        291219.15625
    ],
    "2": [
        223597.40625,
        99520.1640625,
        145609.578125
    ],
    "3": [
        265339.78125,
        88254.4609375,
        101926.703125
    ],
    "4": [
        288174.5625,
        89223.734375,
        61156.0234375
    ],
    "5": [
        273116.28125,
        106951.4453125,
        30578.01171875
    ],
    "6": [
        281936.75,
        103582.40625,
        15289.005859375
    ],
    "7": [
        286270.75,
        104568.796875,
        7644.5029296875
    ],
    "8": [
        286541,
        101538.96875,
        3822.25146484375
    ]
}