{
    "0": [
        202387.5,
        202387.5,
        291219.15625
    ],
    "1": [
        202387.5,
        202387.5,
        291219.15625
    ],
    "2": [
        194992.703125,
        244493.046875,
        145609.578125
    ],
    "3": [
        170818.671875,
        241045.1875,
        101926.703125
    ],
    "4": [
        141262.65625,
        239744.875,
        61156.0234375
    ],
    "5": [
        136673.078125,
        255457.1875,
        30578.01171875
    ],
    "6": [
        126913.1015625,
        247952.71875,
        15289.005859375
    ],
    "7": [
        130617.1171875,
        248088.21875,
        7644.5029296875
    ],
    "8": [
        130266.4765625,
        250955.09375,
        3822.25146484375
    ]
}