{
    "0": [
        202387.5,
        202387.5,
        291219.15625
    ],
    "1": [
        202387.5,
        202387.5,
        291219.15625
    ],
    "2": [
        127528.1953125,
        147912.703125,
        145609.578125
    ],
    "3": [
        164517.78125,
        141759.6875,
        101926.703125
    ],
    "4": [
        194933.890625,
        122042.65625,
        61156.0234375
    ],
    "5": [
        196106.171875,
        138925,
        30578.01171875
    ],
    "6": [
        192218.859375,
        136796.75,
        15289.005859375
    ],
    "7": [
        197958.359375,
        135306.9375,
        7644.5029296875
    ],
    "8": [
        200140.296875,
        134708.546875,
        3822.25146484375
    ]
}