{
    "0": [
        202387.5,
        202387.5,
        291219.15625
    ],
    "1": [
        202387.5,
        202387.5,
        291219.15625
    ],
    "2": [
        294539.9375,
        167541.375,
        145609.578125
    ],
    "3": [
        276732.125,
        169483.21875,
        101926.703125
    ],
    "4": [
        258580.0625,
        148811.546875,
        61156.0234375
    ],
    "5": [
        249200.453125,
        125920.7890625,
        30578.01171875
    ],
    "6": [
        246396.109375,
        112499.84375,
        15289.005859375
    ]
}