{
    "0": [
        202387.5,
        202387.5,
        291219.15625
    ],
    "1": [
        202387.5,
        202387.5,
        291219.15625
    ],
    "2": [
        242814.40625,
        210266.4375,
        145609.578125
    ],
    "3": [
        216627.03125,
        236857.109375,
        101926.703125
    ],
    "4": [
        230310.78125,
        254975.3125,
        61156.0234375
    ],
    "5": [
        232907.703125,
        248956.109375,
        30578.01171875
    ],
    "6": [
        238481.9375,
        240283.296875,
        15289.005859375
    ]
}