{
    "0": [
        202387.5,
        202387.5,
        291219.15625
    ],
    "1": [
        202387.5,
        202387.5,
        291219.15625
    ],
    "2": [
        165385.0625,
        296151.125,
        145609.578125
    ],
    "3": [
        128969.3125,
        309886.5,
        101926.703125
    ],
    "4": [
        119485.0234375,
        334993.59375,
        61156.0234375
    ],
    "5": [
        112096.8359375,
        349241.84375,
        30578.01171875
    ],
    "6": [
        105821.9375,
        359088,
        15289.005859375
    ],
    "7": [
        103718.84375,
        363650.28125,
        7644.5029296875
    ]
}