{
    "0": [
        202387.5,
        202387.5,
        291219.15625
    ],
    "1": [
        202387.5,
        202387.5,
        291219.15625
    ],
    "2": [
        135484.328125,
        230952.671875,
        145609.578125
    ],
    "3": [
        101965.125,
        222580.34375,
        101926.703125
    ],
    "4": [
        67786.828125,
        213701.546875,
        61156.0234375
    ],
    "5": [
        56697.73828125,
        229053.578125,
        30578.01171875
    ],
    "6": [
        55023.75390625,
        225937.6875,
        15289.005859375
    ]
}