{
    "0": [
        202387.5,
        202387.5,
        291219.15625
    ],
    "1": [
        202387.5,
        202387.5,
        291219.15625
    ],
    "2": [
        304050.65625,
        227094.75,
        145609.578125
    ],
    "3": [
        289999.21875,
        226576.953125,
        101926.703125
    ],
    "4": [
        260041.828125,
        222224.1875,
        61156.0234375
    ],
    "5": [
        246807.65625,
        237716.421875,
        30578.01171875
    ],
    "6": [
        248232.03125,
        234200.25,
        15289.005859375
    ],
    "7": [
        247344.0625,
        232023.515625,
        7644.5029296875
    ]
}