{
    "0": [
        202387.5,
        202387.5,
        291219.15625
    ],
    "1": [
        202387.5,
        202387.5,
        291219.15625
    ],
    "2": [
        244814.140625,
        217850.546875,
        145609.578125
    ],
    "3": [
        229167.5,
        225653.4375,
        101926.703125
    ],
    "4": [
        249641.390625,
        198449.671875,
        61156.0234375
    ],
    "5": [
        238164.78125,
        181542.09375,
        30578.01171875
    ],
    "6": [
        229744.609375,
        173111.984375,
        15289.005859375
    ],
    "7": [
        236174.078125,
        174238.84375,
        7644.5029296875
    ],
    "8": [
        236795.34375,
        174346.421875,
        3822.25146484375
    ]
}