{
    "0": [
        202387.5,
        202387.5,
        291219.15625
    ],
    "1": [
        202387.5,
        202387.5,
        291219.15625
    ],
    "2": [
        292628.5,
        270139.96875,
        145609.578125
    ],
    "3": [
        284344,
        300212.09375,
        101926.703125
    ],
    "4": [
        258499.609375,
        301347.4375,
        61156.0234375
    ],
    "5": [
        246509.25,
        279266.96875,
        30578.01171875
    ],
    "6": [
        235183.65625,
        272519.21875,
        15289.005859375
    ],
    "7": [
        229859.359375,
        267359.78125,
        7644.5029296875
    ]
}