{
    "0": [
        202387.5,
        202387.5,
        291219.15625
    ],
    "1": [
        202387.5,
        202387.5,
        291219.15625
    ],
    "2": [
        198727.859375,
        106202.8515625,
        145609.578125
    ],
    "3": [
        226114.6875,
        115264.578125,
        101926.703125
    ],
    "4": [
        208219.921875,
        144457.5,
        61156.0234375
    ],
    "5": [
        214738.4375,
        117001.8828125,
        30578.01171875
    ],
    "6": [
        224442.953125,
        107207.3671875,
        15289.005859375
    ],
    "7": [
        219608.859375,
        112484.7265625,
        7644.5029296875
    ]
}