{
    "0": [
        202387.5,
        202387.5,
        291219.15625
    ],
    "1": [
        202387.5,
        202387.5,
        291219.15625
    ],
    "2": [
        237980.78125,
        287667.78125,
        145609.578125
    ],
    "3": [
        212180.140625,
        321311.375,
        101926.703125
    ],
    "4": [
        197186.6875,
        351285.4375,
        61156.0234375
    ],
    "5": [
        220060.984375,
        345636.65625,
        30578.01171875
    ],
    "6": [
        226609.1875,
        342528.09375,
        15289.005859375
    ]
}