{
    "0": [
        202387.5,
        202387.5,
        291219.15625
    ],
    "1": [
        202387.5,
        202387.5,
        291219.15625
    ],
    "2": [
        210727.515625,
        305183.875,
        145609.578125
    ],
    "3": [
        229409.53125,
        280597.875,
        101926.703125
    ],
    "4": [
        243314.046875,
        303603.96875,
        61156.0234375
    ],
    "5": [
        226163.71875,
        313121.75,
        30578.01171875
    ],
    "6": [
        231006.8125,
        317860.625,
        15289.005859375
    ]
}