{
    "0": [
        202387.5,
        202387.5,
        291219.15625
    ],
    "1": [
        202387.5,
        202387.5,
        291219.15625
    ],
    "2": [
        228186.078125,
        154894.609375,
        145609.578125
    ],
    "3": [
        259704.203125,
        145405.84375,
        101926.703125
    ],
    "4": [
        256494.34375,
        118512.53125,
        61156.0234375
    ],
    "5": [
        239938.078125,
        110209.9453125,
        30578.01171875
    ],
    "6": [
        243990.046875,
        108165.8515625,
        15289.005859375
    ]
}