{
    "0": [
        202387.5,
        202387.5,
        291219.15625
    ],
    "1": [
        202387.5,
        202387.5,
        291219.15625
    ],
    "2": [
        150696.625,
        243417.21875,
        145609.578125
    ],
    "3": [
        189851.90625,
        255404.59375,
        101926.703125
    ],
    "4": [
        178377.90625,
        289104.90625,
        61156.0234375
    ],
    "5": [
        164186.46875,
        291785.65625,
        30578.01171875
    ],
    "6": [
        156354.484375,
        293539.75,
        15289.005859375
    ],
    "7": [
        158474.46875,
        293664.5,
        7644.5029296875
    ]
}