{
    "0": [
        202387.5,
        202387.5,
        291219.15625
    ],
    "1": [
        202387.5,
        202387.5,
        291219.15625
    ],
    "2": [
        173506.109375,
        184118.953125,
        145609.578125
    ],
    "3": [
        212583.890625,
        184524.21875,
        101926.703125
    ],
    "4": [
        222913.40625,
        214796.140625,
        61156.0234375
    ],
    "5": [
        253210.015625,
        217594.296875,
        30578.01171875
    ],
    "6": [
        255958.265625,
        232380.65625,
        15289.005859375
    ]
}