{
    "0": [
        202387.5,
        202387.5,
        291219.15625
    ],
    "1": [
        202387.5,
        202387.5,
        291219.15625
    ],
    "2": [
        271072.875,
        228641.984375,
        145609.578125
    ],
    "3": [
        267902.71875,
        243677.703125,
        101926.703125
    ],
    "4": [
        266566.21875,
        213162.8125,
        61156.0234375
    ],
    "5": [
        255826.546875,
        235826.84375,
        30578.01171875
    ],
    "6": [
        242716.203125,
        241658.8125,
        15289.005859375
    ],
    "7": [
        242935.734375,
        238053.671875,
        7644.5029296875
    ],
    "8": [
        244463.90625,
        238971.71875,
        3822.25146484375
    ]
}