{
    "0": [
        202387.5,
        202387.5,
        291219.15625
    ],
    "1": [
        202387.5,
        202387.5,
        291219.15625
    ],
    "2": [
        235564.109375,
        236488.40625,
        145609.578125
    ],
    "3": [
        261178.25,
        257749.140625,
        101926.703125
    ],
    "4": [
        261546.78125,
        297024.46875,
        61156.0234375
    ],
    "5": [
        266069.0625,
        300270.5625,
        30578.01171875
    ],
    "6": [
        269355.53125,
        289296.71875,
        15289.005859375
    ],
    "7": [
        276309.6875,
        289241.90625,
        7644.5029296875
    ]
}