{
    "0": [
        202387.5,
        202387.5,
        291219.15625
    ],
    "1": [
        202387.5,
        202387.5,
        291219.15625
    ],
    "2": [
        177709.21875,
        196078.078125,
        145609.578125
    ],
    "3": [
        191993.359375,
        169356.5625,
        101926.703125
    ],
    "4": [
        193357.59375,
        147128.078125,
        61156.0234375
    ],
    "5": [
        192585.515625,
        135388.59375,
        30578.01171875
    ],
    "6": [
        195875.328125,
        120462.5,
        15289.005859375
    ]
}